employer_id,periode,jumlah_peserta_aktif
EMP-0001,2025-01,49
EMP-0001,2025-02,49
EMP-0001,2025-03,50
EMP-0001,2025-04,52
EMP-0001,2025-05,52
EMP-0001,2025-06,52
EMP-0001,2025-07,54
EMP-0001,2025-08,55
EMP-0001,2025-09,54
EMP-0001,2025-10,55
EMP-0001,2025-11,54
EMP-0001,2025-12,53
EMP-0002,2025-01,29
EMP-0002,2025-02,28
EMP-0002,2025-03,27
EMP-0002,2025-04,27
EMP-0002,2025-05,26
EMP-0002,2025-06,26
EMP-0002,2025-07,26
EMP-0002,2025-08,25
EMP-0002,2025-09,26
EMP-0002,2025-10,26
EMP-0002,2025-11,26
EMP-0002,2025-12,25
EMP-0003,2025-01,55
EMP-0003,2025-02,55
EMP-0003,2025-03,54
EMP-0003,2025-04,54
EMP-0003,2025-05,53
EMP-0003,2025-06,53
EMP-0003,2025-07,52
EMP-0003,2025-08,54
EMP-0003,2025-09,54
EMP-0003,2025-10,53
EMP-0003,2025-11,54
EMP-0003,2025-12,53
EMP-0004,2025-01,24
EMP-0004,2025-02,23
EMP-0004,2025-03,22
EMP-0004,2025-04,22
EMP-0004,2025-05,22
EMP-0004,2025-06,22
EMP-0004,2025-07,22
EMP-0004,2025-08,22
EMP-0004,2025-09,21
EMP-0004,2025-10,21
EMP-0004,2025-11,21
EMP-0004,2025-12,21
EMP-0005,2025-01,32
EMP-0005,2025-02,31
EMP-0005,2025-03,31
EMP-0005,2025-04,31
EMP-0005,2025-05,31
EMP-0005,2025-06,31
EMP-0005,2025-07,32
EMP-0005,2025-08,33
EMP-0005,2025-09,32
EMP-0005,2025-10,32
EMP-0005,2025-11,32
EMP-0005,2025-12,33
EMP-0006,2025-01,24
EMP-0006,2025-02,24
EMP-0006,2025-03,23
EMP-0006,2025-04,22
EMP-0006,2025-05,22
EMP-0006,2025-06,23
EMP-0006,2025-07,23
EMP-0006,2025-08,23
EMP-0006,2025-09,23
EMP-0006,2025-10,23
EMP-0006,2025-11,23
EMP-0006,2025-12,24
EMP-0007,2025-01,19
EMP-0007,2025-02,20
EMP-0007,2025-03,19
EMP-0007,2025-04,19
EMP-0007,2025-05,19
EMP-0007,2025-06,19
EMP-0007,2025-07,19
EMP-0007,2025-08,18
EMP-0007,2025-09,18
EMP-0007,2025-10,18
EMP-0007,2025-11,19
EMP-0007,2025-12,19
EMP-0008,2025-01,18
EMP-0008,2025-02,18
EMP-0008,2025-03,18
EMP-0008,2025-04,18
EMP-0008,2025-05,18
EMP-0008,2025-06,18
EMP-0008,2025-07,18
EMP-0008,2025-08,18
EMP-0008,2025-09,18
EMP-0008,2025-10,18
EMP-0008,2025-11,18
EMP-0008,2025-12,17
EMP-0009,2025-01,25
EMP-0009,2025-02,25
EMP-0009,2025-03,25
EMP-0009,2025-04,25
EMP-0009,2025-05,24
EMP-0009,2025-06,24
EMP-0009,2025-07,24
EMP-0009,2025-08,24
EMP-0009,2025-09,24
EMP-0009,2025-10,24
EMP-0009,2025-11,25
EMP-0009,2025-12,25
EMP-0010,2025-01,34
EMP-0010,2025-02,34
EMP-0010,2025-03,33
EMP-0010,2025-04,33
EMP-0010,2025-05,33
EMP-0010,2025-06,35
EMP-0010,2025-07,35
EMP-0010,2025-08,35
EMP-0010,2025-09,35
EMP-0010,2025-10,34
EMP-0010,2025-11,35
EMP-0010,2025-12,36
EMP-0011,2025-01,54
EMP-0011,2025-02,53
EMP-0011,2025-03,54
EMP-0011,2025-04,52
EMP-0011,2025-05,53
EMP-0011,2025-06,55
EMP-0011,2025-07,54
EMP-0011,2025-08,53
EMP-0011,2025-09,53
EMP-0011,2025-10,52
EMP-0011,2025-11,50
EMP-0011,2025-12,50
EMP-0012,2025-01,50
EMP-0012,2025-02,50
EMP-0012,2025-03,49
EMP-0012,2025-04,51
EMP-0012,2025-05,50
EMP-0012,2025-06,50
EMP-0012,2025-07,51
EMP-0012,2025-08,50
EMP-0012,2025-09,50
EMP-0012,2025-10,51
EMP-0012,2025-11,49
EMP-0012,2025-12,49
EMP-0013,2025-01,33
EMP-0013,2025-02,34
EMP-0013,2025-03,33
EMP-0013,2025-04,32
EMP-0013,2025-05,32
EMP-0013,2025-06,32
EMP-0013,2025-07,32
EMP-0013,2025-08,32
EMP-0013,2025-09,32
EMP-0013,2025-10,32
EMP-0013,2025-11,32
EMP-0013,2025-12,32
EMP-0014,2025-01,45
EMP-0014,2025-02,45
EMP-0014,2025-03,44
EMP-0014,2025-04,45
EMP-0014,2025-05,44
EMP-0014,2025-06,45
EMP-0014,2025-07,46
EMP-0014,2025-08,45
EMP-0014,2025-09,46
EMP-0014,2025-10,46
EMP-0014,2025-11,47
EMP-0014,2025-12,49
EMP-0015,2025-01,22
EMP-0015,2025-02,22
EMP-0015,2025-03,22
EMP-0015,2025-04,22
EMP-0015,2025-05,22
EMP-0015,2025-06,22
EMP-0015,2025-07,22
EMP-0015,2025-08,22
EMP-0015,2025-09,22
EMP-0015,2025-10,23
EMP-0015,2025-11,23
EMP-0015,2025-12,24
EMP-0016,2025-01,45
EMP-0016,2025-02,44
EMP-0016,2025-03,43
EMP-0016,2025-04,43
EMP-0016,2025-05,43
EMP-0016,2025-06,44
EMP-0016,2025-07,44
EMP-0016,2025-08,44
EMP-0016,2025-09,43
EMP-0016,2025-10,42
EMP-0016,2025-11,42
EMP-0016,2025-12,43
EMP-0017,2025-01,59
EMP-0017,2025-02,58
EMP-0017,2025-03,58
EMP-0017,2025-04,58
EMP-0017,2025-05,57
EMP-0017,2025-06,57
EMP-0017,2025-07,57
EMP-0017,2025-08,56
EMP-0017,2025-09,56
EMP-0017,2025-10,57
EMP-0017,2025-11,58
EMP-0017,2025-12,59
EMP-0018,2025-01,33
EMP-0018,2025-02,32
EMP-0018,2025-03,32
EMP-0018,2025-04,32
EMP-0018,2025-05,32
EMP-0018,2025-06,34
EMP-0018,2025-07,34
EMP-0018,2025-08,35
EMP-0018,2025-09,36
EMP-0018,2025-10,36
EMP-0018,2025-11,36
EMP-0018,2025-12,37
EMP-0019,2025-11,58
EMP-0019,2025-12,58
EMP-0020,2025-01,40
EMP-0020,2025-02,40
EMP-0020,2025-03,42
EMP-0020,2025-04,40
EMP-0020,2025-05,41
EMP-0020,2025-06,40
EMP-0020,2025-07,40
EMP-0020,2025-08,41
EMP-0020,2025-09,41
EMP-0020,2025-10,40
EMP-0020,2025-11,39
EMP-0020,2025-12,40
EMP-0021,2025-01,32
EMP-0021,2025-02,32
EMP-0021,2025-03,32
EMP-0021,2025-04,32
EMP-0021,2025-05,33
EMP-0021,2025-06,33
EMP-0021,2025-07,32
EMP-0021,2025-08,32
EMP-0021,2025-09,32
EMP-0021,2025-10,33
EMP-0021,2025-11,32
EMP-0021,2025-12,32
EMP-0022,2025-01,47
EMP-0022,2025-02,48
EMP-0022,2025-03,47
EMP-0022,2025-04,47
EMP-0022,2025-05,47
EMP-0022,2025-06,46
EMP-0022,2025-07,48
EMP-0022,2025-08,48
EMP-0022,2025-09,47
EMP-0022,2025-10,48
EMP-0022,2025-11,50
EMP-0022,2025-12,51
EMP-0023,2025-01,48
EMP-0023,2025-02,48
EMP-0023,2025-03,49
EMP-0023,2025-04,48
EMP-0023,2025-05,48
EMP-0023,2025-06,49
EMP-0023,2025-07,48
EMP-0023,2025-08,48
EMP-0023,2025-09,45
EMP-0023,2025-10,44
EMP-0023,2025-11,44
EMP-0023,2025-12,43
EMP-0024,2025-01,48
EMP-0024,2025-02,47
EMP-0024,2025-03,47
EMP-0024,2025-04,47
EMP-0024,2025-05,48
EMP-0024,2025-06,47
EMP-0024,2025-07,48
EMP-0024,2025-08,48
EMP-0024,2025-09,47
EMP-0024,2025-10,47
EMP-0024,2025-11,47
EMP-0024,2025-12,46
EMP-0025,2025-01,43
EMP-0025,2025-02,43
EMP-0025,2025-03,43
EMP-0025,2025-04,44
EMP-0025,2025-05,45
EMP-0025,2025-06,44
EMP-0025,2025-07,46
EMP-0025,2025-08,44
EMP-0025,2025-09,44
EMP-0025,2025-10,45
EMP-0025,2025-11,45
EMP-0025,2025-12,44
EMP-0026,2025-01,20
EMP-0026,2025-02,20
EMP-0026,2025-03,20
EMP-0026,2025-04,20
EMP-0026,2025-05,20
EMP-0026,2025-06,20
EMP-0026,2025-07,20
EMP-0026,2025-08,20
EMP-0026,2025-09,20
EMP-0026,2025-10,20
EMP-0026,2025-11,20
EMP-0026,2025-12,20
EMP-0027,2025-01,54
EMP-0027,2025-02,55
EMP-0027,2025-03,55
EMP-0027,2025-04,55
EMP-0027,2025-05,56
EMP-0027,2025-06,55
EMP-0027,2025-07,56
EMP-0027,2025-08,56
EMP-0027,2025-09,56
EMP-0027,2025-10,57
EMP-0027,2025-11,58
EMP-0027,2025-12,59
EMP-0028,2025-01,17
EMP-0028,2025-02,17
EMP-0028,2025-03,17
EMP-0028,2025-04,17
EMP-0028,2025-05,17
EMP-0028,2025-06,17
EMP-0028,2025-07,17
EMP-0028,2025-08,17
EMP-0028,2025-09,17
EMP-0028,2025-10,18
EMP-0028,2025-11,18
EMP-0028,2025-12,18
EMP-0029,2025-01,43
EMP-0029,2025-02,44
EMP-0029,2025-03,45
EMP-0029,2025-04,46
EMP-0029,2025-05,46
EMP-0029,2025-06,45
EMP-0029,2025-07,45
EMP-0029,2025-08,44
EMP-0029,2025-09,45
EMP-0029,2025-10,45
EMP-0029,2025-11,44
EMP-0029,2025-12,44
EMP-0030,2025-01,35
EMP-0030,2025-02,35
EMP-0030,2025-03,34
EMP-0030,2025-04,34
EMP-0030,2025-05,34
EMP-0030,2025-06,34
EMP-0030,2025-07,34
EMP-0030,2025-08,34
EMP-0030,2025-09,33
EMP-0030,2025-10,32
EMP-0030,2025-11,32
EMP-0030,2025-12,32
EMP-0031,2025-01,53
EMP-0031,2025-02,55
EMP-0031,2025-03,56
EMP-0031,2025-04,56
EMP-0031,2025-05,56
EMP-0031,2025-06,55
EMP-0031,2025-07,55
EMP-0031,2025-08,55
EMP-0031,2025-09,55
EMP-0031,2025-10,54
EMP-0031,2025-11,55
EMP-0031,2025-12,57
EMP-0032,2025-01,31
EMP-0032,2025-02,31
EMP-0032,2025-03,31
EMP-0032,2025-04,31
EMP-0032,2025-05,31
EMP-0032,2025-06,31
EMP-0032,2025-07,31
EMP-0032,2025-08,31
EMP-0032,2025-09,31
EMP-0032,2025-10,31
EMP-0032,2025-11,32
EMP-0032,2025-12,33
EMP-0033,2025-01,17
EMP-0033,2025-02,17
EMP-0033,2025-03,17
EMP-0033,2025-04,17
EMP-0033,2025-05,18
EMP-0033,2025-06,18
EMP-0033,2025-07,18
EMP-0033,2025-08,18
EMP-0033,2025-09,17
EMP-0033,2025-10,17
EMP-0033,2025-11,17
EMP-0033,2025-12,17
EMP-0034,2025-01,20
EMP-0034,2025-02,21
EMP-0034,2025-03,21
EMP-0034,2025-04,21
EMP-0034,2025-05,21
EMP-0034,2025-06,21
EMP-0034,2025-07,20
EMP-0034,2025-08,13
EMP-0034,2025-09,13
EMP-0034,2025-10,13
EMP-0034,2025-11,13
EMP-0034,2025-12,13
EMP-0035,2025-01,118
EMP-0035,2025-02,121
EMP-0035,2025-03,117
EMP-0035,2025-04,116
EMP-0035,2025-05,116
EMP-0035,2025-06,116
EMP-0035,2025-07,115
EMP-0035,2025-08,116
EMP-0035,2025-09,114
EMP-0035,2025-10,114
EMP-0035,2025-11,114
EMP-0035,2025-12,115
EMP-0036,2025-01,235
EMP-0036,2025-02,230
EMP-0036,2025-03,223
EMP-0036,2025-04,229
EMP-0036,2025-05,231
EMP-0036,2025-06,228
EMP-0036,2025-07,235
EMP-0036,2025-08,236
EMP-0036,2025-09,242
EMP-0036,2025-10,242
EMP-0036,2025-11,252
EMP-0036,2025-12,261
EMP-0037,2025-01,206
EMP-0037,2025-02,210
EMP-0037,2025-03,213
EMP-0037,2025-04,219
EMP-0037,2025-05,215
EMP-0037,2025-06,218
EMP-0037,2025-07,223
EMP-0037,2025-08,215
EMP-0037,2025-09,210
EMP-0037,2025-10,201
EMP-0037,2025-11,200
EMP-0037,2025-12,203
EMP-0038,2025-01,216
EMP-0038,2025-02,216
EMP-0038,2025-03,223
EMP-0038,2025-04,217
EMP-0038,2025-05,210
EMP-0038,2025-06,210
EMP-0038,2025-07,212
EMP-0038,2025-08,212
EMP-0038,2025-09,203
EMP-0038,2025-10,203
EMP-0038,2025-11,198
EMP-0038,2025-12,201
EMP-0039,2025-01,65
EMP-0039,2025-02,64
EMP-0039,2025-03,63
EMP-0039,2025-04,62
EMP-0039,2025-05,62
EMP-0039,2025-06,63
EMP-0039,2025-07,62
EMP-0039,2025-08,63
EMP-0039,2025-09,62
EMP-0039,2025-10,61
EMP-0039,2025-11,61
EMP-0039,2025-12,60
EMP-0040,2025-01,229
EMP-0040,2025-02,224
EMP-0040,2025-03,233
EMP-0040,2025-04,233
EMP-0040,2025-05,230
EMP-0040,2025-06,231
EMP-0040,2025-07,230
EMP-0040,2025-08,229
EMP-0040,2025-09,232
EMP-0040,2025-10,236
EMP-0040,2025-11,233
EMP-0040,2025-12,230
EMP-0041,2025-01,127
EMP-0041,2025-02,121
EMP-0041,2025-03,117
EMP-0041,2025-04,120
EMP-0041,2025-05,124
EMP-0041,2025-06,123
EMP-0041,2025-07,124
EMP-0041,2025-08,125
EMP-0041,2025-09,133
EMP-0041,2025-10,136
EMP-0041,2025-11,136
EMP-0041,2025-12,133
EMP-0042,2025-01,200
EMP-0042,2025-02,201
EMP-0042,2025-03,198
EMP-0042,2025-04,192
EMP-0042,2025-05,190
EMP-0042,2025-06,186
EMP-0042,2025-07,192
EMP-0042,2025-08,195
EMP-0042,2025-09,195
EMP-0042,2025-10,201
EMP-0042,2025-11,201
EMP-0042,2025-12,198
EMP-0043,2025-01,72
EMP-0043,2025-02,73
EMP-0043,2025-03,71
EMP-0043,2025-04,71
EMP-0043,2025-05,70
EMP-0043,2025-06,68
EMP-0043,2025-07,69
EMP-0043,2025-08,72
EMP-0043,2025-09,70
EMP-0043,2025-10,71
EMP-0043,2025-11,70
EMP-0043,2025-12,69
EMP-0044,2025-01,103
EMP-0044,2025-02,101
EMP-0044,2025-03,101
EMP-0044,2025-04,99
EMP-0044,2025-05,100
EMP-0044,2025-06,100
EMP-0044,2025-07,100
EMP-0044,2025-08,98
EMP-0044,2025-09,97
EMP-0044,2025-10,98
EMP-0044,2025-11,99
EMP-0044,2025-12,97
EMP-0045,2025-01,180
EMP-0045,2025-02,183
EMP-0045,2025-03,177
EMP-0045,2025-04,179
EMP-0045,2025-05,177
EMP-0045,2025-06,179
EMP-0045,2025-07,176
EMP-0045,2025-08,170
EMP-0045,2025-09,164
EMP-0045,2025-10,164
EMP-0045,2025-11,165
EMP-0045,2025-12,162
EMP-0046,2025-01,194
EMP-0046,2025-02,188
EMP-0046,2025-03,188
EMP-0046,2025-04,183
EMP-0046,2025-05,181
EMP-0046,2025-06,181
EMP-0046,2025-07,178
EMP-0046,2025-08,177
EMP-0046,2025-09,181
EMP-0046,2025-10,179
EMP-0046,2025-11,182
EMP-0046,2025-12,178
EMP-0047,2025-01,228
EMP-0047,2025-02,235
EMP-0047,2025-03,223
EMP-0047,2025-04,219
EMP-0047,2025-05,222
EMP-0047,2025-06,221
EMP-0047,2025-07,223
EMP-0047,2025-08,220
EMP-0047,2025-09,220
EMP-0047,2025-10,219
EMP-0047,2025-11,224
EMP-0047,2025-12,225
EMP-0048,2025-01,174
EMP-0048,2025-02,173
EMP-0048,2025-03,171
EMP-0048,2025-04,170
EMP-0048,2025-05,171
EMP-0048,2025-06,170
EMP-0048,2025-07,171
EMP-0048,2025-08,178
EMP-0048,2025-09,181
EMP-0048,2025-10,180
EMP-0048,2025-11,184
EMP-0048,2025-12,182
EMP-0049,2025-01,126
EMP-0049,2025-02,123
EMP-0049,2025-03,118
EMP-0049,2025-04,117
EMP-0049,2025-05,117
EMP-0049,2025-06,121
EMP-0049,2025-07,122
EMP-0049,2025-08,121
EMP-0049,2025-09,123
EMP-0049,2025-10,118
EMP-0049,2025-11,119
EMP-0049,2025-12,121
EMP-0050,2025-11,103
EMP-0050,2025-12,105
EMP-0051,2025-01,210
EMP-0051,2025-02,208
EMP-0051,2025-03,211
EMP-0051,2025-04,221
EMP-0051,2025-05,222
EMP-0051,2025-06,223
EMP-0051,2025-07,221
EMP-0051,2025-08,217
EMP-0051,2025-09,221
EMP-0051,2025-10,217
EMP-0051,2025-11,217
EMP-0051,2025-12,215
EMP-0052,2025-01,173
EMP-0052,2025-02,174
EMP-0052,2025-03,178
EMP-0052,2025-04,176
EMP-0052,2025-05,175
EMP-0052,2025-06,172
EMP-0052,2025-07,170
EMP-0052,2025-08,171
EMP-0052,2025-09,174
EMP-0052,2025-10,171
EMP-0052,2025-11,174
EMP-0052,2025-12,179
EMP-0053,2025-01,224
EMP-0053,2025-02,232
EMP-0053,2025-03,228
EMP-0053,2025-04,222
EMP-0053,2025-05,214
EMP-0053,2025-06,220
EMP-0053,2025-07,223
EMP-0053,2025-08,223
EMP-0053,2025-09,224
EMP-0053,2025-10,219
EMP-0053,2025-11,230
EMP-0053,2025-12,231
EMP-0054,2025-01,185
EMP-0054,2025-02,188
EMP-0054,2025-03,190
EMP-0054,2025-04,191
EMP-0054,2025-05,188
EMP-0054,2025-06,190
EMP-0054,2025-07,197
EMP-0054,2025-08,113
EMP-0054,2025-09,116
EMP-0054,2025-10,116
EMP-0054,2025-11,121
EMP-0054,2025-12,115
EMP-0055,2025-01,83
EMP-0055,2025-02,85
EMP-0055,2025-03,82
EMP-0055,2025-04,85
EMP-0055,2025-05,85
EMP-0055,2025-06,84
EMP-0055,2025-07,82
EMP-0055,2025-08,79
EMP-0055,2025-09,80
EMP-0055,2025-10,80
EMP-0055,2025-11,78
EMP-0055,2025-12,76
EMP-0056,2025-01,179
EMP-0056,2025-02,185
EMP-0056,2025-03,184
EMP-0056,2025-04,178
EMP-0056,2025-05,177
EMP-0056,2025-06,176
EMP-0056,2025-07,167
EMP-0056,2025-08,167
EMP-0056,2025-09,166
EMP-0056,2025-10,168
EMP-0056,2025-11,174
EMP-0056,2025-12,178
EMP-0057,2025-01,148
EMP-0057,2025-02,145
EMP-0057,2025-03,152
EMP-0057,2025-04,152
EMP-0057,2025-05,152
EMP-0057,2025-06,152
EMP-0057,2025-07,153
EMP-0057,2025-08,153
EMP-0057,2025-09,151
EMP-0057,2025-10,149
EMP-0057,2025-11,149
EMP-0057,2025-12,147
EMP-0058,2025-01,162
EMP-0058,2025-02,162
EMP-0058,2025-03,161
EMP-0058,2025-04,166
EMP-0058,2025-05,157
EMP-0058,2025-06,160
EMP-0058,2025-07,164
EMP-0058,2025-08,157
EMP-0058,2025-09,156
EMP-0058,2025-10,155
EMP-0058,2025-11,151
EMP-0058,2025-12,149
EMP-0059,2025-01,142
EMP-0059,2025-02,147
EMP-0059,2025-03,150
EMP-0059,2025-04,154
EMP-0059,2025-05,156
EMP-0059,2025-06,152
EMP-0059,2025-07,150
EMP-0059,2025-08,151
EMP-0059,2025-09,147
EMP-0059,2025-10,149
EMP-0059,2025-11,148
EMP-0059,2025-12,147
EMP-0060,2025-01,144
EMP-0060,2025-02,145
EMP-0060,2025-03,144
EMP-0060,2025-04,147
EMP-0060,2025-05,144
EMP-0060,2025-06,146
EMP-0060,2025-07,148
EMP-0060,2025-08,147
EMP-0060,2025-09,148
EMP-0060,2025-10,144
EMP-0060,2025-11,147
EMP-0060,2025-12,146
EMP-0061,2025-01,229
EMP-0061,2025-02,234
EMP-0061,2025-03,231
EMP-0061,2025-04,224
EMP-0061,2025-05,217
EMP-0061,2025-06,220
EMP-0061,2025-07,214
EMP-0061,2025-08,222
EMP-0061,2025-09,213
EMP-0061,2025-10,220
EMP-0061,2025-11,221
EMP-0061,2025-12,221
EMP-0062,2025-01,85
EMP-0062,2025-02,86
EMP-0062,2025-03,86
EMP-0062,2025-04,88
EMP-0062,2025-05,88
EMP-0062,2025-06,88
EMP-0062,2025-07,87
EMP-0062,2025-08,87
EMP-0062,2025-09,88
EMP-0062,2025-10,85
EMP-0062,2025-11,83
EMP-0062,2025-12,84
EMP-0063,2025-01,101
EMP-0063,2025-02,101
EMP-0063,2025-03,101
EMP-0063,2025-04,102
EMP-0063,2025-05,101
EMP-0063,2025-06,99
EMP-0063,2025-07,99
EMP-0063,2025-08,97
EMP-0063,2025-09,98
EMP-0063,2025-10,95
EMP-0063,2025-11,97
EMP-0063,2025-12,98
EMP-0064,2025-01,145
EMP-0064,2025-02,148
EMP-0064,2025-03,153
EMP-0064,2025-04,156
EMP-0064,2025-05,150
EMP-0064,2025-06,146
EMP-0064,2025-07,144
EMP-0064,2025-08,144
EMP-0064,2025-09,145
EMP-0064,2025-10,143
EMP-0064,2025-11,144
EMP-0064,2025-12,142
EMP-0065,2025-01,163
EMP-0065,2025-02,158
EMP-0065,2025-03,155
EMP-0065,2025-04,151
EMP-0065,2025-05,148
EMP-0065,2025-06,151
EMP-0065,2025-07,148
EMP-0065,2025-08,156
EMP-0065,2025-09,158
EMP-0065,2025-10,159
EMP-0065,2025-11,156
EMP-0065,2025-12,158
EMP-0066,2025-01,234
EMP-0066,2025-02,235
EMP-0066,2025-03,247
EMP-0066,2025-04,247
EMP-0066,2025-05,253
EMP-0066,2025-06,249
EMP-0066,2025-07,249
EMP-0066,2025-08,258
EMP-0066,2025-09,255
EMP-0066,2025-10,264
EMP-0066,2025-11,268
EMP-0066,2025-12,265
EMP-0067,2025-01,188
EMP-0067,2025-02,192
EMP-0067,2025-03,194
EMP-0067,2025-04,188
EMP-0067,2025-05,185
EMP-0067,2025-06,184
EMP-0067,2025-07,184
EMP-0067,2025-08,186
EMP-0067,2025-09,187
EMP-0067,2025-10,182
EMP-0067,2025-11,183
EMP-0067,2025-12,185
EMP-0068,2025-01,134
EMP-0068,2025-02,137
EMP-0068,2025-03,139
EMP-0068,2025-04,140
EMP-0068,2025-05,140
EMP-0068,2025-06,135
EMP-0068,2025-07,136
EMP-0068,2025-08,137
EMP-0068,2025-09,138
EMP-0068,2025-10,134
EMP-0068,2025-11,131
EMP-0068,2025-12,134
EMP-0069,2025-01,659
EMP-0069,2025-02,668
EMP-0069,2025-03,668
EMP-0069,2025-04,668
EMP-0069,2025-05,681
EMP-0069,2025-06,674
EMP-0069,2025-07,675
EMP-0069,2025-08,669
EMP-0069,2025-09,663
EMP-0069,2025-10,659
EMP-0069,2025-11,662
EMP-0069,2025-12,656
EMP-0070,2025-01,833
EMP-0070,2025-02,818
EMP-0070,2025-03,815
EMP-0070,2025-04,808
EMP-0070,2025-05,831
EMP-0070,2025-06,834
EMP-0070,2025-07,851
EMP-0070,2025-08,826
EMP-0070,2025-09,830
EMP-0070,2025-10,845
EMP-0070,2025-11,846
EMP-0070,2025-12,864
EMP-0071,2025-01,284
EMP-0071,2025-02,292
EMP-0071,2025-03,305
EMP-0071,2025-04,303
EMP-0071,2025-05,300
EMP-0071,2025-06,309
EMP-0071,2025-07,319
EMP-0071,2025-08,316
EMP-0071,2025-09,313
EMP-0071,2025-10,311
EMP-0071,2025-11,303
EMP-0071,2025-12,297
EMP-0072,2025-01,701
EMP-0072,2025-02,690
EMP-0072,2025-03,690
EMP-0072,2025-04,693
EMP-0072,2025-05,714
EMP-0072,2025-06,700
EMP-0072,2025-07,714
EMP-0072,2025-08,711
EMP-0072,2025-09,710
EMP-0072,2025-10,720
EMP-0072,2025-11,704
EMP-0072,2025-12,709
EMP-0073,2025-01,341
EMP-0073,2025-02,344
EMP-0073,2025-03,346
EMP-0073,2025-04,363
EMP-0073,2025-05,358
EMP-0073,2025-06,354
EMP-0073,2025-07,350
EMP-0073,2025-08,346
EMP-0073,2025-09,342
EMP-0073,2025-10,350
EMP-0073,2025-11,360
EMP-0073,2025-12,356
EMP-0074,2025-01,562
EMP-0074,2025-02,567
EMP-0074,2025-03,561
EMP-0074,2025-04,568
EMP-0074,2025-05,570
EMP-0074,2025-06,553
EMP-0074,2025-07,570
EMP-0074,2025-08,590
EMP-0074,2025-09,583
EMP-0074,2025-10,578
EMP-0074,2025-11,581
EMP-0074,2025-12,585
EMP-0075,2025-01,515
EMP-0075,2025-02,536
EMP-0075,2025-03,534
EMP-0075,2025-04,525
EMP-0075,2025-05,511
EMP-0075,2025-06,504
EMP-0075,2025-07,504
EMP-0075,2025-08,522
EMP-0075,2025-09,517
EMP-0075,2025-10,519
EMP-0075,2025-11,519
EMP-0075,2025-12,531
EMP-0076,2025-01,610
EMP-0076,2025-02,604
EMP-0076,2025-03,598
EMP-0076,2025-04,610
EMP-0076,2025-05,618
EMP-0076,2025-06,641
EMP-0076,2025-07,648
EMP-0076,2025-08,643
EMP-0076,2025-09,651
EMP-0076,2025-10,665
EMP-0076,2025-11,676
EMP-0076,2025-12,683
EMP-0077,2025-01,376
EMP-0077,2025-02,385
EMP-0077,2025-03,396
EMP-0077,2025-04,401
EMP-0077,2025-05,400
EMP-0077,2025-06,401
EMP-0077,2025-07,411
EMP-0077,2025-08,404
EMP-0077,2025-09,407
EMP-0077,2025-10,404
EMP-0077,2025-11,404
EMP-0077,2025-12,414
EMP-0078,2025-01,666
EMP-0078,2025-02,667
EMP-0078,2025-03,649
EMP-0078,2025-04,659
EMP-0078,2025-05,668
EMP-0078,2025-06,697
EMP-0078,2025-07,693
EMP-0078,2025-08,696
EMP-0078,2025-09,699
EMP-0078,2025-10,721
EMP-0078,2025-11,720
EMP-0078,2025-12,724
EMP-0079,2025-01,785
EMP-0079,2025-02,788
EMP-0079,2025-03,781
EMP-0079,2025-04,784
EMP-0079,2025-05,801
EMP-0079,2025-06,785
EMP-0079,2025-07,787
EMP-0079,2025-08,776
EMP-0079,2025-09,795
EMP-0079,2025-10,771
EMP-0079,2025-11,762
EMP-0079,2025-12,768
EMP-0080,2025-01,259
EMP-0080,2025-02,259
EMP-0080,2025-03,256
EMP-0080,2025-04,266
EMP-0080,2025-05,258
EMP-0080,2025-06,247
EMP-0080,2025-07,249
EMP-0080,2025-08,246
EMP-0080,2025-09,241
EMP-0080,2025-10,244
EMP-0080,2025-11,245
EMP-0080,2025-12,242
EMP-0081,2025-01,784
EMP-0081,2025-02,798
EMP-0081,2025-03,808
EMP-0081,2025-04,806
EMP-0081,2025-05,836
EMP-0081,2025-06,818
EMP-0081,2025-07,793
EMP-0081,2025-08,782
EMP-0081,2025-09,781
EMP-0081,2025-10,785
EMP-0081,2025-11,781
EMP-0081,2025-12,786
EMP-0082,2025-01,705
EMP-0082,2025-02,725
EMP-0082,2025-03,724
EMP-0082,2025-04,740
EMP-0082,2025-05,745
EMP-0082,2025-06,752
EMP-0082,2025-07,761
EMP-0082,2025-08,768
EMP-0082,2025-09,778
EMP-0082,2025-10,799
EMP-0082,2025-11,802
EMP-0082,2025-12,813
EMP-0083,2025-01,672
EMP-0083,2025-02,691
EMP-0083,2025-03,682
EMP-0083,2025-04,707
EMP-0083,2025-05,706
EMP-0083,2025-06,686
EMP-0083,2025-07,688
EMP-0083,2025-08,679
EMP-0083,2025-09,690
EMP-0083,2025-10,681
EMP-0083,2025-11,675
EMP-0083,2025-12,649
EMP-0084,2025-01,302
EMP-0084,2025-02,287
EMP-0084,2025-03,278
EMP-0084,2025-04,282
EMP-0084,2025-05,286
EMP-0084,2025-06,288
EMP-0084,2025-07,282
EMP-0084,2025-08,282
EMP-0084,2025-09,282
EMP-0084,2025-10,275
EMP-0084,2025-11,283
EMP-0084,2025-12,288
EMP-0085,2025-01,440
EMP-0085,2025-02,440
EMP-0085,2025-03,442
EMP-0085,2025-04,424
EMP-0085,2025-05,422
EMP-0085,2025-06,416
EMP-0085,2025-07,408
EMP-0085,2025-08,406
EMP-0085,2025-09,421
EMP-0085,2025-10,426
EMP-0085,2025-11,421
EMP-0085,2025-12,426
EMP-0086,2025-01,802
EMP-0086,2025-02,817
EMP-0086,2025-03,818
EMP-0086,2025-04,807
EMP-0086,2025-05,818
EMP-0086,2025-06,581
EMP-0086,2025-07,565
EMP-0086,2025-08,569
EMP-0086,2025-09,581
EMP-0086,2025-10,565
EMP-0086,2025-11,573
EMP-0086,2025-12,561
EMP-0087,2025-01,646
EMP-0087,2025-02,637
EMP-0087,2025-03,659
EMP-0087,2025-04,662
EMP-0087,2025-05,653
EMP-0087,2025-06,647
EMP-0087,2025-07,643
EMP-0087,2025-08,648
EMP-0087,2025-09,655
EMP-0087,2025-10,647
EMP-0087,2025-11,647
EMP-0087,2025-12,675
EMP-0088,2025-01,918
EMP-0088,2025-02,926
EMP-0088,2025-03,927
EMP-0088,2025-04,929
EMP-0088,2025-05,940
EMP-0088,2025-06,921
EMP-0088,2025-07,916
EMP-0088,2025-08,885
EMP-0088,2025-09,892
EMP-0088,2025-10,904
EMP-0088,2025-11,895
EMP-0088,2025-12,923
EMP-0089,2025-01,741
EMP-0089,2025-02,719
EMP-0089,2025-03,722
EMP-0089,2025-04,737
EMP-0089,2025-05,762
EMP-0089,2025-06,755
EMP-0089,2025-07,771
EMP-0089,2025-08,770
EMP-0089,2025-09,767
EMP-0089,2025-10,781
EMP-0089,2025-11,791
EMP-0089,2025-12,766
EMP-0090,2025-01,916
EMP-0090,2025-02,941
EMP-0090,2025-03,929
EMP-0090,2025-04,936
EMP-0090,2025-05,945
EMP-0090,2025-06,950
EMP-0090,2025-07,940
EMP-0090,2025-08,927
EMP-0090,2025-09,927
EMP-0090,2025-10,949
EMP-0090,2025-11,959
EMP-0090,2025-12,952
EMP-0091,2025-01,713
EMP-0091,2025-02,672
EMP-0091,2025-03,687
EMP-0091,2025-04,663
EMP-0091,2025-05,658
EMP-0091,2025-06,643
EMP-0091,2025-07,626
EMP-0091,2025-08,641
EMP-0091,2025-09,635
EMP-0091,2025-10,639
EMP-0091,2025-11,638
EMP-0091,2025-12,644
EMP-0092,2025-01,302
EMP-0092,2025-02,294
EMP-0092,2025-03,300
EMP-0092,2025-04,297
EMP-0092,2025-05,288
EMP-0092,2025-06,286
EMP-0092,2025-07,295
EMP-0092,2025-08,300
EMP-0092,2025-09,298
EMP-0092,2025-10,296
EMP-0092,2025-11,294
EMP-0092,2025-12,306
EMP-0093,2025-01,461
EMP-0093,2025-02,465
EMP-0093,2025-03,475
EMP-0093,2025-04,477
EMP-0093,2025-05,475
EMP-0093,2025-06,473
EMP-0093,2025-07,472
EMP-0093,2025-08,472
EMP-0093,2025-09,479
EMP-0093,2025-10,479
EMP-0093,2025-11,486
EMP-0093,2025-12,485
EMP-0094,2025-01,524
EMP-0094,2025-02,503
EMP-0094,2025-03,512
EMP-0094,2025-04,516
EMP-0094,2025-05,526
EMP-0094,2025-06,496
EMP-0094,2025-07,517
EMP-0094,2025-08,516
EMP-0094,2025-09,527
EMP-0094,2025-10,516
EMP-0094,2025-11,522
EMP-0094,2025-12,511
EMP-0095,2025-01,802
EMP-0095,2025-02,833
EMP-0095,2025-03,830
EMP-0095,2025-04,834
EMP-0095,2025-05,849
EMP-0095,2025-06,857
EMP-0095,2025-07,860
EMP-0095,2025-08,866
EMP-0095,2025-09,908
EMP-0095,2025-10,907
EMP-0095,2025-11,911
EMP-0095,2025-12,930
EMP-0096,2025-01,392
EMP-0096,2025-02,401
EMP-0096,2025-03,406
EMP-0096,2025-04,397
EMP-0096,2025-05,410
EMP-0096,2025-06,401
EMP-0096,2025-07,403
EMP-0096,2025-08,397
EMP-0096,2025-09,396
EMP-0096,2025-10,399
EMP-0096,2025-11,402
EMP-0096,2025-12,405
EMP-0097,2025-01,562
EMP-0097,2025-02,567
EMP-0097,2025-03,564
EMP-0097,2025-04,575
EMP-0097,2025-05,589
EMP-0097,2025-06,575
EMP-0097,2025-07,582
EMP-0097,2025-08,590
EMP-0097,2025-09,586
EMP-0097,2025-10,602
EMP-0097,2025-11,600
EMP-0097,2025-12,602
EMP-0098,2025-01,696
EMP-0098,2025-02,696
EMP-0098,2025-03,681
EMP-0098,2025-04,661
EMP-0098,2025-05,682
EMP-0098,2025-06,670
EMP-0098,2025-07,657
EMP-0098,2025-08,629
EMP-0098,2025-09,621
EMP-0098,2025-10,605
EMP-0098,2025-11,625
EMP-0098,2025-12,638
EMP-0099,2025-01,736
EMP-0099,2025-02,769
EMP-0099,2025-03,784
EMP-0099,2025-04,779
EMP-0099,2025-05,740
EMP-0099,2025-06,774
EMP-0099,2025-07,752
EMP-0099,2025-08,727
EMP-0099,2025-09,742
EMP-0099,2025-10,778
EMP-0099,2025-11,800
EMP-0099,2025-12,809
EMP-0100,2025-01,378
EMP-0100,2025-02,384
EMP-0100,2025-03,390
EMP-0100,2025-04,392
EMP-0100,2025-05,393
EMP-0100,2025-06,393
EMP-0100,2025-07,387
EMP-0100,2025-08,385
EMP-0100,2025-09,372
EMP-0100,2025-10,371
EMP-0100,2025-11,364
EMP-0100,2025-12,356
EMP-0101,2025-01,280
EMP-0101,2025-02,288
EMP-0101,2025-03,293
EMP-0101,2025-04,284
EMP-0101,2025-05,278
EMP-0101,2025-06,283
EMP-0101,2025-07,277
EMP-0101,2025-08,276
EMP-0101,2025-09,279
EMP-0101,2025-10,274
EMP-0101,2025-11,275
EMP-0101,2025-12,268
EMP-0102,2025-01,884
EMP-0102,2025-02,890
EMP-0102,2025-03,862
EMP-0102,2025-04,870
EMP-0102,2025-05,870
EMP-0102,2025-06,880
EMP-0102,2025-07,884
EMP-0102,2025-08,908
EMP-0102,2025-09,910
EMP-0102,2025-10,902
EMP-0102,2025-11,904
EMP-0102,2025-12,914
EMP-0103,2025-01,53
EMP-0103,2025-02,53
EMP-0103,2025-03,52
EMP-0103,2025-04,51
EMP-0103,2025-05,50
EMP-0103,2025-06,52
EMP-0103,2025-07,51
EMP-0103,2025-08,50
EMP-0103,2025-09,49
EMP-0103,2025-10,50
EMP-0103,2025-11,50
EMP-0103,2025-12,51
EMP-0104,2025-01,30
EMP-0104,2025-02,30
EMP-0104,2025-03,29
EMP-0104,2025-04,30
EMP-0104,2025-05,29
EMP-0104,2025-06,29
EMP-0104,2025-07,29
EMP-0104,2025-08,29
EMP-0104,2025-09,29
EMP-0104,2025-10,29
EMP-0104,2025-11,29
EMP-0104,2025-12,29
EMP-0105,2025-01,61
EMP-0105,2025-02,64
EMP-0105,2025-03,63
EMP-0105,2025-04,61
EMP-0105,2025-05,61
EMP-0105,2025-06,64
EMP-0105,2025-07,63
EMP-0105,2025-08,65
EMP-0105,2025-09,67
EMP-0105,2025-10,66
EMP-0105,2025-11,67
EMP-0105,2025-12,69
EMP-0106,2025-01,25
EMP-0106,2025-02,25
EMP-0106,2025-03,25
EMP-0106,2025-04,24
EMP-0106,2025-05,24
EMP-0106,2025-06,23
EMP-0106,2025-07,23
EMP-0106,2025-08,23
EMP-0106,2025-09,23
EMP-0106,2025-10,22
EMP-0106,2025-11,22
EMP-0106,2025-12,22
EMP-0107,2025-01,33
EMP-0107,2025-02,33
EMP-0107,2025-03,34
EMP-0107,2025-04,33
EMP-0107,2025-05,34
EMP-0107,2025-06,34
EMP-0107,2025-07,34
EMP-0107,2025-08,34
EMP-0107,2025-09,34
EMP-0107,2025-10,34
EMP-0107,2025-11,34
EMP-0107,2025-12,33
EMP-0108,2025-01,50
EMP-0108,2025-02,49
EMP-0108,2025-03,49
EMP-0108,2025-04,48
EMP-0108,2025-05,47
EMP-0108,2025-06,48
EMP-0108,2025-07,49
EMP-0108,2025-08,50
EMP-0108,2025-09,49
EMP-0108,2025-10,49
EMP-0108,2025-11,50
EMP-0108,2025-12,50
EMP-0109,2025-01,16
EMP-0109,2025-02,16
EMP-0109,2025-03,16
EMP-0109,2025-04,16
EMP-0109,2025-05,16
EMP-0109,2025-06,16
EMP-0109,2025-07,16
EMP-0109,2025-08,16
EMP-0109,2025-09,16
EMP-0109,2025-10,16
EMP-0109,2025-11,15
EMP-0109,2025-12,15
EMP-0110,2025-01,49
EMP-0110,2025-02,47
EMP-0110,2025-03,47
EMP-0110,2025-04,49
EMP-0110,2025-05,49
EMP-0110,2025-06,50
EMP-0110,2025-07,50
EMP-0110,2025-08,50
EMP-0110,2025-09,51
EMP-0110,2025-10,51
EMP-0110,2025-11,51
EMP-0110,2025-12,51
EMP-0111,2025-01,40
EMP-0111,2025-02,41
EMP-0111,2025-03,41
EMP-0111,2025-04,40
EMP-0111,2025-05,40
EMP-0111,2025-06,39
EMP-0111,2025-07,39
EMP-0111,2025-08,39
EMP-0111,2025-09,40
EMP-0111,2025-10,40
EMP-0111,2025-11,40
EMP-0111,2025-12,41
EMP-0112,2025-01,21
EMP-0112,2025-02,21
EMP-0112,2025-03,21
EMP-0112,2025-04,20
EMP-0112,2025-05,20
EMP-0112,2025-06,20
EMP-0112,2025-07,20
EMP-0112,2025-08,20
EMP-0112,2025-09,20
EMP-0112,2025-10,20
EMP-0112,2025-11,20
EMP-0112,2025-12,20
EMP-0113,2025-01,29
EMP-0113,2025-02,28
EMP-0113,2025-03,27
EMP-0113,2025-04,27
EMP-0113,2025-05,26
EMP-0113,2025-06,26
EMP-0113,2025-07,27
EMP-0113,2025-08,28
EMP-0113,2025-09,28
EMP-0113,2025-10,29
EMP-0113,2025-11,29
EMP-0113,2025-12,29
EMP-0114,2025-01,22
EMP-0114,2025-02,22
EMP-0114,2025-03,22
EMP-0114,2025-04,22
EMP-0114,2025-05,22
EMP-0114,2025-06,22
EMP-0114,2025-07,22
EMP-0114,2025-08,23
EMP-0114,2025-09,23
EMP-0114,2025-10,22
EMP-0114,2025-11,21
EMP-0114,2025-12,21
EMP-0115,2025-01,43
EMP-0115,2025-02,43
EMP-0115,2025-03,42
EMP-0115,2025-04,40
EMP-0115,2025-05,40
EMP-0115,2025-06,41
EMP-0115,2025-07,41
EMP-0115,2025-08,39
EMP-0115,2025-09,39
EMP-0115,2025-10,39
EMP-0115,2025-11,38
EMP-0115,2025-12,38
EMP-0116,2025-01,22
EMP-0116,2025-02,22
EMP-0116,2025-03,22
EMP-0116,2025-04,22
EMP-0116,2025-05,23
EMP-0116,2025-06,23
EMP-0116,2025-07,23
EMP-0116,2025-08,23
EMP-0116,2025-09,23
EMP-0116,2025-10,23
EMP-0116,2025-11,23
EMP-0116,2025-12,24
EMP-0117,2025-01,54
EMP-0117,2025-02,52
EMP-0117,2025-03,54
EMP-0117,2025-04,54
EMP-0117,2025-05,53
EMP-0117,2025-06,54
EMP-0117,2025-07,53
EMP-0117,2025-08,55
EMP-0117,2025-09,56
EMP-0117,2025-10,55
EMP-0117,2025-11,57
EMP-0117,2025-12,56
EMP-0118,2025-01,24
EMP-0118,2025-02,24
EMP-0118,2025-03,25
EMP-0118,2025-04,26
EMP-0118,2025-05,26
EMP-0118,2025-06,26
EMP-0118,2025-07,26
EMP-0118,2025-08,26
EMP-0118,2025-09,27
EMP-0118,2025-10,27
EMP-0118,2025-11,27
EMP-0118,2025-12,27
EMP-0119,2025-01,45
EMP-0119,2025-02,44
EMP-0119,2025-03,45
EMP-0119,2025-04,44
EMP-0119,2025-05,43
EMP-0119,2025-06,43
EMP-0119,2025-07,44
EMP-0119,2025-08,45
EMP-0119,2025-09,46
EMP-0119,2025-10,45
EMP-0119,2025-11,44
EMP-0119,2025-12,45
EMP-0120,2025-01,60
EMP-0120,2025-02,60
EMP-0120,2025-03,62
EMP-0120,2025-04,63
EMP-0120,2025-05,64
EMP-0120,2025-06,67
EMP-0120,2025-07,66
EMP-0120,2025-08,67
EMP-0120,2025-09,67
EMP-0120,2025-10,67
EMP-0120,2025-11,69
EMP-0120,2025-12,70
EMP-0121,2025-01,33
EMP-0121,2025-02,34
EMP-0121,2025-03,34
EMP-0121,2025-04,33
EMP-0121,2025-05,32
EMP-0121,2025-06,31
EMP-0121,2025-07,32
EMP-0121,2025-08,31
EMP-0121,2025-09,31
EMP-0121,2025-10,31
EMP-0121,2025-11,31
EMP-0121,2025-12,32
EMP-0122,2025-01,48
EMP-0122,2025-02,47
EMP-0122,2025-03,47
EMP-0122,2025-04,47
EMP-0122,2025-05,47
EMP-0122,2025-06,49
EMP-0122,2025-07,49
EMP-0122,2025-08,50
EMP-0122,2025-09,51
EMP-0122,2025-10,52
EMP-0122,2025-11,52
EMP-0122,2025-12,51
EMP-0123,2025-01,60
EMP-0123,2025-02,59
EMP-0123,2025-03,58
EMP-0123,2025-04,59
EMP-0123,2025-05,60
EMP-0123,2025-06,60
EMP-0123,2025-07,60
EMP-0123,2025-08,62
EMP-0123,2025-09,62
EMP-0123,2025-10,65
EMP-0123,2025-11,66
EMP-0123,2025-12,64
EMP-0124,2025-01,32
EMP-0124,2025-02,32
EMP-0124,2025-03,33
EMP-0124,2025-04,33
EMP-0124,2025-05,33
EMP-0124,2025-06,32
EMP-0124,2025-07,32
EMP-0124,2025-08,31
EMP-0124,2025-09,31
EMP-0124,2025-10,31
EMP-0124,2025-11,32
EMP-0124,2025-12,32
EMP-0125,2025-01,40
EMP-0125,2025-02,40
EMP-0125,2025-03,41
EMP-0125,2025-04,40
EMP-0125,2025-05,40
EMP-0125,2025-06,40
EMP-0125,2025-07,39
EMP-0125,2025-08,40
EMP-0125,2025-09,40
EMP-0125,2025-10,40
EMP-0125,2025-11,39
EMP-0125,2025-12,39
EMP-0126,2025-01,46
EMP-0126,2025-02,46
EMP-0126,2025-03,48
EMP-0126,2025-04,48
EMP-0126,2025-05,48
EMP-0126,2025-06,49
EMP-0126,2025-07,48
EMP-0126,2025-08,46
EMP-0126,2025-09,45
EMP-0126,2025-10,46
EMP-0126,2025-11,45
EMP-0126,2025-12,47
EMP-0127,2025-01,44
EMP-0127,2025-02,44
EMP-0127,2025-03,45
EMP-0127,2025-04,47
EMP-0127,2025-05,49
EMP-0127,2025-06,50
EMP-0127,2025-07,51
EMP-0127,2025-08,52
EMP-0127,2025-09,53
EMP-0127,2025-10,52
EMP-0127,2025-11,51
EMP-0127,2025-12,51
EMP-0128,2025-01,30
EMP-0128,2025-02,30
EMP-0128,2025-03,30
EMP-0128,2025-04,31
EMP-0128,2025-05,31
EMP-0128,2025-06,32
EMP-0128,2025-07,31
EMP-0128,2025-08,31
EMP-0128,2025-09,31
EMP-0128,2025-10,30
EMP-0128,2025-11,30
EMP-0128,2025-12,30
EMP-0129,2025-01,45
EMP-0129,2025-02,46
EMP-0129,2025-03,45
EMP-0129,2025-04,47
EMP-0129,2025-05,48
EMP-0129,2025-06,49
EMP-0129,2025-07,49
EMP-0129,2025-08,48
EMP-0129,2025-09,48
EMP-0129,2025-10,49
EMP-0129,2025-11,51
EMP-0129,2025-12,53
EMP-0130,2025-01,50
EMP-0130,2025-02,49
EMP-0130,2025-03,49
EMP-0130,2025-04,47
EMP-0130,2025-05,47
EMP-0130,2025-06,47
EMP-0130,2025-07,47
EMP-0130,2025-08,46
EMP-0130,2025-09,46
EMP-0130,2025-10,46
EMP-0130,2025-11,45
EMP-0130,2025-12,42
EMP-0131,2025-01,24
EMP-0131,2025-02,25
EMP-0131,2025-03,26
EMP-0131,2025-04,26
EMP-0131,2025-05,26
EMP-0131,2025-06,26
EMP-0131,2025-07,25
EMP-0131,2025-08,25
EMP-0131,2025-09,25
EMP-0131,2025-10,26
EMP-0131,2025-11,26
EMP-0131,2025-12,26
EMP-0132,2025-01,38
EMP-0132,2025-02,37
EMP-0132,2025-03,37
EMP-0132,2025-04,37
EMP-0132,2025-05,38
EMP-0132,2025-06,37
EMP-0132,2025-07,38
EMP-0132,2025-08,38
EMP-0132,2025-09,38
EMP-0132,2025-10,37
EMP-0132,2025-11,35
EMP-0132,2025-12,36
EMP-0133,2025-01,27
EMP-0133,2025-02,27
EMP-0133,2025-03,27
EMP-0133,2025-04,27
EMP-0133,2025-05,26
EMP-0133,2025-06,26
EMP-0133,2025-07,26
EMP-0133,2025-08,25
EMP-0133,2025-09,25
EMP-0133,2025-10,24
EMP-0133,2025-11,24
EMP-0133,2025-12,24
EMP-0134,2025-01,51
EMP-0134,2025-02,52
EMP-0134,2025-03,51
EMP-0134,2025-04,50
EMP-0134,2025-05,50
EMP-0134,2025-06,51
EMP-0134,2025-07,50
EMP-0134,2025-08,50
EMP-0134,2025-09,50
EMP-0134,2025-10,51
EMP-0134,2025-11,51
EMP-0134,2025-12,51
EMP-0135,2025-01,46
EMP-0135,2025-02,46
EMP-0135,2025-03,45
EMP-0135,2025-04,42
EMP-0135,2025-05,42
EMP-0135,2025-06,43
EMP-0135,2025-07,41
EMP-0135,2025-08,40
EMP-0135,2025-09,40
EMP-0135,2025-10,42
EMP-0135,2025-11,42
EMP-0135,2025-12,41
EMP-0136,2025-01,23
EMP-0136,2025-02,24
EMP-0136,2025-03,24
EMP-0136,2025-04,24
EMP-0136,2025-05,24
EMP-0136,2025-06,24
EMP-0136,2025-07,24
EMP-0136,2025-08,25
EMP-0136,2025-09,25
EMP-0136,2025-10,25
EMP-0136,2025-11,25
EMP-0136,2025-12,24
EMP-0137,2025-01,78
EMP-0137,2025-02,78
EMP-0137,2025-03,78
EMP-0137,2025-04,83
EMP-0137,2025-05,83
EMP-0137,2025-06,82
EMP-0137,2025-07,81
EMP-0137,2025-08,83
EMP-0137,2025-09,83
EMP-0137,2025-10,81
EMP-0137,2025-11,82
EMP-0137,2025-12,81
EMP-0138,2025-01,135
EMP-0138,2025-02,138
EMP-0138,2025-03,137
EMP-0138,2025-04,141
EMP-0138,2025-05,141
EMP-0138,2025-06,143
EMP-0138,2025-07,144
EMP-0138,2025-08,142
EMP-0138,2025-09,140
EMP-0138,2025-10,143
EMP-0138,2025-11,142
EMP-0138,2025-12,141
EMP-0139,2025-01,163
EMP-0139,2025-02,164
EMP-0139,2025-03,171
EMP-0139,2025-04,167
EMP-0139,2025-05,167
EMP-0139,2025-06,172
EMP-0139,2025-07,172
EMP-0139,2025-08,174
EMP-0139,2025-09,170
EMP-0139,2025-10,171
EMP-0139,2025-11,170
EMP-0139,2025-12,173
EMP-0140,2025-01,150
EMP-0140,2025-02,158
EMP-0140,2025-03,160
EMP-0140,2025-04,161
EMP-0140,2025-05,162
EMP-0140,2025-06,161
EMP-0140,2025-07,162
EMP-0140,2025-08,161
EMP-0140,2025-09,162
EMP-0140,2025-10,166
EMP-0140,2025-11,163
EMP-0140,2025-12,167
EMP-0141,2025-01,194
EMP-0141,2025-02,194
EMP-0141,2025-03,186
EMP-0141,2025-04,184
EMP-0141,2025-05,189
EMP-0141,2025-06,189
EMP-0141,2025-07,185
EMP-0141,2025-08,183
EMP-0141,2025-09,186
EMP-0141,2025-10,188
EMP-0141,2025-11,187
EMP-0141,2025-12,186
EMP-0142,2025-01,127
EMP-0142,2025-02,125
EMP-0142,2025-03,129
EMP-0142,2025-04,128
EMP-0142,2025-05,131
EMP-0142,2025-06,135
EMP-0142,2025-07,138
EMP-0142,2025-08,137
EMP-0142,2025-09,138
EMP-0142,2025-10,138
EMP-0142,2025-11,136
EMP-0142,2025-12,137
EMP-0143,2025-01,59
EMP-0143,2025-02,60
EMP-0143,2025-03,59
EMP-0143,2025-04,59
EMP-0143,2025-05,59
EMP-0143,2025-06,59
EMP-0143,2025-07,60
EMP-0143,2025-08,59
EMP-0143,2025-09,60
EMP-0143,2025-10,58
EMP-0143,2025-11,58
EMP-0143,2025-12,60
EMP-0144,2025-01,129
EMP-0144,2025-02,127
EMP-0144,2025-03,128
EMP-0144,2025-04,128
EMP-0144,2025-05,129
EMP-0144,2025-06,130
EMP-0144,2025-07,132
EMP-0144,2025-08,135
EMP-0144,2025-09,136
EMP-0144,2025-10,135
EMP-0144,2025-11,137
EMP-0144,2025-12,142
EMP-0145,2025-01,244
EMP-0145,2025-02,239
EMP-0145,2025-03,244
EMP-0145,2025-04,243
EMP-0145,2025-05,232
EMP-0145,2025-06,236
EMP-0145,2025-07,233
EMP-0145,2025-08,233
EMP-0145,2025-09,235
EMP-0145,2025-10,236
EMP-0145,2025-11,239
EMP-0145,2025-12,237
EMP-0146,2025-01,137
EMP-0146,2025-02,136
EMP-0146,2025-03,138
EMP-0146,2025-04,140
EMP-0146,2025-05,137
EMP-0146,2025-06,140
EMP-0146,2025-07,138
EMP-0146,2025-08,140
EMP-0146,2025-09,141
EMP-0146,2025-10,146
EMP-0146,2025-11,145
EMP-0146,2025-12,144
EMP-0147,2025-01,210
EMP-0147,2025-02,209
EMP-0147,2025-03,212
EMP-0147,2025-04,205
EMP-0147,2025-05,201
EMP-0147,2025-06,197
EMP-0147,2025-07,201
EMP-0147,2025-08,208
EMP-0147,2025-09,208
EMP-0147,2025-10,207
EMP-0147,2025-11,207
EMP-0147,2025-12,212
EMP-0148,2025-01,204
EMP-0148,2025-02,205
EMP-0148,2025-03,209
EMP-0148,2025-04,211
EMP-0148,2025-05,212
EMP-0148,2025-06,216
EMP-0148,2025-07,204
EMP-0148,2025-08,207
EMP-0148,2025-09,204
EMP-0148,2025-10,197
EMP-0148,2025-11,199
EMP-0148,2025-12,204
EMP-0149,2025-01,227
EMP-0149,2025-02,231
EMP-0149,2025-03,238
EMP-0149,2025-04,244
EMP-0149,2025-05,252
EMP-0149,2025-06,256
EMP-0149,2025-07,256
EMP-0149,2025-08,248
EMP-0149,2025-09,247
EMP-0149,2025-10,243
EMP-0149,2025-11,254
EMP-0149,2025-12,253
EMP-0150,2025-01,185
EMP-0150,2025-02,187
EMP-0150,2025-03,187
EMP-0150,2025-04,193
EMP-0150,2025-05,191
EMP-0150,2025-06,192
EMP-0150,2025-07,189
EMP-0150,2025-08,184
EMP-0150,2025-09,95
EMP-0150,2025-10,96
EMP-0150,2025-11,96
EMP-0150,2025-12,94
EMP-0151,2025-01,95
EMP-0151,2025-02,95
EMP-0151,2025-03,92
EMP-0151,2025-04,93
EMP-0151,2025-05,93
EMP-0151,2025-06,90
EMP-0151,2025-07,89
EMP-0151,2025-08,88
EMP-0151,2025-09,89
EMP-0151,2025-10,91
EMP-0151,2025-11,88
EMP-0151,2025-12,88
EMP-0152,2025-01,173
EMP-0152,2025-02,175
EMP-0152,2025-03,176
EMP-0152,2025-04,173
EMP-0152,2025-05,172
EMP-0152,2025-06,169
EMP-0152,2025-07,173
EMP-0152,2025-08,173
EMP-0152,2025-09,180
EMP-0152,2025-10,180
EMP-0152,2025-11,177
EMP-0152,2025-12,172
EMP-0153,2025-01,190
EMP-0153,2025-02,184
EMP-0153,2025-03,185
EMP-0153,2025-04,187
EMP-0153,2025-05,181
EMP-0153,2025-06,184
EMP-0153,2025-07,182
EMP-0153,2025-08,183
EMP-0153,2025-09,189
EMP-0153,2025-10,192
EMP-0153,2025-11,191
EMP-0153,2025-12,188
EMP-0154,2025-01,175
EMP-0154,2025-02,172
EMP-0154,2025-03,171
EMP-0154,2025-04,168
EMP-0154,2025-05,168
EMP-0154,2025-06,168
EMP-0154,2025-07,167
EMP-0154,2025-08,165
EMP-0154,2025-09,166
EMP-0154,2025-10,167
EMP-0154,2025-11,163
EMP-0154,2025-12,168
EMP-0155,2025-01,148
EMP-0155,2025-02,148
EMP-0155,2025-03,150
EMP-0155,2025-04,151
EMP-0155,2025-05,154
EMP-0155,2025-06,155
EMP-0155,2025-07,153
EMP-0155,2025-08,154
EMP-0155,2025-09,150
EMP-0155,2025-10,150
EMP-0155,2025-11,150
EMP-0155,2025-12,149
EMP-0156,2025-01,145
EMP-0156,2025-02,140
EMP-0156,2025-03,138
EMP-0156,2025-04,138
EMP-0156,2025-05,138
EMP-0156,2025-06,135
EMP-0156,2025-07,138
EMP-0156,2025-08,136
EMP-0156,2025-09,139
EMP-0156,2025-10,140
EMP-0156,2025-11,138
EMP-0156,2025-12,143
EMP-0157,2025-01,196
EMP-0157,2025-02,200
EMP-0157,2025-03,204
EMP-0157,2025-04,201
EMP-0157,2025-05,207
EMP-0157,2025-06,206
EMP-0157,2025-07,207
EMP-0157,2025-08,208
EMP-0157,2025-09,207
EMP-0157,2025-10,210
EMP-0157,2025-11,213
EMP-0157,2025-12,206
EMP-0158,2025-01,204
EMP-0158,2025-02,197
EMP-0158,2025-03,201
EMP-0158,2025-04,206
EMP-0158,2025-05,202
EMP-0158,2025-06,200
EMP-0158,2025-07,196
EMP-0158,2025-08,195
EMP-0158,2025-09,194
EMP-0158,2025-10,197
EMP-0158,2025-11,202
EMP-0158,2025-12,208
EMP-0159,2025-01,154
EMP-0159,2025-02,153
EMP-0159,2025-03,148
EMP-0159,2025-04,146
EMP-0159,2025-05,149
EMP-0159,2025-06,154
EMP-0159,2025-07,150
EMP-0159,2025-08,148
EMP-0159,2025-09,148
EMP-0159,2025-10,149
EMP-0159,2025-11,147
EMP-0159,2025-12,148
EMP-0160,2025-01,174
EMP-0160,2025-02,174
EMP-0160,2025-03,176
EMP-0160,2025-04,176
EMP-0160,2025-05,174
EMP-0160,2025-06,174
EMP-0160,2025-07,174
EMP-0160,2025-08,173
EMP-0160,2025-09,172
EMP-0160,2025-10,177
EMP-0160,2025-11,179
EMP-0160,2025-12,178
EMP-0161,2025-01,144
EMP-0161,2025-02,143
EMP-0161,2025-03,146
EMP-0161,2025-04,147
EMP-0161,2025-05,147
EMP-0161,2025-06,148
EMP-0161,2025-07,143
EMP-0161,2025-08,140
EMP-0161,2025-09,137
EMP-0161,2025-10,137
EMP-0161,2025-11,142
EMP-0161,2025-12,148
EMP-0162,2025-01,109
EMP-0162,2025-02,110
EMP-0162,2025-03,106
EMP-0162,2025-04,105
EMP-0162,2025-05,103
EMP-0162,2025-06,102
EMP-0162,2025-07,102
EMP-0162,2025-08,101
EMP-0162,2025-09,97
EMP-0162,2025-10,98
EMP-0162,2025-11,96
EMP-0162,2025-12,96
EMP-0163,2025-01,248
EMP-0163,2025-02,243
EMP-0163,2025-03,231
EMP-0163,2025-04,230
EMP-0163,2025-05,235
EMP-0163,2025-06,244
EMP-0163,2025-07,238
EMP-0163,2025-08,240
EMP-0163,2025-09,238
EMP-0163,2025-10,237
EMP-0163,2025-11,250
EMP-0163,2025-12,242
EMP-0164,2025-01,122
EMP-0164,2025-02,123
EMP-0164,2025-03,126
EMP-0164,2025-04,126
EMP-0164,2025-05,127
EMP-0164,2025-06,126
EMP-0164,2025-07,127
EMP-0164,2025-08,126
EMP-0164,2025-09,128
EMP-0164,2025-10,127
EMP-0164,2025-11,128
EMP-0164,2025-12,128
EMP-0165,2025-01,211
EMP-0165,2025-02,211
EMP-0165,2025-03,204
EMP-0165,2025-04,209
EMP-0165,2025-05,205
EMP-0165,2025-06,202
EMP-0165,2025-07,200
EMP-0165,2025-08,205
EMP-0165,2025-09,196
EMP-0165,2025-10,208
EMP-0165,2025-11,212
EMP-0165,2025-12,213
EMP-0166,2025-01,158
EMP-0166,2025-02,159
EMP-0166,2025-03,161
EMP-0166,2025-04,163
EMP-0166,2025-05,165
EMP-0166,2025-06,165
EMP-0166,2025-07,164
EMP-0166,2025-08,164
EMP-0166,2025-09,163
EMP-0166,2025-10,167
EMP-0166,2025-11,169
EMP-0166,2025-12,159
EMP-0167,2025-01,121
EMP-0167,2025-02,121
EMP-0167,2025-03,121
EMP-0167,2025-04,120
EMP-0167,2025-05,123
EMP-0167,2025-06,125
EMP-0167,2025-07,123
EMP-0167,2025-08,124
EMP-0167,2025-09,122
EMP-0167,2025-10,119
EMP-0167,2025-11,118
EMP-0167,2025-12,120
EMP-0168,2025-01,168
EMP-0168,2025-02,170
EMP-0168,2025-03,172
EMP-0168,2025-04,174
EMP-0168,2025-05,172
EMP-0168,2025-06,173
EMP-0168,2025-07,176
EMP-0168,2025-08,179
EMP-0168,2025-09,183
EMP-0168,2025-10,186
EMP-0168,2025-11,187
EMP-0168,2025-12,191
EMP-0169,2025-01,71
EMP-0169,2025-02,70
EMP-0169,2025-03,70
EMP-0169,2025-04,69
EMP-0169,2025-05,68
EMP-0169,2025-06,68
EMP-0169,2025-07,67
EMP-0169,2025-08,67
EMP-0169,2025-09,64
EMP-0169,2025-10,64
EMP-0169,2025-11,64
EMP-0169,2025-12,63
EMP-0170,2025-01,143
EMP-0170,2025-02,146
EMP-0170,2025-03,141
EMP-0170,2025-04,139
EMP-0170,2025-05,137
EMP-0170,2025-06,134
EMP-0170,2025-07,136
EMP-0170,2025-08,135
EMP-0170,2025-09,134
EMP-0170,2025-10,129
EMP-0170,2025-11,131
EMP-0170,2025-12,128
EMP-0171,2025-01,735
EMP-0171,2025-02,739
EMP-0171,2025-03,759
EMP-0171,2025-04,739
EMP-0171,2025-05,694
EMP-0171,2025-06,697
EMP-0171,2025-07,722
EMP-0171,2025-08,740
EMP-0171,2025-09,743
EMP-0171,2025-10,736
EMP-0171,2025-11,748
EMP-0171,2025-12,733
EMP-0172,2025-01,646
EMP-0172,2025-02,653
EMP-0172,2025-03,667
EMP-0172,2025-04,704
EMP-0172,2025-05,710
EMP-0172,2025-06,703
EMP-0172,2025-07,703
EMP-0172,2025-08,678
EMP-0172,2025-09,669
EMP-0172,2025-10,664
EMP-0172,2025-11,657
EMP-0172,2025-12,659
EMP-0173,2025-01,634
EMP-0173,2025-02,648
EMP-0173,2025-03,648
EMP-0173,2025-04,648
EMP-0173,2025-05,644
EMP-0173,2025-06,646
EMP-0173,2025-07,657
EMP-0173,2025-08,646
EMP-0173,2025-09,637
EMP-0173,2025-10,633
EMP-0173,2025-11,616
EMP-0173,2025-12,606
EMP-0174,2025-01,401
EMP-0174,2025-02,408
EMP-0174,2025-03,410
EMP-0174,2025-04,412
EMP-0174,2025-05,419
EMP-0174,2025-06,418
EMP-0174,2025-07,421
EMP-0174,2025-08,420
EMP-0174,2025-09,422
EMP-0174,2025-10,417
EMP-0174,2025-11,397
EMP-0174,2025-12,396
EMP-0175,2025-01,779
EMP-0175,2025-02,793
EMP-0175,2025-03,808
EMP-0175,2025-04,828
EMP-0175,2025-05,829
EMP-0175,2025-06,832
EMP-0175,2025-07,822
EMP-0175,2025-08,817
EMP-0175,2025-09,827
EMP-0175,2025-10,847
EMP-0175,2025-11,845
EMP-0175,2025-12,837
EMP-0176,2025-01,287
EMP-0176,2025-02,290
EMP-0176,2025-03,282
EMP-0176,2025-04,269
EMP-0176,2025-05,266
EMP-0176,2025-06,260
EMP-0176,2025-07,257
EMP-0176,2025-08,256
EMP-0176,2025-09,254
EMP-0176,2025-10,261
EMP-0176,2025-11,263
EMP-0176,2025-12,265
EMP-0177,2025-01,384
EMP-0177,2025-02,375
EMP-0177,2025-03,383
EMP-0177,2025-04,382
EMP-0177,2025-05,387
EMP-0177,2025-06,379
EMP-0177,2025-07,367
EMP-0177,2025-08,373
EMP-0177,2025-09,376
EMP-0177,2025-10,369
EMP-0177,2025-11,363
EMP-0177,2025-12,371
EMP-0178,2025-01,746
EMP-0178,2025-02,771
EMP-0178,2025-03,757
EMP-0178,2025-04,767
EMP-0178,2025-05,762
EMP-0178,2025-06,771
EMP-0178,2025-07,763
EMP-0178,2025-08,761
EMP-0178,2025-09,514
EMP-0178,2025-10,515
EMP-0178,2025-11,518
EMP-0178,2025-12,541
EMP-0179,2025-01,850
EMP-0179,2025-02,833
EMP-0179,2025-03,790
EMP-0179,2025-04,787
EMP-0179,2025-05,825
EMP-0179,2025-06,838
EMP-0179,2025-07,838
EMP-0179,2025-08,834
EMP-0179,2025-09,834
EMP-0179,2025-10,843
EMP-0179,2025-11,823
EMP-0179,2025-12,841
EMP-0180,2025-01,597
EMP-0180,2025-02,606
EMP-0180,2025-03,611
EMP-0180,2025-04,611
EMP-0180,2025-05,619
EMP-0180,2025-06,626
EMP-0180,2025-07,622
EMP-0180,2025-08,615
EMP-0180,2025-09,616
EMP-0180,2025-10,635
EMP-0180,2025-11,619
EMP-0180,2025-12,601
EMP-0181,2025-01,353
EMP-0181,2025-02,353
EMP-0181,2025-03,354
EMP-0181,2025-04,356
EMP-0181,2025-05,354
EMP-0181,2025-06,365
EMP-0181,2025-07,353
EMP-0181,2025-08,347
EMP-0181,2025-09,346
EMP-0181,2025-10,335
EMP-0181,2025-11,334
EMP-0181,2025-12,345
EMP-0182,2025-01,700
EMP-0182,2025-02,703
EMP-0182,2025-03,685
EMP-0182,2025-04,677
EMP-0182,2025-05,672
EMP-0182,2025-06,668
EMP-0182,2025-07,685
EMP-0182,2025-08,693
EMP-0182,2025-09,678
EMP-0182,2025-10,681
EMP-0182,2025-11,688
EMP-0182,2025-12,704
EMP-0183,2025-01,363
EMP-0183,2025-02,356
EMP-0183,2025-03,350
EMP-0183,2025-04,341
EMP-0183,2025-05,339
EMP-0183,2025-06,342
EMP-0183,2025-07,349
EMP-0183,2025-08,348
EMP-0183,2025-09,346
EMP-0183,2025-10,347
EMP-0183,2025-11,341
EMP-0183,2025-12,355
EMP-0184,2025-01,763
EMP-0184,2025-02,766
EMP-0184,2025-03,797
EMP-0184,2025-04,797
EMP-0184,2025-05,794
EMP-0184,2025-06,788
EMP-0184,2025-07,785
EMP-0184,2025-08,807
EMP-0184,2025-09,771
EMP-0184,2025-10,795
EMP-0184,2025-11,772
EMP-0184,2025-12,768
EMP-0185,2025-01,711
EMP-0185,2025-02,719
EMP-0185,2025-03,696
EMP-0185,2025-04,702
EMP-0185,2025-05,730
EMP-0185,2025-06,710
EMP-0185,2025-07,713
EMP-0185,2025-08,704
EMP-0185,2025-09,710
EMP-0185,2025-10,710
EMP-0185,2025-11,701
EMP-0185,2025-12,708
EMP-0186,2025-01,275
EMP-0186,2025-02,274
EMP-0186,2025-03,278
EMP-0186,2025-04,271
EMP-0186,2025-05,266
EMP-0186,2025-06,269
EMP-0186,2025-07,277
EMP-0186,2025-08,279
EMP-0186,2025-09,277
EMP-0186,2025-10,277
EMP-0186,2025-11,270
EMP-0186,2025-12,273
EMP-0187,2025-01,404
EMP-0187,2025-02,400
EMP-0187,2025-03,396
EMP-0187,2025-04,398
EMP-0187,2025-05,395
EMP-0187,2025-06,394
EMP-0187,2025-07,411
EMP-0187,2025-08,409
EMP-0187,2025-09,406
EMP-0187,2025-10,401
EMP-0187,2025-11,407
EMP-0187,2025-12,406
EMP-0188,2025-01,660
EMP-0188,2025-02,677
EMP-0188,2025-03,696
EMP-0188,2025-04,688
EMP-0188,2025-05,662
EMP-0188,2025-06,675
EMP-0188,2025-07,666
EMP-0188,2025-08,677
EMP-0188,2025-09,650
EMP-0188,2025-10,662
EMP-0188,2025-11,646
EMP-0188,2025-12,655
EMP-0189,2025-01,408
EMP-0189,2025-02,400
EMP-0189,2025-03,397
EMP-0189,2025-04,402
EMP-0189,2025-05,403
EMP-0189,2025-06,408
EMP-0189,2025-07,424
EMP-0189,2025-08,411
EMP-0189,2025-09,424
EMP-0189,2025-10,425
EMP-0189,2025-11,417
EMP-0189,2025-12,406
EMP-0190,2025-01,325
EMP-0190,2025-02,331
EMP-0190,2025-03,330
EMP-0190,2025-04,340
EMP-0190,2025-05,330
EMP-0190,2025-06,330
EMP-0190,2025-07,322
EMP-0190,2025-08,324
EMP-0190,2025-09,330
EMP-0190,2025-10,327
EMP-0190,2025-11,310
EMP-0190,2025-12,311
EMP-0191,2025-01,736
EMP-0191,2025-02,742
EMP-0191,2025-03,760
EMP-0191,2025-04,744
EMP-0191,2025-05,754
EMP-0191,2025-06,772
EMP-0191,2025-07,745
EMP-0191,2025-08,750
EMP-0191,2025-09,742
EMP-0191,2025-10,741
EMP-0191,2025-11,746
EMP-0191,2025-12,739
EMP-0192,2025-01,514
EMP-0192,2025-02,514
EMP-0192,2025-03,503
EMP-0192,2025-04,492
EMP-0192,2025-05,499
EMP-0192,2025-06,488
EMP-0192,2025-07,495
EMP-0192,2025-08,500
EMP-0192,2025-09,483
EMP-0192,2025-10,476
EMP-0192,2025-11,487
EMP-0192,2025-12,477
EMP-0193,2025-01,590
EMP-0193,2025-02,595
EMP-0193,2025-03,604
EMP-0193,2025-04,601
EMP-0193,2025-05,594
EMP-0193,2025-06,611
EMP-0193,2025-07,632
EMP-0193,2025-08,644
EMP-0193,2025-09,645
EMP-0193,2025-10,635
EMP-0193,2025-11,624
EMP-0193,2025-12,631
EMP-0194,2025-01,895
EMP-0194,2025-02,920
EMP-0194,2025-03,932
EMP-0194,2025-04,904
EMP-0194,2025-05,923
EMP-0194,2025-06,905
EMP-0194,2025-07,898
EMP-0194,2025-08,902
EMP-0194,2025-09,938
EMP-0194,2025-10,996
EMP-0194,2025-11,1008
EMP-0194,2025-12,1004
EMP-0195,2025-01,664
EMP-0195,2025-02,676
EMP-0195,2025-03,672
EMP-0195,2025-04,696
EMP-0195,2025-05,699
EMP-0195,2025-06,706
EMP-0195,2025-07,715
EMP-0195,2025-08,721
EMP-0195,2025-09,733
EMP-0195,2025-10,724
EMP-0195,2025-11,716
EMP-0195,2025-12,700
EMP-0196,2025-01,335
EMP-0196,2025-02,340
EMP-0196,2025-03,343
EMP-0196,2025-04,354
EMP-0196,2025-05,354
EMP-0196,2025-06,359
EMP-0196,2025-07,351
EMP-0196,2025-08,348
EMP-0196,2025-09,353
EMP-0196,2025-10,359
EMP-0196,2025-11,357
EMP-0196,2025-12,356
EMP-0197,2025-01,568
EMP-0197,2025-02,564
EMP-0197,2025-03,574
EMP-0197,2025-04,581
EMP-0197,2025-05,587
EMP-0197,2025-06,588
EMP-0197,2025-07,588
EMP-0197,2025-08,580
EMP-0197,2025-09,588
EMP-0197,2025-10,593
EMP-0197,2025-11,599
EMP-0197,2025-12,593
EMP-0198,2025-01,762
EMP-0198,2025-02,779
EMP-0198,2025-03,772
EMP-0198,2025-04,759
EMP-0198,2025-05,770
EMP-0198,2025-06,764
EMP-0198,2025-07,780
EMP-0198,2025-08,790
EMP-0198,2025-09,801
EMP-0198,2025-10,779
EMP-0198,2025-11,798
EMP-0198,2025-12,802
EMP-0199,2025-01,634
EMP-0199,2025-02,636
EMP-0199,2025-03,613
EMP-0199,2025-04,618
EMP-0199,2025-05,605
EMP-0199,2025-06,589
EMP-0199,2025-07,571
EMP-0199,2025-08,361
EMP-0199,2025-09,361
EMP-0199,2025-10,359
EMP-0199,2025-11,351
EMP-0199,2025-12,361
EMP-0200,2025-01,561
EMP-0200,2025-02,575
EMP-0200,2025-03,573
EMP-0200,2025-04,567
EMP-0200,2025-05,569
EMP-0200,2025-06,575
EMP-0200,2025-07,588
EMP-0200,2025-08,605
EMP-0200,2025-09,601
EMP-0200,2025-10,585
EMP-0200,2025-11,580
EMP-0200,2025-12,583
EMP-0201,2025-01,874
EMP-0201,2025-02,857
EMP-0201,2025-03,863
EMP-0201,2025-04,862
EMP-0201,2025-05,863
EMP-0201,2025-06,850
EMP-0201,2025-07,846
EMP-0201,2025-08,830
EMP-0201,2025-09,845
EMP-0201,2025-10,862
EMP-0201,2025-11,830
EMP-0201,2025-12,815
EMP-0202,2025-01,727
EMP-0202,2025-02,718
EMP-0202,2025-03,717
EMP-0202,2025-04,696
EMP-0202,2025-05,683
EMP-0202,2025-06,669
EMP-0202,2025-07,672
EMP-0202,2025-08,673
EMP-0202,2025-09,663
EMP-0202,2025-10,665
EMP-0202,2025-11,658
EMP-0202,2025-12,654
EMP-0203,2025-01,831
EMP-0203,2025-02,853
EMP-0203,2025-03,831
EMP-0203,2025-04,845
EMP-0203,2025-05,859
EMP-0203,2025-06,839
EMP-0203,2025-07,853
EMP-0203,2025-08,879
EMP-0203,2025-09,859
EMP-0203,2025-10,843
EMP-0203,2025-11,860
EMP-0203,2025-12,865
EMP-0204,2025-01,289
EMP-0204,2025-02,291
EMP-0204,2025-03,293
EMP-0204,2025-04,285
EMP-0204,2025-05,291
EMP-0204,2025-06,298
EMP-0204,2025-07,297
EMP-0204,2025-08,297
EMP-0204,2025-09,288
EMP-0204,2025-10,291
EMP-0204,2025-11,294
EMP-0204,2025-12,294
EMP-0205,2025-01,55
EMP-0205,2025-02,55
EMP-0205,2025-03,56
EMP-0205,2025-04,55
EMP-0205,2025-05,55
EMP-0205,2025-06,55
EMP-0205,2025-07,55
EMP-0205,2025-08,55
EMP-0205,2025-09,55
EMP-0205,2025-10,56
EMP-0205,2025-11,56
EMP-0205,2025-12,54
EMP-0206,2025-01,20
EMP-0206,2025-02,21
EMP-0206,2025-03,20
EMP-0206,2025-04,20
EMP-0206,2025-05,20
EMP-0206,2025-06,20
EMP-0206,2025-07,20
EMP-0206,2025-08,20
EMP-0206,2025-09,20
EMP-0206,2025-10,20
EMP-0206,2025-11,20
EMP-0206,2025-12,20
EMP-0207,2025-01,30
EMP-0207,2025-02,30
EMP-0207,2025-03,30
EMP-0207,2025-04,31
EMP-0207,2025-05,31
EMP-0207,2025-06,31
EMP-0207,2025-07,31
EMP-0207,2025-08,31
EMP-0207,2025-09,31
EMP-0207,2025-10,31
EMP-0207,2025-11,31
EMP-0207,2025-12,30
EMP-0208,2025-01,56
EMP-0208,2025-02,57
EMP-0208,2025-03,56
EMP-0208,2025-04,56
EMP-0208,2025-05,57
EMP-0208,2025-06,57
EMP-0208,2025-07,58
EMP-0208,2025-08,61
EMP-0208,2025-09,60
EMP-0208,2025-10,58
EMP-0208,2025-11,58
EMP-0208,2025-12,59
EMP-0209,2025-01,58
EMP-0209,2025-02,60
EMP-0209,2025-03,58
EMP-0209,2025-04,59
EMP-0209,2025-05,58
EMP-0209,2025-06,60
EMP-0209,2025-07,62
EMP-0209,2025-08,61
EMP-0209,2025-09,60
EMP-0209,2025-10,61
EMP-0209,2025-11,61
EMP-0209,2025-12,61
EMP-0210,2025-01,33
EMP-0210,2025-02,32
EMP-0210,2025-03,32
EMP-0210,2025-04,32
EMP-0210,2025-05,32
EMP-0210,2025-06,33
EMP-0210,2025-07,32
EMP-0210,2025-08,33
EMP-0210,2025-09,33
EMP-0210,2025-10,33
EMP-0210,2025-11,34
EMP-0210,2025-12,34
EMP-0211,2025-01,29
EMP-0211,2025-02,30
EMP-0211,2025-03,30
EMP-0211,2025-04,30
EMP-0211,2025-05,29
EMP-0211,2025-06,29
EMP-0211,2025-07,31
EMP-0211,2025-08,20
EMP-0211,2025-09,20
EMP-0211,2025-10,20
EMP-0211,2025-11,20
EMP-0211,2025-12,20
EMP-0212,2025-11,20
EMP-0212,2025-12,20
EMP-0213,2025-01,42
EMP-0213,2025-02,42
EMP-0213,2025-03,42
EMP-0213,2025-04,40
EMP-0213,2025-05,40
EMP-0213,2025-06,39
EMP-0213,2025-07,39
EMP-0213,2025-08,41
EMP-0213,2025-09,41
EMP-0213,2025-10,41
EMP-0213,2025-11,42
EMP-0213,2025-12,42
EMP-0214,2025-01,21
EMP-0214,2025-02,21
EMP-0214,2025-03,22
EMP-0214,2025-04,22
EMP-0214,2025-05,22
EMP-0214,2025-06,22
EMP-0214,2025-07,12
EMP-0214,2025-08,12
EMP-0214,2025-09,12
EMP-0214,2025-10,12
EMP-0214,2025-11,12
EMP-0214,2025-12,11
EMP-0215,2025-01,54
EMP-0215,2025-02,54
EMP-0215,2025-03,53
EMP-0215,2025-04,52
EMP-0215,2025-05,52
EMP-0215,2025-06,52
EMP-0215,2025-07,55
EMP-0215,2025-08,55
EMP-0215,2025-09,53
EMP-0215,2025-10,52
EMP-0215,2025-11,53
EMP-0215,2025-12,55
EMP-0216,2025-01,58
EMP-0216,2025-02,56
EMP-0216,2025-03,58
EMP-0216,2025-04,58
EMP-0216,2025-05,57
EMP-0216,2025-06,58
EMP-0216,2025-07,55
EMP-0216,2025-08,55
EMP-0216,2025-09,55
EMP-0216,2025-10,56
EMP-0216,2025-11,55
EMP-0216,2025-12,55
EMP-0217,2025-01,21
EMP-0217,2025-02,21
EMP-0217,2025-03,21
EMP-0217,2025-04,21
EMP-0217,2025-05,21
EMP-0217,2025-06,21
EMP-0217,2025-07,21
EMP-0217,2025-08,21
EMP-0217,2025-09,21
EMP-0217,2025-10,20
EMP-0217,2025-11,20
EMP-0217,2025-12,20
EMP-0218,2025-01,45
EMP-0218,2025-02,44
EMP-0218,2025-03,45
EMP-0218,2025-04,46
EMP-0218,2025-05,46
EMP-0218,2025-06,48
EMP-0218,2025-07,48
EMP-0218,2025-08,48
EMP-0218,2025-09,48
EMP-0218,2025-10,49
EMP-0218,2025-11,50
EMP-0218,2025-12,49
EMP-0219,2025-01,24
EMP-0219,2025-02,24
EMP-0219,2025-03,24
EMP-0219,2025-04,24
EMP-0219,2025-05,25
EMP-0219,2025-06,25
EMP-0219,2025-07,25
EMP-0219,2025-08,25
EMP-0219,2025-09,25
EMP-0219,2025-10,24
EMP-0219,2025-11,24
EMP-0219,2025-12,24
EMP-0220,2025-01,60
EMP-0220,2025-02,59
EMP-0220,2025-03,57
EMP-0220,2025-04,58
EMP-0220,2025-05,57
EMP-0220,2025-06,56
EMP-0220,2025-07,55
EMP-0220,2025-08,55
EMP-0220,2025-09,54
EMP-0220,2025-10,52
EMP-0220,2025-11,53
EMP-0220,2025-12,54
EMP-0221,2025-01,34
EMP-0221,2025-02,33
EMP-0221,2025-03,33
EMP-0221,2025-04,33
EMP-0221,2025-05,33
EMP-0221,2025-06,33
EMP-0221,2025-07,33
EMP-0221,2025-08,33
EMP-0221,2025-09,33
EMP-0221,2025-10,34
EMP-0221,2025-11,34
EMP-0221,2025-12,35
EMP-0222,2025-01,16
EMP-0222,2025-02,16
EMP-0222,2025-03,16
EMP-0222,2025-04,16
EMP-0222,2025-05,16
EMP-0222,2025-06,16
EMP-0222,2025-07,16
EMP-0222,2025-08,16
EMP-0222,2025-09,16
EMP-0222,2025-10,16
EMP-0222,2025-11,16
EMP-0222,2025-12,16
EMP-0223,2025-01,18
EMP-0223,2025-02,18
EMP-0223,2025-03,18
EMP-0223,2025-04,18
EMP-0223,2025-05,18
EMP-0223,2025-06,18
EMP-0223,2025-07,19
EMP-0223,2025-08,19
EMP-0223,2025-09,19
EMP-0223,2025-10,19
EMP-0223,2025-11,19
EMP-0223,2025-12,19
EMP-0224,2025-01,35
EMP-0224,2025-02,34
EMP-0224,2025-03,34
EMP-0224,2025-04,35
EMP-0224,2025-05,34
EMP-0224,2025-06,35
EMP-0224,2025-07,35
EMP-0224,2025-08,36
EMP-0224,2025-09,36
EMP-0224,2025-10,37
EMP-0224,2025-11,36
EMP-0224,2025-12,37
EMP-0225,2025-01,18
EMP-0225,2025-02,18
EMP-0225,2025-03,18
EMP-0225,2025-04,18
EMP-0225,2025-05,18
EMP-0225,2025-06,18
EMP-0225,2025-07,18
EMP-0225,2025-08,18
EMP-0225,2025-09,18
EMP-0225,2025-10,18
EMP-0225,2025-11,18
EMP-0225,2025-12,18
EMP-0226,2025-01,33
EMP-0226,2025-02,33
EMP-0226,2025-03,33
EMP-0226,2025-04,33
EMP-0226,2025-05,32
EMP-0226,2025-06,31
EMP-0226,2025-07,31
EMP-0226,2025-08,30
EMP-0226,2025-09,30
EMP-0226,2025-10,30
EMP-0226,2025-11,30
EMP-0226,2025-12,30
EMP-0227,2025-01,37
EMP-0227,2025-02,38
EMP-0227,2025-03,38
EMP-0227,2025-04,38
EMP-0227,2025-05,38
EMP-0227,2025-06,37
EMP-0227,2025-07,38
EMP-0227,2025-08,38
EMP-0227,2025-09,37
EMP-0227,2025-10,37
EMP-0227,2025-11,37
EMP-0227,2025-12,37
EMP-0228,2025-01,38
EMP-0228,2025-02,39
EMP-0228,2025-03,40
EMP-0228,2025-04,39
EMP-0228,2025-05,39
EMP-0228,2025-06,40
EMP-0228,2025-07,40
EMP-0228,2025-08,41
EMP-0228,2025-09,43
EMP-0228,2025-10,44
EMP-0228,2025-11,44
EMP-0228,2025-12,45
EMP-0229,2025-01,42
EMP-0229,2025-02,42
EMP-0229,2025-03,42
EMP-0229,2025-04,43
EMP-0229,2025-05,42
EMP-0229,2025-06,43
EMP-0229,2025-07,43
EMP-0229,2025-08,42
EMP-0229,2025-09,42
EMP-0229,2025-10,40
EMP-0229,2025-11,41
EMP-0229,2025-12,42
EMP-0230,2025-01,24
EMP-0230,2025-02,24
EMP-0230,2025-03,25
EMP-0230,2025-04,25
EMP-0230,2025-05,24
EMP-0230,2025-06,25
EMP-0230,2025-07,26
EMP-0230,2025-08,26
EMP-0230,2025-09,27
EMP-0230,2025-10,28
EMP-0230,2025-11,28
EMP-0230,2025-12,28
EMP-0231,2025-01,31
EMP-0231,2025-02,32
EMP-0231,2025-03,32
EMP-0231,2025-04,31
EMP-0231,2025-05,32
EMP-0231,2025-06,32
EMP-0231,2025-07,32
EMP-0231,2025-08,32
EMP-0231,2025-09,33
EMP-0231,2025-10,34
EMP-0231,2025-11,34
EMP-0231,2025-12,34
EMP-0232,2025-01,48
EMP-0232,2025-02,49
EMP-0232,2025-03,47
EMP-0232,2025-04,47
EMP-0232,2025-05,47
EMP-0232,2025-06,46
EMP-0232,2025-07,46
EMP-0232,2025-08,46
EMP-0232,2025-09,48
EMP-0232,2025-10,50
EMP-0232,2025-11,50
EMP-0232,2025-12,50
EMP-0233,2025-01,41
EMP-0233,2025-02,41
EMP-0233,2025-03,41
EMP-0233,2025-04,40
EMP-0233,2025-05,39
EMP-0233,2025-06,39
EMP-0233,2025-07,39
EMP-0233,2025-08,38
EMP-0233,2025-09,39
EMP-0233,2025-10,39
EMP-0233,2025-11,39
EMP-0233,2025-12,40
EMP-0234,2025-01,51
EMP-0234,2025-02,51
EMP-0234,2025-03,50
EMP-0234,2025-04,50
EMP-0234,2025-05,50
EMP-0234,2025-06,49
EMP-0234,2025-07,49
EMP-0234,2025-08,47
EMP-0234,2025-09,47
EMP-0234,2025-10,47
EMP-0234,2025-11,47
EMP-0234,2025-12,47
EMP-0235,2025-01,58
EMP-0235,2025-02,59
EMP-0235,2025-03,60
EMP-0235,2025-04,59
EMP-0235,2025-05,58
EMP-0235,2025-06,57
EMP-0235,2025-07,56
EMP-0235,2025-08,56
EMP-0235,2025-09,55
EMP-0235,2025-10,54
EMP-0235,2025-11,54
EMP-0235,2025-12,54
EMP-0236,2025-01,26
EMP-0236,2025-02,26
EMP-0236,2025-03,26
EMP-0236,2025-04,26
EMP-0236,2025-05,26
EMP-0236,2025-06,26
EMP-0236,2025-07,26
EMP-0236,2025-08,25
EMP-0236,2025-09,25
EMP-0236,2025-10,25
EMP-0236,2025-11,25
EMP-0236,2025-12,26
EMP-0237,2025-01,25
EMP-0237,2025-02,24
EMP-0237,2025-03,24
EMP-0237,2025-04,23
EMP-0237,2025-05,23
EMP-0237,2025-06,23
EMP-0237,2025-07,23
EMP-0237,2025-08,23
EMP-0237,2025-09,23
EMP-0237,2025-10,23
EMP-0237,2025-11,24
EMP-0237,2025-12,24
EMP-0238,2025-01,27
EMP-0238,2025-02,27
EMP-0238,2025-03,27
EMP-0238,2025-04,27
EMP-0238,2025-05,27
EMP-0238,2025-06,26
EMP-0238,2025-07,26
EMP-0238,2025-08,26
EMP-0238,2025-09,26
EMP-0238,2025-10,25
EMP-0238,2025-11,25
EMP-0238,2025-12,26
EMP-0239,2025-01,82
EMP-0239,2025-02,82
EMP-0239,2025-03,84
EMP-0239,2025-04,83
EMP-0239,2025-05,80
EMP-0239,2025-06,79
EMP-0239,2025-07,81
EMP-0239,2025-08,81
EMP-0239,2025-09,81
EMP-0239,2025-10,81
EMP-0239,2025-11,84
EMP-0239,2025-12,87
EMP-0240,2025-01,226
EMP-0240,2025-02,225
EMP-0240,2025-03,226
EMP-0240,2025-04,219
EMP-0240,2025-05,225
EMP-0240,2025-06,220
EMP-0240,2025-07,221
EMP-0240,2025-08,216
EMP-0240,2025-09,213
EMP-0240,2025-10,209
EMP-0240,2025-11,206
EMP-0240,2025-12,204
EMP-0241,2025-01,155
EMP-0241,2025-02,158
EMP-0241,2025-03,155
EMP-0241,2025-04,156
EMP-0241,2025-05,160
EMP-0241,2025-06,158
EMP-0241,2025-07,156
EMP-0241,2025-08,155
EMP-0241,2025-09,159
EMP-0241,2025-10,160
EMP-0241,2025-11,158
EMP-0241,2025-12,160
EMP-0242,2025-01,213
EMP-0242,2025-02,216
EMP-0242,2025-03,218
EMP-0242,2025-04,217
EMP-0242,2025-05,213
EMP-0242,2025-06,209
EMP-0242,2025-07,211
EMP-0242,2025-08,216
EMP-0242,2025-09,213
EMP-0242,2025-10,215
EMP-0242,2025-11,206
EMP-0242,2025-12,204
EMP-0243,2025-01,234
EMP-0243,2025-02,230
EMP-0243,2025-03,226
EMP-0243,2025-04,223
EMP-0243,2025-05,224
EMP-0243,2025-06,223
EMP-0243,2025-07,213
EMP-0243,2025-08,204
EMP-0243,2025-09,202
EMP-0243,2025-10,204
EMP-0243,2025-11,193
EMP-0243,2025-12,191
EMP-0244,2025-01,120
EMP-0244,2025-02,123
EMP-0244,2025-03,122
EMP-0244,2025-04,123
EMP-0244,2025-05,123
EMP-0244,2025-06,118
EMP-0244,2025-07,120
EMP-0244,2025-08,121
EMP-0244,2025-09,122
EMP-0244,2025-10,132
EMP-0244,2025-11,126
EMP-0244,2025-12,130
EMP-0245,2025-01,186
EMP-0245,2025-02,187
EMP-0245,2025-03,187
EMP-0245,2025-04,185
EMP-0245,2025-05,183
EMP-0245,2025-06,184
EMP-0245,2025-07,178
EMP-0245,2025-08,181
EMP-0245,2025-09,179
EMP-0245,2025-10,175
EMP-0245,2025-11,173
EMP-0245,2025-12,177
EMP-0246,2025-01,207
EMP-0246,2025-02,208
EMP-0246,2025-03,205
EMP-0246,2025-04,208
EMP-0246,2025-05,211
EMP-0246,2025-06,219
EMP-0246,2025-07,218
EMP-0246,2025-08,221
EMP-0246,2025-09,221
EMP-0246,2025-10,227
EMP-0246,2025-11,224
EMP-0246,2025-12,227
EMP-0247,2025-01,96
EMP-0247,2025-02,96
EMP-0247,2025-03,96
EMP-0247,2025-04,96
EMP-0247,2025-05,96
EMP-0247,2025-06,96
EMP-0247,2025-07,99
EMP-0247,2025-08,101
EMP-0247,2025-09,103
EMP-0247,2025-10,102
EMP-0247,2025-11,100
EMP-0247,2025-12,102
EMP-0248,2025-01,121
EMP-0248,2025-02,125
EMP-0248,2025-03,123
EMP-0248,2025-04,122
EMP-0248,2025-05,118
EMP-0248,2025-06,117
EMP-0248,2025-07,119
EMP-0248,2025-08,118
EMP-0248,2025-09,66
EMP-0248,2025-10,64
EMP-0248,2025-11,64
EMP-0248,2025-12,65
EMP-0249,2025-01,178
EMP-0249,2025-02,167
EMP-0249,2025-03,166
EMP-0249,2025-04,161
EMP-0249,2025-05,165
EMP-0249,2025-06,168
EMP-0249,2025-07,170
EMP-0249,2025-08,175
EMP-0249,2025-09,172
EMP-0249,2025-10,178
EMP-0249,2025-11,181
EMP-0249,2025-12,180
EMP-0250,2025-01,228
EMP-0250,2025-02,223
EMP-0250,2025-03,219
EMP-0250,2025-04,216
EMP-0250,2025-05,214
EMP-0250,2025-06,209
EMP-0250,2025-07,214
EMP-0250,2025-08,213
EMP-0250,2025-09,215
EMP-0250,2025-10,213
EMP-0250,2025-11,205
EMP-0250,2025-12,206
EMP-0251,2025-01,120
EMP-0251,2025-02,120
EMP-0251,2025-03,117
EMP-0251,2025-04,122
EMP-0251,2025-05,124
EMP-0251,2025-06,124
EMP-0251,2025-07,127
EMP-0251,2025-08,125
EMP-0251,2025-09,126
EMP-0251,2025-10,127
EMP-0251,2025-11,128
EMP-0251,2025-12,131
EMP-0252,2025-01,180
EMP-0252,2025-02,181
EMP-0252,2025-03,175
EMP-0252,2025-04,172
EMP-0252,2025-05,172
EMP-0252,2025-06,172
EMP-0252,2025-07,168
EMP-0252,2025-08,176
EMP-0252,2025-09,181
EMP-0252,2025-10,183
EMP-0252,2025-11,183
EMP-0252,2025-12,182
EMP-0253,2025-01,123
EMP-0253,2025-02,123
EMP-0253,2025-03,124
EMP-0253,2025-04,121
EMP-0253,2025-05,122
EMP-0253,2025-06,122
EMP-0253,2025-07,117
EMP-0253,2025-08,115
EMP-0253,2025-09,114
EMP-0253,2025-10,118
EMP-0253,2025-11,119
EMP-0253,2025-12,116
EMP-0254,2025-01,232
EMP-0254,2025-02,225
EMP-0254,2025-03,230
EMP-0254,2025-04,228
EMP-0254,2025-05,228
EMP-0254,2025-06,234
EMP-0254,2025-07,228
EMP-0254,2025-08,222
EMP-0254,2025-09,219
EMP-0254,2025-10,224
EMP-0254,2025-11,217
EMP-0254,2025-12,205
EMP-0255,2025-01,61
EMP-0255,2025-02,62
EMP-0255,2025-03,63
EMP-0255,2025-04,62
EMP-0255,2025-05,61
EMP-0255,2025-06,62
EMP-0255,2025-07,60
EMP-0255,2025-08,60
EMP-0255,2025-09,60
EMP-0255,2025-10,61
EMP-0255,2025-11,60
EMP-0255,2025-12,60
EMP-0256,2025-01,170
EMP-0256,2025-02,168
EMP-0256,2025-03,170
EMP-0256,2025-04,167
EMP-0256,2025-05,167
EMP-0256,2025-06,168
EMP-0256,2025-07,167
EMP-0256,2025-08,168
EMP-0256,2025-09,165
EMP-0256,2025-10,164
EMP-0256,2025-11,166
EMP-0256,2025-12,167
EMP-0257,2025-01,131
EMP-0257,2025-02,132
EMP-0257,2025-03,134
EMP-0257,2025-04,129
EMP-0257,2025-05,132
EMP-0257,2025-06,131
EMP-0257,2025-07,132
EMP-0257,2025-08,135
EMP-0257,2025-09,131
EMP-0257,2025-10,129
EMP-0257,2025-11,128
EMP-0257,2025-12,126
EMP-0258,2025-01,241
EMP-0258,2025-02,237
EMP-0258,2025-03,234
EMP-0258,2025-04,235
EMP-0258,2025-05,229
EMP-0258,2025-06,227
EMP-0258,2025-07,228
EMP-0258,2025-08,226
EMP-0258,2025-09,226
EMP-0258,2025-10,224
EMP-0258,2025-11,217
EMP-0258,2025-12,218
EMP-0259,2025-01,206
EMP-0259,2025-02,206
EMP-0259,2025-03,207
EMP-0259,2025-04,210
EMP-0259,2025-05,205
EMP-0259,2025-06,212
EMP-0259,2025-07,213
EMP-0259,2025-08,220
EMP-0259,2025-09,217
EMP-0259,2025-10,225
EMP-0259,2025-11,228
EMP-0259,2025-12,231
EMP-0260,2025-01,100
EMP-0260,2025-02,100
EMP-0260,2025-03,102
EMP-0260,2025-04,102
EMP-0260,2025-05,98
EMP-0260,2025-06,96
EMP-0260,2025-07,96
EMP-0260,2025-08,97
EMP-0260,2025-09,97
EMP-0260,2025-10,99
EMP-0260,2025-11,95
EMP-0260,2025-12,95
EMP-0261,2025-11,75
EMP-0261,2025-12,76
EMP-0262,2025-01,173
EMP-0262,2025-02,174
EMP-0262,2025-03,171
EMP-0262,2025-04,175
EMP-0262,2025-05,179
EMP-0262,2025-06,181
EMP-0262,2025-07,181
EMP-0262,2025-08,183
EMP-0262,2025-09,180
EMP-0262,2025-10,183
EMP-0262,2025-11,189
EMP-0262,2025-12,193
EMP-0263,2025-01,146
EMP-0263,2025-02,147
EMP-0263,2025-03,143
EMP-0263,2025-04,145
EMP-0263,2025-05,146
EMP-0263,2025-06,141
EMP-0263,2025-07,138
EMP-0263,2025-08,137
EMP-0263,2025-09,136
EMP-0263,2025-10,133
EMP-0263,2025-11,134
EMP-0263,2025-12,135
EMP-0264,2025-01,209
EMP-0264,2025-02,206
EMP-0264,2025-03,210
EMP-0264,2025-04,217
EMP-0264,2025-05,215
EMP-0264,2025-06,212
EMP-0264,2025-07,214
EMP-0264,2025-08,212
EMP-0264,2025-09,211
EMP-0264,2025-10,214
EMP-0264,2025-11,206
EMP-0264,2025-12,211
EMP-0265,2025-01,136
EMP-0265,2025-02,135
EMP-0265,2025-03,135
EMP-0265,2025-04,135
EMP-0265,2025-05,130
EMP-0265,2025-06,134
EMP-0265,2025-07,134
EMP-0265,2025-08,135
EMP-0265,2025-09,138
EMP-0265,2025-10,135
EMP-0265,2025-11,136
EMP-0265,2025-12,135
EMP-0266,2025-01,227
EMP-0266,2025-02,217
EMP-0266,2025-03,217
EMP-0266,2025-04,214
EMP-0266,2025-05,216
EMP-0266,2025-06,218
EMP-0266,2025-07,215
EMP-0266,2025-08,212
EMP-0266,2025-09,212
EMP-0266,2025-10,208
EMP-0266,2025-11,212
EMP-0266,2025-12,210
EMP-0267,2025-01,158
EMP-0267,2025-02,157
EMP-0267,2025-03,154
EMP-0267,2025-04,149
EMP-0267,2025-05,145
EMP-0267,2025-06,145
EMP-0267,2025-07,149
EMP-0267,2025-08,150
EMP-0267,2025-09,148
EMP-0267,2025-10,149
EMP-0267,2025-11,148
EMP-0267,2025-12,146
EMP-0268,2025-01,231
EMP-0268,2025-02,223
EMP-0268,2025-03,221
EMP-0268,2025-04,222
EMP-0268,2025-05,222
EMP-0268,2025-06,220
EMP-0268,2025-07,216
EMP-0268,2025-08,219
EMP-0268,2025-09,213
EMP-0268,2025-10,216
EMP-0268,2025-11,212
EMP-0268,2025-12,209
EMP-0269,2025-01,120
EMP-0269,2025-02,119
EMP-0269,2025-03,121
EMP-0269,2025-04,122
EMP-0269,2025-05,124
EMP-0269,2025-06,125
EMP-0269,2025-07,122
EMP-0269,2025-08,121
EMP-0269,2025-09,119
EMP-0269,2025-10,122
EMP-0269,2025-11,119
EMP-0269,2025-12,121
EMP-0270,2025-01,179
EMP-0270,2025-02,186
EMP-0270,2025-03,184
EMP-0270,2025-04,187
EMP-0270,2025-05,196
EMP-0270,2025-06,194
EMP-0270,2025-07,188
EMP-0270,2025-08,181
EMP-0270,2025-09,184
EMP-0270,2025-10,177
EMP-0270,2025-11,176
EMP-0270,2025-12,178
EMP-0271,2025-01,138
EMP-0271,2025-02,139
EMP-0271,2025-03,140
EMP-0271,2025-04,144
EMP-0271,2025-05,141
EMP-0271,2025-06,139
EMP-0271,2025-07,137
EMP-0271,2025-08,139
EMP-0271,2025-09,142
EMP-0271,2025-10,143
EMP-0271,2025-11,146
EMP-0271,2025-12,143
EMP-0272,2025-01,114
EMP-0272,2025-02,117
EMP-0272,2025-03,119
EMP-0272,2025-04,123
EMP-0272,2025-05,119
EMP-0272,2025-06,118
EMP-0272,2025-07,116
EMP-0272,2025-08,118
EMP-0272,2025-09,116
EMP-0272,2025-10,118
EMP-0272,2025-11,121
EMP-0272,2025-12,123
EMP-0273,2025-11,647
EMP-0273,2025-12,634
EMP-0274,2025-01,731
EMP-0274,2025-02,749
EMP-0274,2025-03,761
EMP-0274,2025-04,760
EMP-0274,2025-05,754
EMP-0274,2025-06,723
EMP-0274,2025-07,708
EMP-0274,2025-08,735
EMP-0274,2025-09,716
EMP-0274,2025-10,719
EMP-0274,2025-11,733
EMP-0274,2025-12,715
EMP-0275,2025-01,360
EMP-0275,2025-02,367
EMP-0275,2025-03,367
EMP-0275,2025-04,388
EMP-0275,2025-05,375
EMP-0275,2025-06,383
EMP-0275,2025-07,382
EMP-0275,2025-08,388
EMP-0275,2025-09,391
EMP-0275,2025-10,385
EMP-0275,2025-11,387
EMP-0275,2025-12,373
EMP-0276,2025-01,498
EMP-0276,2025-02,501
EMP-0276,2025-03,507
EMP-0276,2025-04,518
EMP-0276,2025-05,522
EMP-0276,2025-06,524
EMP-0276,2025-07,515
EMP-0276,2025-08,508
EMP-0276,2025-09,520
EMP-0276,2025-10,535
EMP-0276,2025-11,532
EMP-0276,2025-12,532
EMP-0277,2025-01,628
EMP-0277,2025-02,643
EMP-0277,2025-03,652
EMP-0277,2025-04,677
EMP-0277,2025-05,665
EMP-0277,2025-06,660
EMP-0277,2025-07,663
EMP-0277,2025-08,672
EMP-0277,2025-09,669
EMP-0277,2025-10,657
EMP-0277,2025-11,669
EMP-0277,2025-12,679
EMP-0278,2025-01,820
EMP-0278,2025-02,842
EMP-0278,2025-03,862
EMP-0278,2025-04,864
EMP-0278,2025-05,865
EMP-0278,2025-06,875
EMP-0278,2025-07,860
EMP-0278,2025-08,861
EMP-0278,2025-09,824
EMP-0278,2025-10,838
EMP-0278,2025-11,812
EMP-0278,2025-12,836
EMP-0279,2025-01,613
EMP-0279,2025-02,610
EMP-0279,2025-03,602
EMP-0279,2025-04,599
EMP-0279,2025-05,616
EMP-0279,2025-06,585
EMP-0279,2025-07,600
EMP-0279,2025-08,604
EMP-0279,2025-09,589
EMP-0279,2025-10,576
EMP-0279,2025-11,595
EMP-0279,2025-12,584
EMP-0280,2025-01,819
EMP-0280,2025-02,838
EMP-0280,2025-03,844
EMP-0280,2025-04,828
EMP-0280,2025-05,832
EMP-0280,2025-06,815
EMP-0280,2025-07,833
EMP-0280,2025-08,851
EMP-0280,2025-09,860
EMP-0280,2025-10,866
EMP-0280,2025-11,897
EMP-0280,2025-12,897
EMP-0281,2025-01,539
EMP-0281,2025-02,544
EMP-0281,2025-03,567
EMP-0281,2025-04,555
EMP-0281,2025-05,551
EMP-0281,2025-06,556
EMP-0281,2025-07,555
EMP-0281,2025-08,544
EMP-0281,2025-09,556
EMP-0281,2025-10,582
EMP-0281,2025-11,584
EMP-0281,2025-12,573
EMP-0282,2025-01,535
EMP-0282,2025-02,538
EMP-0282,2025-03,550
EMP-0282,2025-04,555
EMP-0282,2025-05,555
EMP-0282,2025-06,548
EMP-0282,2025-07,536
EMP-0282,2025-08,545
EMP-0282,2025-09,555
EMP-0282,2025-10,538
EMP-0282,2025-11,555
EMP-0282,2025-12,561
EMP-0283,2025-01,280
EMP-0283,2025-02,272
EMP-0283,2025-03,265
EMP-0283,2025-04,264
EMP-0283,2025-05,267
EMP-0283,2025-06,277
EMP-0283,2025-07,281
EMP-0283,2025-08,280
EMP-0283,2025-09,274
EMP-0283,2025-10,281
EMP-0283,2025-11,276
EMP-0283,2025-12,285
EMP-0284,2025-01,651
EMP-0284,2025-02,672
EMP-0284,2025-03,681
EMP-0284,2025-04,679
EMP-0284,2025-05,672
EMP-0284,2025-06,667
EMP-0284,2025-07,673
EMP-0284,2025-08,674
EMP-0284,2025-09,666
EMP-0284,2025-10,664
EMP-0284,2025-11,665
EMP-0284,2025-12,637
EMP-0285,2025-01,536
EMP-0285,2025-02,525
EMP-0285,2025-03,513
EMP-0285,2025-04,496
EMP-0285,2025-05,478
EMP-0285,2025-06,465
EMP-0285,2025-07,458
EMP-0285,2025-08,476
EMP-0285,2025-09,471
EMP-0285,2025-10,473
EMP-0285,2025-11,477
EMP-0285,2025-12,478
EMP-0286,2025-01,258
EMP-0286,2025-02,252
EMP-0286,2025-03,259
EMP-0286,2025-04,268
EMP-0286,2025-05,259
EMP-0286,2025-06,254
EMP-0286,2025-07,253
EMP-0286,2025-08,248
EMP-0286,2025-09,251
EMP-0286,2025-10,247
EMP-0286,2025-11,258
EMP-0286,2025-12,264
EMP-0287,2025-01,833
EMP-0287,2025-02,850
EMP-0287,2025-03,869
EMP-0287,2025-04,859
EMP-0287,2025-05,845
EMP-0287,2025-06,846
EMP-0287,2025-07,861
EMP-0287,2025-08,863
EMP-0287,2025-09,836
EMP-0287,2025-10,823
EMP-0287,2025-11,822
EMP-0287,2025-12,821
EMP-0288,2025-01,312
EMP-0288,2025-02,303
EMP-0288,2025-03,306
EMP-0288,2025-04,315
EMP-0288,2025-05,329
EMP-0288,2025-06,326
EMP-0288,2025-07,329
EMP-0288,2025-08,333
EMP-0288,2025-09,334
EMP-0288,2025-10,333
EMP-0288,2025-11,336
EMP-0288,2025-12,319
EMP-0289,2025-01,882
EMP-0289,2025-02,884
EMP-0289,2025-03,880
EMP-0289,2025-04,916
EMP-0289,2025-05,904
EMP-0289,2025-06,897
EMP-0289,2025-07,933
EMP-0289,2025-08,917
EMP-0289,2025-09,907
EMP-0289,2025-10,904
EMP-0289,2025-11,919
EMP-0289,2025-12,923
EMP-0290,2025-01,738
EMP-0290,2025-02,730
EMP-0290,2025-03,721
EMP-0290,2025-04,720
EMP-0290,2025-05,726
EMP-0290,2025-06,732
EMP-0290,2025-07,706
EMP-0290,2025-08,721
EMP-0290,2025-09,725
EMP-0290,2025-10,745
EMP-0290,2025-11,752
EMP-0290,2025-12,769
EMP-0291,2025-11,548
EMP-0291,2025-12,563
EMP-0292,2025-01,490
EMP-0292,2025-02,489
EMP-0292,2025-03,511
EMP-0292,2025-04,520
EMP-0292,2025-05,526
EMP-0292,2025-06,513
EMP-0292,2025-07,500
EMP-0292,2025-08,503
EMP-0292,2025-09,504
EMP-0292,2025-10,498
EMP-0292,2025-11,499
EMP-0292,2025-12,515
EMP-0293,2025-01,883
EMP-0293,2025-02,863
EMP-0293,2025-03,861
EMP-0293,2025-04,847
EMP-0293,2025-05,840
EMP-0293,2025-06,833
EMP-0293,2025-07,825
EMP-0293,2025-08,804
EMP-0293,2025-09,802
EMP-0293,2025-10,793
EMP-0293,2025-11,747
EMP-0293,2025-12,778
EMP-0294,2025-01,623
EMP-0294,2025-02,618
EMP-0294,2025-03,618
EMP-0294,2025-04,604
EMP-0294,2025-05,624
EMP-0294,2025-06,648
EMP-0294,2025-07,650
EMP-0294,2025-08,663
EMP-0294,2025-09,665
EMP-0294,2025-10,647
EMP-0294,2025-11,642
EMP-0294,2025-12,644
EMP-0295,2025-01,470
EMP-0295,2025-02,468
EMP-0295,2025-03,467
EMP-0295,2025-04,466
EMP-0295,2025-05,466
EMP-0295,2025-06,456
EMP-0295,2025-07,449
EMP-0295,2025-08,437
EMP-0295,2025-09,446
EMP-0295,2025-10,427
EMP-0295,2025-11,437
EMP-0295,2025-12,449
EMP-0296,2025-01,441
EMP-0296,2025-02,418
EMP-0296,2025-03,415
EMP-0296,2025-04,414
EMP-0296,2025-05,406
EMP-0296,2025-06,402
EMP-0296,2025-07,414
EMP-0296,2025-08,420
EMP-0296,2025-09,412
EMP-0296,2025-10,399
EMP-0296,2025-11,396
EMP-0296,2025-12,394
EMP-0297,2025-01,894
EMP-0297,2025-02,884
EMP-0297,2025-03,893
EMP-0297,2025-04,928
EMP-0297,2025-05,943
EMP-0297,2025-06,942
EMP-0297,2025-07,939
EMP-0297,2025-08,932
EMP-0297,2025-09,954
EMP-0297,2025-10,942
EMP-0297,2025-11,943
EMP-0297,2025-12,944
EMP-0298,2025-01,501
EMP-0298,2025-02,487
EMP-0298,2025-03,490
EMP-0298,2025-04,489
EMP-0298,2025-05,494
EMP-0298,2025-06,489
EMP-0298,2025-07,501
EMP-0298,2025-08,492
EMP-0298,2025-09,509
EMP-0298,2025-10,491
EMP-0298,2025-11,495
EMP-0298,2025-12,500
EMP-0299,2025-01,384
EMP-0299,2025-02,387
EMP-0299,2025-03,397
EMP-0299,2025-04,379
EMP-0299,2025-05,383
EMP-0299,2025-06,364
EMP-0299,2025-07,357
EMP-0299,2025-08,369
EMP-0299,2025-09,365
EMP-0299,2025-10,356
EMP-0299,2025-11,355
EMP-0299,2025-12,370
EMP-0300,2025-01,860
EMP-0300,2025-02,842
EMP-0300,2025-03,867
EMP-0300,2025-04,899
EMP-0300,2025-05,897
EMP-0300,2025-06,875
EMP-0300,2025-07,912
EMP-0300,2025-08,941
EMP-0300,2025-09,954
EMP-0300,2025-10,938
EMP-0300,2025-11,937
EMP-0300,2025-12,934
EMP-0301,2025-01,351
EMP-0301,2025-02,361
EMP-0301,2025-03,367
EMP-0301,2025-04,359
EMP-0301,2025-05,369
EMP-0301,2025-06,371
EMP-0301,2025-07,376
EMP-0301,2025-08,387
EMP-0301,2025-09,378
EMP-0301,2025-10,378
EMP-0301,2025-11,374
EMP-0301,2025-12,362
EMP-0302,2025-01,898
EMP-0302,2025-02,943
EMP-0302,2025-03,908
EMP-0302,2025-04,907
EMP-0302,2025-05,919
EMP-0302,2025-06,921
EMP-0302,2025-07,919
EMP-0302,2025-08,895
EMP-0302,2025-09,899
EMP-0302,2025-10,885
EMP-0302,2025-11,846
EMP-0302,2025-12,866
EMP-0303,2025-01,296
EMP-0303,2025-02,296
EMP-0303,2025-03,297
EMP-0303,2025-04,303
EMP-0303,2025-05,304
EMP-0303,2025-06,309
EMP-0303,2025-07,307
EMP-0303,2025-08,183
EMP-0303,2025-09,177
EMP-0303,2025-10,176
EMP-0303,2025-11,178
EMP-0303,2025-12,174
EMP-0304,2025-01,557
EMP-0304,2025-02,550
EMP-0304,2025-03,541
EMP-0304,2025-04,529
EMP-0304,2025-05,551
EMP-0304,2025-06,566
EMP-0304,2025-07,588
EMP-0304,2025-08,574
EMP-0304,2025-09,575
EMP-0304,2025-10,560
EMP-0304,2025-11,552
EMP-0304,2025-12,542
EMP-0305,2025-01,718
EMP-0305,2025-02,712
EMP-0305,2025-03,727
EMP-0305,2025-04,736
EMP-0305,2025-05,770
EMP-0305,2025-06,747
EMP-0305,2025-07,766
EMP-0305,2025-08,784
EMP-0305,2025-09,769
EMP-0305,2025-10,784
EMP-0305,2025-11,789
EMP-0305,2025-12,785
EMP-0306,2025-01,279
EMP-0306,2025-02,275
EMP-0306,2025-03,286
EMP-0306,2025-04,286
EMP-0306,2025-05,290
EMP-0306,2025-06,285
EMP-0306,2025-07,281
EMP-0306,2025-08,287
EMP-0306,2025-09,279
EMP-0306,2025-10,277
EMP-0306,2025-11,277
EMP-0306,2025-12,278
EMP-0307,2025-01,52
EMP-0307,2025-02,52
EMP-0307,2025-03,53
EMP-0307,2025-04,54
EMP-0307,2025-05,53
EMP-0307,2025-06,53
EMP-0307,2025-07,54
EMP-0307,2025-08,55
EMP-0307,2025-09,53
EMP-0307,2025-10,53
EMP-0307,2025-11,51
EMP-0307,2025-12,51
EMP-0308,2025-01,39
EMP-0308,2025-02,38
EMP-0308,2025-03,37
EMP-0308,2025-04,38
EMP-0308,2025-05,37
EMP-0308,2025-06,37
EMP-0308,2025-07,37
EMP-0308,2025-08,37
EMP-0308,2025-09,37
EMP-0308,2025-10,38
EMP-0308,2025-11,38
EMP-0308,2025-12,38
EMP-0309,2025-01,23
EMP-0309,2025-02,23
EMP-0309,2025-03,23
EMP-0309,2025-04,23
EMP-0309,2025-05,23
EMP-0309,2025-06,23
EMP-0309,2025-07,23
EMP-0309,2025-08,23
EMP-0309,2025-09,23
EMP-0309,2025-10,22
EMP-0309,2025-11,22
EMP-0309,2025-12,22
EMP-0310,2025-01,20
EMP-0310,2025-02,20
EMP-0310,2025-03,20
EMP-0310,2025-04,20
EMP-0310,2025-05,20
EMP-0310,2025-06,20
EMP-0310,2025-07,20
EMP-0310,2025-08,20
EMP-0310,2025-09,20
EMP-0310,2025-10,19
EMP-0310,2025-11,19
EMP-0310,2025-12,20
EMP-0311,2025-01,33
EMP-0311,2025-02,33
EMP-0311,2025-03,33
EMP-0311,2025-04,33
EMP-0311,2025-05,34
EMP-0311,2025-06,33
EMP-0311,2025-07,33
EMP-0311,2025-08,33
EMP-0311,2025-09,33
EMP-0311,2025-10,33
EMP-0311,2025-11,34
EMP-0311,2025-12,35
EMP-0312,2025-01,34
EMP-0312,2025-02,35
EMP-0312,2025-03,35
EMP-0312,2025-04,35
EMP-0312,2025-05,35
EMP-0312,2025-06,35
EMP-0312,2025-07,36
EMP-0312,2025-08,36
EMP-0312,2025-09,35
EMP-0312,2025-10,35
EMP-0312,2025-11,35
EMP-0312,2025-12,36
EMP-0313,2025-01,41
EMP-0313,2025-02,40
EMP-0313,2025-03,42
EMP-0313,2025-04,42
EMP-0313,2025-05,43
EMP-0313,2025-06,43
EMP-0313,2025-07,43
EMP-0313,2025-08,44
EMP-0313,2025-09,45
EMP-0313,2025-10,46
EMP-0313,2025-11,47
EMP-0313,2025-12,47
EMP-0314,2025-01,26
EMP-0314,2025-02,26
EMP-0314,2025-03,26
EMP-0314,2025-04,26
EMP-0314,2025-05,27
EMP-0314,2025-06,28
EMP-0314,2025-07,27
EMP-0314,2025-08,27
EMP-0314,2025-09,27
EMP-0314,2025-10,27
EMP-0314,2025-11,27
EMP-0314,2025-12,28
EMP-0315,2025-01,27
EMP-0315,2025-02,27
EMP-0315,2025-03,26
EMP-0315,2025-04,25
EMP-0315,2025-05,25
EMP-0315,2025-06,24
EMP-0315,2025-07,24
EMP-0315,2025-08,24
EMP-0315,2025-09,26
EMP-0315,2025-10,27
EMP-0315,2025-11,27
EMP-0315,2025-12,27
EMP-0316,2025-01,23
EMP-0316,2025-02,24
EMP-0316,2025-03,23
EMP-0316,2025-04,22
EMP-0316,2025-05,22
EMP-0316,2025-06,22
EMP-0316,2025-07,22
EMP-0316,2025-08,22
EMP-0316,2025-09,21
EMP-0316,2025-10,20
EMP-0316,2025-11,20
EMP-0316,2025-12,20
EMP-0317,2025-01,47
EMP-0317,2025-02,47
EMP-0317,2025-03,48
EMP-0317,2025-04,48
EMP-0317,2025-05,48
EMP-0317,2025-06,48
EMP-0317,2025-07,48
EMP-0317,2025-08,47
EMP-0317,2025-09,29
EMP-0317,2025-10,29
EMP-0317,2025-11,29
EMP-0317,2025-12,30
EMP-0318,2025-01,37
EMP-0318,2025-02,37
EMP-0318,2025-03,35
EMP-0318,2025-04,35
EMP-0318,2025-05,36
EMP-0318,2025-06,35
EMP-0318,2025-07,35
EMP-0318,2025-08,35
EMP-0318,2025-09,36
EMP-0318,2025-10,36
EMP-0318,2025-11,36
EMP-0318,2025-12,35
EMP-0319,2025-01,48
EMP-0319,2025-02,50
EMP-0319,2025-03,50
EMP-0319,2025-04,50
EMP-0319,2025-05,50
EMP-0319,2025-06,50
EMP-0319,2025-07,49
EMP-0319,2025-08,50
EMP-0319,2025-09,50
EMP-0319,2025-10,50
EMP-0319,2025-11,49
EMP-0319,2025-12,50
EMP-0320,2025-01,48
EMP-0320,2025-02,47
EMP-0320,2025-03,48
EMP-0320,2025-04,48
EMP-0320,2025-05,47
EMP-0320,2025-06,46
EMP-0320,2025-07,44
EMP-0320,2025-08,44
EMP-0320,2025-09,42
EMP-0320,2025-10,41
EMP-0320,2025-11,39
EMP-0320,2025-12,39
EMP-0321,2025-01,32
EMP-0321,2025-02,32
EMP-0321,2025-03,31
EMP-0321,2025-04,30
EMP-0321,2025-05,30
EMP-0321,2025-06,30
EMP-0321,2025-07,30
EMP-0321,2025-08,29
EMP-0321,2025-09,29
EMP-0321,2025-10,30
EMP-0321,2025-11,30
EMP-0321,2025-12,30
EMP-0322,2025-01,25
EMP-0322,2025-02,25
EMP-0322,2025-03,25
EMP-0322,2025-04,25
EMP-0322,2025-05,25
EMP-0322,2025-06,25
EMP-0322,2025-07,25
EMP-0322,2025-08,24
EMP-0322,2025-09,23
EMP-0322,2025-10,22
EMP-0322,2025-11,21
EMP-0322,2025-12,21
EMP-0323,2025-01,30
EMP-0323,2025-02,30
EMP-0323,2025-03,30
EMP-0323,2025-04,29
EMP-0323,2025-05,29
EMP-0323,2025-06,29
EMP-0323,2025-07,28
EMP-0323,2025-08,28
EMP-0323,2025-09,28
EMP-0323,2025-10,28
EMP-0323,2025-11,27
EMP-0323,2025-12,26
EMP-0324,2025-01,45
EMP-0324,2025-02,45
EMP-0324,2025-03,45
EMP-0324,2025-04,44
EMP-0324,2025-05,44
EMP-0324,2025-06,44
EMP-0324,2025-07,44
EMP-0324,2025-08,44
EMP-0324,2025-09,43
EMP-0324,2025-10,44
EMP-0324,2025-11,43
EMP-0324,2025-12,43
EMP-0325,2025-01,34
EMP-0325,2025-02,34
EMP-0325,2025-03,34
EMP-0325,2025-04,34
EMP-0325,2025-05,35
EMP-0325,2025-06,34
EMP-0325,2025-07,33
EMP-0325,2025-08,33
EMP-0325,2025-09,34
EMP-0325,2025-10,34
EMP-0325,2025-11,33
EMP-0325,2025-12,33
EMP-0326,2025-01,36
EMP-0326,2025-02,35
EMP-0326,2025-03,36
EMP-0326,2025-04,35
EMP-0326,2025-05,36
EMP-0326,2025-06,37
EMP-0326,2025-07,38
EMP-0326,2025-08,38
EMP-0326,2025-09,38
EMP-0326,2025-10,37
EMP-0326,2025-11,37
EMP-0326,2025-12,37
EMP-0327,2025-01,23
EMP-0327,2025-02,22
EMP-0327,2025-03,22
EMP-0327,2025-04,22
EMP-0327,2025-05,21
EMP-0327,2025-06,21
EMP-0327,2025-07,21
EMP-0327,2025-08,21
EMP-0327,2025-09,21
EMP-0327,2025-10,21
EMP-0327,2025-11,21
EMP-0327,2025-12,21
EMP-0328,2025-01,44
EMP-0328,2025-02,43
EMP-0328,2025-03,43
EMP-0328,2025-04,44
EMP-0328,2025-05,44
EMP-0328,2025-06,45
EMP-0328,2025-07,44
EMP-0328,2025-08,44
EMP-0328,2025-09,43
EMP-0328,2025-10,42
EMP-0328,2025-11,41
EMP-0328,2025-12,42
EMP-0329,2025-01,19
EMP-0329,2025-02,19
EMP-0329,2025-03,18
EMP-0329,2025-04,18
EMP-0329,2025-05,18
EMP-0329,2025-06,18
EMP-0329,2025-07,17
EMP-0329,2025-08,17
EMP-0329,2025-09,17
EMP-0329,2025-10,17
EMP-0329,2025-11,16
EMP-0329,2025-12,16
EMP-0330,2025-01,24
EMP-0330,2025-02,24
EMP-0330,2025-03,24
EMP-0330,2025-04,24
EMP-0330,2025-05,24
EMP-0330,2025-06,23
EMP-0330,2025-07,23
EMP-0330,2025-08,23
EMP-0330,2025-09,24
EMP-0330,2025-10,24
EMP-0330,2025-11,24
EMP-0330,2025-12,24
EMP-0331,2025-01,29
EMP-0331,2025-02,29
EMP-0331,2025-03,30
EMP-0331,2025-04,29
EMP-0331,2025-05,30
EMP-0331,2025-06,30
EMP-0331,2025-07,31
EMP-0331,2025-08,30
EMP-0331,2025-09,30
EMP-0331,2025-10,30
EMP-0331,2025-11,29
EMP-0331,2025-12,29
EMP-0332,2025-01,59
EMP-0332,2025-02,58
EMP-0332,2025-03,56
EMP-0332,2025-04,56
EMP-0332,2025-05,56
EMP-0332,2025-06,57
EMP-0332,2025-07,58
EMP-0332,2025-08,58
EMP-0332,2025-09,60
EMP-0332,2025-10,60
EMP-0332,2025-11,60
EMP-0332,2025-12,58
EMP-0333,2025-01,58
EMP-0333,2025-02,58
EMP-0333,2025-03,59
EMP-0333,2025-04,60
EMP-0333,2025-05,59
EMP-0333,2025-06,59
EMP-0333,2025-07,60
EMP-0333,2025-08,62
EMP-0333,2025-09,63
EMP-0333,2025-10,64
EMP-0333,2025-11,64
EMP-0333,2025-12,64
EMP-0334,2025-01,41
EMP-0334,2025-02,40
EMP-0334,2025-03,40
EMP-0334,2025-04,39
EMP-0334,2025-05,39
EMP-0334,2025-06,40
EMP-0334,2025-07,40
EMP-0334,2025-08,38
EMP-0334,2025-09,38
EMP-0334,2025-10,39
EMP-0334,2025-11,39
EMP-0334,2025-12,39
EMP-0335,2025-01,50
EMP-0335,2025-02,49
EMP-0335,2025-03,50
EMP-0335,2025-04,49
EMP-0335,2025-05,51
EMP-0335,2025-06,52
EMP-0335,2025-07,51
EMP-0335,2025-08,50
EMP-0335,2025-09,50
EMP-0335,2025-10,50
EMP-0335,2025-11,51
EMP-0335,2025-12,51
EMP-0336,2025-01,37
EMP-0336,2025-02,38
EMP-0336,2025-03,38
EMP-0336,2025-04,39
EMP-0336,2025-05,39
EMP-0336,2025-06,39
EMP-0336,2025-07,39
EMP-0336,2025-08,38
EMP-0336,2025-09,40
EMP-0336,2025-10,41
EMP-0336,2025-11,41
EMP-0336,2025-12,40
EMP-0337,2025-01,20
EMP-0337,2025-02,20
EMP-0337,2025-03,20
EMP-0337,2025-04,20
EMP-0337,2025-05,20
EMP-0337,2025-06,21
EMP-0337,2025-07,21
EMP-0337,2025-08,21
EMP-0337,2025-09,22
EMP-0337,2025-10,23
EMP-0337,2025-11,24
EMP-0337,2025-12,23
EMP-0338,2025-01,40
EMP-0338,2025-02,38
EMP-0338,2025-03,38
EMP-0338,2025-04,38
EMP-0338,2025-05,39
EMP-0338,2025-06,38
EMP-0338,2025-07,37
EMP-0338,2025-08,37
EMP-0338,2025-09,36
EMP-0338,2025-10,37
EMP-0338,2025-11,35
EMP-0338,2025-12,35
EMP-0339,2025-01,14
EMP-0339,2025-02,14
EMP-0339,2025-03,14
EMP-0339,2025-04,14
EMP-0339,2025-05,14
EMP-0339,2025-06,14
EMP-0339,2025-07,14
EMP-0339,2025-08,14
EMP-0339,2025-09,14
EMP-0339,2025-10,14
EMP-0339,2025-11,13
EMP-0339,2025-12,13
EMP-0340,2025-01,31
EMP-0340,2025-02,31
EMP-0340,2025-03,31
EMP-0340,2025-04,30
EMP-0340,2025-05,29
EMP-0340,2025-06,29
EMP-0340,2025-07,29
EMP-0340,2025-08,29
EMP-0340,2025-09,29
EMP-0340,2025-10,29
EMP-0340,2025-11,29
EMP-0340,2025-12,29
EMP-0341,2025-01,206
EMP-0341,2025-02,200
EMP-0341,2025-03,193
EMP-0341,2025-04,196
EMP-0341,2025-05,193
EMP-0341,2025-06,192
EMP-0341,2025-07,189
EMP-0341,2025-08,188
EMP-0341,2025-09,194
EMP-0341,2025-10,197
EMP-0341,2025-11,200
EMP-0341,2025-12,194
EMP-0342,2025-01,89
EMP-0342,2025-02,84
EMP-0342,2025-03,83
EMP-0342,2025-04,85
EMP-0342,2025-05,86
EMP-0342,2025-06,86
EMP-0342,2025-07,86
EMP-0342,2025-08,85
EMP-0342,2025-09,85
EMP-0342,2025-10,86
EMP-0342,2025-11,83
EMP-0342,2025-12,83
EMP-0343,2025-01,179
EMP-0343,2025-02,178
EMP-0343,2025-03,180
EMP-0343,2025-04,190
EMP-0343,2025-05,190
EMP-0343,2025-06,191
EMP-0343,2025-07,188
EMP-0343,2025-08,189
EMP-0343,2025-09,191
EMP-0343,2025-10,192
EMP-0343,2025-11,188
EMP-0343,2025-12,189
EMP-0344,2025-01,159
EMP-0344,2025-02,160
EMP-0344,2025-03,163
EMP-0344,2025-04,162
EMP-0344,2025-05,164
EMP-0344,2025-06,165
EMP-0344,2025-07,162
EMP-0344,2025-08,163
EMP-0344,2025-09,160
EMP-0344,2025-10,158
EMP-0344,2025-11,159
EMP-0344,2025-12,160
EMP-0345,2025-01,226
EMP-0345,2025-02,231
EMP-0345,2025-03,234
EMP-0345,2025-04,231
EMP-0345,2025-05,224
EMP-0345,2025-06,223
EMP-0345,2025-07,221
EMP-0345,2025-08,222
EMP-0345,2025-09,220
EMP-0345,2025-10,211
EMP-0345,2025-11,209
EMP-0345,2025-12,208
EMP-0346,2025-01,235
EMP-0346,2025-02,232
EMP-0346,2025-03,240
EMP-0346,2025-04,231
EMP-0346,2025-05,237
EMP-0346,2025-06,236
EMP-0346,2025-07,240
EMP-0346,2025-08,240
EMP-0346,2025-09,245
EMP-0346,2025-10,243
EMP-0346,2025-11,238
EMP-0346,2025-12,245
EMP-0347,2025-01,127
EMP-0347,2025-02,128
EMP-0347,2025-03,131
EMP-0347,2025-04,128
EMP-0347,2025-05,130
EMP-0347,2025-06,128
EMP-0347,2025-07,128
EMP-0347,2025-08,128
EMP-0347,2025-09,124
EMP-0347,2025-10,122
EMP-0347,2025-11,125
EMP-0347,2025-12,127
EMP-0348,2025-01,209
EMP-0348,2025-02,210
EMP-0348,2025-03,209
EMP-0348,2025-04,215
EMP-0348,2025-05,214
EMP-0348,2025-06,215
EMP-0348,2025-07,220
EMP-0348,2025-08,217
EMP-0348,2025-09,224
EMP-0348,2025-10,217
EMP-0348,2025-11,224
EMP-0348,2025-12,222
EMP-0349,2025-01,156
EMP-0349,2025-02,150
EMP-0349,2025-03,149
EMP-0349,2025-04,146
EMP-0349,2025-05,144
EMP-0349,2025-06,144
EMP-0349,2025-07,147
EMP-0349,2025-08,148
EMP-0349,2025-09,149
EMP-0349,2025-10,146
EMP-0349,2025-11,143
EMP-0349,2025-12,148
EMP-0350,2025-01,220
EMP-0350,2025-02,227
EMP-0350,2025-03,226
EMP-0350,2025-04,226
EMP-0350,2025-05,231
EMP-0350,2025-06,237
EMP-0350,2025-07,236
EMP-0350,2025-08,234
EMP-0350,2025-09,234
EMP-0350,2025-10,236
EMP-0350,2025-11,240
EMP-0350,2025-12,240
EMP-0351,2025-01,157
EMP-0351,2025-02,162
EMP-0351,2025-03,163
EMP-0351,2025-04,164
EMP-0351,2025-05,159
EMP-0351,2025-06,151
EMP-0351,2025-07,152
EMP-0351,2025-08,152
EMP-0351,2025-09,150
EMP-0351,2025-10,151
EMP-0351,2025-11,151
EMP-0351,2025-12,154
EMP-0352,2025-01,87
EMP-0352,2025-02,86
EMP-0352,2025-03,88
EMP-0352,2025-04,88
EMP-0352,2025-05,89
EMP-0352,2025-06,88
EMP-0352,2025-07,87
EMP-0352,2025-08,87
EMP-0352,2025-09,87
EMP-0352,2025-10,88
EMP-0352,2025-11,88
EMP-0352,2025-12,85
EMP-0353,2025-01,230
EMP-0353,2025-02,234
EMP-0353,2025-03,233
EMP-0353,2025-04,232
EMP-0353,2025-05,237
EMP-0353,2025-06,234
EMP-0353,2025-07,227
EMP-0353,2025-08,226
EMP-0353,2025-09,224
EMP-0353,2025-10,220
EMP-0353,2025-11,219
EMP-0353,2025-12,221
EMP-0354,2025-01,119
EMP-0354,2025-02,120
EMP-0354,2025-03,124
EMP-0354,2025-04,123
EMP-0354,2025-05,124
EMP-0354,2025-06,123
EMP-0354,2025-07,121
EMP-0354,2025-08,120
EMP-0354,2025-09,119
EMP-0354,2025-10,120
EMP-0354,2025-11,126
EMP-0354,2025-12,124
EMP-0355,2025-01,179
EMP-0355,2025-02,179
EMP-0355,2025-03,180
EMP-0355,2025-04,181
EMP-0355,2025-05,186
EMP-0355,2025-06,177
EMP-0355,2025-07,118
EMP-0355,2025-08,115
EMP-0355,2025-09,118
EMP-0355,2025-10,116
EMP-0355,2025-11,114
EMP-0355,2025-12,115
EMP-0356,2025-01,66
EMP-0356,2025-02,65
EMP-0356,2025-03,64
EMP-0356,2025-04,63
EMP-0356,2025-05,63
EMP-0356,2025-06,62
EMP-0356,2025-07,63
EMP-0356,2025-08,59
EMP-0356,2025-09,58
EMP-0356,2025-10,57
EMP-0356,2025-11,57
EMP-0356,2025-12,56
EMP-0357,2025-01,221
EMP-0357,2025-02,213
EMP-0357,2025-03,213
EMP-0357,2025-04,215
EMP-0357,2025-05,223
EMP-0357,2025-06,221
EMP-0357,2025-07,222
EMP-0357,2025-08,214
EMP-0357,2025-09,204
EMP-0357,2025-10,207
EMP-0357,2025-11,207
EMP-0357,2025-12,212
EMP-0358,2025-01,197
EMP-0358,2025-02,199
EMP-0358,2025-03,206
EMP-0358,2025-04,208
EMP-0358,2025-05,209
EMP-0358,2025-06,209
EMP-0358,2025-07,202
EMP-0358,2025-08,207
EMP-0358,2025-09,204
EMP-0358,2025-10,206
EMP-0358,2025-11,200
EMP-0358,2025-12,195
EMP-0359,2025-01,147
EMP-0359,2025-02,146
EMP-0359,2025-03,150
EMP-0359,2025-04,150
EMP-0359,2025-05,144
EMP-0359,2025-06,147
EMP-0359,2025-07,145
EMP-0359,2025-08,147
EMP-0359,2025-09,147
EMP-0359,2025-10,142
EMP-0359,2025-11,142
EMP-0359,2025-12,148
EMP-0360,2025-01,218
EMP-0360,2025-02,218
EMP-0360,2025-03,223
EMP-0360,2025-04,224
EMP-0360,2025-05,225
EMP-0360,2025-06,220
EMP-0360,2025-07,221
EMP-0360,2025-08,226
EMP-0360,2025-09,222
EMP-0360,2025-10,228
EMP-0360,2025-11,228
EMP-0360,2025-12,224
EMP-0361,2025-01,118
EMP-0361,2025-02,117
EMP-0361,2025-03,119
EMP-0361,2025-04,118
EMP-0361,2025-05,118
EMP-0361,2025-06,119
EMP-0361,2025-07,120
EMP-0361,2025-08,115
EMP-0361,2025-09,112
EMP-0361,2025-10,114
EMP-0361,2025-11,114
EMP-0361,2025-12,113
EMP-0362,2025-01,219
EMP-0362,2025-02,214
EMP-0362,2025-03,205
EMP-0362,2025-04,205
EMP-0362,2025-05,203
EMP-0362,2025-06,199
EMP-0362,2025-07,199
EMP-0362,2025-08,200
EMP-0362,2025-09,208
EMP-0362,2025-10,202
EMP-0362,2025-11,207
EMP-0362,2025-12,211
EMP-0363,2025-01,75
EMP-0363,2025-02,75
EMP-0363,2025-03,74
EMP-0363,2025-04,74
EMP-0363,2025-05,76
EMP-0363,2025-06,77
EMP-0363,2025-07,78
EMP-0363,2025-08,77
EMP-0363,2025-09,75
EMP-0363,2025-10,75
EMP-0363,2025-11,77
EMP-0363,2025-12,75
EMP-0364,2025-01,217
EMP-0364,2025-02,218
EMP-0364,2025-03,214
EMP-0364,2025-04,211
EMP-0364,2025-05,209
EMP-0364,2025-06,203
EMP-0364,2025-07,199
EMP-0364,2025-08,202
EMP-0364,2025-09,197
EMP-0364,2025-10,191
EMP-0364,2025-11,189
EMP-0364,2025-12,192
EMP-0365,2025-01,177
EMP-0365,2025-02,175
EMP-0365,2025-03,175
EMP-0365,2025-04,169
EMP-0365,2025-05,171
EMP-0365,2025-06,172
EMP-0365,2025-07,171
EMP-0365,2025-08,174
EMP-0365,2025-09,170
EMP-0365,2025-10,174
EMP-0365,2025-11,175
EMP-0365,2025-12,174
EMP-0366,2025-11,239
EMP-0366,2025-12,238
EMP-0367,2025-01,140
EMP-0367,2025-02,137
EMP-0367,2025-03,135
EMP-0367,2025-04,138
EMP-0367,2025-05,136
EMP-0367,2025-06,138
EMP-0367,2025-07,143
EMP-0367,2025-08,142
EMP-0367,2025-09,144
EMP-0367,2025-10,141
EMP-0367,2025-11,143
EMP-0367,2025-12,144
EMP-0368,2025-01,228
EMP-0368,2025-02,225
EMP-0368,2025-03,218
EMP-0368,2025-04,220
EMP-0368,2025-05,211
EMP-0368,2025-06,210
EMP-0368,2025-07,214
EMP-0368,2025-08,215
EMP-0368,2025-09,223
EMP-0368,2025-10,228
EMP-0368,2025-11,225
EMP-0368,2025-12,225
EMP-0369,2025-01,164
EMP-0369,2025-02,159
EMP-0369,2025-03,156
EMP-0369,2025-04,154
EMP-0369,2025-05,148
EMP-0369,2025-06,148
EMP-0369,2025-07,147
EMP-0369,2025-08,142
EMP-0369,2025-09,143
EMP-0369,2025-10,145
EMP-0369,2025-11,146
EMP-0369,2025-12,145
EMP-0370,2025-01,90
EMP-0370,2025-02,91
EMP-0370,2025-03,92
EMP-0370,2025-04,90
EMP-0370,2025-05,90
EMP-0370,2025-06,92
EMP-0370,2025-07,91
EMP-0370,2025-08,95
EMP-0370,2025-09,94
EMP-0370,2025-10,94
EMP-0370,2025-11,93
EMP-0370,2025-12,93
EMP-0371,2025-01,92
EMP-0371,2025-02,91
EMP-0371,2025-03,89
EMP-0371,2025-04,89
EMP-0371,2025-05,91
EMP-0371,2025-06,92
EMP-0371,2025-07,88
EMP-0371,2025-08,92
EMP-0371,2025-09,93
EMP-0371,2025-10,92
EMP-0371,2025-11,92
EMP-0371,2025-12,92
EMP-0372,2025-01,70
EMP-0372,2025-02,70
EMP-0372,2025-03,69
EMP-0372,2025-04,68
EMP-0372,2025-05,67
EMP-0372,2025-06,65
EMP-0372,2025-07,65
EMP-0372,2025-08,66
EMP-0372,2025-09,67
EMP-0372,2025-10,68
EMP-0372,2025-11,68
EMP-0372,2025-12,67
EMP-0373,2025-01,70
EMP-0373,2025-02,68
EMP-0373,2025-03,67
EMP-0373,2025-04,66
EMP-0373,2025-05,67
EMP-0373,2025-06,68
EMP-0373,2025-07,69
EMP-0373,2025-08,70
EMP-0373,2025-09,69
EMP-0373,2025-10,69
EMP-0373,2025-11,69
EMP-0373,2025-12,70
EMP-0374,2025-01,137
EMP-0374,2025-02,136
EMP-0374,2025-03,137
EMP-0374,2025-04,139
EMP-0374,2025-05,137
EMP-0374,2025-06,137
EMP-0374,2025-07,134
EMP-0374,2025-08,127
EMP-0374,2025-09,128
EMP-0374,2025-10,130
EMP-0374,2025-11,131
EMP-0374,2025-12,126
EMP-0375,2025-01,749
EMP-0375,2025-02,716
EMP-0375,2025-03,736
EMP-0375,2025-04,720
EMP-0375,2025-05,738
EMP-0375,2025-06,752
EMP-0375,2025-07,738
EMP-0375,2025-08,721
EMP-0375,2025-09,726
EMP-0375,2025-10,714
EMP-0375,2025-11,715
EMP-0375,2025-12,708
EMP-0376,2025-01,355
EMP-0376,2025-02,339
EMP-0376,2025-03,341
EMP-0376,2025-04,337
EMP-0376,2025-05,333
EMP-0376,2025-06,338
EMP-0376,2025-07,346
EMP-0376,2025-08,344
EMP-0376,2025-09,342
EMP-0376,2025-10,345
EMP-0376,2025-11,336
EMP-0376,2025-12,337
EMP-0377,2025-01,353
EMP-0377,2025-02,358
EMP-0377,2025-03,344
EMP-0377,2025-04,339
EMP-0377,2025-05,333
EMP-0377,2025-06,334
EMP-0377,2025-07,337
EMP-0377,2025-08,347
EMP-0377,2025-09,344
EMP-0377,2025-10,341
EMP-0377,2025-11,349
EMP-0377,2025-12,351
EMP-0378,2025-01,502
EMP-0378,2025-02,505
EMP-0378,2025-03,493
EMP-0378,2025-04,480
EMP-0378,2025-05,465
EMP-0378,2025-06,471
EMP-0378,2025-07,482
EMP-0378,2025-08,500
EMP-0378,2025-09,508
EMP-0378,2025-10,520
EMP-0378,2025-11,514
EMP-0378,2025-12,502
EMP-0379,2025-01,814
EMP-0379,2025-02,821
EMP-0379,2025-03,823
EMP-0379,2025-04,829
EMP-0379,2025-05,834
EMP-0379,2025-06,855
EMP-0379,2025-07,877
EMP-0379,2025-08,887
EMP-0379,2025-09,902
EMP-0379,2025-10,911
EMP-0379,2025-11,903
EMP-0379,2025-12,917
EMP-0380,2025-01,377
EMP-0380,2025-02,385
EMP-0380,2025-03,376
EMP-0380,2025-04,378
EMP-0380,2025-05,372
EMP-0380,2025-06,376
EMP-0380,2025-07,376
EMP-0380,2025-08,364
EMP-0380,2025-09,367
EMP-0380,2025-10,363
EMP-0380,2025-11,369
EMP-0380,2025-12,369
EMP-0381,2025-01,652
EMP-0381,2025-02,640
EMP-0381,2025-03,632
EMP-0381,2025-04,626
EMP-0381,2025-05,637
EMP-0381,2025-06,658
EMP-0381,2025-07,647
EMP-0381,2025-08,661
EMP-0381,2025-09,632
EMP-0381,2025-10,617
EMP-0381,2025-11,605
EMP-0381,2025-12,589
EMP-0382,2025-01,691
EMP-0382,2025-02,697
EMP-0382,2025-03,694
EMP-0382,2025-04,699
EMP-0382,2025-05,709
EMP-0382,2025-06,713
EMP-0382,2025-07,722
EMP-0382,2025-08,721
EMP-0382,2025-09,704
EMP-0382,2025-10,719
EMP-0382,2025-11,711
EMP-0382,2025-12,698
EMP-0383,2025-01,627
EMP-0383,2025-02,616
EMP-0383,2025-03,611
EMP-0383,2025-04,615
EMP-0383,2025-05,619
EMP-0383,2025-06,608
EMP-0383,2025-07,602
EMP-0383,2025-08,615
EMP-0383,2025-09,621
EMP-0383,2025-10,647
EMP-0383,2025-11,662
EMP-0383,2025-12,677
EMP-0384,2025-01,781
EMP-0384,2025-02,793
EMP-0384,2025-03,792
EMP-0384,2025-04,783
EMP-0384,2025-05,786
EMP-0384,2025-06,801
EMP-0384,2025-07,809
EMP-0384,2025-08,795
EMP-0384,2025-09,807
EMP-0384,2025-10,797
EMP-0384,2025-11,800
EMP-0384,2025-12,795
EMP-0385,2025-01,676
EMP-0385,2025-02,686
EMP-0385,2025-03,672
EMP-0385,2025-04,698
EMP-0385,2025-05,673
EMP-0385,2025-06,665
EMP-0385,2025-07,670
EMP-0385,2025-08,678
EMP-0385,2025-09,677
EMP-0385,2025-10,676
EMP-0385,2025-11,682
EMP-0385,2025-12,679
EMP-0386,2025-01,875
EMP-0386,2025-02,890
EMP-0386,2025-03,906
EMP-0386,2025-04,888
EMP-0386,2025-05,887
EMP-0386,2025-06,882
EMP-0386,2025-07,864
EMP-0386,2025-08,870
EMP-0386,2025-09,861
EMP-0386,2025-10,872
EMP-0386,2025-11,853
EMP-0386,2025-12,882
EMP-0387,2025-01,401
EMP-0387,2025-02,403
EMP-0387,2025-03,409
EMP-0387,2025-04,404
EMP-0387,2025-05,411
EMP-0387,2025-06,401
EMP-0387,2025-07,413
EMP-0387,2025-08,413
EMP-0387,2025-09,408
EMP-0387,2025-10,406
EMP-0387,2025-11,413
EMP-0387,2025-12,408
EMP-0388,2025-01,664
EMP-0388,2025-02,661
EMP-0388,2025-03,645
EMP-0388,2025-04,668
EMP-0388,2025-05,660
EMP-0388,2025-06,671
EMP-0388,2025-07,674
EMP-0388,2025-08,661
EMP-0388,2025-09,661
EMP-0388,2025-10,671
EMP-0388,2025-11,668
EMP-0388,2025-12,684
EMP-0389,2025-01,358
EMP-0389,2025-02,365
EMP-0389,2025-03,362
EMP-0389,2025-04,354
EMP-0389,2025-05,350
EMP-0389,2025-06,351
EMP-0389,2025-07,355
EMP-0389,2025-08,340
EMP-0389,2025-09,340
EMP-0389,2025-10,341
EMP-0389,2025-11,339
EMP-0389,2025-12,348
EMP-0390,2025-01,757
EMP-0390,2025-02,777
EMP-0390,2025-03,774
EMP-0390,2025-04,789
EMP-0390,2025-05,815
EMP-0390,2025-06,836
EMP-0390,2025-07,818
EMP-0390,2025-08,814
EMP-0390,2025-09,808
EMP-0390,2025-10,816
EMP-0390,2025-11,827
EMP-0390,2025-12,813
EMP-0391,2025-01,881
EMP-0391,2025-02,845
EMP-0391,2025-03,869
EMP-0391,2025-04,860
EMP-0391,2025-05,861
EMP-0391,2025-06,856
EMP-0391,2025-07,876
EMP-0391,2025-08,826
EMP-0391,2025-09,826
EMP-0391,2025-10,824
EMP-0391,2025-11,817
EMP-0391,2025-12,845
EMP-0392,2025-01,655
EMP-0392,2025-02,665
EMP-0392,2025-03,670
EMP-0392,2025-04,687
EMP-0392,2025-05,678
EMP-0392,2025-06,668
EMP-0392,2025-07,683
EMP-0392,2025-08,689
EMP-0392,2025-09,668
EMP-0392,2025-10,661
EMP-0392,2025-11,666
EMP-0392,2025-12,677
EMP-0393,2025-01,529
EMP-0393,2025-02,498
EMP-0393,2025-03,503
EMP-0393,2025-04,491
EMP-0393,2025-05,471
EMP-0393,2025-06,444
EMP-0393,2025-07,451
EMP-0393,2025-08,452
EMP-0393,2025-09,450
EMP-0393,2025-10,463
EMP-0393,2025-11,469
EMP-0393,2025-12,484
EMP-0394,2025-01,275
EMP-0394,2025-02,275
EMP-0394,2025-03,266
EMP-0394,2025-04,265
EMP-0394,2025-05,264
EMP-0394,2025-06,267
EMP-0394,2025-07,267
EMP-0394,2025-08,270
EMP-0394,2025-09,274
EMP-0394,2025-10,286
EMP-0394,2025-11,284
EMP-0394,2025-12,279
EMP-0395,2025-01,632
EMP-0395,2025-02,622
EMP-0395,2025-03,640
EMP-0395,2025-04,636
EMP-0395,2025-05,629
EMP-0395,2025-06,623
EMP-0395,2025-07,632
EMP-0395,2025-08,630
EMP-0395,2025-09,622
EMP-0395,2025-10,643
EMP-0395,2025-11,632
EMP-0395,2025-12,632
EMP-0396,2025-01,478
EMP-0396,2025-02,462
EMP-0396,2025-03,466
EMP-0396,2025-04,456
EMP-0396,2025-05,464
EMP-0396,2025-06,455
EMP-0396,2025-07,461
EMP-0396,2025-08,471
EMP-0396,2025-09,479
EMP-0396,2025-10,481
EMP-0396,2025-11,479
EMP-0396,2025-12,473
EMP-0397,2025-01,725
EMP-0397,2025-02,715
EMP-0397,2025-03,700
EMP-0397,2025-04,709
EMP-0397,2025-05,698
EMP-0397,2025-06,685
EMP-0397,2025-07,665
EMP-0397,2025-08,659
EMP-0397,2025-09,658
EMP-0397,2025-10,661
EMP-0397,2025-11,674
EMP-0397,2025-12,681
EMP-0398,2025-01,702
EMP-0398,2025-02,699
EMP-0398,2025-03,706
EMP-0398,2025-04,724
EMP-0398,2025-05,726
EMP-0398,2025-06,719
EMP-0398,2025-07,705
EMP-0398,2025-08,685
EMP-0398,2025-09,694
EMP-0398,2025-10,702
EMP-0398,2025-11,710
EMP-0398,2025-12,708
EMP-0399,2025-01,505
EMP-0399,2025-02,500
EMP-0399,2025-03,510
EMP-0399,2025-04,510
EMP-0399,2025-05,504
EMP-0399,2025-06,510
EMP-0399,2025-07,514
EMP-0399,2025-08,518
EMP-0399,2025-09,519
EMP-0399,2025-10,519
EMP-0399,2025-11,544
EMP-0399,2025-12,557
EMP-0400,2025-01,630
EMP-0400,2025-02,631
EMP-0400,2025-03,644
EMP-0400,2025-04,651
EMP-0400,2025-05,651
EMP-0400,2025-06,647
EMP-0400,2025-07,646
EMP-0400,2025-08,605
EMP-0400,2025-09,608
EMP-0400,2025-10,602
EMP-0400,2025-11,621
EMP-0400,2025-12,621
EMP-0401,2025-01,343
EMP-0401,2025-02,343
EMP-0401,2025-03,336
EMP-0401,2025-04,339
EMP-0401,2025-05,341
EMP-0401,2025-06,348
EMP-0401,2025-07,342
EMP-0401,2025-08,342
EMP-0401,2025-09,333
EMP-0401,2025-10,338
EMP-0401,2025-11,342
EMP-0401,2025-12,345
EMP-0402,2025-01,626
EMP-0402,2025-02,631
EMP-0402,2025-03,651
EMP-0402,2025-04,647
EMP-0402,2025-05,649
EMP-0402,2025-06,635
EMP-0402,2025-07,624
EMP-0402,2025-08,625
EMP-0402,2025-09,639
EMP-0402,2025-10,636
EMP-0402,2025-11,633
EMP-0402,2025-12,628
EMP-0403,2025-01,798
EMP-0403,2025-02,803
EMP-0403,2025-03,779
EMP-0403,2025-04,799
EMP-0403,2025-05,788
EMP-0403,2025-06,799
EMP-0403,2025-07,779
EMP-0403,2025-08,789
EMP-0403,2025-09,800
EMP-0403,2025-10,806
EMP-0403,2025-11,790
EMP-0403,2025-12,794
EMP-0404,2025-01,602
EMP-0404,2025-02,599
EMP-0404,2025-03,611
EMP-0404,2025-04,621
EMP-0404,2025-05,621
EMP-0404,2025-06,609
EMP-0404,2025-07,617
EMP-0404,2025-08,617
EMP-0404,2025-09,588
EMP-0404,2025-10,597
EMP-0404,2025-11,597
EMP-0404,2025-12,611
EMP-0405,2025-01,305
EMP-0405,2025-02,286
EMP-0405,2025-03,288
EMP-0405,2025-04,290
EMP-0405,2025-05,280
EMP-0405,2025-06,275
EMP-0405,2025-07,290
EMP-0405,2025-08,288
EMP-0405,2025-09,292
EMP-0405,2025-10,288
EMP-0405,2025-11,276
EMP-0405,2025-12,275
EMP-0406,2025-01,654
EMP-0406,2025-02,649
EMP-0406,2025-03,648
EMP-0406,2025-04,651
EMP-0406,2025-05,649
EMP-0406,2025-06,633
EMP-0406,2025-07,639
EMP-0406,2025-08,614
EMP-0406,2025-09,589
EMP-0406,2025-10,598
EMP-0406,2025-11,604
EMP-0406,2025-12,603
EMP-0407,2025-01,517
EMP-0407,2025-02,510
EMP-0407,2025-03,507
EMP-0407,2025-04,491
EMP-0407,2025-05,484
EMP-0407,2025-06,490
EMP-0407,2025-07,504
EMP-0407,2025-08,500
EMP-0407,2025-09,508
EMP-0407,2025-10,489
EMP-0407,2025-11,495
EMP-0407,2025-12,487
EMP-0408,2025-01,447
EMP-0408,2025-02,445
EMP-0408,2025-03,457
EMP-0408,2025-04,449
EMP-0408,2025-05,455
EMP-0408,2025-06,452
EMP-0408,2025-07,451
EMP-0408,2025-08,449
EMP-0408,2025-09,441
EMP-0408,2025-10,441
EMP-0408,2025-11,440
EMP-0408,2025-12,442
EMP-0409,2025-01,22
EMP-0409,2025-02,22
EMP-0409,2025-03,22
EMP-0409,2025-04,22
EMP-0409,2025-05,22
EMP-0409,2025-06,21
EMP-0409,2025-07,21
EMP-0409,2025-08,21
EMP-0409,2025-09,20
EMP-0409,2025-10,20
EMP-0409,2025-11,20
EMP-0409,2025-12,20
EMP-0410,2025-01,45
EMP-0410,2025-02,44
EMP-0410,2025-03,43
EMP-0410,2025-04,43
EMP-0410,2025-05,44
EMP-0410,2025-06,44
EMP-0410,2025-07,45
EMP-0410,2025-08,45
EMP-0410,2025-09,43
EMP-0410,2025-10,43
EMP-0410,2025-11,43
EMP-0410,2025-12,43
EMP-0411,2025-01,19
EMP-0411,2025-02,20
EMP-0411,2025-03,20
EMP-0411,2025-04,20
EMP-0411,2025-05,20
EMP-0411,2025-06,21
EMP-0411,2025-07,21
EMP-0411,2025-08,21
EMP-0411,2025-09,21
EMP-0411,2025-10,21
EMP-0411,2025-11,21
EMP-0411,2025-12,21
EMP-0412,2025-01,56
EMP-0412,2025-02,54
EMP-0412,2025-03,54
EMP-0412,2025-04,52
EMP-0412,2025-05,52
EMP-0412,2025-06,52
EMP-0412,2025-07,52
EMP-0412,2025-08,51
EMP-0412,2025-09,54
EMP-0412,2025-10,55
EMP-0412,2025-11,54
EMP-0412,2025-12,54
EMP-0413,2025-01,28
EMP-0413,2025-02,27
EMP-0413,2025-03,26
EMP-0413,2025-04,26
EMP-0413,2025-05,26
EMP-0413,2025-06,27
EMP-0413,2025-07,28
EMP-0413,2025-08,29
EMP-0413,2025-09,29
EMP-0413,2025-10,29
EMP-0413,2025-11,29
EMP-0413,2025-12,29
EMP-0414,2025-01,55
EMP-0414,2025-02,57
EMP-0414,2025-03,57
EMP-0414,2025-04,58
EMP-0414,2025-05,57
EMP-0414,2025-06,56
EMP-0414,2025-07,55
EMP-0414,2025-08,55
EMP-0414,2025-09,54
EMP-0414,2025-10,54
EMP-0414,2025-11,52
EMP-0414,2025-12,51
EMP-0415,2025-01,56
EMP-0415,2025-02,57
EMP-0415,2025-03,57
EMP-0415,2025-04,56
EMP-0415,2025-05,55
EMP-0415,2025-06,55
EMP-0415,2025-07,56
EMP-0415,2025-08,28
EMP-0415,2025-09,28
EMP-0415,2025-10,28
EMP-0415,2025-11,28
EMP-0415,2025-12,29
EMP-0416,2025-01,52
EMP-0416,2025-02,53
EMP-0416,2025-03,54
EMP-0416,2025-04,54
EMP-0416,2025-05,53
EMP-0416,2025-06,53
EMP-0416,2025-07,54
EMP-0416,2025-08,54
EMP-0416,2025-09,55
EMP-0416,2025-10,56
EMP-0416,2025-11,58
EMP-0416,2025-12,58
EMP-0417,2025-01,16
EMP-0417,2025-02,16
EMP-0417,2025-03,16
EMP-0417,2025-04,16
EMP-0417,2025-05,16
EMP-0417,2025-06,16
EMP-0417,2025-07,16
EMP-0417,2025-08,16
EMP-0417,2025-09,16
EMP-0417,2025-10,15
EMP-0417,2025-11,15
EMP-0417,2025-12,15
EMP-0418,2025-01,18
EMP-0418,2025-02,18
EMP-0418,2025-03,18
EMP-0418,2025-04,18
EMP-0418,2025-05,18
EMP-0418,2025-06,17
EMP-0418,2025-07,17
EMP-0418,2025-08,17
EMP-0418,2025-09,17
EMP-0418,2025-10,17
EMP-0418,2025-11,18
EMP-0418,2025-12,18
EMP-0419,2025-01,35
EMP-0419,2025-02,34
EMP-0419,2025-03,34
EMP-0419,2025-04,34
EMP-0419,2025-05,34
EMP-0419,2025-06,18
EMP-0419,2025-07,18
EMP-0419,2025-08,18
EMP-0419,2025-09,18
EMP-0419,2025-10,18
EMP-0419,2025-11,18
EMP-0419,2025-12,18
EMP-0420,2025-01,30
EMP-0420,2025-02,30
EMP-0420,2025-03,30
EMP-0420,2025-04,29
EMP-0420,2025-05,29
EMP-0420,2025-06,29
EMP-0420,2025-07,29
EMP-0420,2025-08,29
EMP-0420,2025-09,28
EMP-0420,2025-10,29
EMP-0420,2025-11,29
EMP-0420,2025-12,30
EMP-0421,2025-01,24
EMP-0421,2025-02,24
EMP-0421,2025-03,24
EMP-0421,2025-04,23
EMP-0421,2025-05,22
EMP-0421,2025-06,21
EMP-0421,2025-07,22
EMP-0421,2025-08,22
EMP-0421,2025-09,22
EMP-0421,2025-10,21
EMP-0421,2025-11,20
EMP-0421,2025-12,20
EMP-0422,2025-01,51
EMP-0422,2025-02,51
EMP-0422,2025-03,52
EMP-0422,2025-04,54
EMP-0422,2025-05,54
EMP-0422,2025-06,54
EMP-0422,2025-07,54
EMP-0422,2025-08,57
EMP-0422,2025-09,55
EMP-0422,2025-10,56
EMP-0422,2025-11,56
EMP-0422,2025-12,57
EMP-0423,2025-01,28
EMP-0423,2025-02,28
EMP-0423,2025-03,28
EMP-0423,2025-04,30
EMP-0423,2025-05,30
EMP-0423,2025-06,29
EMP-0423,2025-07,29
EMP-0423,2025-08,29
EMP-0423,2025-09,28
EMP-0423,2025-10,28
EMP-0423,2025-11,28
EMP-0423,2025-12,27
EMP-0424,2025-01,19
EMP-0424,2025-02,19
EMP-0424,2025-03,19
EMP-0424,2025-04,19
EMP-0424,2025-05,20
EMP-0424,2025-06,20
EMP-0424,2025-07,20
EMP-0424,2025-08,20
EMP-0424,2025-09,20
EMP-0424,2025-10,20
EMP-0424,2025-11,19
EMP-0424,2025-12,20
EMP-0425,2025-01,50
EMP-0425,2025-02,50
EMP-0425,2025-03,50
EMP-0425,2025-04,49
EMP-0425,2025-05,49
EMP-0425,2025-06,47
EMP-0425,2025-07,49
EMP-0425,2025-08,48
EMP-0425,2025-09,47
EMP-0425,2025-10,47
EMP-0425,2025-11,48
EMP-0425,2025-12,48
EMP-0426,2025-01,27
EMP-0426,2025-02,28
EMP-0426,2025-03,28
EMP-0426,2025-04,28
EMP-0426,2025-05,28
EMP-0426,2025-06,29
EMP-0426,2025-07,30
EMP-0426,2025-08,30
EMP-0426,2025-09,31
EMP-0426,2025-10,31
EMP-0426,2025-11,31
EMP-0426,2025-12,30
EMP-0427,2025-01,52
EMP-0427,2025-02,51
EMP-0427,2025-03,52
EMP-0427,2025-04,53
EMP-0427,2025-05,51
EMP-0427,2025-06,51
EMP-0427,2025-07,52
EMP-0427,2025-08,52
EMP-0427,2025-09,53
EMP-0427,2025-10,53
EMP-0427,2025-11,53
EMP-0427,2025-12,53
EMP-0428,2025-01,27
EMP-0428,2025-02,26
EMP-0428,2025-03,26
EMP-0428,2025-04,26
EMP-0428,2025-05,26
EMP-0428,2025-06,26
EMP-0428,2025-07,26
EMP-0428,2025-08,27
EMP-0428,2025-09,27
EMP-0428,2025-10,26
EMP-0428,2025-11,26
EMP-0428,2025-12,26
EMP-0429,2025-01,29
EMP-0429,2025-02,30
EMP-0429,2025-03,30
EMP-0429,2025-04,30
EMP-0429,2025-05,29
EMP-0429,2025-06,29
EMP-0429,2025-07,29
EMP-0429,2025-08,28
EMP-0429,2025-09,28
EMP-0429,2025-10,28
EMP-0429,2025-11,28
EMP-0429,2025-12,29
EMP-0430,2025-01,36
EMP-0430,2025-02,37
EMP-0430,2025-03,36
EMP-0430,2025-04,36
EMP-0430,2025-05,36
EMP-0430,2025-06,35
EMP-0430,2025-07,36
EMP-0430,2025-08,38
EMP-0430,2025-09,38
EMP-0430,2025-10,38
EMP-0430,2025-11,38
EMP-0430,2025-12,37
EMP-0431,2025-01,23
EMP-0431,2025-02,23
EMP-0431,2025-03,22
EMP-0431,2025-04,23
EMP-0431,2025-05,23
EMP-0431,2025-06,23
EMP-0431,2025-07,23
EMP-0431,2025-08,22
EMP-0431,2025-09,22
EMP-0431,2025-10,22
EMP-0431,2025-11,22
EMP-0431,2025-12,22
EMP-0432,2025-01,53
EMP-0432,2025-02,53
EMP-0432,2025-03,53
EMP-0432,2025-04,53
EMP-0432,2025-05,52
EMP-0432,2025-06,52
EMP-0432,2025-07,51
EMP-0432,2025-08,51
EMP-0432,2025-09,51
EMP-0432,2025-10,54
EMP-0432,2025-11,54
EMP-0432,2025-12,52
EMP-0433,2025-01,15
EMP-0433,2025-02,15
EMP-0433,2025-03,16
EMP-0433,2025-04,16
EMP-0433,2025-05,15
EMP-0433,2025-06,15
EMP-0433,2025-07,15
EMP-0433,2025-08,15
EMP-0433,2025-09,15
EMP-0433,2025-10,15
EMP-0433,2025-11,15
EMP-0433,2025-12,15
EMP-0434,2025-01,32
EMP-0434,2025-02,32
EMP-0434,2025-03,32
EMP-0434,2025-04,32
EMP-0434,2025-05,32
EMP-0434,2025-06,33
EMP-0434,2025-07,33
EMP-0434,2025-08,33
EMP-0434,2025-09,32
EMP-0434,2025-10,32
EMP-0434,2025-11,32
EMP-0434,2025-12,32
EMP-0435,2025-01,24
EMP-0435,2025-02,24
EMP-0435,2025-03,24
EMP-0435,2025-04,24
EMP-0435,2025-05,24
EMP-0435,2025-06,24
EMP-0435,2025-07,24
EMP-0435,2025-08,24
EMP-0435,2025-09,24
EMP-0435,2025-10,24
EMP-0435,2025-11,24
EMP-0435,2025-12,24
EMP-0436,2025-01,24
EMP-0436,2025-02,24
EMP-0436,2025-03,24
EMP-0436,2025-04,24
EMP-0436,2025-05,24
EMP-0436,2025-06,24
EMP-0436,2025-07,11
EMP-0436,2025-08,11
EMP-0436,2025-09,11
EMP-0436,2025-10,11
EMP-0436,2025-11,11
EMP-0436,2025-12,12
EMP-0437,2025-01,49
EMP-0437,2025-02,49
EMP-0437,2025-03,50
EMP-0437,2025-04,51
EMP-0437,2025-05,50
EMP-0437,2025-06,50
EMP-0437,2025-07,49
EMP-0437,2025-08,30
EMP-0437,2025-09,30
EMP-0437,2025-10,30
EMP-0437,2025-11,31
EMP-0437,2025-12,30
EMP-0438,2025-01,31
EMP-0438,2025-02,32
EMP-0438,2025-03,31
EMP-0438,2025-04,30
EMP-0438,2025-05,30
EMP-0438,2025-06,30
EMP-0438,2025-07,30
EMP-0438,2025-08,30
EMP-0438,2025-09,30
EMP-0438,2025-10,30
EMP-0438,2025-11,31
EMP-0438,2025-12,30
EMP-0439,2025-01,26
EMP-0439,2025-02,26
EMP-0439,2025-03,26
EMP-0439,2025-04,27
EMP-0439,2025-05,27
EMP-0439,2025-06,27
EMP-0439,2025-07,27
EMP-0439,2025-08,27
EMP-0439,2025-09,26
EMP-0439,2025-10,26
EMP-0439,2025-11,27
EMP-0439,2025-12,27
EMP-0440,2025-01,22
EMP-0440,2025-02,22
EMP-0440,2025-03,22
EMP-0440,2025-04,22
EMP-0440,2025-05,22
EMP-0440,2025-06,12
EMP-0440,2025-07,12
EMP-0440,2025-08,12
EMP-0440,2025-09,12
EMP-0440,2025-10,12
EMP-0440,2025-11,12
EMP-0440,2025-12,12
EMP-0441,2025-01,57
EMP-0441,2025-02,56
EMP-0441,2025-03,56
EMP-0441,2025-04,56
EMP-0441,2025-05,56
EMP-0441,2025-06,57
EMP-0441,2025-07,57
EMP-0441,2025-08,56
EMP-0441,2025-09,55
EMP-0441,2025-10,54
EMP-0441,2025-11,56
EMP-0441,2025-12,56
EMP-0442,2025-01,16
EMP-0442,2025-02,16
EMP-0442,2025-03,17
EMP-0442,2025-04,17
EMP-0442,2025-05,17
EMP-0442,2025-06,17
EMP-0442,2025-07,17
EMP-0442,2025-08,17
EMP-0442,2025-09,18
EMP-0442,2025-10,18
EMP-0442,2025-11,18
EMP-0442,2025-12,18
EMP-0443,2025-01,94
EMP-0443,2025-02,98
EMP-0443,2025-03,95
EMP-0443,2025-04,97
EMP-0443,2025-05,97
EMP-0443,2025-06,99
EMP-0443,2025-07,99
EMP-0443,2025-08,97
EMP-0443,2025-09,98
EMP-0443,2025-10,99
EMP-0443,2025-11,101
EMP-0443,2025-12,101
EMP-0444,2025-01,62
EMP-0444,2025-02,60
EMP-0444,2025-03,61
EMP-0444,2025-04,62
EMP-0444,2025-05,61
EMP-0444,2025-06,60
EMP-0444,2025-07,59
EMP-0444,2025-08,57
EMP-0444,2025-09,56
EMP-0444,2025-10,55
EMP-0444,2025-11,55
EMP-0444,2025-12,54
EMP-0445,2025-01,146
EMP-0445,2025-02,152
EMP-0445,2025-03,156
EMP-0445,2025-04,154
EMP-0445,2025-05,155
EMP-0445,2025-06,156
EMP-0445,2025-07,160
EMP-0445,2025-08,157
EMP-0445,2025-09,160
EMP-0445,2025-10,158
EMP-0445,2025-11,154
EMP-0445,2025-12,156
EMP-0446,2025-01,123
EMP-0446,2025-02,129
EMP-0446,2025-03,126
EMP-0446,2025-04,128
EMP-0446,2025-05,127
EMP-0446,2025-06,129
EMP-0446,2025-07,125
EMP-0446,2025-08,122
EMP-0446,2025-09,120
EMP-0446,2025-10,120
EMP-0446,2025-11,118
EMP-0446,2025-12,120
EMP-0447,2025-01,214
EMP-0447,2025-02,217
EMP-0447,2025-03,224
EMP-0447,2025-04,226
EMP-0447,2025-05,220
EMP-0447,2025-06,226
EMP-0447,2025-07,223
EMP-0447,2025-08,227
EMP-0447,2025-09,234
EMP-0447,2025-10,236
EMP-0447,2025-11,229
EMP-0447,2025-12,225
EMP-0448,2025-01,146
EMP-0448,2025-02,146
EMP-0448,2025-03,146
EMP-0448,2025-04,148
EMP-0448,2025-05,150
EMP-0448,2025-06,151
EMP-0448,2025-07,150
EMP-0448,2025-08,149
EMP-0448,2025-09,152
EMP-0448,2025-10,154
EMP-0448,2025-11,153
EMP-0448,2025-12,156
EMP-0449,2025-01,64
EMP-0449,2025-02,63
EMP-0449,2025-03,62
EMP-0449,2025-04,61
EMP-0449,2025-05,61
EMP-0449,2025-06,63
EMP-0449,2025-07,62
EMP-0449,2025-08,62
EMP-0449,2025-09,61
EMP-0449,2025-10,61
EMP-0449,2025-11,59
EMP-0449,2025-12,59
EMP-0450,2025-01,104
EMP-0450,2025-02,105
EMP-0450,2025-03,105
EMP-0450,2025-04,102
EMP-0450,2025-05,104
EMP-0450,2025-06,104
EMP-0450,2025-07,104
EMP-0450,2025-08,104
EMP-0450,2025-09,103
EMP-0450,2025-10,103
EMP-0450,2025-11,104
EMP-0450,2025-12,100
EMP-0451,2025-01,126
EMP-0451,2025-02,125
EMP-0451,2025-03,126
EMP-0451,2025-04,129
EMP-0451,2025-05,127
EMP-0451,2025-06,126
EMP-0451,2025-07,125
EMP-0451,2025-08,123
EMP-0451,2025-09,58
EMP-0451,2025-10,56
EMP-0451,2025-11,55
EMP-0451,2025-12,55
EMP-0452,2025-01,71
EMP-0452,2025-02,70
EMP-0452,2025-03,70
EMP-0452,2025-04,72
EMP-0452,2025-05,72
EMP-0452,2025-06,69
EMP-0452,2025-07,66
EMP-0452,2025-08,66
EMP-0452,2025-09,67
EMP-0452,2025-10,68
EMP-0452,2025-11,68
EMP-0452,2025-12,70
EMP-0453,2025-01,91
EMP-0453,2025-02,93
EMP-0453,2025-03,90
EMP-0453,2025-04,88
EMP-0453,2025-05,85
EMP-0453,2025-06,85
EMP-0453,2025-07,85
EMP-0453,2025-08,85
EMP-0453,2025-09,85
EMP-0453,2025-10,83
EMP-0453,2025-11,83
EMP-0453,2025-12,81
EMP-0454,2025-01,256
EMP-0454,2025-02,254
EMP-0454,2025-03,252
EMP-0454,2025-04,260
EMP-0454,2025-05,254
EMP-0454,2025-06,248
EMP-0454,2025-07,243
EMP-0454,2025-08,243
EMP-0454,2025-09,245
EMP-0454,2025-10,249
EMP-0454,2025-11,262
EMP-0454,2025-12,250
EMP-0455,2025-01,169
EMP-0455,2025-02,167
EMP-0455,2025-03,165
EMP-0455,2025-04,163
EMP-0455,2025-05,160
EMP-0455,2025-06,165
EMP-0455,2025-07,168
EMP-0455,2025-08,168
EMP-0455,2025-09,173
EMP-0455,2025-10,168
EMP-0455,2025-11,164
EMP-0455,2025-12,157
EMP-0456,2025-01,191
EMP-0456,2025-02,192
EMP-0456,2025-03,192
EMP-0456,2025-04,193
EMP-0456,2025-05,188
EMP-0456,2025-06,191
EMP-0456,2025-07,192
EMP-0456,2025-08,195
EMP-0456,2025-09,188
EMP-0456,2025-10,189
EMP-0456,2025-11,185
EMP-0456,2025-12,184
EMP-0457,2025-01,90
EMP-0457,2025-02,90
EMP-0457,2025-03,88
EMP-0457,2025-04,88
EMP-0457,2025-05,85
EMP-0457,2025-06,87
EMP-0457,2025-07,87
EMP-0457,2025-08,89
EMP-0457,2025-09,88
EMP-0457,2025-10,87
EMP-0457,2025-11,86
EMP-0457,2025-12,88
EMP-0458,2025-01,246
EMP-0458,2025-02,249
EMP-0458,2025-03,247
EMP-0458,2025-04,237
EMP-0458,2025-05,234
EMP-0458,2025-06,228
EMP-0458,2025-07,228
EMP-0458,2025-08,223
EMP-0458,2025-09,227
EMP-0458,2025-10,227
EMP-0458,2025-11,226
EMP-0458,2025-12,229
EMP-0459,2025-01,77
EMP-0459,2025-02,77
EMP-0459,2025-03,76
EMP-0459,2025-04,73
EMP-0459,2025-05,72
EMP-0459,2025-06,71
EMP-0459,2025-07,71
EMP-0459,2025-08,71
EMP-0459,2025-09,72
EMP-0459,2025-10,71
EMP-0459,2025-11,71
EMP-0459,2025-12,73
EMP-0460,2025-01,182
EMP-0460,2025-02,182
EMP-0460,2025-03,180
EMP-0460,2025-04,178
EMP-0460,2025-05,175
EMP-0460,2025-06,173
EMP-0460,2025-07,176
EMP-0460,2025-08,175
EMP-0460,2025-09,170
EMP-0460,2025-10,176
EMP-0460,2025-11,177
EMP-0460,2025-12,172
EMP-0461,2025-01,172
EMP-0461,2025-02,172
EMP-0461,2025-03,178
EMP-0461,2025-04,174
EMP-0461,2025-05,177
EMP-0461,2025-06,182
EMP-0461,2025-07,180
EMP-0461,2025-08,179
EMP-0461,2025-09,175
EMP-0461,2025-10,174
EMP-0461,2025-11,174
EMP-0461,2025-12,176
EMP-0462,2025-01,155
EMP-0462,2025-02,153
EMP-0462,2025-03,147
EMP-0462,2025-04,147
EMP-0462,2025-05,148
EMP-0462,2025-06,149
EMP-0462,2025-07,148
EMP-0462,2025-08,148
EMP-0462,2025-09,152
EMP-0462,2025-10,153
EMP-0462,2025-11,152
EMP-0462,2025-12,150
EMP-0463,2025-01,190
EMP-0463,2025-02,196
EMP-0463,2025-03,195
EMP-0463,2025-04,195
EMP-0463,2025-05,193
EMP-0463,2025-06,197
EMP-0463,2025-07,205
EMP-0463,2025-08,207
EMP-0463,2025-09,207
EMP-0463,2025-10,207
EMP-0463,2025-11,197
EMP-0463,2025-12,200
EMP-0464,2025-01,212
EMP-0464,2025-02,214
EMP-0464,2025-03,211
EMP-0464,2025-04,209
EMP-0464,2025-05,207
EMP-0464,2025-06,211
EMP-0464,2025-07,209
EMP-0464,2025-08,218
EMP-0464,2025-09,220
EMP-0464,2025-10,214
EMP-0464,2025-11,213
EMP-0464,2025-12,210
EMP-0465,2025-01,83
EMP-0465,2025-02,86
EMP-0465,2025-03,87
EMP-0465,2025-04,88
EMP-0465,2025-05,88
EMP-0465,2025-06,86
EMP-0465,2025-07,85
EMP-0465,2025-08,86
EMP-0465,2025-09,84
EMP-0465,2025-10,80
EMP-0465,2025-11,80
EMP-0465,2025-12,80
EMP-0466,2025-01,175
EMP-0466,2025-02,178
EMP-0466,2025-03,180
EMP-0466,2025-04,181
EMP-0466,2025-05,185
EMP-0466,2025-06,179
EMP-0466,2025-07,181
EMP-0466,2025-08,183
EMP-0466,2025-09,178
EMP-0466,2025-10,173
EMP-0466,2025-11,170
EMP-0466,2025-12,168
EMP-0467,2025-01,191
EMP-0467,2025-02,189
EMP-0467,2025-03,186
EMP-0467,2025-04,184
EMP-0467,2025-05,188
EMP-0467,2025-06,188
EMP-0467,2025-07,187
EMP-0467,2025-08,187
EMP-0467,2025-09,192
EMP-0467,2025-10,189
EMP-0467,2025-11,194
EMP-0467,2025-12,195
EMP-0468,2025-01,116
EMP-0468,2025-02,122
EMP-0468,2025-03,119
EMP-0468,2025-04,118
EMP-0468,2025-05,115
EMP-0468,2025-06,117
EMP-0468,2025-07,121
EMP-0468,2025-08,125
EMP-0468,2025-09,128
EMP-0468,2025-10,127
EMP-0468,2025-11,126
EMP-0468,2025-12,122
EMP-0469,2025-01,226
EMP-0469,2025-02,228
EMP-0469,2025-03,226
EMP-0469,2025-04,232
EMP-0469,2025-05,227
EMP-0469,2025-06,229
EMP-0469,2025-07,228
EMP-0469,2025-08,231
EMP-0469,2025-09,231
EMP-0469,2025-10,224
EMP-0469,2025-11,224
EMP-0469,2025-12,229
EMP-0470,2025-01,71
EMP-0470,2025-02,72
EMP-0470,2025-03,70
EMP-0470,2025-04,70
EMP-0470,2025-05,69
EMP-0470,2025-06,70
EMP-0470,2025-07,70
EMP-0470,2025-08,71
EMP-0470,2025-09,73
EMP-0470,2025-10,74
EMP-0470,2025-11,74
EMP-0470,2025-12,73
EMP-0471,2025-01,246
EMP-0471,2025-02,243
EMP-0471,2025-03,241
EMP-0471,2025-04,239
EMP-0471,2025-05,234
EMP-0471,2025-06,225
EMP-0471,2025-07,222
EMP-0471,2025-08,223
EMP-0471,2025-09,217
EMP-0471,2025-10,217
EMP-0471,2025-11,225
EMP-0471,2025-12,230
EMP-0472,2025-01,235
EMP-0472,2025-02,237
EMP-0472,2025-03,243
EMP-0472,2025-04,239
EMP-0472,2025-05,236
EMP-0472,2025-06,223
EMP-0472,2025-07,228
EMP-0472,2025-08,235
EMP-0472,2025-09,232
EMP-0472,2025-10,231
EMP-0472,2025-11,228
EMP-0472,2025-12,230
EMP-0473,2025-01,197
EMP-0473,2025-02,190
EMP-0473,2025-03,192
EMP-0473,2025-04,191
EMP-0473,2025-05,191
EMP-0473,2025-06,193
EMP-0473,2025-07,192
EMP-0473,2025-08,192
EMP-0473,2025-09,191
EMP-0473,2025-10,195
EMP-0473,2025-11,197
EMP-0473,2025-12,198
EMP-0474,2025-01,134
EMP-0474,2025-02,133
EMP-0474,2025-03,135
EMP-0474,2025-04,135
EMP-0474,2025-05,137
EMP-0474,2025-06,142
EMP-0474,2025-07,145
EMP-0474,2025-08,145
EMP-0474,2025-09,144
EMP-0474,2025-10,137
EMP-0474,2025-11,137
EMP-0474,2025-12,136
EMP-0475,2025-01,178
EMP-0475,2025-02,177
EMP-0475,2025-03,176
EMP-0475,2025-04,170
EMP-0475,2025-05,167
EMP-0475,2025-06,169
EMP-0475,2025-07,175
EMP-0475,2025-08,175
EMP-0475,2025-09,176
EMP-0475,2025-10,179
EMP-0475,2025-11,176
EMP-0475,2025-12,177
EMP-0476,2025-01,221
EMP-0476,2025-02,225
EMP-0476,2025-03,226
EMP-0476,2025-04,227
EMP-0476,2025-05,223
EMP-0476,2025-06,226
EMP-0476,2025-07,235
EMP-0476,2025-08,230
EMP-0476,2025-09,228
EMP-0476,2025-10,229
EMP-0476,2025-11,233
EMP-0476,2025-12,230
EMP-0477,2025-01,265
EMP-0477,2025-02,272
EMP-0477,2025-03,276
EMP-0477,2025-04,266
EMP-0477,2025-05,263
EMP-0477,2025-06,271
EMP-0477,2025-07,279
EMP-0477,2025-08,284
EMP-0477,2025-09,283
EMP-0477,2025-10,283
EMP-0477,2025-11,282
EMP-0477,2025-12,288
EMP-0478,2025-01,307
EMP-0478,2025-02,302
EMP-0478,2025-03,308
EMP-0478,2025-04,308
EMP-0478,2025-05,316
EMP-0478,2025-06,168
EMP-0478,2025-07,169
EMP-0478,2025-08,166
EMP-0478,2025-09,168
EMP-0478,2025-10,157
EMP-0478,2025-11,169
EMP-0478,2025-12,165
EMP-0479,2025-01,750
EMP-0479,2025-02,761
EMP-0479,2025-03,735
EMP-0479,2025-04,755
EMP-0479,2025-05,793
EMP-0479,2025-06,794
EMP-0479,2025-07,784
EMP-0479,2025-08,828
EMP-0479,2025-09,806
EMP-0479,2025-10,806
EMP-0479,2025-11,809
EMP-0479,2025-12,831
EMP-0480,2025-01,666
EMP-0480,2025-02,659
EMP-0480,2025-03,646
EMP-0480,2025-04,642
EMP-0480,2025-05,629
EMP-0480,2025-06,630
EMP-0480,2025-07,623
EMP-0480,2025-08,604
EMP-0480,2025-09,619
EMP-0480,2025-10,613
EMP-0480,2025-11,597
EMP-0480,2025-12,595
EMP-0481,2025-01,687
EMP-0481,2025-02,663
EMP-0481,2025-03,667
EMP-0481,2025-04,653
EMP-0481,2025-05,675
EMP-0481,2025-06,682
EMP-0481,2025-07,677
EMP-0481,2025-08,667
EMP-0481,2025-09,666
EMP-0481,2025-10,674
EMP-0481,2025-11,674
EMP-0481,2025-12,671
EMP-0482,2025-01,360
EMP-0482,2025-02,356
EMP-0482,2025-03,354
EMP-0482,2025-04,339
EMP-0482,2025-05,346
EMP-0482,2025-06,348
EMP-0482,2025-07,343
EMP-0482,2025-08,356
EMP-0482,2025-09,357
EMP-0482,2025-10,350
EMP-0482,2025-11,356
EMP-0482,2025-12,359
EMP-0483,2025-01,758
EMP-0483,2025-02,752
EMP-0483,2025-03,759
EMP-0483,2025-04,755
EMP-0483,2025-05,763
EMP-0483,2025-06,734
EMP-0483,2025-07,728
EMP-0483,2025-08,753
EMP-0483,2025-09,741
EMP-0483,2025-10,732
EMP-0483,2025-11,725
EMP-0483,2025-12,707
EMP-0484,2025-01,673
EMP-0484,2025-02,670
EMP-0484,2025-03,672
EMP-0484,2025-04,671
EMP-0484,2025-05,669
EMP-0484,2025-06,670
EMP-0484,2025-07,684
EMP-0484,2025-08,681
EMP-0484,2025-09,673
EMP-0484,2025-10,669
EMP-0484,2025-11,677
EMP-0484,2025-12,696
EMP-0485,2025-01,321
EMP-0485,2025-02,322
EMP-0485,2025-03,324
EMP-0485,2025-04,318
EMP-0485,2025-05,318
EMP-0485,2025-06,309
EMP-0485,2025-07,298
EMP-0485,2025-08,300
EMP-0485,2025-09,298
EMP-0485,2025-10,299
EMP-0485,2025-11,299
EMP-0485,2025-12,293
EMP-0486,2025-01,332
EMP-0486,2025-02,324
EMP-0486,2025-03,333
EMP-0486,2025-04,324
EMP-0486,2025-05,323
EMP-0486,2025-06,316
EMP-0486,2025-07,320
EMP-0486,2025-08,318
EMP-0486,2025-09,315
EMP-0486,2025-10,320
EMP-0486,2025-11,320
EMP-0486,2025-12,323
EMP-0487,2025-01,568
EMP-0487,2025-02,552
EMP-0487,2025-03,553
EMP-0487,2025-04,549
EMP-0487,2025-05,556
EMP-0487,2025-06,555
EMP-0487,2025-07,557
EMP-0487,2025-08,539
EMP-0487,2025-09,559
EMP-0487,2025-10,557
EMP-0487,2025-11,565
EMP-0487,2025-12,556
EMP-0488,2025-01,877
EMP-0488,2025-02,854
EMP-0488,2025-03,862
EMP-0488,2025-04,856
EMP-0488,2025-05,856
EMP-0488,2025-06,868
EMP-0488,2025-07,847
EMP-0488,2025-08,835
EMP-0488,2025-09,843
EMP-0488,2025-10,878
EMP-0488,2025-11,876
EMP-0488,2025-12,886
EMP-0489,2025-01,400
EMP-0489,2025-02,416
EMP-0489,2025-03,401
EMP-0489,2025-04,402
EMP-0489,2025-05,389
EMP-0489,2025-06,369
EMP-0489,2025-07,371
EMP-0489,2025-08,372
EMP-0489,2025-09,370
EMP-0489,2025-10,369
EMP-0489,2025-11,392
EMP-0489,2025-12,390
EMP-0490,2025-01,320
EMP-0490,2025-02,316
EMP-0490,2025-03,318
EMP-0490,2025-04,316
EMP-0490,2025-05,313
EMP-0490,2025-06,324
EMP-0490,2025-07,332
EMP-0490,2025-08,333
EMP-0490,2025-09,318
EMP-0490,2025-10,316
EMP-0490,2025-11,333
EMP-0490,2025-12,331
EMP-0491,2025-01,387
EMP-0491,2025-02,398
EMP-0491,2025-03,400
EMP-0491,2025-04,393
EMP-0491,2025-05,374
EMP-0491,2025-06,379
EMP-0491,2025-07,373
EMP-0491,2025-08,374
EMP-0491,2025-09,365
EMP-0491,2025-10,363
EMP-0491,2025-11,363
EMP-0491,2025-12,365
EMP-0492,2025-01,519
EMP-0492,2025-02,531
EMP-0492,2025-03,525
EMP-0492,2025-04,507
EMP-0492,2025-05,506
EMP-0492,2025-06,261
EMP-0492,2025-07,254
EMP-0492,2025-08,263
EMP-0492,2025-09,267
EMP-0492,2025-10,260
EMP-0492,2025-11,256
EMP-0492,2025-12,262
EMP-0493,2025-01,892
EMP-0493,2025-02,885
EMP-0493,2025-03,851
EMP-0493,2025-04,876
EMP-0493,2025-05,854
EMP-0493,2025-06,844
EMP-0493,2025-07,850
EMP-0493,2025-08,830
EMP-0493,2025-09,805
EMP-0493,2025-10,771
EMP-0493,2025-11,782
EMP-0493,2025-12,773
EMP-0494,2025-01,951
EMP-0494,2025-02,932
EMP-0494,2025-03,915
EMP-0494,2025-04,905
EMP-0494,2025-05,909
EMP-0494,2025-06,900
EMP-0494,2025-07,911
EMP-0494,2025-08,893
EMP-0494,2025-09,868
EMP-0494,2025-10,837
EMP-0494,2025-11,800
EMP-0494,2025-12,792
EMP-0495,2025-01,844
EMP-0495,2025-02,833
EMP-0495,2025-03,854
EMP-0495,2025-04,875
EMP-0495,2025-05,869
EMP-0495,2025-06,838
EMP-0495,2025-07,829
EMP-0495,2025-08,819
EMP-0495,2025-09,808
EMP-0495,2025-10,797
EMP-0495,2025-11,787
EMP-0495,2025-12,781
EMP-0496,2025-01,801
EMP-0496,2025-02,804
EMP-0496,2025-03,810
EMP-0496,2025-04,795
EMP-0496,2025-05,815
EMP-0496,2025-06,799
EMP-0496,2025-07,773
EMP-0496,2025-08,779
EMP-0496,2025-09,766
EMP-0496,2025-10,771
EMP-0496,2025-11,734
EMP-0496,2025-12,754
EMP-0497,2025-01,590
EMP-0497,2025-02,572
EMP-0497,2025-03,555
EMP-0497,2025-04,574
EMP-0497,2025-05,566
EMP-0497,2025-06,557
EMP-0497,2025-07,532
EMP-0497,2025-08,528
EMP-0497,2025-09,526
EMP-0497,2025-10,534
EMP-0497,2025-11,519
EMP-0497,2025-12,503
EMP-0498,2025-01,646
EMP-0498,2025-02,659
EMP-0498,2025-03,638
EMP-0498,2025-04,652
EMP-0498,2025-05,652
EMP-0498,2025-06,666
EMP-0498,2025-07,665
EMP-0498,2025-08,631
EMP-0498,2025-09,629
EMP-0498,2025-10,642
EMP-0498,2025-11,631
EMP-0498,2025-12,626
EMP-0499,2025-01,858
EMP-0499,2025-02,808
EMP-0499,2025-03,835
EMP-0499,2025-04,820
EMP-0499,2025-05,828
EMP-0499,2025-06,827
EMP-0499,2025-07,848
EMP-0499,2025-08,855
EMP-0499,2025-09,851
EMP-0499,2025-10,836
EMP-0499,2025-11,849
EMP-0499,2025-12,817
EMP-0500,2025-01,803
EMP-0500,2025-02,785
EMP-0500,2025-03,805
EMP-0500,2025-04,808
EMP-0500,2025-05,818
EMP-0500,2025-06,819
EMP-0500,2025-07,790
EMP-0500,2025-08,776
EMP-0500,2025-09,377
EMP-0500,2025-10,371
EMP-0500,2025-11,360
EMP-0500,2025-12,385
EMP-0501,2025-01,540
EMP-0501,2025-02,531
EMP-0501,2025-03,532
EMP-0501,2025-04,507
EMP-0501,2025-05,524
EMP-0501,2025-06,529
EMP-0501,2025-07,542
EMP-0501,2025-08,525
EMP-0501,2025-09,538
EMP-0501,2025-10,562
EMP-0501,2025-11,547
EMP-0501,2025-12,555
EMP-0502,2025-01,714
EMP-0502,2025-02,692
EMP-0502,2025-03,699
EMP-0502,2025-04,711
EMP-0502,2025-05,702
EMP-0502,2025-06,718
EMP-0502,2025-07,694
EMP-0502,2025-08,673
EMP-0502,2025-09,675
EMP-0502,2025-10,675
EMP-0502,2025-11,665
EMP-0502,2025-12,676
EMP-0503,2025-01,775
EMP-0503,2025-02,788
EMP-0503,2025-03,786
EMP-0503,2025-04,795
EMP-0503,2025-05,788
EMP-0503,2025-06,820
EMP-0503,2025-07,807
EMP-0503,2025-08,841
EMP-0503,2025-09,842
EMP-0503,2025-10,819
EMP-0503,2025-11,841
EMP-0503,2025-12,843
EMP-0504,2025-01,884
EMP-0504,2025-02,906
EMP-0504,2025-03,912
EMP-0504,2025-04,901
EMP-0504,2025-05,919
EMP-0504,2025-06,919
EMP-0504,2025-07,932
EMP-0504,2025-08,892
EMP-0504,2025-09,900
EMP-0504,2025-10,889
EMP-0504,2025-11,918
EMP-0504,2025-12,929
EMP-0505,2025-01,693
EMP-0505,2025-02,700
EMP-0505,2025-03,686
EMP-0505,2025-04,708
EMP-0505,2025-05,736
EMP-0505,2025-06,742
EMP-0505,2025-07,766
EMP-0505,2025-08,757
EMP-0505,2025-09,745
EMP-0505,2025-10,746
EMP-0505,2025-11,752
EMP-0505,2025-12,746
EMP-0506,2025-01,355
EMP-0506,2025-02,357
EMP-0506,2025-03,350
EMP-0506,2025-04,354
EMP-0506,2025-05,360
EMP-0506,2025-06,361
EMP-0506,2025-07,369
EMP-0506,2025-08,360
EMP-0506,2025-09,363
EMP-0506,2025-10,355
EMP-0506,2025-11,347
EMP-0506,2025-12,343
EMP-0507,2025-01,360
EMP-0507,2025-02,356
EMP-0507,2025-03,354
EMP-0507,2025-04,360
EMP-0507,2025-05,358
EMP-0507,2025-06,347
EMP-0507,2025-07,355
EMP-0507,2025-08,349
EMP-0507,2025-09,349
EMP-0507,2025-10,352
EMP-0507,2025-11,353
EMP-0507,2025-12,361
EMP-0508,2025-01,822
EMP-0508,2025-02,808
EMP-0508,2025-03,843
EMP-0508,2025-04,846
EMP-0508,2025-05,844
EMP-0508,2025-06,860
EMP-0508,2025-07,864
EMP-0508,2025-08,487
EMP-0508,2025-09,510
EMP-0508,2025-10,516
EMP-0508,2025-11,509
EMP-0508,2025-12,502
EMP-0509,2025-01,480
EMP-0509,2025-02,466
EMP-0509,2025-03,448
EMP-0509,2025-04,443
EMP-0509,2025-05,429
EMP-0509,2025-06,425
EMP-0509,2025-07,429
EMP-0509,2025-08,421
EMP-0509,2025-09,409
EMP-0509,2025-10,410
EMP-0509,2025-11,417
EMP-0509,2025-12,403
EMP-0510,2025-01,701
EMP-0510,2025-02,712
EMP-0510,2025-03,726
EMP-0510,2025-04,744
EMP-0510,2025-05,777
EMP-0510,2025-06,771
EMP-0510,2025-07,773
EMP-0510,2025-08,767
EMP-0510,2025-09,767
EMP-0510,2025-10,791
EMP-0510,2025-11,770
EMP-0510,2025-12,757
EMP-0511,2025-01,44
EMP-0511,2025-02,45
EMP-0511,2025-03,45
EMP-0511,2025-04,46
EMP-0511,2025-05,46
EMP-0511,2025-06,47
EMP-0511,2025-07,47
EMP-0511,2025-08,48
EMP-0511,2025-09,51
EMP-0511,2025-10,52
EMP-0511,2025-11,52
EMP-0511,2025-12,53
EMP-0512,2025-01,29
EMP-0512,2025-02,30
EMP-0512,2025-03,30
EMP-0512,2025-04,30
EMP-0512,2025-05,29
EMP-0512,2025-06,30
EMP-0512,2025-07,31
EMP-0512,2025-08,31
EMP-0512,2025-09,31
EMP-0512,2025-10,30
EMP-0512,2025-11,30
EMP-0512,2025-12,30
EMP-0513,2025-01,42
EMP-0513,2025-02,41
EMP-0513,2025-03,40
EMP-0513,2025-04,39
EMP-0513,2025-05,38
EMP-0513,2025-06,39
EMP-0513,2025-07,40
EMP-0513,2025-08,40
EMP-0513,2025-09,41
EMP-0513,2025-10,41
EMP-0513,2025-11,41
EMP-0513,2025-12,41
EMP-0514,2025-01,36
EMP-0514,2025-02,35
EMP-0514,2025-03,35
EMP-0514,2025-04,35
EMP-0514,2025-05,36
EMP-0514,2025-06,36
EMP-0514,2025-07,36
EMP-0514,2025-08,35
EMP-0514,2025-09,35
EMP-0514,2025-10,36
EMP-0514,2025-11,35
EMP-0514,2025-12,35
EMP-0515,2025-01,44
EMP-0515,2025-02,43
EMP-0515,2025-03,42
EMP-0515,2025-04,42
EMP-0515,2025-05,41
EMP-0515,2025-06,41
EMP-0515,2025-07,40
EMP-0515,2025-08,41
EMP-0515,2025-09,43
EMP-0515,2025-10,42
EMP-0515,2025-11,42
EMP-0515,2025-12,41
EMP-0516,2025-01,41
EMP-0516,2025-02,40
EMP-0516,2025-03,40
EMP-0516,2025-04,39
EMP-0516,2025-05,39
EMP-0516,2025-06,38
EMP-0516,2025-07,39
EMP-0516,2025-08,38
EMP-0516,2025-09,38
EMP-0516,2025-10,38
EMP-0516,2025-11,38
EMP-0516,2025-12,38
EMP-0517,2025-01,40
EMP-0517,2025-02,40
EMP-0517,2025-03,41
EMP-0517,2025-04,40
EMP-0517,2025-05,41
EMP-0517,2025-06,42
EMP-0517,2025-07,41
EMP-0517,2025-08,40
EMP-0517,2025-09,40
EMP-0517,2025-10,40
EMP-0517,2025-11,41
EMP-0517,2025-12,41
EMP-0518,2025-01,21
EMP-0518,2025-02,21
EMP-0518,2025-03,21
EMP-0518,2025-04,21
EMP-0518,2025-05,21
EMP-0518,2025-06,21
EMP-0518,2025-07,21
EMP-0518,2025-08,21
EMP-0518,2025-09,21
EMP-0518,2025-10,21
EMP-0518,2025-11,21
EMP-0518,2025-12,21
EMP-0519,2025-01,35
EMP-0519,2025-02,35
EMP-0519,2025-03,34
EMP-0519,2025-04,34
EMP-0519,2025-05,35
EMP-0519,2025-06,34
EMP-0519,2025-07,33
EMP-0519,2025-08,32
EMP-0519,2025-09,32
EMP-0519,2025-10,32
EMP-0519,2025-11,32
EMP-0519,2025-12,31
EMP-0520,2025-01,42
EMP-0520,2025-02,41
EMP-0520,2025-03,41
EMP-0520,2025-04,42
EMP-0520,2025-05,41
EMP-0520,2025-06,40
EMP-0520,2025-07,41
EMP-0520,2025-08,40
EMP-0520,2025-09,41
EMP-0520,2025-10,41
EMP-0520,2025-11,41
EMP-0520,2025-12,41
EMP-0521,2025-01,34
EMP-0521,2025-02,34
EMP-0521,2025-03,34
EMP-0521,2025-04,33
EMP-0521,2025-05,33
EMP-0521,2025-06,33
EMP-0521,2025-07,33
EMP-0521,2025-08,32
EMP-0521,2025-09,33
EMP-0521,2025-10,34
EMP-0521,2025-11,35
EMP-0521,2025-12,35
EMP-0522,2025-01,55
EMP-0522,2025-02,57
EMP-0522,2025-03,57
EMP-0522,2025-04,56
EMP-0522,2025-05,56
EMP-0522,2025-06,57
EMP-0522,2025-07,57
EMP-0522,2025-08,58
EMP-0522,2025-09,59
EMP-0522,2025-10,58
EMP-0522,2025-11,57
EMP-0522,2025-12,58
EMP-0523,2025-01,29
EMP-0523,2025-02,29
EMP-0523,2025-03,28
EMP-0523,2025-04,28
EMP-0523,2025-05,28
EMP-0523,2025-06,28
EMP-0523,2025-07,28
EMP-0523,2025-08,27
EMP-0523,2025-09,28
EMP-0523,2025-10,29
EMP-0523,2025-11,28
EMP-0523,2025-12,29
EMP-0524,2025-01,38
EMP-0524,2025-02,38
EMP-0524,2025-03,38
EMP-0524,2025-04,37
EMP-0524,2025-05,38
EMP-0524,2025-06,38
EMP-0524,2025-07,38
EMP-0524,2025-08,37
EMP-0524,2025-09,36
EMP-0524,2025-10,35
EMP-0524,2025-11,35
EMP-0524,2025-12,34
EMP-0525,2025-01,24
EMP-0525,2025-02,25
EMP-0525,2025-03,26
EMP-0525,2025-04,26
EMP-0525,2025-05,26
EMP-0525,2025-06,27
EMP-0525,2025-07,27
EMP-0525,2025-08,27
EMP-0525,2025-09,26
EMP-0525,2025-10,26
EMP-0525,2025-11,26
EMP-0525,2025-12,26
EMP-0526,2025-01,58
EMP-0526,2025-02,58
EMP-0526,2025-03,58
EMP-0526,2025-04,55
EMP-0526,2025-05,55
EMP-0526,2025-06,56
EMP-0526,2025-07,55
EMP-0526,2025-08,55
EMP-0526,2025-09,54
EMP-0526,2025-10,54
EMP-0526,2025-11,54
EMP-0526,2025-12,53
EMP-0527,2025-01,46
EMP-0527,2025-02,47
EMP-0527,2025-03,46
EMP-0527,2025-04,46
EMP-0527,2025-05,46
EMP-0527,2025-06,47
EMP-0527,2025-07,45
EMP-0527,2025-08,46
EMP-0527,2025-09,45
EMP-0527,2025-10,45
EMP-0527,2025-11,47
EMP-0527,2025-12,47
EMP-0528,2025-01,19
EMP-0528,2025-02,18
EMP-0528,2025-03,19
EMP-0528,2025-04,18
EMP-0528,2025-05,18
EMP-0528,2025-06,18
EMP-0528,2025-07,19
EMP-0528,2025-08,19
EMP-0528,2025-09,19
EMP-0528,2025-10,19
EMP-0528,2025-11,19
EMP-0528,2025-12,19
EMP-0529,2025-01,20
EMP-0529,2025-02,20
EMP-0529,2025-03,20
EMP-0529,2025-04,20
EMP-0529,2025-05,20
EMP-0529,2025-06,20
EMP-0529,2025-07,20
EMP-0529,2025-08,20
EMP-0529,2025-09,20
EMP-0529,2025-10,20
EMP-0529,2025-11,20
EMP-0529,2025-12,20
EMP-0530,2025-01,20
EMP-0530,2025-02,20
EMP-0530,2025-03,20
EMP-0530,2025-04,20
EMP-0530,2025-05,20
EMP-0530,2025-06,20
EMP-0530,2025-07,20
EMP-0530,2025-08,20
EMP-0530,2025-09,20
EMP-0530,2025-10,20
EMP-0530,2025-11,21
EMP-0530,2025-12,21
EMP-0531,2025-01,20
EMP-0531,2025-02,21
EMP-0531,2025-03,21
EMP-0531,2025-04,21
EMP-0531,2025-05,20
EMP-0531,2025-06,20
EMP-0531,2025-07,20
EMP-0531,2025-08,20
EMP-0531,2025-09,20
EMP-0531,2025-10,20
EMP-0531,2025-11,20
EMP-0531,2025-12,19
EMP-0532,2025-01,43
EMP-0532,2025-02,44
EMP-0532,2025-03,42
EMP-0532,2025-04,43
EMP-0532,2025-05,42
EMP-0532,2025-06,43
EMP-0532,2025-07,43
EMP-0532,2025-08,43
EMP-0532,2025-09,43
EMP-0532,2025-10,44
EMP-0532,2025-11,43
EMP-0532,2025-12,44
EMP-0533,2025-01,21
EMP-0533,2025-02,21
EMP-0533,2025-03,22
EMP-0533,2025-04,22
EMP-0533,2025-05,22
EMP-0533,2025-06,22
EMP-0533,2025-07,23
EMP-0533,2025-08,23
EMP-0533,2025-09,23
EMP-0533,2025-10,24
EMP-0533,2025-11,24
EMP-0533,2025-12,23
EMP-0534,2025-01,38
EMP-0534,2025-02,38
EMP-0534,2025-03,39
EMP-0534,2025-04,39
EMP-0534,2025-05,40
EMP-0534,2025-06,39
EMP-0534,2025-07,39
EMP-0534,2025-08,39
EMP-0534,2025-09,39
EMP-0534,2025-10,39
EMP-0534,2025-11,40
EMP-0534,2025-12,40
EMP-0535,2025-01,23
EMP-0535,2025-02,23
EMP-0535,2025-03,23
EMP-0535,2025-04,23
EMP-0535,2025-05,23
EMP-0535,2025-06,23
EMP-0535,2025-07,23
EMP-0535,2025-08,23
EMP-0535,2025-09,23
EMP-0535,2025-10,24
EMP-0535,2025-11,23
EMP-0535,2025-12,23
EMP-0536,2025-01,53
EMP-0536,2025-02,52
EMP-0536,2025-03,51
EMP-0536,2025-04,52
EMP-0536,2025-05,50
EMP-0536,2025-06,50
EMP-0536,2025-07,52
EMP-0536,2025-08,50
EMP-0536,2025-09,48
EMP-0536,2025-10,47
EMP-0536,2025-11,48
EMP-0536,2025-12,49
EMP-0537,2025-01,18
EMP-0537,2025-02,18
EMP-0537,2025-03,19
EMP-0537,2025-04,20
EMP-0537,2025-05,20
EMP-0537,2025-06,19
EMP-0537,2025-07,19
EMP-0537,2025-08,19
EMP-0537,2025-09,19
EMP-0537,2025-10,19
EMP-0537,2025-11,19
EMP-0537,2025-12,19
EMP-0538,2025-01,52
EMP-0538,2025-02,53
EMP-0538,2025-03,53
EMP-0538,2025-04,53
EMP-0538,2025-05,54
EMP-0538,2025-06,54
EMP-0538,2025-07,56
EMP-0538,2025-08,54
EMP-0538,2025-09,53
EMP-0538,2025-10,53
EMP-0538,2025-11,53
EMP-0538,2025-12,54
EMP-0539,2025-01,50
EMP-0539,2025-02,49
EMP-0539,2025-03,50
EMP-0539,2025-04,51
EMP-0539,2025-05,49
EMP-0539,2025-06,49
EMP-0539,2025-07,47
EMP-0539,2025-08,46
EMP-0539,2025-09,45
EMP-0539,2025-10,46
EMP-0539,2025-11,46
EMP-0539,2025-12,45
EMP-0540,2025-01,51
EMP-0540,2025-02,50
EMP-0540,2025-03,50
EMP-0540,2025-04,49
EMP-0540,2025-05,49
EMP-0540,2025-06,49
EMP-0540,2025-07,50
EMP-0540,2025-08,51
EMP-0540,2025-09,51
EMP-0540,2025-10,51
EMP-0540,2025-11,51
EMP-0540,2025-12,51
EMP-0541,2025-01,36
EMP-0541,2025-02,36
EMP-0541,2025-03,35
EMP-0541,2025-04,35
EMP-0541,2025-05,35
EMP-0541,2025-06,35
EMP-0541,2025-07,34
EMP-0541,2025-08,35
EMP-0541,2025-09,35
EMP-0541,2025-10,35
EMP-0541,2025-11,34
EMP-0541,2025-12,33
EMP-0542,2025-01,58
EMP-0542,2025-02,58
EMP-0542,2025-03,57
EMP-0542,2025-04,58
EMP-0542,2025-05,57
EMP-0542,2025-06,59
EMP-0542,2025-07,61
EMP-0542,2025-08,60
EMP-0542,2025-09,59
EMP-0542,2025-10,56
EMP-0542,2025-11,54
EMP-0542,2025-12,53
EMP-0543,2025-01,22
EMP-0543,2025-02,22
EMP-0543,2025-03,21
EMP-0543,2025-04,21
EMP-0543,2025-05,21
EMP-0543,2025-06,21
EMP-0543,2025-07,20
EMP-0543,2025-08,20
EMP-0543,2025-09,19
EMP-0543,2025-10,19
EMP-0543,2025-11,19
EMP-0543,2025-12,19
EMP-0544,2025-01,40
EMP-0544,2025-02,40
EMP-0544,2025-03,38
EMP-0544,2025-04,38
EMP-0544,2025-05,38
EMP-0544,2025-06,39
EMP-0544,2025-07,38
EMP-0544,2025-08,38
EMP-0544,2025-09,37
EMP-0544,2025-10,36
EMP-0544,2025-11,35
EMP-0544,2025-12,36
EMP-0545,2025-01,148
EMP-0545,2025-02,148
EMP-0545,2025-03,147
EMP-0545,2025-04,143
EMP-0545,2025-05,143
EMP-0545,2025-06,145
EMP-0545,2025-07,141
EMP-0545,2025-08,143
EMP-0545,2025-09,141
EMP-0545,2025-10,140
EMP-0545,2025-11,141
EMP-0545,2025-12,139
EMP-0546,2025-01,230
EMP-0546,2025-02,229
EMP-0546,2025-03,230
EMP-0546,2025-04,219
EMP-0546,2025-05,211
EMP-0546,2025-06,214
EMP-0546,2025-07,218
EMP-0546,2025-08,214
EMP-0546,2025-09,213
EMP-0546,2025-10,214
EMP-0546,2025-11,217
EMP-0546,2025-12,208
EMP-0547,2025-01,165
EMP-0547,2025-02,164
EMP-0547,2025-03,166
EMP-0547,2025-04,174
EMP-0547,2025-05,173
EMP-0547,2025-06,168
EMP-0547,2025-07,169
EMP-0547,2025-08,173
EMP-0547,2025-09,173
EMP-0547,2025-10,170
EMP-0547,2025-11,173
EMP-0547,2025-12,175
EMP-0548,2025-01,239
EMP-0548,2025-02,241
EMP-0548,2025-03,246
EMP-0548,2025-04,252
EMP-0548,2025-05,252
EMP-0548,2025-06,250
EMP-0548,2025-07,256
EMP-0548,2025-08,250
EMP-0548,2025-09,252
EMP-0548,2025-10,245
EMP-0548,2025-11,250
EMP-0548,2025-12,249
EMP-0549,2025-01,75
EMP-0549,2025-02,76
EMP-0549,2025-03,74
EMP-0549,2025-04,76
EMP-0549,2025-05,78
EMP-0549,2025-06,79
EMP-0549,2025-07,78
EMP-0549,2025-08,78
EMP-0549,2025-09,78
EMP-0549,2025-10,77
EMP-0549,2025-11,80
EMP-0549,2025-12,80
EMP-0550,2025-01,126
EMP-0550,2025-02,127
EMP-0550,2025-03,126
EMP-0550,2025-04,126
EMP-0550,2025-05,125
EMP-0550,2025-06,127
EMP-0550,2025-07,130
EMP-0550,2025-08,131
EMP-0550,2025-09,130
EMP-0550,2025-10,130
EMP-0550,2025-11,130
EMP-0550,2025-12,128
EMP-0551,2025-01,215
EMP-0551,2025-02,217
EMP-0551,2025-03,224
EMP-0551,2025-04,230
EMP-0551,2025-05,227
EMP-0551,2025-06,231
EMP-0551,2025-07,227
EMP-0551,2025-08,230
EMP-0551,2025-09,228
EMP-0551,2025-10,223
EMP-0551,2025-11,224
EMP-0551,2025-12,212
EMP-0552,2025-01,134
EMP-0552,2025-02,134
EMP-0552,2025-03,134
EMP-0552,2025-04,133
EMP-0552,2025-05,129
EMP-0552,2025-06,127
EMP-0552,2025-07,128
EMP-0552,2025-08,129
EMP-0552,2025-09,129
EMP-0552,2025-10,132
EMP-0552,2025-11,133
EMP-0552,2025-12,131
EMP-0553,2025-01,149
EMP-0553,2025-02,145
EMP-0553,2025-03,145
EMP-0553,2025-04,148
EMP-0553,2025-05,150
EMP-0553,2025-06,154
EMP-0553,2025-07,153
EMP-0553,2025-08,157
EMP-0553,2025-09,156
EMP-0553,2025-10,161
EMP-0553,2025-11,161
EMP-0553,2025-12,163
EMP-0554,2025-01,89
EMP-0554,2025-02,89
EMP-0554,2025-03,89
EMP-0554,2025-04,91
EMP-0554,2025-05,91
EMP-0554,2025-06,89
EMP-0554,2025-07,93
EMP-0554,2025-08,92
EMP-0554,2025-09,92
EMP-0554,2025-10,94
EMP-0554,2025-11,93
EMP-0554,2025-12,91
EMP-0555,2025-01,208
EMP-0555,2025-02,201
EMP-0555,2025-03,200
EMP-0555,2025-04,201
EMP-0555,2025-05,200
EMP-0555,2025-06,194
EMP-0555,2025-07,200
EMP-0555,2025-08,200
EMP-0555,2025-09,206
EMP-0555,2025-10,205
EMP-0555,2025-11,201
EMP-0555,2025-12,202
EMP-0556,2025-01,188
EMP-0556,2025-02,184
EMP-0556,2025-03,189
EMP-0556,2025-04,187
EMP-0556,2025-05,180
EMP-0556,2025-06,185
EMP-0556,2025-07,183
EMP-0556,2025-08,181
EMP-0556,2025-09,175
EMP-0556,2025-10,181
EMP-0556,2025-11,176
EMP-0556,2025-12,176
EMP-0557,2025-01,116
EMP-0557,2025-02,117
EMP-0557,2025-03,117
EMP-0557,2025-04,113
EMP-0557,2025-05,111
EMP-0557,2025-06,111
EMP-0557,2025-07,109
EMP-0557,2025-08,109
EMP-0557,2025-09,110
EMP-0557,2025-10,112
EMP-0557,2025-11,109
EMP-0557,2025-12,114
EMP-0558,2025-01,101
EMP-0558,2025-02,101
EMP-0558,2025-03,103
EMP-0558,2025-04,108
EMP-0558,2025-05,105
EMP-0558,2025-06,105
EMP-0558,2025-07,100
EMP-0558,2025-08,100
EMP-0558,2025-09,101
EMP-0558,2025-10,101
EMP-0558,2025-11,100
EMP-0558,2025-12,96
EMP-0559,2025-01,230
EMP-0559,2025-02,237
EMP-0559,2025-03,234
EMP-0559,2025-04,236
EMP-0559,2025-05,229
EMP-0559,2025-06,231
EMP-0559,2025-07,229
EMP-0559,2025-08,226
EMP-0559,2025-09,223
EMP-0559,2025-10,221
EMP-0559,2025-11,223
EMP-0559,2025-12,217
EMP-0560,2025-01,182
EMP-0560,2025-02,182
EMP-0560,2025-03,178
EMP-0560,2025-04,184
EMP-0560,2025-05,181
EMP-0560,2025-06,179
EMP-0560,2025-07,175
EMP-0560,2025-08,181
EMP-0560,2025-09,183
EMP-0560,2025-10,180
EMP-0560,2025-11,184
EMP-0560,2025-12,185
EMP-0561,2025-01,118
EMP-0561,2025-02,117
EMP-0561,2025-03,115
EMP-0561,2025-04,116
EMP-0561,2025-05,115
EMP-0561,2025-06,119
EMP-0561,2025-07,116
EMP-0561,2025-08,120
EMP-0561,2025-09,120
EMP-0561,2025-10,121
EMP-0561,2025-11,123
EMP-0561,2025-12,121
EMP-0562,2025-01,89
EMP-0562,2025-02,84
EMP-0562,2025-03,83
EMP-0562,2025-04,81
EMP-0562,2025-05,79
EMP-0562,2025-06,79
EMP-0562,2025-07,80
EMP-0562,2025-08,81
EMP-0562,2025-09,81
EMP-0562,2025-10,80
EMP-0562,2025-11,81
EMP-0562,2025-12,81
EMP-0563,2025-01,152
EMP-0563,2025-02,154
EMP-0563,2025-03,154
EMP-0563,2025-04,151
EMP-0563,2025-05,149
EMP-0563,2025-06,147
EMP-0563,2025-07,146
EMP-0563,2025-08,147
EMP-0563,2025-09,149
EMP-0563,2025-10,149
EMP-0563,2025-11,149
EMP-0563,2025-12,149
EMP-0564,2025-01,200
EMP-0564,2025-02,196
EMP-0564,2025-03,189
EMP-0564,2025-04,186
EMP-0564,2025-05,188
EMP-0564,2025-06,185
EMP-0564,2025-07,184
EMP-0564,2025-08,186
EMP-0564,2025-09,188
EMP-0564,2025-10,184
EMP-0564,2025-11,188
EMP-0564,2025-12,192
EMP-0565,2025-01,151
EMP-0565,2025-02,149
EMP-0565,2025-03,153
EMP-0565,2025-04,153
EMP-0565,2025-05,146
EMP-0565,2025-06,142
EMP-0565,2025-07,141
EMP-0565,2025-08,138
EMP-0565,2025-09,137
EMP-0565,2025-10,137
EMP-0565,2025-11,141
EMP-0565,2025-12,140
EMP-0566,2025-01,91
EMP-0566,2025-02,94
EMP-0566,2025-03,97
EMP-0566,2025-04,98
EMP-0566,2025-05,94
EMP-0566,2025-06,95
EMP-0566,2025-07,97
EMP-0566,2025-08,97
EMP-0566,2025-09,100
EMP-0566,2025-10,102
EMP-0566,2025-11,103
EMP-0566,2025-12,105
EMP-0567,2025-01,132
EMP-0567,2025-02,125
EMP-0567,2025-03,124
EMP-0567,2025-04,127
EMP-0567,2025-05,125
EMP-0567,2025-06,124
EMP-0567,2025-07,121
EMP-0567,2025-08,125
EMP-0567,2025-09,129
EMP-0567,2025-10,127
EMP-0567,2025-11,127
EMP-0567,2025-12,125
EMP-0568,2025-01,209
EMP-0568,2025-02,211
EMP-0568,2025-03,214
EMP-0568,2025-04,215
EMP-0568,2025-05,228
EMP-0568,2025-06,223
EMP-0568,2025-07,215
EMP-0568,2025-08,213
EMP-0568,2025-09,206
EMP-0568,2025-10,200
EMP-0568,2025-11,196
EMP-0568,2025-12,192
EMP-0569,2025-01,115
EMP-0569,2025-02,116
EMP-0569,2025-03,115
EMP-0569,2025-04,115
EMP-0569,2025-05,117
EMP-0569,2025-06,115
EMP-0569,2025-07,114
EMP-0569,2025-08,115
EMP-0569,2025-09,111
EMP-0569,2025-10,106
EMP-0569,2025-11,107
EMP-0569,2025-12,108
EMP-0570,2025-01,176
EMP-0570,2025-02,177
EMP-0570,2025-03,180
EMP-0570,2025-04,179
EMP-0570,2025-05,180
EMP-0570,2025-06,186
EMP-0570,2025-07,178
EMP-0570,2025-08,179
EMP-0570,2025-09,187
EMP-0570,2025-10,188
EMP-0570,2025-11,194
EMP-0570,2025-12,192
EMP-0571,2025-01,203
EMP-0571,2025-02,203
EMP-0571,2025-03,194
EMP-0571,2025-04,189
EMP-0571,2025-05,185
EMP-0571,2025-06,188
EMP-0571,2025-07,191
EMP-0571,2025-08,192
EMP-0571,2025-09,195
EMP-0571,2025-10,194
EMP-0571,2025-11,199
EMP-0571,2025-12,199
EMP-0572,2025-01,219
EMP-0572,2025-02,218
EMP-0572,2025-03,221
EMP-0572,2025-04,219
EMP-0572,2025-05,223
EMP-0572,2025-06,218
EMP-0572,2025-07,213
EMP-0572,2025-08,216
EMP-0572,2025-09,216
EMP-0572,2025-10,214
EMP-0572,2025-11,218
EMP-0572,2025-12,215
EMP-0573,2025-01,216
EMP-0573,2025-02,222
EMP-0573,2025-03,229
EMP-0573,2025-04,236
EMP-0573,2025-05,235
EMP-0573,2025-06,241
EMP-0573,2025-07,236
EMP-0573,2025-08,232
EMP-0573,2025-09,221
EMP-0573,2025-10,228
EMP-0573,2025-11,224
EMP-0573,2025-12,223
EMP-0574,2025-01,228
EMP-0574,2025-02,231
EMP-0574,2025-03,229
EMP-0574,2025-04,223
EMP-0574,2025-05,225
EMP-0574,2025-06,219
EMP-0574,2025-07,215
EMP-0574,2025-08,206
EMP-0574,2025-09,200
EMP-0574,2025-10,201
EMP-0574,2025-11,193
EMP-0574,2025-12,187
EMP-0575,2025-01,224
EMP-0575,2025-02,222
EMP-0575,2025-03,231
EMP-0575,2025-04,239
EMP-0575,2025-05,235
EMP-0575,2025-06,238
EMP-0575,2025-07,242
EMP-0575,2025-08,239
EMP-0575,2025-09,232
EMP-0575,2025-10,232
EMP-0575,2025-11,231
EMP-0575,2025-12,229
EMP-0576,2025-01,204
EMP-0576,2025-02,201
EMP-0576,2025-03,196
EMP-0576,2025-04,196
EMP-0576,2025-05,198
EMP-0576,2025-06,193
EMP-0576,2025-07,197
EMP-0576,2025-08,190
EMP-0576,2025-09,188
EMP-0576,2025-10,187
EMP-0576,2025-11,185
EMP-0576,2025-12,183
EMP-0577,2025-01,68
EMP-0577,2025-02,67
EMP-0577,2025-03,70
EMP-0577,2025-04,71
EMP-0577,2025-05,71
EMP-0577,2025-06,72
EMP-0577,2025-07,76
EMP-0577,2025-08,74
EMP-0577,2025-09,72
EMP-0577,2025-10,71
EMP-0577,2025-11,71
EMP-0577,2025-12,69
EMP-0578,2025-01,215
EMP-0578,2025-02,222
EMP-0578,2025-03,223
EMP-0578,2025-04,222
EMP-0578,2025-05,219
EMP-0578,2025-06,223
EMP-0578,2025-07,219
EMP-0578,2025-08,227
EMP-0578,2025-09,236
EMP-0578,2025-10,237
EMP-0578,2025-11,237
EMP-0578,2025-12,242
EMP-0579,2025-01,534
EMP-0579,2025-02,525
EMP-0579,2025-03,519
EMP-0579,2025-04,505
EMP-0579,2025-05,509
EMP-0579,2025-06,516
EMP-0579,2025-07,502
EMP-0579,2025-08,497
EMP-0579,2025-09,484
EMP-0579,2025-10,475
EMP-0579,2025-11,480
EMP-0579,2025-12,473
EMP-0580,2025-01,277
EMP-0580,2025-02,268
EMP-0580,2025-03,269
EMP-0580,2025-04,269
EMP-0580,2025-05,265
EMP-0580,2025-06,264
EMP-0580,2025-07,265
EMP-0580,2025-08,261
EMP-0580,2025-09,253
EMP-0580,2025-10,262
EMP-0580,2025-11,259
EMP-0580,2025-12,258
EMP-0581,2025-01,443
EMP-0581,2025-02,474
EMP-0581,2025-03,462
EMP-0581,2025-04,466
EMP-0581,2025-05,459
EMP-0581,2025-06,454
EMP-0581,2025-07,447
EMP-0581,2025-08,437
EMP-0581,2025-09,437
EMP-0581,2025-10,424
EMP-0581,2025-11,432
EMP-0581,2025-12,432
EMP-0582,2025-01,533
EMP-0582,2025-02,528
EMP-0582,2025-03,524
EMP-0582,2025-04,527
EMP-0582,2025-05,515
EMP-0582,2025-06,511
EMP-0582,2025-07,502
EMP-0582,2025-08,493
EMP-0582,2025-09,472
EMP-0582,2025-10,485
EMP-0582,2025-11,478
EMP-0582,2025-12,489
EMP-0583,2025-01,578
EMP-0583,2025-02,563
EMP-0583,2025-03,551
EMP-0583,2025-04,579
EMP-0583,2025-05,599
EMP-0583,2025-06,599
EMP-0583,2025-07,602
EMP-0583,2025-08,594
EMP-0583,2025-09,599
EMP-0583,2025-10,590
EMP-0583,2025-11,566
EMP-0583,2025-12,551
EMP-0584,2025-01,597
EMP-0584,2025-02,583
EMP-0584,2025-03,582
EMP-0584,2025-04,569
EMP-0584,2025-05,560
EMP-0584,2025-06,570
EMP-0584,2025-07,573
EMP-0584,2025-08,573
EMP-0584,2025-09,583
EMP-0584,2025-10,589
EMP-0584,2025-11,606
EMP-0584,2025-12,600
EMP-0585,2025-01,604
EMP-0585,2025-02,588
EMP-0585,2025-03,583
EMP-0585,2025-04,594
EMP-0585,2025-05,609
EMP-0585,2025-06,621
EMP-0585,2025-07,599
EMP-0585,2025-08,612
EMP-0585,2025-09,589
EMP-0585,2025-10,600
EMP-0585,2025-11,596
EMP-0585,2025-12,604
EMP-0586,2025-01,249
EMP-0586,2025-02,255
EMP-0586,2025-03,248
EMP-0586,2025-04,245
EMP-0586,2025-05,240
EMP-0586,2025-06,232
EMP-0586,2025-07,232
EMP-0586,2025-08,240
EMP-0586,2025-09,253
EMP-0586,2025-10,253
EMP-0586,2025-11,259
EMP-0586,2025-12,260
EMP-0587,2025-01,439
EMP-0587,2025-02,436
EMP-0587,2025-03,438
EMP-0587,2025-04,443
EMP-0587,2025-05,438
EMP-0587,2025-06,437
EMP-0587,2025-07,436
EMP-0587,2025-08,443
EMP-0587,2025-09,434
EMP-0587,2025-10,434
EMP-0587,2025-11,451
EMP-0587,2025-12,461
EMP-0588,2025-01,407
EMP-0588,2025-02,407
EMP-0588,2025-03,410
EMP-0588,2025-04,418
EMP-0588,2025-05,431
EMP-0588,2025-06,414
EMP-0588,2025-07,403
EMP-0588,2025-08,414
EMP-0588,2025-09,412
EMP-0588,2025-10,406
EMP-0588,2025-11,396
EMP-0588,2025-12,392
EMP-0589,2025-01,806
EMP-0589,2025-02,840
EMP-0589,2025-03,840
EMP-0589,2025-04,839
EMP-0589,2025-05,849
EMP-0589,2025-06,865
EMP-0589,2025-07,881
EMP-0589,2025-08,900
EMP-0589,2025-09,889
EMP-0589,2025-10,884
EMP-0589,2025-11,898
EMP-0589,2025-12,889
EMP-0590,2025-01,660
EMP-0590,2025-02,665
EMP-0590,2025-03,675
EMP-0590,2025-04,651
EMP-0590,2025-05,660
EMP-0590,2025-06,657
EMP-0590,2025-07,666
EMP-0590,2025-08,676
EMP-0590,2025-09,698
EMP-0590,2025-10,717
EMP-0590,2025-11,736
EMP-0590,2025-12,757
EMP-0591,2025-01,323
EMP-0591,2025-02,323
EMP-0591,2025-03,329
EMP-0591,2025-04,334
EMP-0591,2025-05,332
EMP-0591,2025-06,335
EMP-0591,2025-07,335
EMP-0591,2025-08,329
EMP-0591,2025-09,337
EMP-0591,2025-10,337
EMP-0591,2025-11,351
EMP-0591,2025-12,340
EMP-0592,2025-01,391
EMP-0592,2025-02,391
EMP-0592,2025-03,400
EMP-0592,2025-04,403
EMP-0592,2025-05,406
EMP-0592,2025-06,397
EMP-0592,2025-07,388
EMP-0592,2025-08,391
EMP-0592,2025-09,380
EMP-0592,2025-10,376
EMP-0592,2025-11,380
EMP-0592,2025-12,373
EMP-0593,2025-01,927
EMP-0593,2025-02,950
EMP-0593,2025-03,920
EMP-0593,2025-04,903
EMP-0593,2025-05,862
EMP-0593,2025-06,849
EMP-0593,2025-07,862
EMP-0593,2025-08,855
EMP-0593,2025-09,863
EMP-0593,2025-10,837
EMP-0593,2025-11,850
EMP-0593,2025-12,841
EMP-0594,2025-01,281
EMP-0594,2025-02,280
EMP-0594,2025-03,273
EMP-0594,2025-04,267
EMP-0594,2025-05,272
EMP-0594,2025-06,274
EMP-0594,2025-07,280
EMP-0594,2025-08,282
EMP-0594,2025-09,283
EMP-0594,2025-10,273
EMP-0594,2025-11,272
EMP-0594,2025-12,272
EMP-0595,2025-01,356
EMP-0595,2025-02,361
EMP-0595,2025-03,372
EMP-0595,2025-04,376
EMP-0595,2025-05,371
EMP-0595,2025-06,372
EMP-0595,2025-07,374
EMP-0595,2025-08,367
EMP-0595,2025-09,364
EMP-0595,2025-10,363
EMP-0595,2025-11,375
EMP-0595,2025-12,359
EMP-0596,2025-01,812
EMP-0596,2025-02,797
EMP-0596,2025-03,775
EMP-0596,2025-04,793
EMP-0596,2025-05,805
EMP-0596,2025-06,825
EMP-0596,2025-07,838
EMP-0596,2025-08,873
EMP-0596,2025-09,883
EMP-0596,2025-10,880
EMP-0596,2025-11,886
EMP-0596,2025-12,908
EMP-0597,2025-01,463
EMP-0597,2025-02,457
EMP-0597,2025-03,454
EMP-0597,2025-04,435
EMP-0597,2025-05,436
EMP-0597,2025-06,420
EMP-0597,2025-07,420
EMP-0597,2025-08,427
EMP-0597,2025-09,423
EMP-0597,2025-10,437
EMP-0597,2025-11,424
EMP-0597,2025-12,434
EMP-0598,2025-01,644
EMP-0598,2025-02,622
EMP-0598,2025-03,656
EMP-0598,2025-04,655
EMP-0598,2025-05,644
EMP-0598,2025-06,626
EMP-0598,2025-07,623
EMP-0598,2025-08,621
EMP-0598,2025-09,622
EMP-0598,2025-10,618
EMP-0598,2025-11,626
EMP-0598,2025-12,621
EMP-0599,2025-01,653
EMP-0599,2025-02,651
EMP-0599,2025-03,620
EMP-0599,2025-04,624
EMP-0599,2025-05,612
EMP-0599,2025-06,614
EMP-0599,2025-07,630
EMP-0599,2025-08,618
EMP-0599,2025-09,631
EMP-0599,2025-10,626
EMP-0599,2025-11,648
EMP-0599,2025-12,643
EMP-0600,2025-01,702
EMP-0600,2025-02,712
EMP-0600,2025-03,706
EMP-0600,2025-04,694
EMP-0600,2025-05,687
EMP-0600,2025-06,415
EMP-0600,2025-07,409
EMP-0600,2025-08,398
EMP-0600,2025-09,411
EMP-0600,2025-10,397
EMP-0600,2025-11,399
EMP-0600,2025-12,402
EMP-0601,2025-01,598
EMP-0601,2025-02,596
EMP-0601,2025-03,603
EMP-0601,2025-04,604
EMP-0601,2025-05,599
EMP-0601,2025-06,605
EMP-0601,2025-07,597
EMP-0601,2025-08,590
EMP-0601,2025-09,584
EMP-0601,2025-10,600
EMP-0601,2025-11,561
EMP-0601,2025-12,565
EMP-0602,2025-01,411
EMP-0602,2025-02,397
EMP-0602,2025-03,399
EMP-0602,2025-04,403
EMP-0602,2025-05,408
EMP-0602,2025-06,386
EMP-0602,2025-07,397
EMP-0602,2025-08,391
EMP-0602,2025-09,396
EMP-0602,2025-10,402
EMP-0602,2025-11,395
EMP-0602,2025-12,400
EMP-0603,2025-01,623
EMP-0603,2025-02,597
EMP-0603,2025-03,611
EMP-0603,2025-04,602
EMP-0603,2025-05,592
EMP-0603,2025-06,587
EMP-0603,2025-07,590
EMP-0603,2025-08,589
EMP-0603,2025-09,595
EMP-0603,2025-10,579
EMP-0603,2025-11,570
EMP-0603,2025-12,569
EMP-0604,2025-01,591
EMP-0604,2025-02,590
EMP-0604,2025-03,603
EMP-0604,2025-04,603
EMP-0604,2025-05,597
EMP-0604,2025-06,594
EMP-0604,2025-07,592
EMP-0604,2025-08,599
EMP-0604,2025-09,615
EMP-0604,2025-10,619
EMP-0604,2025-11,634
EMP-0604,2025-12,622
EMP-0605,2025-01,577
EMP-0605,2025-02,569
EMP-0605,2025-03,573
EMP-0605,2025-04,569
EMP-0605,2025-05,577
EMP-0605,2025-06,566
EMP-0605,2025-07,566
EMP-0605,2025-08,574
EMP-0605,2025-09,550
EMP-0605,2025-10,573
EMP-0605,2025-11,570
EMP-0605,2025-12,547
EMP-0606,2025-01,834
EMP-0606,2025-02,835
EMP-0606,2025-03,834
EMP-0606,2025-04,851
EMP-0606,2025-05,864
EMP-0606,2025-06,869
EMP-0606,2025-07,877
EMP-0606,2025-08,875
EMP-0606,2025-09,906
EMP-0606,2025-10,879
EMP-0606,2025-11,881
EMP-0606,2025-12,882
EMP-0607,2025-01,874
EMP-0607,2025-02,859
EMP-0607,2025-03,829
EMP-0607,2025-04,832
EMP-0607,2025-05,837
EMP-0607,2025-06,862
EMP-0607,2025-07,840
EMP-0607,2025-08,859
EMP-0607,2025-09,900
EMP-0607,2025-10,893
EMP-0607,2025-11,870
EMP-0607,2025-12,863
EMP-0608,2025-01,336
EMP-0608,2025-02,340
EMP-0608,2025-03,336
EMP-0608,2025-04,346
EMP-0608,2025-05,338
EMP-0608,2025-06,326
EMP-0608,2025-07,333
EMP-0608,2025-08,318
EMP-0608,2025-09,317
EMP-0608,2025-10,337
EMP-0608,2025-11,337
EMP-0608,2025-12,329
EMP-0609,2025-01,303
EMP-0609,2025-02,303
EMP-0609,2025-03,304
EMP-0609,2025-04,308
EMP-0609,2025-05,302
EMP-0609,2025-06,312
EMP-0609,2025-07,314
EMP-0609,2025-08,319
EMP-0609,2025-09,315
EMP-0609,2025-10,323
EMP-0609,2025-11,321
EMP-0609,2025-12,323
EMP-0610,2025-01,401
EMP-0610,2025-02,393
EMP-0610,2025-03,398
EMP-0610,2025-04,394
EMP-0610,2025-05,387
EMP-0610,2025-06,382
EMP-0610,2025-07,387
EMP-0610,2025-08,382
EMP-0610,2025-09,381
EMP-0610,2025-10,381
EMP-0610,2025-11,366
EMP-0610,2025-12,355
EMP-0611,2025-01,414
EMP-0611,2025-02,408
EMP-0611,2025-03,417
EMP-0611,2025-04,425
EMP-0611,2025-05,431
EMP-0611,2025-06,447
EMP-0611,2025-07,446
EMP-0611,2025-08,452
EMP-0611,2025-09,447
EMP-0611,2025-10,469
EMP-0611,2025-11,488
EMP-0611,2025-12,488
EMP-0612,2025-01,889
EMP-0612,2025-02,913
EMP-0612,2025-03,910
EMP-0612,2025-04,898
EMP-0612,2025-05,914
EMP-0612,2025-06,915
EMP-0612,2025-07,918
EMP-0612,2025-08,903
EMP-0612,2025-09,872
EMP-0612,2025-10,876
EMP-0612,2025-11,892
EMP-0612,2025-12,888
EMP-0613,2025-01,19
EMP-0613,2025-02,19
EMP-0613,2025-03,19
EMP-0613,2025-04,19
EMP-0613,2025-05,19
EMP-0613,2025-06,19
EMP-0613,2025-07,19
EMP-0613,2025-08,20
EMP-0613,2025-09,21
EMP-0613,2025-10,21
EMP-0613,2025-11,22
EMP-0613,2025-12,22
EMP-0614,2025-01,59
EMP-0614,2025-02,60
EMP-0614,2025-03,61
EMP-0614,2025-04,61
EMP-0614,2025-05,57
EMP-0614,2025-06,56
EMP-0614,2025-07,55
EMP-0614,2025-08,54
EMP-0614,2025-09,54
EMP-0614,2025-10,54
EMP-0614,2025-11,53
EMP-0614,2025-12,52
EMP-0615,2025-01,20
EMP-0615,2025-02,20
EMP-0615,2025-03,20
EMP-0615,2025-04,20
EMP-0615,2025-05,20
EMP-0615,2025-06,20
EMP-0615,2025-07,20
EMP-0615,2025-08,19
EMP-0615,2025-09,19
EMP-0615,2025-10,20
EMP-0615,2025-11,20
EMP-0615,2025-12,20
EMP-0616,2025-01,32
EMP-0616,2025-02,32
EMP-0616,2025-03,32
EMP-0616,2025-04,31
EMP-0616,2025-05,30
EMP-0616,2025-06,31
EMP-0616,2025-07,30
EMP-0616,2025-08,31
EMP-0616,2025-09,31
EMP-0616,2025-10,30
EMP-0616,2025-11,30
EMP-0616,2025-12,30
EMP-0617,2025-01,43
EMP-0617,2025-02,43
EMP-0617,2025-03,43
EMP-0617,2025-04,44
EMP-0617,2025-05,45
EMP-0617,2025-06,45
EMP-0617,2025-07,44
EMP-0617,2025-08,44
EMP-0617,2025-09,47
EMP-0617,2025-10,48
EMP-0617,2025-11,50
EMP-0617,2025-12,51
EMP-0618,2025-01,57
EMP-0618,2025-02,57
EMP-0618,2025-03,57
EMP-0618,2025-04,55
EMP-0618,2025-05,55
EMP-0618,2025-06,56
EMP-0618,2025-07,55
EMP-0618,2025-08,55
EMP-0618,2025-09,56
EMP-0618,2025-10,55
EMP-0618,2025-11,55
EMP-0618,2025-12,54
EMP-0619,2025-01,41
EMP-0619,2025-02,40
EMP-0619,2025-03,39
EMP-0619,2025-04,40
EMP-0619,2025-05,39
EMP-0619,2025-06,39
EMP-0619,2025-07,39
EMP-0619,2025-08,40
EMP-0619,2025-09,41
EMP-0619,2025-10,42
EMP-0619,2025-11,42
EMP-0619,2025-12,42
EMP-0620,2025-01,45
EMP-0620,2025-02,47
EMP-0620,2025-03,46
EMP-0620,2025-04,47
EMP-0620,2025-05,48
EMP-0620,2025-06,47
EMP-0620,2025-07,48
EMP-0620,2025-08,49
EMP-0620,2025-09,51
EMP-0620,2025-10,51
EMP-0620,2025-11,50
EMP-0620,2025-12,49
EMP-0621,2025-01,53
EMP-0621,2025-02,53
EMP-0621,2025-03,53
EMP-0621,2025-04,51
EMP-0621,2025-05,51
EMP-0621,2025-06,53
EMP-0621,2025-07,53
EMP-0621,2025-08,54
EMP-0621,2025-09,55
EMP-0621,2025-10,55
EMP-0621,2025-11,56
EMP-0621,2025-12,56
EMP-0622,2025-01,43
EMP-0622,2025-02,42
EMP-0622,2025-03,42
EMP-0622,2025-04,42
EMP-0622,2025-05,42
EMP-0622,2025-06,42
EMP-0622,2025-07,42
EMP-0622,2025-08,43
EMP-0622,2025-09,44
EMP-0622,2025-10,44
EMP-0622,2025-11,43
EMP-0622,2025-12,43
EMP-0623,2025-01,41
EMP-0623,2025-02,39
EMP-0623,2025-03,40
EMP-0623,2025-04,40
EMP-0623,2025-05,40
EMP-0623,2025-06,41
EMP-0623,2025-07,40
EMP-0623,2025-08,40
EMP-0623,2025-09,40
EMP-0623,2025-10,40
EMP-0623,2025-11,39
EMP-0623,2025-12,40
EMP-0624,2025-01,32
EMP-0624,2025-02,32
EMP-0624,2025-03,31
EMP-0624,2025-04,32
EMP-0624,2025-05,33
EMP-0624,2025-06,33
EMP-0624,2025-07,33
EMP-0624,2025-08,33
EMP-0624,2025-09,35
EMP-0624,2025-10,34
EMP-0624,2025-11,35
EMP-0624,2025-12,34
EMP-0625,2025-01,28
EMP-0625,2025-02,28
EMP-0625,2025-03,28
EMP-0625,2025-04,28
EMP-0625,2025-05,27
EMP-0625,2025-06,28
EMP-0625,2025-07,27
EMP-0625,2025-08,27
EMP-0625,2025-09,27
EMP-0625,2025-10,26
EMP-0625,2025-11,26
EMP-0625,2025-12,25
EMP-0626,2025-01,47
EMP-0626,2025-02,46
EMP-0626,2025-03,46
EMP-0626,2025-04,45
EMP-0626,2025-05,45
EMP-0626,2025-06,45
EMP-0626,2025-07,44
EMP-0626,2025-08,44
EMP-0626,2025-09,43
EMP-0626,2025-10,44
EMP-0626,2025-11,46
EMP-0626,2025-12,49
EMP-0627,2025-01,22
EMP-0627,2025-02,22
EMP-0627,2025-03,21
EMP-0627,2025-04,22
EMP-0627,2025-05,22
EMP-0627,2025-06,22
EMP-0627,2025-07,23
EMP-0627,2025-08,23
EMP-0627,2025-09,23
EMP-0627,2025-10,23
EMP-0627,2025-11,23
EMP-0627,2025-12,23
EMP-0628,2025-01,36
EMP-0628,2025-02,35
EMP-0628,2025-03,34
EMP-0628,2025-04,35
EMP-0628,2025-05,35
EMP-0628,2025-06,34
EMP-0628,2025-07,34
EMP-0628,2025-08,34
EMP-0628,2025-09,33
EMP-0628,2025-10,32
EMP-0628,2025-11,33
EMP-0628,2025-12,32
EMP-0629,2025-01,42
EMP-0629,2025-02,42
EMP-0629,2025-03,42
EMP-0629,2025-04,43
EMP-0629,2025-05,44
EMP-0629,2025-06,44
EMP-0629,2025-07,43
EMP-0629,2025-08,44
EMP-0629,2025-09,44
EMP-0629,2025-10,46
EMP-0629,2025-11,44
EMP-0629,2025-12,44
EMP-0630,2025-01,23
EMP-0630,2025-02,23
EMP-0630,2025-03,23
EMP-0630,2025-04,23
EMP-0630,2025-05,23
EMP-0630,2025-06,23
EMP-0630,2025-07,23
EMP-0630,2025-08,23
EMP-0630,2025-09,24
EMP-0630,2025-10,24
EMP-0630,2025-11,24
EMP-0630,2025-12,24
EMP-0631,2025-01,33
EMP-0631,2025-02,32
EMP-0631,2025-03,32
EMP-0631,2025-04,32
EMP-0631,2025-05,31
EMP-0631,2025-06,31
EMP-0631,2025-07,31
EMP-0631,2025-08,32
EMP-0631,2025-09,30
EMP-0631,2025-10,30
EMP-0631,2025-11,31
EMP-0631,2025-12,31
EMP-0632,2025-01,59
EMP-0632,2025-02,59
EMP-0632,2025-03,58
EMP-0632,2025-04,55
EMP-0632,2025-05,55
EMP-0632,2025-06,54
EMP-0632,2025-07,53
EMP-0632,2025-08,52
EMP-0632,2025-09,33
EMP-0632,2025-10,32
EMP-0632,2025-11,33
EMP-0632,2025-12,34
EMP-0633,2025-01,57
EMP-0633,2025-02,58
EMP-0633,2025-03,60
EMP-0633,2025-04,60
EMP-0633,2025-05,57
EMP-0633,2025-06,58
EMP-0633,2025-07,59
EMP-0633,2025-08,57
EMP-0633,2025-09,57
EMP-0633,2025-10,58
EMP-0633,2025-11,58
EMP-0633,2025-12,57
EMP-0634,2025-01,53
EMP-0634,2025-02,53
EMP-0634,2025-03,51
EMP-0634,2025-04,49
EMP-0634,2025-05,50
EMP-0634,2025-06,51
EMP-0634,2025-07,51
EMP-0634,2025-08,51
EMP-0634,2025-09,50
EMP-0634,2025-10,49
EMP-0634,2025-11,49
EMP-0634,2025-12,47
EMP-0635,2025-01,45
EMP-0635,2025-02,45
EMP-0635,2025-03,46
EMP-0635,2025-04,46
EMP-0635,2025-05,47
EMP-0635,2025-06,48
EMP-0635,2025-07,49
EMP-0635,2025-08,49
EMP-0635,2025-09,49
EMP-0635,2025-10,48
EMP-0635,2025-11,49
EMP-0635,2025-12,51
EMP-0636,2025-01,48
EMP-0636,2025-02,50
EMP-0636,2025-03,48
EMP-0636,2025-04,47
EMP-0636,2025-05,48
EMP-0636,2025-06,48
EMP-0636,2025-07,49
EMP-0636,2025-08,49
EMP-0636,2025-09,48
EMP-0636,2025-10,48
EMP-0636,2025-11,47
EMP-0636,2025-12,46
EMP-0637,2025-01,58
EMP-0637,2025-02,59
EMP-0637,2025-03,59
EMP-0637,2025-04,57
EMP-0637,2025-05,57
EMP-0637,2025-06,56
EMP-0637,2025-07,57
EMP-0637,2025-08,56
EMP-0637,2025-09,55
EMP-0637,2025-10,55
EMP-0637,2025-11,54
EMP-0637,2025-12,56
EMP-0638,2025-01,34
EMP-0638,2025-02,33
EMP-0638,2025-03,32
EMP-0638,2025-04,32
EMP-0638,2025-05,32
EMP-0638,2025-06,31
EMP-0638,2025-07,32
EMP-0638,2025-08,32
EMP-0638,2025-09,32
EMP-0638,2025-10,33
EMP-0638,2025-11,33
EMP-0638,2025-12,32
EMP-0639,2025-01,17
EMP-0639,2025-02,17
EMP-0639,2025-03,17
EMP-0639,2025-04,17
EMP-0639,2025-05,17
EMP-0639,2025-06,17
EMP-0639,2025-07,17
EMP-0639,2025-08,17
EMP-0639,2025-09,17
EMP-0639,2025-10,17
EMP-0639,2025-11,16
EMP-0639,2025-12,16
EMP-0640,2025-01,30
EMP-0640,2025-02,30
EMP-0640,2025-03,30
EMP-0640,2025-04,30
EMP-0640,2025-05,30
EMP-0640,2025-06,29
EMP-0640,2025-07,29
EMP-0640,2025-08,29
EMP-0640,2025-09,28
EMP-0640,2025-10,28
EMP-0640,2025-11,28
EMP-0640,2025-12,28
EMP-0641,2025-01,40
EMP-0641,2025-02,37
EMP-0641,2025-03,36
EMP-0641,2025-04,36
EMP-0641,2025-05,37
EMP-0641,2025-06,36
EMP-0641,2025-07,36
EMP-0641,2025-08,37
EMP-0641,2025-09,36
EMP-0641,2025-10,36
EMP-0641,2025-11,35
EMP-0641,2025-12,35
EMP-0642,2025-01,52
EMP-0642,2025-02,51
EMP-0642,2025-03,54
EMP-0642,2025-04,55
EMP-0642,2025-05,56
EMP-0642,2025-06,57
EMP-0642,2025-07,55
EMP-0642,2025-08,55
EMP-0642,2025-09,56
EMP-0642,2025-10,55
EMP-0642,2025-11,56
EMP-0642,2025-12,57
EMP-0643,2025-01,19
EMP-0643,2025-02,19
EMP-0643,2025-03,19
EMP-0643,2025-04,19
EMP-0643,2025-05,20
EMP-0643,2025-06,19
EMP-0643,2025-07,18
EMP-0643,2025-08,18
EMP-0643,2025-09,18
EMP-0643,2025-10,18
EMP-0643,2025-11,18
EMP-0643,2025-12,18
EMP-0644,2025-01,14
EMP-0644,2025-02,15
EMP-0644,2025-03,15
EMP-0644,2025-04,15
EMP-0644,2025-05,15
EMP-0644,2025-06,15
EMP-0644,2025-07,15
EMP-0644,2025-08,15
EMP-0644,2025-09,15
EMP-0644,2025-10,15
EMP-0644,2025-11,15
EMP-0644,2025-12,14
EMP-0645,2025-01,28
EMP-0645,2025-02,28
EMP-0645,2025-03,29
EMP-0645,2025-04,29
EMP-0645,2025-05,29
EMP-0645,2025-06,29
EMP-0645,2025-07,30
EMP-0645,2025-08,30
EMP-0645,2025-09,29
EMP-0645,2025-10,29
EMP-0645,2025-11,29
EMP-0645,2025-12,29
EMP-0646,2025-01,35
EMP-0646,2025-02,34
EMP-0646,2025-03,34
EMP-0646,2025-04,34
EMP-0646,2025-05,33
EMP-0646,2025-06,33
EMP-0646,2025-07,33
EMP-0646,2025-08,31
EMP-0646,2025-09,31
EMP-0646,2025-10,30
EMP-0646,2025-11,30
EMP-0646,2025-12,30
EMP-0647,2025-01,114
EMP-0647,2025-02,118
EMP-0647,2025-03,120
EMP-0647,2025-04,122
EMP-0647,2025-05,121
EMP-0647,2025-06,122
EMP-0647,2025-07,121
EMP-0647,2025-08,121
EMP-0647,2025-09,122
EMP-0647,2025-10,121
EMP-0647,2025-11,125
EMP-0647,2025-12,125
EMP-0648,2025-01,96
EMP-0648,2025-02,99
EMP-0648,2025-03,101
EMP-0648,2025-04,98
EMP-0648,2025-05,99
EMP-0648,2025-06,101
EMP-0648,2025-07,103
EMP-0648,2025-08,101
EMP-0648,2025-09,100
EMP-0648,2025-10,102
EMP-0648,2025-11,100
EMP-0648,2025-12,99
EMP-0649,2025-01,129
EMP-0649,2025-02,129
EMP-0649,2025-03,127
EMP-0649,2025-04,125
EMP-0649,2025-05,126
EMP-0649,2025-06,123
EMP-0649,2025-07,122
EMP-0649,2025-08,123
EMP-0649,2025-09,126
EMP-0649,2025-10,128
EMP-0649,2025-11,126
EMP-0649,2025-12,129
EMP-0650,2025-01,133
EMP-0650,2025-02,130
EMP-0650,2025-03,130
EMP-0650,2025-04,134
EMP-0650,2025-05,134
EMP-0650,2025-06,84
EMP-0650,2025-07,85
EMP-0650,2025-08,86
EMP-0650,2025-09,83
EMP-0650,2025-10,84
EMP-0650,2025-11,84
EMP-0650,2025-12,84
EMP-0651,2025-01,147
EMP-0651,2025-02,148
EMP-0651,2025-03,147
EMP-0651,2025-04,147
EMP-0651,2025-05,147
EMP-0651,2025-06,142
EMP-0651,2025-07,150
EMP-0651,2025-08,152
EMP-0651,2025-09,153
EMP-0651,2025-10,155
EMP-0651,2025-11,157
EMP-0651,2025-12,157
EMP-0652,2025-01,89
EMP-0652,2025-02,90
EMP-0652,2025-03,91
EMP-0652,2025-04,90
EMP-0652,2025-05,93
EMP-0652,2025-06,94
EMP-0652,2025-07,95
EMP-0652,2025-08,98
EMP-0652,2025-09,98
EMP-0652,2025-10,99
EMP-0652,2025-11,101
EMP-0652,2025-12,100
EMP-0653,2025-01,61
EMP-0653,2025-02,61
EMP-0653,2025-03,60
EMP-0653,2025-04,63
EMP-0653,2025-05,61
EMP-0653,2025-06,59
EMP-0653,2025-07,61
EMP-0653,2025-08,62
EMP-0653,2025-09,61
EMP-0653,2025-10,62
EMP-0653,2025-11,64
EMP-0653,2025-12,64
EMP-0654,2025-01,197
EMP-0654,2025-02,190
EMP-0654,2025-03,193
EMP-0654,2025-04,198
EMP-0654,2025-05,202
EMP-0654,2025-06,201
EMP-0654,2025-07,200
EMP-0654,2025-08,202
EMP-0654,2025-09,205
EMP-0654,2025-10,207
EMP-0654,2025-11,211
EMP-0654,2025-12,207
EMP-0655,2025-01,169
EMP-0655,2025-02,166
EMP-0655,2025-03,165
EMP-0655,2025-04,168
EMP-0655,2025-05,168
EMP-0655,2025-06,177
EMP-0655,2025-07,178
EMP-0655,2025-08,178
EMP-0655,2025-09,178
EMP-0655,2025-10,176
EMP-0655,2025-11,176
EMP-0655,2025-12,180
EMP-0656,2025-01,104
EMP-0656,2025-02,102
EMP-0656,2025-03,100
EMP-0656,2025-04,99
EMP-0656,2025-05,99
EMP-0656,2025-06,101
EMP-0656,2025-07,98
EMP-0656,2025-08,97
EMP-0656,2025-09,97
EMP-0656,2025-10,93
EMP-0656,2025-11,91
EMP-0656,2025-12,90
EMP-0657,2025-01,92
EMP-0657,2025-02,92
EMP-0657,2025-03,92
EMP-0657,2025-04,91
EMP-0657,2025-05,92
EMP-0657,2025-06,95
EMP-0657,2025-07,98
EMP-0657,2025-08,94
EMP-0657,2025-09,95
EMP-0657,2025-10,95
EMP-0657,2025-11,95
EMP-0657,2025-12,94
EMP-0658,2025-01,157
EMP-0658,2025-02,157
EMP-0658,2025-03,155
EMP-0658,2025-04,152
EMP-0658,2025-05,151
EMP-0658,2025-06,152
EMP-0658,2025-07,154
EMP-0658,2025-08,157
EMP-0658,2025-09,155
EMP-0658,2025-10,156
EMP-0658,2025-11,159
EMP-0658,2025-12,163
EMP-0659,2025-01,196
EMP-0659,2025-02,195
EMP-0659,2025-03,196
EMP-0659,2025-04,191
EMP-0659,2025-05,190
EMP-0659,2025-06,193
EMP-0659,2025-07,195
EMP-0659,2025-08,194
EMP-0659,2025-09,195
EMP-0659,2025-10,192
EMP-0659,2025-11,195
EMP-0659,2025-12,195
EMP-0660,2025-01,239
EMP-0660,2025-02,237
EMP-0660,2025-03,237
EMP-0660,2025-04,235
EMP-0660,2025-05,238
EMP-0660,2025-06,236
EMP-0660,2025-07,244
EMP-0660,2025-08,251
EMP-0660,2025-09,247
EMP-0660,2025-10,247
EMP-0660,2025-11,244
EMP-0660,2025-12,242
EMP-0661,2025-01,123
EMP-0661,2025-02,122
EMP-0661,2025-03,123
EMP-0661,2025-04,124
EMP-0661,2025-05,122
EMP-0661,2025-06,120
EMP-0661,2025-07,117
EMP-0661,2025-08,115
EMP-0661,2025-09,108
EMP-0661,2025-10,109
EMP-0661,2025-11,113
EMP-0661,2025-12,113
EMP-0662,2025-01,183
EMP-0662,2025-02,181
EMP-0662,2025-03,179
EMP-0662,2025-04,175
EMP-0662,2025-05,178
EMP-0662,2025-06,181
EMP-0662,2025-07,177
EMP-0662,2025-08,180
EMP-0662,2025-09,185
EMP-0662,2025-10,192
EMP-0662,2025-11,203
EMP-0662,2025-12,199
EMP-0663,2025-01,214
EMP-0663,2025-02,212
EMP-0663,2025-03,209
EMP-0663,2025-04,210
EMP-0663,2025-05,208
EMP-0663,2025-06,210
EMP-0663,2025-07,204
EMP-0663,2025-08,203
EMP-0663,2025-09,208
EMP-0663,2025-10,208
EMP-0663,2025-11,209
EMP-0663,2025-12,211
EMP-0664,2025-01,236
EMP-0664,2025-02,228
EMP-0664,2025-03,231
EMP-0664,2025-04,230
EMP-0664,2025-05,231
EMP-0664,2025-06,236
EMP-0664,2025-07,230
EMP-0664,2025-08,225
EMP-0664,2025-09,216
EMP-0664,2025-10,214
EMP-0664,2025-11,220
EMP-0664,2025-12,219
EMP-0665,2025-01,146
EMP-0665,2025-02,145
EMP-0665,2025-03,141
EMP-0665,2025-04,138
EMP-0665,2025-05,139
EMP-0665,2025-06,136
EMP-0665,2025-07,139
EMP-0665,2025-08,139
EMP-0665,2025-09,139
EMP-0665,2025-10,138
EMP-0665,2025-11,140
EMP-0665,2025-12,142
EMP-0666,2025-01,79
EMP-0666,2025-02,80
EMP-0666,2025-03,80
EMP-0666,2025-04,81
EMP-0666,2025-05,80
EMP-0666,2025-06,80
EMP-0666,2025-07,80
EMP-0666,2025-08,79
EMP-0666,2025-09,78
EMP-0666,2025-10,79
EMP-0666,2025-11,81
EMP-0666,2025-12,83
EMP-0667,2025-01,157
EMP-0667,2025-02,161
EMP-0667,2025-03,160
EMP-0667,2025-04,162
EMP-0667,2025-05,159
EMP-0667,2025-06,159
EMP-0667,2025-07,160
EMP-0667,2025-08,155
EMP-0667,2025-09,157
EMP-0667,2025-10,161
EMP-0667,2025-11,160
EMP-0667,2025-12,164
EMP-0668,2025-01,248
EMP-0668,2025-02,252
EMP-0668,2025-03,241
EMP-0668,2025-04,253
EMP-0668,2025-05,261
EMP-0668,2025-06,260
EMP-0668,2025-07,250
EMP-0668,2025-08,251
EMP-0668,2025-09,244
EMP-0668,2025-10,246
EMP-0668,2025-11,248
EMP-0668,2025-12,243
EMP-0669,2025-01,72
EMP-0669,2025-02,73
EMP-0669,2025-03,74
EMP-0669,2025-04,74
EMP-0669,2025-05,72
EMP-0669,2025-06,73
EMP-0669,2025-07,73
EMP-0669,2025-08,71
EMP-0669,2025-09,73
EMP-0669,2025-10,76
EMP-0669,2025-11,76
EMP-0669,2025-12,79
EMP-0670,2025-01,171
EMP-0670,2025-02,170
EMP-0670,2025-03,168
EMP-0670,2025-04,174
EMP-0670,2025-05,171
EMP-0670,2025-06,174
EMP-0670,2025-07,172
EMP-0670,2025-08,170
EMP-0670,2025-09,174
EMP-0670,2025-10,173
EMP-0670,2025-11,172
EMP-0670,2025-12,176
EMP-0671,2025-01,66
EMP-0671,2025-02,67
EMP-0671,2025-03,66
EMP-0671,2025-04,65
EMP-0671,2025-05,65
EMP-0671,2025-06,65
EMP-0671,2025-07,64
EMP-0671,2025-08,65
EMP-0671,2025-09,65
EMP-0671,2025-10,63
EMP-0671,2025-11,62
EMP-0671,2025-12,61
EMP-0672,2025-01,177
EMP-0672,2025-02,184
EMP-0672,2025-03,185
EMP-0672,2025-04,182
EMP-0672,2025-05,183
EMP-0672,2025-06,182
EMP-0672,2025-07,183
EMP-0672,2025-08,185
EMP-0672,2025-09,189
EMP-0672,2025-10,189
EMP-0672,2025-11,195
EMP-0672,2025-12,199
EMP-0673,2025-01,78
EMP-0673,2025-02,81
EMP-0673,2025-03,82
EMP-0673,2025-04,81
EMP-0673,2025-05,84
EMP-0673,2025-06,87
EMP-0673,2025-07,87
EMP-0673,2025-08,86
EMP-0673,2025-09,86
EMP-0673,2025-10,87
EMP-0673,2025-11,89
EMP-0673,2025-12,90
EMP-0674,2025-01,140
EMP-0674,2025-02,144
EMP-0674,2025-03,143
EMP-0674,2025-04,146
EMP-0674,2025-05,145
EMP-0674,2025-06,146
EMP-0674,2025-07,146
EMP-0674,2025-08,146
EMP-0674,2025-09,145
EMP-0674,2025-10,149
EMP-0674,2025-11,147
EMP-0674,2025-12,145
EMP-0675,2025-01,216
EMP-0675,2025-02,220
EMP-0675,2025-03,210
EMP-0675,2025-04,208
EMP-0675,2025-05,200
EMP-0675,2025-06,196
EMP-0675,2025-07,184
EMP-0675,2025-08,183
EMP-0675,2025-09,179
EMP-0675,2025-10,179
EMP-0675,2025-11,173
EMP-0675,2025-12,173
EMP-0676,2025-01,168
EMP-0676,2025-02,173
EMP-0676,2025-03,178
EMP-0676,2025-04,181
EMP-0676,2025-05,180
EMP-0676,2025-06,187
EMP-0676,2025-07,181
EMP-0676,2025-08,176
EMP-0676,2025-09,176
EMP-0676,2025-10,184
EMP-0676,2025-11,183
EMP-0676,2025-12,182
EMP-0677,2025-01,200
EMP-0677,2025-02,204
EMP-0677,2025-03,208
EMP-0677,2025-04,211
EMP-0677,2025-05,208
EMP-0677,2025-06,205
EMP-0677,2025-07,200
EMP-0677,2025-08,200
EMP-0677,2025-09,196
EMP-0677,2025-10,191
EMP-0677,2025-11,189
EMP-0677,2025-12,187
EMP-0678,2025-01,161
EMP-0678,2025-02,163
EMP-0678,2025-03,163
EMP-0678,2025-04,162
EMP-0678,2025-05,163
EMP-0678,2025-06,160
EMP-0678,2025-07,160
EMP-0678,2025-08,160
EMP-0678,2025-09,155
EMP-0678,2025-10,158
EMP-0678,2025-11,155
EMP-0678,2025-12,155
EMP-0679,2025-01,247
EMP-0679,2025-02,252
EMP-0679,2025-03,252
EMP-0679,2025-04,250
EMP-0679,2025-05,255
EMP-0679,2025-06,258
EMP-0679,2025-07,255
EMP-0679,2025-08,251
EMP-0679,2025-09,241
EMP-0679,2025-10,242
EMP-0679,2025-11,242
EMP-0679,2025-12,247
EMP-0680,2025-01,225
EMP-0680,2025-02,231
EMP-0680,2025-03,228
EMP-0680,2025-04,233
EMP-0680,2025-05,231
EMP-0680,2025-06,235
EMP-0680,2025-07,228
EMP-0680,2025-08,229
EMP-0680,2025-09,220
EMP-0680,2025-10,219
EMP-0680,2025-11,221
EMP-0680,2025-12,219
EMP-0681,2025-01,663
EMP-0681,2025-02,674
EMP-0681,2025-03,673
EMP-0681,2025-04,666
EMP-0681,2025-05,667
EMP-0681,2025-06,702
EMP-0681,2025-07,718
EMP-0681,2025-08,735
EMP-0681,2025-09,741
EMP-0681,2025-10,743
EMP-0681,2025-11,707
EMP-0681,2025-12,697
EMP-0682,2025-01,541
EMP-0682,2025-02,521
EMP-0682,2025-03,509
EMP-0682,2025-04,489
EMP-0682,2025-05,489
EMP-0682,2025-06,497
EMP-0682,2025-07,508
EMP-0682,2025-08,512
EMP-0682,2025-09,502
EMP-0682,2025-10,483
EMP-0682,2025-11,466
EMP-0682,2025-12,454
EMP-0683,2025-01,360
EMP-0683,2025-02,359
EMP-0683,2025-03,352
EMP-0683,2025-04,354
EMP-0683,2025-05,352
EMP-0683,2025-06,352
EMP-0683,2025-07,360
EMP-0683,2025-08,352
EMP-0683,2025-09,355
EMP-0683,2025-10,355
EMP-0683,2025-11,353
EMP-0683,2025-12,359
EMP-0684,2025-01,676
EMP-0684,2025-02,663
EMP-0684,2025-03,661
EMP-0684,2025-04,665
EMP-0684,2025-05,661
EMP-0684,2025-06,669
EMP-0684,2025-07,673
EMP-0684,2025-08,698
EMP-0684,2025-09,677
EMP-0684,2025-10,675
EMP-0684,2025-11,663
EMP-0684,2025-12,671
EMP-0685,2025-01,262
EMP-0685,2025-02,264
EMP-0685,2025-03,261
EMP-0685,2025-04,257
EMP-0685,2025-05,250
EMP-0685,2025-06,248
EMP-0685,2025-07,253
EMP-0685,2025-08,253
EMP-0685,2025-09,256
EMP-0685,2025-10,265
EMP-0685,2025-11,266
EMP-0685,2025-12,263
EMP-0686,2025-01,587
EMP-0686,2025-02,581
EMP-0686,2025-03,575
EMP-0686,2025-04,558
EMP-0686,2025-05,568
EMP-0686,2025-06,564
EMP-0686,2025-07,566
EMP-0686,2025-08,554
EMP-0686,2025-09,559
EMP-0686,2025-10,550
EMP-0686,2025-11,548
EMP-0686,2025-12,558
EMP-0687,2025-01,432
EMP-0687,2025-02,432
EMP-0687,2025-03,417
EMP-0687,2025-04,442
EMP-0687,2025-05,457
EMP-0687,2025-06,464
EMP-0687,2025-07,457
EMP-0687,2025-08,456
EMP-0687,2025-09,451
EMP-0687,2025-10,462
EMP-0687,2025-11,464
EMP-0687,2025-12,457
EMP-0688,2025-01,874
EMP-0688,2025-02,894
EMP-0688,2025-03,923
EMP-0688,2025-04,951
EMP-0688,2025-05,965
EMP-0688,2025-06,960
EMP-0688,2025-07,898
EMP-0688,2025-08,903
EMP-0688,2025-09,903
EMP-0688,2025-10,906
EMP-0688,2025-11,907
EMP-0688,2025-12,883
EMP-0689,2025-01,729
EMP-0689,2025-02,738
EMP-0689,2025-03,748
EMP-0689,2025-04,762
EMP-0689,2025-05,771
EMP-0689,2025-06,765
EMP-0689,2025-07,764
EMP-0689,2025-08,765
EMP-0689,2025-09,767
EMP-0689,2025-10,782
EMP-0689,2025-11,792
EMP-0689,2025-12,825
EMP-0690,2025-01,647
EMP-0690,2025-02,648
EMP-0690,2025-03,598
EMP-0690,2025-04,613
EMP-0690,2025-05,606
EMP-0690,2025-06,596
EMP-0690,2025-07,591
EMP-0690,2025-08,586
EMP-0690,2025-09,593
EMP-0690,2025-10,575
EMP-0690,2025-11,563
EMP-0690,2025-12,567
EMP-0691,2025-01,344
EMP-0691,2025-02,348
EMP-0691,2025-03,343
EMP-0691,2025-04,336
EMP-0691,2025-05,333
EMP-0691,2025-06,335
EMP-0691,2025-07,345
EMP-0691,2025-08,331
EMP-0691,2025-09,330
EMP-0691,2025-10,321
EMP-0691,2025-11,310
EMP-0691,2025-12,316
EMP-0692,2025-01,705
EMP-0692,2025-02,711
EMP-0692,2025-03,724
EMP-0692,2025-04,717
EMP-0692,2025-05,711
EMP-0692,2025-06,742
EMP-0692,2025-07,738
EMP-0692,2025-08,749
EMP-0692,2025-09,749
EMP-0692,2025-10,721
EMP-0692,2025-11,692
EMP-0692,2025-12,684
EMP-0693,2025-01,366
EMP-0693,2025-02,372
EMP-0693,2025-03,379
EMP-0693,2025-04,372
EMP-0693,2025-05,384
EMP-0693,2025-06,377
EMP-0693,2025-07,379
EMP-0693,2025-08,379
EMP-0693,2025-09,378
EMP-0693,2025-10,388
EMP-0693,2025-11,383
EMP-0693,2025-12,373
EMP-0694,2025-01,499
EMP-0694,2025-02,495
EMP-0694,2025-03,528
EMP-0694,2025-04,535
EMP-0694,2025-05,531
EMP-0694,2025-06,520
EMP-0694,2025-07,500
EMP-0694,2025-08,490
EMP-0694,2025-09,491
EMP-0694,2025-10,505
EMP-0694,2025-11,516
EMP-0694,2025-12,518
EMP-0695,2025-01,692
EMP-0695,2025-02,696
EMP-0695,2025-03,689
EMP-0695,2025-04,713
EMP-0695,2025-05,710
EMP-0695,2025-06,709
EMP-0695,2025-07,678
EMP-0695,2025-08,675
EMP-0695,2025-09,686
EMP-0695,2025-10,671
EMP-0695,2025-11,661
EMP-0695,2025-12,671
EMP-0696,2025-01,828
EMP-0696,2025-02,846
EMP-0696,2025-03,837
EMP-0696,2025-04,830
EMP-0696,2025-05,811
EMP-0696,2025-06,817
EMP-0696,2025-07,857
EMP-0696,2025-08,870
EMP-0696,2025-09,855
EMP-0696,2025-10,874
EMP-0696,2025-11,868
EMP-0696,2025-12,892
EMP-0697,2025-01,671
EMP-0697,2025-02,632
EMP-0697,2025-03,619
EMP-0697,2025-04,631
EMP-0697,2025-05,633
EMP-0697,2025-06,620
EMP-0697,2025-07,612
EMP-0697,2025-08,589
EMP-0697,2025-09,588
EMP-0697,2025-10,614
EMP-0697,2025-11,624
EMP-0697,2025-12,651
EMP-0698,2025-01,800
EMP-0698,2025-02,816
EMP-0698,2025-03,848
EMP-0698,2025-04,854
EMP-0698,2025-05,851
EMP-0698,2025-06,869
EMP-0698,2025-07,894
EMP-0698,2025-08,885
EMP-0698,2025-09,872
EMP-0698,2025-10,874
EMP-0698,2025-11,889
EMP-0698,2025-12,903
EMP-0699,2025-01,321
EMP-0699,2025-02,333
EMP-0699,2025-03,329
EMP-0699,2025-04,327
EMP-0699,2025-05,321
EMP-0699,2025-06,338
EMP-0699,2025-07,340
EMP-0699,2025-08,334
EMP-0699,2025-09,340
EMP-0699,2025-10,345
EMP-0699,2025-11,344
EMP-0699,2025-12,350
EMP-0700,2025-01,644
EMP-0700,2025-02,638
EMP-0700,2025-03,612
EMP-0700,2025-04,596
EMP-0700,2025-05,618
EMP-0700,2025-06,638
EMP-0700,2025-07,639
EMP-0700,2025-08,660
EMP-0700,2025-09,658
EMP-0700,2025-10,655
EMP-0700,2025-11,656
EMP-0700,2025-12,654
EMP-0701,2025-01,565
EMP-0701,2025-02,578
EMP-0701,2025-03,580
EMP-0701,2025-04,588
EMP-0701,2025-05,600
EMP-0701,2025-06,605
EMP-0701,2025-07,593
EMP-0701,2025-08,577
EMP-0701,2025-09,579
EMP-0701,2025-10,577
EMP-0701,2025-11,578
EMP-0701,2025-12,578
EMP-0702,2025-01,628
EMP-0702,2025-02,611
EMP-0702,2025-03,587
EMP-0702,2025-04,591
EMP-0702,2025-05,587
EMP-0702,2025-06,591
EMP-0702,2025-07,598
EMP-0702,2025-08,613
EMP-0702,2025-09,595
EMP-0702,2025-10,588
EMP-0702,2025-11,593
EMP-0702,2025-12,602
EMP-0703,2025-01,497
EMP-0703,2025-02,506
EMP-0703,2025-03,505
EMP-0703,2025-04,496
EMP-0703,2025-05,490
EMP-0703,2025-06,484
EMP-0703,2025-07,490
EMP-0703,2025-08,493
EMP-0703,2025-09,480
EMP-0703,2025-10,476
EMP-0703,2025-11,484
EMP-0703,2025-12,487
EMP-0704,2025-01,598
EMP-0704,2025-02,603
EMP-0704,2025-03,623
EMP-0704,2025-04,626
EMP-0704,2025-05,621
EMP-0704,2025-06,610
EMP-0704,2025-07,613
EMP-0704,2025-08,583
EMP-0704,2025-09,581
EMP-0704,2025-10,579
EMP-0704,2025-11,563
EMP-0704,2025-12,553
EMP-0705,2025-01,429
EMP-0705,2025-02,431
EMP-0705,2025-03,432
EMP-0705,2025-04,435
EMP-0705,2025-05,436
EMP-0705,2025-06,447
EMP-0705,2025-07,448
EMP-0705,2025-08,435
EMP-0705,2025-09,449
EMP-0705,2025-10,452
EMP-0705,2025-11,447
EMP-0705,2025-12,436
EMP-0706,2025-01,331
EMP-0706,2025-02,330
EMP-0706,2025-03,340
EMP-0706,2025-04,338
EMP-0706,2025-05,332
EMP-0706,2025-06,338
EMP-0706,2025-07,344
EMP-0706,2025-08,345
EMP-0706,2025-09,350
EMP-0706,2025-10,350
EMP-0706,2025-11,352
EMP-0706,2025-12,360
EMP-0707,2025-01,782
EMP-0707,2025-02,779
EMP-0707,2025-03,800
EMP-0707,2025-04,762
EMP-0707,2025-05,793
EMP-0707,2025-06,766
EMP-0707,2025-07,756
EMP-0707,2025-08,755
EMP-0707,2025-09,753
EMP-0707,2025-10,768
EMP-0707,2025-11,752
EMP-0707,2025-12,756
EMP-0708,2025-01,888
EMP-0708,2025-02,893
EMP-0708,2025-03,892
EMP-0708,2025-04,894
EMP-0708,2025-05,884
EMP-0708,2025-06,875
EMP-0708,2025-07,880
EMP-0708,2025-08,897
EMP-0708,2025-09,886
EMP-0708,2025-10,871
EMP-0708,2025-11,882
EMP-0708,2025-12,881
EMP-0709,2025-01,372
EMP-0709,2025-02,365
EMP-0709,2025-03,352
EMP-0709,2025-04,348
EMP-0709,2025-05,343
EMP-0709,2025-06,342
EMP-0709,2025-07,338
EMP-0709,2025-08,343
EMP-0709,2025-09,341
EMP-0709,2025-10,342
EMP-0709,2025-11,343
EMP-0709,2025-12,344
EMP-0710,2025-01,793
EMP-0710,2025-02,801
EMP-0710,2025-03,788
EMP-0710,2025-04,810
EMP-0710,2025-05,806
EMP-0710,2025-06,785
EMP-0710,2025-07,788
EMP-0710,2025-08,775
EMP-0710,2025-09,785
EMP-0710,2025-10,820
EMP-0710,2025-11,807
EMP-0710,2025-12,812
EMP-0711,2025-01,745
EMP-0711,2025-02,752
EMP-0711,2025-03,739
EMP-0711,2025-04,730
EMP-0711,2025-05,714
EMP-0711,2025-06,724
EMP-0711,2025-07,739
EMP-0711,2025-08,739
EMP-0711,2025-09,726
EMP-0711,2025-10,749
EMP-0711,2025-11,738
EMP-0711,2025-12,706
EMP-0712,2025-01,452
EMP-0712,2025-02,442
EMP-0712,2025-03,451
EMP-0712,2025-04,448
EMP-0712,2025-05,453
EMP-0712,2025-06,466
EMP-0712,2025-07,455
EMP-0712,2025-08,450
EMP-0712,2025-09,449
EMP-0712,2025-10,463
EMP-0712,2025-11,457
EMP-0712,2025-12,452
EMP-0713,2025-01,613
EMP-0713,2025-02,606
EMP-0713,2025-03,608
EMP-0713,2025-04,589
EMP-0713,2025-05,615
EMP-0713,2025-06,598
EMP-0713,2025-07,594
EMP-0713,2025-08,594
EMP-0713,2025-09,617
EMP-0713,2025-10,601
EMP-0713,2025-11,625
EMP-0713,2025-12,634
EMP-0714,2025-01,614
EMP-0714,2025-02,602
EMP-0714,2025-03,609
EMP-0714,2025-04,600
EMP-0714,2025-05,615
EMP-0714,2025-06,603
EMP-0714,2025-07,602
EMP-0714,2025-08,595
EMP-0714,2025-09,583
EMP-0714,2025-10,592
EMP-0714,2025-11,598
EMP-0714,2025-12,612
EMP-0715,2025-01,54
EMP-0715,2025-02,55
EMP-0715,2025-03,58
EMP-0715,2025-04,57
EMP-0715,2025-05,59
EMP-0715,2025-06,59
EMP-0715,2025-07,57
EMP-0715,2025-08,57
EMP-0715,2025-09,58
EMP-0715,2025-10,57
EMP-0715,2025-11,56
EMP-0715,2025-12,57
EMP-0716,2025-01,24
EMP-0716,2025-02,24
EMP-0716,2025-03,24
EMP-0716,2025-04,24
EMP-0716,2025-05,24
EMP-0716,2025-06,24
EMP-0716,2025-07,24
EMP-0716,2025-08,25
EMP-0716,2025-09,25
EMP-0716,2025-10,26
EMP-0716,2025-11,26
EMP-0716,2025-12,26
EMP-0717,2025-01,30
EMP-0717,2025-02,29
EMP-0717,2025-03,28
EMP-0717,2025-04,27
EMP-0717,2025-05,27
EMP-0717,2025-06,27
EMP-0717,2025-07,28
EMP-0717,2025-08,28
EMP-0717,2025-09,28
EMP-0717,2025-10,27
EMP-0717,2025-11,27
EMP-0717,2025-12,28
EMP-0718,2025-01,22
EMP-0718,2025-02,22
EMP-0718,2025-03,22
EMP-0718,2025-04,23
EMP-0718,2025-05,23
EMP-0718,2025-06,23
EMP-0718,2025-07,23
EMP-0718,2025-08,22
EMP-0718,2025-09,22
EMP-0718,2025-10,22
EMP-0718,2025-11,22
EMP-0718,2025-12,23
EMP-0719,2025-01,24
EMP-0719,2025-02,25
EMP-0719,2025-03,25
EMP-0719,2025-04,25
EMP-0719,2025-05,24
EMP-0719,2025-06,24
EMP-0719,2025-07,24
EMP-0719,2025-08,24
EMP-0719,2025-09,24
EMP-0719,2025-10,24
EMP-0719,2025-11,24
EMP-0719,2025-12,25
EMP-0720,2025-01,31
EMP-0720,2025-02,32
EMP-0720,2025-03,32
EMP-0720,2025-04,32
EMP-0720,2025-05,33
EMP-0720,2025-06,33
EMP-0720,2025-07,31
EMP-0720,2025-08,31
EMP-0720,2025-09,32
EMP-0720,2025-10,32
EMP-0720,2025-11,32
EMP-0720,2025-12,31
EMP-0721,2025-01,27
EMP-0721,2025-02,27
EMP-0721,2025-03,27
EMP-0721,2025-04,28
EMP-0721,2025-05,28
EMP-0721,2025-06,28
EMP-0721,2025-07,28
EMP-0721,2025-08,27
EMP-0721,2025-09,26
EMP-0721,2025-10,26
EMP-0721,2025-11,26
EMP-0721,2025-12,26
EMP-0722,2025-01,25
EMP-0722,2025-02,25
EMP-0722,2025-03,25
EMP-0722,2025-04,25
EMP-0722,2025-05,26
EMP-0722,2025-06,25
EMP-0722,2025-07,25
EMP-0722,2025-08,25
EMP-0722,2025-09,26
EMP-0722,2025-10,25
EMP-0722,2025-11,26
EMP-0722,2025-12,26
EMP-0723,2025-01,53
EMP-0723,2025-02,53
EMP-0723,2025-03,53
EMP-0723,2025-04,54
EMP-0723,2025-05,53
EMP-0723,2025-06,53
EMP-0723,2025-07,53
EMP-0723,2025-08,52
EMP-0723,2025-09,55
EMP-0723,2025-10,55
EMP-0723,2025-11,56
EMP-0723,2025-12,57
EMP-0724,2025-01,23
EMP-0724,2025-02,24
EMP-0724,2025-03,23
EMP-0724,2025-04,23
EMP-0724,2025-05,23
EMP-0724,2025-06,23
EMP-0724,2025-07,23
EMP-0724,2025-08,23
EMP-0724,2025-09,23
EMP-0724,2025-10,23
EMP-0724,2025-11,22
EMP-0724,2025-12,22
EMP-0725,2025-01,57
EMP-0725,2025-02,59
EMP-0725,2025-03,58
EMP-0725,2025-04,59
EMP-0725,2025-05,59
EMP-0725,2025-06,60
EMP-0725,2025-07,61
EMP-0725,2025-08,61
EMP-0725,2025-09,61
EMP-0725,2025-10,62
EMP-0725,2025-11,63
EMP-0725,2025-12,62
EMP-0726,2025-01,18
EMP-0726,2025-02,18
EMP-0726,2025-03,19
EMP-0726,2025-04,19
EMP-0726,2025-05,19
EMP-0726,2025-06,19
EMP-0726,2025-07,19
EMP-0726,2025-08,19
EMP-0726,2025-09,19
EMP-0726,2025-10,19
EMP-0726,2025-11,20
EMP-0726,2025-12,20
EMP-0727,2025-01,27
EMP-0727,2025-02,27
EMP-0727,2025-03,27
EMP-0727,2025-04,26
EMP-0727,2025-05,25
EMP-0727,2025-06,25
EMP-0727,2025-07,25
EMP-0727,2025-08,24
EMP-0727,2025-09,23
EMP-0727,2025-10,23
EMP-0727,2025-11,23
EMP-0727,2025-12,23
EMP-0728,2025-01,56
EMP-0728,2025-02,55
EMP-0728,2025-03,55
EMP-0728,2025-04,57
EMP-0728,2025-05,57
EMP-0728,2025-06,57
EMP-0728,2025-07,60
EMP-0728,2025-08,58
EMP-0728,2025-09,59
EMP-0728,2025-10,61
EMP-0728,2025-11,61
EMP-0728,2025-12,62
EMP-0729,2025-01,45
EMP-0729,2025-02,44
EMP-0729,2025-03,44
EMP-0729,2025-04,45
EMP-0729,2025-05,46
EMP-0729,2025-06,47
EMP-0729,2025-07,47
EMP-0729,2025-08,48
EMP-0729,2025-09,48
EMP-0729,2025-10,49
EMP-0729,2025-11,49
EMP-0729,2025-12,49
EMP-0730,2025-01,44
EMP-0730,2025-02,43
EMP-0730,2025-03,42
EMP-0730,2025-04,42
EMP-0730,2025-05,41
EMP-0730,2025-06,42
EMP-0730,2025-07,43
EMP-0730,2025-08,43
EMP-0730,2025-09,42
EMP-0730,2025-10,43
EMP-0730,2025-11,45
EMP-0730,2025-12,45
EMP-0731,2025-01,52
EMP-0731,2025-02,52
EMP-0731,2025-03,53
EMP-0731,2025-04,53
EMP-0731,2025-05,53
EMP-0731,2025-06,54
EMP-0731,2025-07,57
EMP-0731,2025-08,55
EMP-0731,2025-09,55
EMP-0731,2025-10,54
EMP-0731,2025-11,56
EMP-0731,2025-12,55
EMP-0732,2025-01,50
EMP-0732,2025-02,51
EMP-0732,2025-03,53
EMP-0732,2025-04,54
EMP-0732,2025-05,54
EMP-0732,2025-06,54
EMP-0732,2025-07,56
EMP-0732,2025-08,55
EMP-0732,2025-09,55
EMP-0732,2025-10,55
EMP-0732,2025-11,54
EMP-0732,2025-12,54
EMP-0733,2025-01,44
EMP-0733,2025-02,44
EMP-0733,2025-03,45
EMP-0733,2025-04,45
EMP-0733,2025-05,45
EMP-0733,2025-06,44
EMP-0733,2025-07,44
EMP-0733,2025-08,44
EMP-0733,2025-09,44
EMP-0733,2025-10,44
EMP-0733,2025-11,44
EMP-0733,2025-12,44
EMP-0734,2025-01,62
EMP-0734,2025-02,63
EMP-0734,2025-03,64
EMP-0734,2025-04,64
EMP-0734,2025-05,63
EMP-0734,2025-06,63
EMP-0734,2025-07,63
EMP-0734,2025-08,61
EMP-0734,2025-09,59
EMP-0734,2025-10,58
EMP-0734,2025-11,58
EMP-0734,2025-12,58
EMP-0735,2025-01,53
EMP-0735,2025-02,51
EMP-0735,2025-03,50
EMP-0735,2025-04,52
EMP-0735,2025-05,52
EMP-0735,2025-06,53
EMP-0735,2025-07,55
EMP-0735,2025-08,54
EMP-0735,2025-09,54
EMP-0735,2025-10,54
EMP-0735,2025-11,52
EMP-0735,2025-12,52
EMP-0736,2025-01,57
EMP-0736,2025-02,58
EMP-0736,2025-03,59
EMP-0736,2025-04,59
EMP-0736,2025-05,58
EMP-0736,2025-06,59
EMP-0736,2025-07,58
EMP-0736,2025-08,58
EMP-0736,2025-09,58
EMP-0736,2025-10,60
EMP-0736,2025-11,61
EMP-0736,2025-12,59
EMP-0737,2025-01,54
EMP-0737,2025-02,55
EMP-0737,2025-03,55
EMP-0737,2025-04,54
EMP-0737,2025-05,55
EMP-0737,2025-06,55
EMP-0737,2025-07,55
EMP-0737,2025-08,56
EMP-0737,2025-09,56
EMP-0737,2025-10,58
EMP-0737,2025-11,57
EMP-0737,2025-12,58
EMP-0738,2025-01,56
EMP-0738,2025-02,54
EMP-0738,2025-03,54
EMP-0738,2025-04,55
EMP-0738,2025-05,56
EMP-0738,2025-06,56
EMP-0738,2025-07,27
EMP-0738,2025-08,27
EMP-0738,2025-09,27
EMP-0738,2025-10,27
EMP-0738,2025-11,26
EMP-0738,2025-12,27
EMP-0739,2025-01,35
EMP-0739,2025-02,35
EMP-0739,2025-03,35
EMP-0739,2025-04,35
EMP-0739,2025-05,34
EMP-0739,2025-06,34
EMP-0739,2025-07,34
EMP-0739,2025-08,34
EMP-0739,2025-09,33
EMP-0739,2025-10,32
EMP-0739,2025-11,32
EMP-0739,2025-12,33
EMP-0740,2025-01,56
EMP-0740,2025-02,57
EMP-0740,2025-03,56
EMP-0740,2025-04,55
EMP-0740,2025-05,56
EMP-0740,2025-06,57
EMP-0740,2025-07,57
EMP-0740,2025-08,55
EMP-0740,2025-09,54
EMP-0740,2025-10,54
EMP-0740,2025-11,55
EMP-0740,2025-12,56
EMP-0741,2025-01,35
EMP-0741,2025-02,35
EMP-0741,2025-03,35
EMP-0741,2025-04,35
EMP-0741,2025-05,35
EMP-0741,2025-06,35
EMP-0741,2025-07,35
EMP-0741,2025-08,35
EMP-0741,2025-09,35
EMP-0741,2025-10,35
EMP-0741,2025-11,35
EMP-0741,2025-12,36
EMP-0742,2025-01,24
EMP-0742,2025-02,24
EMP-0742,2025-03,24
EMP-0742,2025-04,23
EMP-0742,2025-05,23
EMP-0742,2025-06,23
EMP-0742,2025-07,12
EMP-0742,2025-08,12
EMP-0742,2025-09,12
EMP-0742,2025-10,12
EMP-0742,2025-11,12
EMP-0742,2025-12,12
EMP-0743,2025-01,44
EMP-0743,2025-02,44
EMP-0743,2025-03,44
EMP-0743,2025-04,43
EMP-0743,2025-05,44
EMP-0743,2025-06,45
EMP-0743,2025-07,44
EMP-0743,2025-08,45
EMP-0743,2025-09,45
EMP-0743,2025-10,45
EMP-0743,2025-11,45
EMP-0743,2025-12,44
EMP-0744,2025-01,19
EMP-0744,2025-02,19
EMP-0744,2025-03,19
EMP-0744,2025-04,19
EMP-0744,2025-05,20
EMP-0744,2025-06,20
EMP-0744,2025-07,19
EMP-0744,2025-08,18
EMP-0744,2025-09,18
EMP-0744,2025-10,18
EMP-0744,2025-11,18
EMP-0744,2025-12,18
EMP-0745,2025-01,44
EMP-0745,2025-02,42
EMP-0745,2025-03,42
EMP-0745,2025-04,42
EMP-0745,2025-05,42
EMP-0745,2025-06,23
EMP-0745,2025-07,23
EMP-0745,2025-08,24
EMP-0745,2025-09,23
EMP-0745,2025-10,23
EMP-0745,2025-11,23
EMP-0745,2025-12,23
EMP-0746,2025-01,44
EMP-0746,2025-02,44
EMP-0746,2025-03,42
EMP-0746,2025-04,42
EMP-0746,2025-05,42
EMP-0746,2025-06,42
EMP-0746,2025-07,42
EMP-0746,2025-08,41
EMP-0746,2025-09,41
EMP-0746,2025-10,40
EMP-0746,2025-11,38
EMP-0746,2025-12,38
EMP-0747,2025-01,56
EMP-0747,2025-02,56
EMP-0747,2025-03,58
EMP-0747,2025-04,58
EMP-0747,2025-05,58
EMP-0747,2025-06,58
EMP-0747,2025-07,58
EMP-0747,2025-08,58
EMP-0747,2025-09,58
EMP-0747,2025-10,59
EMP-0747,2025-11,58
EMP-0747,2025-12,57
EMP-0748,2025-01,33
EMP-0748,2025-02,34
EMP-0748,2025-03,34
EMP-0748,2025-04,34
EMP-0748,2025-05,33
EMP-0748,2025-06,33
EMP-0748,2025-07,33
EMP-0748,2025-08,33
EMP-0748,2025-09,32
EMP-0748,2025-10,32
EMP-0748,2025-11,32
EMP-0748,2025-12,32
EMP-0749,2025-01,132
EMP-0749,2025-02,128
EMP-0749,2025-03,129
EMP-0749,2025-04,131
EMP-0749,2025-05,129
EMP-0749,2025-06,127
EMP-0749,2025-07,126
EMP-0749,2025-08,127
EMP-0749,2025-09,127
EMP-0749,2025-10,128
EMP-0749,2025-11,133
EMP-0749,2025-12,132
EMP-0750,2025-01,204
EMP-0750,2025-02,207
EMP-0750,2025-03,214
EMP-0750,2025-04,216
EMP-0750,2025-05,211
EMP-0750,2025-06,210
EMP-0750,2025-07,205
EMP-0750,2025-08,208
EMP-0750,2025-09,202
EMP-0750,2025-10,201
EMP-0750,2025-11,197
EMP-0750,2025-12,197
EMP-0751,2025-01,73
EMP-0751,2025-02,73
EMP-0751,2025-03,73
EMP-0751,2025-04,72
EMP-0751,2025-05,73
EMP-0751,2025-06,73
EMP-0751,2025-07,72
EMP-0751,2025-08,75
EMP-0751,2025-09,76
EMP-0751,2025-10,76
EMP-0751,2025-11,78
EMP-0751,2025-12,81
EMP-0752,2025-01,150
EMP-0752,2025-02,151
EMP-0752,2025-03,148
EMP-0752,2025-04,148
EMP-0752,2025-05,147
EMP-0752,2025-06,148
EMP-0752,2025-07,149
EMP-0752,2025-08,151
EMP-0752,2025-09,152
EMP-0752,2025-10,148
EMP-0752,2025-11,145
EMP-0752,2025-12,143
EMP-0753,2025-01,188
EMP-0753,2025-02,192
EMP-0753,2025-03,188
EMP-0753,2025-04,187
EMP-0753,2025-05,191
EMP-0753,2025-06,190
EMP-0753,2025-07,192
EMP-0753,2025-08,191
EMP-0753,2025-09,192
EMP-0753,2025-10,191
EMP-0753,2025-11,194
EMP-0753,2025-12,188
EMP-0754,2025-01,77
EMP-0754,2025-02,77
EMP-0754,2025-03,78
EMP-0754,2025-04,80
EMP-0754,2025-05,79
EMP-0754,2025-06,81
EMP-0754,2025-07,80
EMP-0754,2025-08,82
EMP-0754,2025-09,83
EMP-0754,2025-10,81
EMP-0754,2025-11,81
EMP-0754,2025-12,81
EMP-0755,2025-01,141
EMP-0755,2025-02,140
EMP-0755,2025-03,139
EMP-0755,2025-04,143
EMP-0755,2025-05,143
EMP-0755,2025-06,145
EMP-0755,2025-07,144
EMP-0755,2025-08,149
EMP-0755,2025-09,147
EMP-0755,2025-10,145
EMP-0755,2025-11,149
EMP-0755,2025-12,148
EMP-0756,2025-01,184
EMP-0756,2025-02,187
EMP-0756,2025-03,186
EMP-0756,2025-04,179
EMP-0756,2025-05,179
EMP-0756,2025-06,179
EMP-0756,2025-07,183
EMP-0756,2025-08,189
EMP-0756,2025-09,186
EMP-0756,2025-10,189
EMP-0756,2025-11,192
EMP-0756,2025-12,196
EMP-0757,2025-01,177
EMP-0757,2025-02,170
EMP-0757,2025-03,169
EMP-0757,2025-04,165
EMP-0757,2025-05,164
EMP-0757,2025-06,167
EMP-0757,2025-07,168
EMP-0757,2025-08,172
EMP-0757,2025-09,173
EMP-0757,2025-10,169
EMP-0757,2025-11,160
EMP-0757,2025-12,160
EMP-0758,2025-01,69
EMP-0758,2025-02,68
EMP-0758,2025-03,66
EMP-0758,2025-04,65
EMP-0758,2025-05,65
EMP-0758,2025-06,66
EMP-0758,2025-07,66
EMP-0758,2025-08,68
EMP-0758,2025-09,67
EMP-0758,2025-10,68
EMP-0758,2025-11,68
EMP-0758,2025-12,69
EMP-0759,2025-01,73
EMP-0759,2025-02,75
EMP-0759,2025-03,75
EMP-0759,2025-04,74
EMP-0759,2025-05,74
EMP-0759,2025-06,74
EMP-0759,2025-07,75
EMP-0759,2025-08,73
EMP-0759,2025-09,73
EMP-0759,2025-10,74
EMP-0759,2025-11,74
EMP-0759,2025-12,76
EMP-0760,2025-01,156
EMP-0760,2025-02,156
EMP-0760,2025-03,157
EMP-0760,2025-04,158
EMP-0760,2025-05,159
EMP-0760,2025-06,153
EMP-0760,2025-07,152
EMP-0760,2025-08,147
EMP-0760,2025-09,151
EMP-0760,2025-10,151
EMP-0760,2025-11,150
EMP-0760,2025-12,153
EMP-0761,2025-01,134
EMP-0761,2025-02,131
EMP-0761,2025-03,131
EMP-0761,2025-04,130
EMP-0761,2025-05,125
EMP-0761,2025-06,123
EMP-0761,2025-07,123
EMP-0761,2025-08,123
EMP-0761,2025-09,119
EMP-0761,2025-10,122
EMP-0761,2025-11,122
EMP-0761,2025-12,122
EMP-0762,2025-11,80
EMP-0762,2025-12,79
EMP-0763,2025-01,227
EMP-0763,2025-02,225
EMP-0763,2025-03,221
EMP-0763,2025-04,224
EMP-0763,2025-05,231
EMP-0763,2025-06,234
EMP-0763,2025-07,238
EMP-0763,2025-08,236
EMP-0763,2025-09,228
EMP-0763,2025-10,235
EMP-0763,2025-11,245
EMP-0763,2025-12,253
EMP-0764,2025-01,82
EMP-0764,2025-02,80
EMP-0764,2025-03,78
EMP-0764,2025-04,75
EMP-0764,2025-05,75
EMP-0764,2025-06,77
EMP-0764,2025-07,77
EMP-0764,2025-08,77
EMP-0764,2025-09,79
EMP-0764,2025-10,78
EMP-0764,2025-11,81
EMP-0764,2025-12,84
EMP-0765,2025-01,216
EMP-0765,2025-02,214
EMP-0765,2025-03,217
EMP-0765,2025-04,215
EMP-0765,2025-05,210
EMP-0765,2025-06,215
EMP-0765,2025-07,220
EMP-0765,2025-08,221
EMP-0765,2025-09,215
EMP-0765,2025-10,210
EMP-0765,2025-11,210
EMP-0765,2025-12,208
EMP-0766,2025-01,211
EMP-0766,2025-02,215
EMP-0766,2025-03,218
EMP-0766,2025-04,224
EMP-0766,2025-05,220
EMP-0766,2025-06,218
EMP-0766,2025-07,221
EMP-0766,2025-08,223
EMP-0766,2025-09,230
EMP-0766,2025-10,232
EMP-0766,2025-11,241
EMP-0766,2025-12,244
EMP-0767,2025-01,193
EMP-0767,2025-02,192
EMP-0767,2025-03,192
EMP-0767,2025-04,195
EMP-0767,2025-05,201
EMP-0767,2025-06,204
EMP-0767,2025-07,204
EMP-0767,2025-08,210
EMP-0767,2025-09,201
EMP-0767,2025-10,195
EMP-0767,2025-11,198
EMP-0767,2025-12,198
EMP-0768,2025-01,160
EMP-0768,2025-02,160
EMP-0768,2025-03,162
EMP-0768,2025-04,159
EMP-0768,2025-05,161
EMP-0768,2025-06,164
EMP-0768,2025-07,168
EMP-0768,2025-08,175
EMP-0768,2025-09,176
EMP-0768,2025-10,177
EMP-0768,2025-11,172
EMP-0768,2025-12,170
EMP-0769,2025-01,177
EMP-0769,2025-02,181
EMP-0769,2025-03,179
EMP-0769,2025-04,182
EMP-0769,2025-05,182
EMP-0769,2025-06,181
EMP-0769,2025-07,182
EMP-0769,2025-08,181
EMP-0769,2025-09,179
EMP-0769,2025-10,173
EMP-0769,2025-11,172
EMP-0769,2025-12,170
EMP-0770,2025-01,206
EMP-0770,2025-02,208
EMP-0770,2025-03,211
EMP-0770,2025-04,212
EMP-0770,2025-05,216
EMP-0770,2025-06,218
EMP-0770,2025-07,217
EMP-0770,2025-08,215
EMP-0770,2025-09,216
EMP-0770,2025-10,218
EMP-0770,2025-11,224
EMP-0770,2025-12,229
EMP-0771,2025-01,199
EMP-0771,2025-02,199
EMP-0771,2025-03,202
EMP-0771,2025-04,206
EMP-0771,2025-05,210
EMP-0771,2025-06,210
EMP-0771,2025-07,205
EMP-0771,2025-08,201
EMP-0771,2025-09,202
EMP-0771,2025-10,203
EMP-0771,2025-11,199
EMP-0771,2025-12,199
EMP-0772,2025-01,252
EMP-0772,2025-02,246
EMP-0772,2025-03,251
EMP-0772,2025-04,249
EMP-0772,2025-05,255
EMP-0772,2025-06,252
EMP-0772,2025-07,247
EMP-0772,2025-08,245
EMP-0772,2025-09,245
EMP-0772,2025-10,243
EMP-0772,2025-11,242
EMP-0772,2025-12,244
EMP-0773,2025-01,70
EMP-0773,2025-02,70
EMP-0773,2025-03,68
EMP-0773,2025-04,69
EMP-0773,2025-05,69
EMP-0773,2025-06,71
EMP-0773,2025-07,70
EMP-0773,2025-08,67
EMP-0773,2025-09,68
EMP-0773,2025-10,68
EMP-0773,2025-11,67
EMP-0773,2025-12,65
EMP-0774,2025-01,180
EMP-0774,2025-02,185
EMP-0774,2025-03,176
EMP-0774,2025-04,174
EMP-0774,2025-05,180
EMP-0774,2025-06,178
EMP-0774,2025-07,176
EMP-0774,2025-08,175
EMP-0774,2025-09,171
EMP-0774,2025-10,165
EMP-0774,2025-11,168
EMP-0774,2025-12,162
EMP-0775,2025-01,207
EMP-0775,2025-02,211
EMP-0775,2025-03,205
EMP-0775,2025-04,201
EMP-0775,2025-05,206
EMP-0775,2025-06,208
EMP-0775,2025-07,205
EMP-0775,2025-08,210
EMP-0775,2025-09,215
EMP-0775,2025-10,216
EMP-0775,2025-11,212
EMP-0775,2025-12,210
EMP-0776,2025-01,227
EMP-0776,2025-02,226
EMP-0776,2025-03,230
EMP-0776,2025-04,223
EMP-0776,2025-05,216
EMP-0776,2025-06,217
EMP-0776,2025-07,215
EMP-0776,2025-08,212
EMP-0776,2025-09,205
EMP-0776,2025-10,205
EMP-0776,2025-11,205
EMP-0776,2025-12,208
EMP-0777,2025-01,108
EMP-0777,2025-02,108
EMP-0777,2025-03,111
EMP-0777,2025-04,108
EMP-0777,2025-05,109
EMP-0777,2025-06,105
EMP-0777,2025-07,103
EMP-0777,2025-08,101
EMP-0777,2025-09,103
EMP-0777,2025-10,103
EMP-0777,2025-11,103
EMP-0777,2025-12,101
EMP-0778,2025-01,141
EMP-0778,2025-02,139
EMP-0778,2025-03,140
EMP-0778,2025-04,137
EMP-0778,2025-05,141
EMP-0778,2025-06,136
EMP-0778,2025-07,134
EMP-0778,2025-08,138
EMP-0778,2025-09,137
EMP-0778,2025-10,133
EMP-0778,2025-11,134
EMP-0778,2025-12,133
EMP-0779,2025-01,210
EMP-0779,2025-02,205
EMP-0779,2025-03,216
EMP-0779,2025-04,215
EMP-0779,2025-05,207
EMP-0779,2025-06,213
EMP-0779,2025-07,216
EMP-0779,2025-08,213
EMP-0779,2025-09,209
EMP-0779,2025-10,212
EMP-0779,2025-11,211
EMP-0779,2025-12,203
EMP-0780,2025-01,187
EMP-0780,2025-02,185
EMP-0780,2025-03,191
EMP-0780,2025-04,196
EMP-0780,2025-05,192
EMP-0780,2025-06,196
EMP-0780,2025-07,193
EMP-0780,2025-08,186
EMP-0780,2025-09,184
EMP-0780,2025-10,185
EMP-0780,2025-11,183
EMP-0780,2025-12,182
EMP-0781,2025-01,192
EMP-0781,2025-02,192
EMP-0781,2025-03,189
EMP-0781,2025-04,192
EMP-0781,2025-05,193
EMP-0781,2025-06,183
EMP-0781,2025-07,185
EMP-0781,2025-08,186
EMP-0781,2025-09,186
EMP-0781,2025-10,189
EMP-0781,2025-11,186
EMP-0781,2025-12,187
EMP-0782,2025-01,95
EMP-0782,2025-02,96
EMP-0782,2025-03,100
EMP-0782,2025-04,98
EMP-0782,2025-05,97
EMP-0782,2025-06,96
EMP-0782,2025-07,96
EMP-0782,2025-08,94
EMP-0782,2025-09,95
EMP-0782,2025-10,97
EMP-0782,2025-11,98
EMP-0782,2025-12,95
EMP-0783,2025-01,319
EMP-0783,2025-02,325
EMP-0783,2025-03,330
EMP-0783,2025-04,332
EMP-0783,2025-05,333
EMP-0783,2025-06,340
EMP-0783,2025-07,353
EMP-0783,2025-08,346
EMP-0783,2025-09,353
EMP-0783,2025-10,352
EMP-0783,2025-11,351
EMP-0783,2025-12,340
EMP-0784,2025-01,707
EMP-0784,2025-02,693
EMP-0784,2025-03,687
EMP-0784,2025-04,672
EMP-0784,2025-05,666
EMP-0784,2025-06,661
EMP-0784,2025-07,662
EMP-0784,2025-08,641
EMP-0784,2025-09,622
EMP-0784,2025-10,627
EMP-0784,2025-11,617
EMP-0784,2025-12,630
EMP-0785,2025-01,357
EMP-0785,2025-02,361
EMP-0785,2025-03,371
EMP-0785,2025-04,369
EMP-0785,2025-05,365
EMP-0785,2025-06,371
EMP-0785,2025-07,375
EMP-0785,2025-08,374
EMP-0785,2025-09,384
EMP-0785,2025-10,382
EMP-0785,2025-11,382
EMP-0785,2025-12,382
EMP-0786,2025-01,590
EMP-0786,2025-02,591
EMP-0786,2025-03,608
EMP-0786,2025-04,613
EMP-0786,2025-05,613
EMP-0786,2025-06,611
EMP-0786,2025-07,615
EMP-0786,2025-08,624
EMP-0786,2025-09,632
EMP-0786,2025-10,628
EMP-0786,2025-11,632
EMP-0786,2025-12,638
EMP-0787,2025-01,329
EMP-0787,2025-02,330
EMP-0787,2025-03,316
EMP-0787,2025-04,319
EMP-0787,2025-05,323
EMP-0787,2025-06,328
EMP-0787,2025-07,325
EMP-0787,2025-08,327
EMP-0787,2025-09,336
EMP-0787,2025-10,346
EMP-0787,2025-11,346
EMP-0787,2025-12,347
EMP-0788,2025-01,783
EMP-0788,2025-02,759
EMP-0788,2025-03,754
EMP-0788,2025-04,774
EMP-0788,2025-05,789
EMP-0788,2025-06,795
EMP-0788,2025-07,771
EMP-0788,2025-08,770
EMP-0788,2025-09,761
EMP-0788,2025-10,766
EMP-0788,2025-11,754
EMP-0788,2025-12,739
EMP-0789,2025-11,408
EMP-0789,2025-12,418
EMP-0790,2025-01,288
EMP-0790,2025-02,289
EMP-0790,2025-03,289
EMP-0790,2025-04,283
EMP-0790,2025-05,276
EMP-0790,2025-06,270
EMP-0790,2025-07,266
EMP-0790,2025-08,268
EMP-0790,2025-09,264
EMP-0790,2025-10,273
EMP-0790,2025-11,279
EMP-0790,2025-12,284
EMP-0791,2025-01,502
EMP-0791,2025-02,517
EMP-0791,2025-03,515
EMP-0791,2025-04,515
EMP-0791,2025-05,517
EMP-0791,2025-06,524
EMP-0791,2025-07,531
EMP-0791,2025-08,526
EMP-0791,2025-09,520
EMP-0791,2025-10,527
EMP-0791,2025-11,535
EMP-0791,2025-12,531
EMP-0792,2025-01,676
EMP-0792,2025-02,673
EMP-0792,2025-03,681
EMP-0792,2025-04,706
EMP-0792,2025-05,689
EMP-0792,2025-06,683
EMP-0792,2025-07,678
EMP-0792,2025-08,696
EMP-0792,2025-09,696
EMP-0792,2025-10,683
EMP-0792,2025-11,691
EMP-0792,2025-12,685
EMP-0793,2025-11,682
EMP-0793,2025-12,670
EMP-0794,2025-01,813
EMP-0794,2025-02,819
EMP-0794,2025-03,821
EMP-0794,2025-04,817
EMP-0794,2025-05,822
EMP-0794,2025-06,827
EMP-0794,2025-07,832
EMP-0794,2025-08,834
EMP-0794,2025-09,848
EMP-0794,2025-10,848
EMP-0794,2025-11,831
EMP-0794,2025-12,821
EMP-0795,2025-01,754
EMP-0795,2025-02,785
EMP-0795,2025-03,799
EMP-0795,2025-04,786
EMP-0795,2025-05,782
EMP-0795,2025-06,772
EMP-0795,2025-07,796
EMP-0795,2025-08,773
EMP-0795,2025-09,775
EMP-0795,2025-10,773
EMP-0795,2025-11,786
EMP-0795,2025-12,784
EMP-0796,2025-01,843
EMP-0796,2025-02,839
EMP-0796,2025-03,823
EMP-0796,2025-04,824
EMP-0796,2025-05,848
EMP-0796,2025-06,818
EMP-0796,2025-07,805
EMP-0796,2025-08,796
EMP-0796,2025-09,790
EMP-0796,2025-10,802
EMP-0796,2025-11,799
EMP-0796,2025-12,806
EMP-0797,2025-01,407
EMP-0797,2025-02,409
EMP-0797,2025-03,415
EMP-0797,2025-04,409
EMP-0797,2025-05,415
EMP-0797,2025-06,415
EMP-0797,2025-07,424
EMP-0797,2025-08,422
EMP-0797,2025-09,425
EMP-0797,2025-10,425
EMP-0797,2025-11,424
EMP-0797,2025-12,426
EMP-0798,2025-01,629
EMP-0798,2025-02,613
EMP-0798,2025-03,631
EMP-0798,2025-04,608
EMP-0798,2025-05,600
EMP-0798,2025-06,599
EMP-0798,2025-07,604
EMP-0798,2025-08,623
EMP-0798,2025-09,600
EMP-0798,2025-10,594
EMP-0798,2025-11,569
EMP-0798,2025-12,569
EMP-0799,2025-01,634
EMP-0799,2025-02,654
EMP-0799,2025-03,656
EMP-0799,2025-04,670
EMP-0799,2025-05,678
EMP-0799,2025-06,672
EMP-0799,2025-07,653
EMP-0799,2025-08,657
EMP-0799,2025-09,637
EMP-0799,2025-10,654
EMP-0799,2025-11,652
EMP-0799,2025-12,668
EMP-0800,2025-01,534
EMP-0800,2025-02,537
EMP-0800,2025-03,539
EMP-0800,2025-04,539
EMP-0800,2025-05,534
EMP-0800,2025-06,538
EMP-0800,2025-07,528
EMP-0800,2025-08,515
EMP-0800,2025-09,528
EMP-0800,2025-10,536
EMP-0800,2025-11,537
EMP-0800,2025-12,555
EMP-0801,2025-01,643
EMP-0801,2025-02,660
EMP-0801,2025-03,662
EMP-0801,2025-04,648
EMP-0801,2025-05,672
EMP-0801,2025-06,685
EMP-0801,2025-07,683
EMP-0801,2025-08,693
EMP-0801,2025-09,687
EMP-0801,2025-10,698
EMP-0801,2025-11,665
EMP-0801,2025-12,651
EMP-0802,2025-01,681
EMP-0802,2025-02,678
EMP-0802,2025-03,681
EMP-0802,2025-04,663
EMP-0802,2025-05,688
EMP-0802,2025-06,704
EMP-0802,2025-07,701
EMP-0802,2025-08,695
EMP-0802,2025-09,709
EMP-0802,2025-10,737
EMP-0802,2025-11,751
EMP-0802,2025-12,784
EMP-0803,2025-01,585
EMP-0803,2025-02,575
EMP-0803,2025-03,561
EMP-0803,2025-04,566
EMP-0803,2025-05,568
EMP-0803,2025-06,566
EMP-0803,2025-07,575
EMP-0803,2025-08,589
EMP-0803,2025-09,571
EMP-0803,2025-10,564
EMP-0803,2025-11,573
EMP-0803,2025-12,568
EMP-0804,2025-01,848
EMP-0804,2025-02,865
EMP-0804,2025-03,843
EMP-0804,2025-04,838
EMP-0804,2025-05,844
EMP-0804,2025-06,834
EMP-0804,2025-07,847
EMP-0804,2025-08,837
EMP-0804,2025-09,861
EMP-0804,2025-10,859
EMP-0804,2025-11,871
EMP-0804,2025-12,884
EMP-0805,2025-01,299
EMP-0805,2025-02,287
EMP-0805,2025-03,289
EMP-0805,2025-04,289
EMP-0805,2025-05,292
EMP-0805,2025-06,291
EMP-0805,2025-07,288
EMP-0805,2025-08,300
EMP-0805,2025-09,291
EMP-0805,2025-10,295
EMP-0805,2025-11,292
EMP-0805,2025-12,290
EMP-0806,2025-01,890
EMP-0806,2025-02,876
EMP-0806,2025-03,886
EMP-0806,2025-04,911
EMP-0806,2025-05,920
EMP-0806,2025-06,922
EMP-0806,2025-07,904
EMP-0806,2025-08,488
EMP-0806,2025-09,473
EMP-0806,2025-10,510
EMP-0806,2025-11,486
EMP-0806,2025-12,483
EMP-0807,2025-01,586
EMP-0807,2025-02,554
EMP-0807,2025-03,558
EMP-0807,2025-04,549
EMP-0807,2025-05,531
EMP-0807,2025-06,539
EMP-0807,2025-07,527
EMP-0807,2025-08,523
EMP-0807,2025-09,538
EMP-0807,2025-10,523
EMP-0807,2025-11,507
EMP-0807,2025-12,510
EMP-0808,2025-01,324
EMP-0808,2025-02,314
EMP-0808,2025-03,317
EMP-0808,2025-04,321
EMP-0808,2025-05,308
EMP-0808,2025-06,313
EMP-0808,2025-07,318
EMP-0808,2025-08,316
EMP-0808,2025-09,324
EMP-0808,2025-10,331
EMP-0808,2025-11,332
EMP-0808,2025-12,329
EMP-0809,2025-01,576
EMP-0809,2025-02,576
EMP-0809,2025-03,583
EMP-0809,2025-04,579
EMP-0809,2025-05,554
EMP-0809,2025-06,568
EMP-0809,2025-07,570
EMP-0809,2025-08,566
EMP-0809,2025-09,576
EMP-0809,2025-10,594
EMP-0809,2025-11,561
EMP-0809,2025-12,566
EMP-0810,2025-01,336
EMP-0810,2025-02,339
EMP-0810,2025-03,340
EMP-0810,2025-04,344
EMP-0810,2025-05,341
EMP-0810,2025-06,328
EMP-0810,2025-07,325
EMP-0810,2025-08,328
EMP-0810,2025-09,335
EMP-0810,2025-10,327
EMP-0810,2025-11,334
EMP-0810,2025-12,330
EMP-0811,2025-11,827
EMP-0811,2025-12,819
EMP-0812,2025-01,647
EMP-0812,2025-02,659
EMP-0812,2025-03,643
EMP-0812,2025-04,634
EMP-0812,2025-05,636
EMP-0812,2025-06,667
EMP-0812,2025-07,655
EMP-0812,2025-08,682
EMP-0812,2025-09,709
EMP-0812,2025-10,708
EMP-0812,2025-11,704
EMP-0812,2025-12,694
EMP-0813,2025-01,539
EMP-0813,2025-02,524
EMP-0813,2025-03,523
EMP-0813,2025-04,539
EMP-0813,2025-05,532
EMP-0813,2025-06,529
EMP-0813,2025-07,511
EMP-0813,2025-08,515
EMP-0813,2025-09,518
EMP-0813,2025-10,519
EMP-0813,2025-11,517
EMP-0813,2025-12,514
EMP-0814,2025-01,513
EMP-0814,2025-02,513
EMP-0814,2025-03,516
EMP-0814,2025-04,518
EMP-0814,2025-05,530
EMP-0814,2025-06,537
EMP-0814,2025-07,539
EMP-0814,2025-08,555
EMP-0814,2025-09,560
EMP-0814,2025-10,575
EMP-0814,2025-11,582
EMP-0814,2025-12,561
EMP-0815,2025-01,890
EMP-0815,2025-02,892
EMP-0815,2025-03,891
EMP-0815,2025-04,896
EMP-0815,2025-05,890
EMP-0815,2025-06,894
EMP-0815,2025-07,883
EMP-0815,2025-08,906
EMP-0815,2025-09,904
EMP-0815,2025-10,897
EMP-0815,2025-11,880
EMP-0815,2025-12,885
EMP-0816,2025-01,405
EMP-0816,2025-02,408
EMP-0816,2025-03,400
EMP-0816,2025-04,387
EMP-0816,2025-05,392
EMP-0816,2025-06,404
EMP-0816,2025-07,396
EMP-0816,2025-08,409
EMP-0816,2025-09,411
EMP-0816,2025-10,411
EMP-0816,2025-11,408
EMP-0816,2025-12,397
EMP-0817,2025-01,37
EMP-0817,2025-02,36
EMP-0817,2025-03,35
EMP-0817,2025-04,36
EMP-0817,2025-05,35
EMP-0817,2025-06,34
EMP-0817,2025-07,34
EMP-0817,2025-08,34
EMP-0817,2025-09,34
EMP-0817,2025-10,34
EMP-0817,2025-11,36
EMP-0817,2025-12,36
EMP-0818,2025-01,20
EMP-0818,2025-02,20
EMP-0818,2025-03,20
EMP-0818,2025-04,20
EMP-0818,2025-05,20
EMP-0818,2025-06,19
EMP-0818,2025-07,19
EMP-0818,2025-08,19
EMP-0818,2025-09,19
EMP-0818,2025-10,19
EMP-0818,2025-11,19
EMP-0818,2025-12,19
EMP-0819,2025-01,54
EMP-0819,2025-02,55
EMP-0819,2025-03,54
EMP-0819,2025-04,53
EMP-0819,2025-05,52
EMP-0819,2025-06,35
EMP-0819,2025-07,34
EMP-0819,2025-08,34
EMP-0819,2025-09,34
EMP-0819,2025-10,35
EMP-0819,2025-11,36
EMP-0819,2025-12,36
EMP-0820,2025-01,58
EMP-0820,2025-02,57
EMP-0820,2025-03,57
EMP-0820,2025-04,57
EMP-0820,2025-05,57
EMP-0820,2025-06,57
EMP-0820,2025-07,56
EMP-0820,2025-08,35
EMP-0820,2025-09,34
EMP-0820,2025-10,34
EMP-0820,2025-11,34
EMP-0820,2025-12,35
EMP-0821,2025-01,23
EMP-0821,2025-02,24
EMP-0821,2025-03,25
EMP-0821,2025-04,24
EMP-0821,2025-05,25
EMP-0821,2025-06,25
EMP-0821,2025-07,25
EMP-0821,2025-08,25
EMP-0821,2025-09,25
EMP-0821,2025-10,25
EMP-0821,2025-11,25
EMP-0821,2025-12,24
EMP-0822,2025-01,36
EMP-0822,2025-02,36
EMP-0822,2025-03,36
EMP-0822,2025-04,36
EMP-0822,2025-05,36
EMP-0822,2025-06,35
EMP-0822,2025-07,35
EMP-0822,2025-08,36
EMP-0822,2025-09,36
EMP-0822,2025-10,36
EMP-0822,2025-11,35
EMP-0822,2025-12,35
EMP-0823,2025-01,34
EMP-0823,2025-02,35
EMP-0823,2025-03,36
EMP-0823,2025-04,36
EMP-0823,2025-05,36
EMP-0823,2025-06,36
EMP-0823,2025-07,35
EMP-0823,2025-08,34
EMP-0823,2025-09,34
EMP-0823,2025-10,34
EMP-0823,2025-11,34
EMP-0823,2025-12,34
EMP-0824,2025-01,57
EMP-0824,2025-02,57
EMP-0824,2025-03,58
EMP-0824,2025-04,56
EMP-0824,2025-05,52
EMP-0824,2025-06,52
EMP-0824,2025-07,51
EMP-0824,2025-08,51
EMP-0824,2025-09,51
EMP-0824,2025-10,53
EMP-0824,2025-11,53
EMP-0824,2025-12,53
EMP-0825,2025-01,60
EMP-0825,2025-02,60
EMP-0825,2025-03,59
EMP-0825,2025-04,60
EMP-0825,2025-05,59
EMP-0825,2025-06,59
EMP-0825,2025-07,57
EMP-0825,2025-08,57
EMP-0825,2025-09,57
EMP-0825,2025-10,59
EMP-0825,2025-11,57
EMP-0825,2025-12,56
EMP-0826,2025-01,58
EMP-0826,2025-02,58
EMP-0826,2025-03,58
EMP-0826,2025-04,57
EMP-0826,2025-05,56
EMP-0826,2025-06,57
EMP-0826,2025-07,57
EMP-0826,2025-08,57
EMP-0826,2025-09,57
EMP-0826,2025-10,56
EMP-0826,2025-11,57
EMP-0826,2025-12,58
EMP-0827,2025-01,42
EMP-0827,2025-02,41
EMP-0827,2025-03,42
EMP-0827,2025-04,41
EMP-0827,2025-05,41
EMP-0827,2025-06,42
EMP-0827,2025-07,40
EMP-0827,2025-08,40
EMP-0827,2025-09,40
EMP-0827,2025-10,39
EMP-0827,2025-11,39
EMP-0827,2025-12,40
EMP-0828,2025-01,23
EMP-0828,2025-02,23
EMP-0828,2025-03,23
EMP-0828,2025-04,23
EMP-0828,2025-05,22
EMP-0828,2025-06,22
EMP-0828,2025-07,22
EMP-0828,2025-08,22
EMP-0828,2025-09,22
EMP-0828,2025-10,22
EMP-0828,2025-11,22
EMP-0828,2025-12,21
EMP-0829,2025-01,51
EMP-0829,2025-02,50
EMP-0829,2025-03,51
EMP-0829,2025-04,50
EMP-0829,2025-05,49
EMP-0829,2025-06,48
EMP-0829,2025-07,48
EMP-0829,2025-08,48
EMP-0829,2025-09,50
EMP-0829,2025-10,51
EMP-0829,2025-11,52
EMP-0829,2025-12,53
EMP-0830,2025-01,59
EMP-0830,2025-02,58
EMP-0830,2025-03,57
EMP-0830,2025-04,59
EMP-0830,2025-05,58
EMP-0830,2025-06,57
EMP-0830,2025-07,57
EMP-0830,2025-08,57
EMP-0830,2025-09,57
EMP-0830,2025-10,57
EMP-0830,2025-11,56
EMP-0830,2025-12,57
EMP-0831,2025-01,20
EMP-0831,2025-02,20
EMP-0831,2025-03,20
EMP-0831,2025-04,20
EMP-0831,2025-05,20
EMP-0831,2025-06,20
EMP-0831,2025-07,20
EMP-0831,2025-08,20
EMP-0831,2025-09,20
EMP-0831,2025-10,21
EMP-0831,2025-11,21
EMP-0831,2025-12,21
EMP-0832,2025-01,34
EMP-0832,2025-02,33
EMP-0832,2025-03,33
EMP-0832,2025-04,33
EMP-0832,2025-05,33
EMP-0832,2025-06,33
EMP-0832,2025-07,33
EMP-0832,2025-08,33
EMP-0832,2025-09,33
EMP-0832,2025-10,32
EMP-0832,2025-11,32
EMP-0832,2025-12,33
EMP-0833,2025-01,50
EMP-0833,2025-02,50
EMP-0833,2025-03,52
EMP-0833,2025-04,51
EMP-0833,2025-05,50
EMP-0833,2025-06,52
EMP-0833,2025-07,52
EMP-0833,2025-08,52
EMP-0833,2025-09,51
EMP-0833,2025-10,51
EMP-0833,2025-11,52
EMP-0833,2025-12,51
EMP-0834,2025-01,39
EMP-0834,2025-02,39
EMP-0834,2025-03,39
EMP-0834,2025-04,38
EMP-0834,2025-05,39
EMP-0834,2025-06,40
EMP-0834,2025-07,40
EMP-0834,2025-08,40
EMP-0834,2025-09,40
EMP-0834,2025-10,39
EMP-0834,2025-11,39
EMP-0834,2025-12,39
EMP-0835,2025-01,58
EMP-0835,2025-02,59
EMP-0835,2025-03,60
EMP-0835,2025-04,60
EMP-0835,2025-05,59
EMP-0835,2025-06,59
EMP-0835,2025-07,60
EMP-0835,2025-08,58
EMP-0835,2025-09,59
EMP-0835,2025-10,62
EMP-0835,2025-11,63
EMP-0835,2025-12,65
EMP-0836,2025-01,36
EMP-0836,2025-02,37
EMP-0836,2025-03,36
EMP-0836,2025-04,37
EMP-0836,2025-05,37
EMP-0836,2025-06,37
EMP-0836,2025-07,38
EMP-0836,2025-08,38
EMP-0836,2025-09,38
EMP-0836,2025-10,38
EMP-0836,2025-11,37
EMP-0836,2025-12,37
EMP-0837,2025-01,22
EMP-0837,2025-02,22
EMP-0837,2025-03,22
EMP-0837,2025-04,22
EMP-0837,2025-05,22
EMP-0837,2025-06,22
EMP-0837,2025-07,22
EMP-0837,2025-08,22
EMP-0837,2025-09,22
EMP-0837,2025-10,22
EMP-0837,2025-11,22
EMP-0837,2025-12,22
EMP-0838,2025-01,57
EMP-0838,2025-02,57
EMP-0838,2025-03,57
EMP-0838,2025-04,58
EMP-0838,2025-05,57
EMP-0838,2025-06,55
EMP-0838,2025-07,54
EMP-0838,2025-08,56
EMP-0838,2025-09,58
EMP-0838,2025-10,60
EMP-0838,2025-11,60
EMP-0838,2025-12,58
EMP-0839,2025-11,56
EMP-0839,2025-12,55
EMP-0840,2025-01,58
EMP-0840,2025-02,60
EMP-0840,2025-03,61
EMP-0840,2025-04,61
EMP-0840,2025-05,60
EMP-0840,2025-06,59
EMP-0840,2025-07,59
EMP-0840,2025-08,60
EMP-0840,2025-09,60
EMP-0840,2025-10,59
EMP-0840,2025-11,60
EMP-0840,2025-12,61
EMP-0841,2025-01,47
EMP-0841,2025-02,46
EMP-0841,2025-03,47
EMP-0841,2025-04,47
EMP-0841,2025-05,48
EMP-0841,2025-06,48
EMP-0841,2025-07,48
EMP-0841,2025-08,48
EMP-0841,2025-09,48
EMP-0841,2025-10,47
EMP-0841,2025-11,46
EMP-0841,2025-12,47
EMP-0842,2025-01,20
EMP-0842,2025-02,20
EMP-0842,2025-03,21
EMP-0842,2025-04,21
EMP-0842,2025-05,22
EMP-0842,2025-06,22
EMP-0842,2025-07,22
EMP-0842,2025-08,21
EMP-0842,2025-09,21
EMP-0842,2025-10,21
EMP-0842,2025-11,21
EMP-0842,2025-12,21
EMP-0843,2025-01,55
EMP-0843,2025-02,55
EMP-0843,2025-03,55
EMP-0843,2025-04,53
EMP-0843,2025-05,52
EMP-0843,2025-06,51
EMP-0843,2025-07,52
EMP-0843,2025-08,52
EMP-0843,2025-09,53
EMP-0843,2025-10,51
EMP-0843,2025-11,52
EMP-0843,2025-12,53
EMP-0844,2025-01,55
EMP-0844,2025-02,54
EMP-0844,2025-03,55
EMP-0844,2025-04,56
EMP-0844,2025-05,55
EMP-0844,2025-06,55
EMP-0844,2025-07,54
EMP-0844,2025-08,54
EMP-0844,2025-09,55
EMP-0844,2025-10,54
EMP-0844,2025-11,55
EMP-0844,2025-12,54
EMP-0845,2025-01,41
EMP-0845,2025-02,42
EMP-0845,2025-03,43
EMP-0845,2025-04,44
EMP-0845,2025-05,43
EMP-0845,2025-06,43
EMP-0845,2025-07,44
EMP-0845,2025-08,44
EMP-0845,2025-09,43
EMP-0845,2025-10,43
EMP-0845,2025-11,42
EMP-0845,2025-12,44
EMP-0846,2025-01,48
EMP-0846,2025-02,49
EMP-0846,2025-03,50
EMP-0846,2025-04,50
EMP-0846,2025-05,51
EMP-0846,2025-06,53
EMP-0846,2025-07,53
EMP-0846,2025-08,53
EMP-0846,2025-09,51
EMP-0846,2025-10,51
EMP-0846,2025-11,52
EMP-0846,2025-12,53
EMP-0847,2025-01,38
EMP-0847,2025-02,38
EMP-0847,2025-03,36
EMP-0847,2025-04,36
EMP-0847,2025-05,36
EMP-0847,2025-06,36
EMP-0847,2025-07,36
EMP-0847,2025-08,37
EMP-0847,2025-09,37
EMP-0847,2025-10,37
EMP-0847,2025-11,37
EMP-0847,2025-12,37
EMP-0848,2025-01,16
EMP-0848,2025-02,16
EMP-0848,2025-03,16
EMP-0848,2025-04,16
EMP-0848,2025-05,16
EMP-0848,2025-06,16
EMP-0848,2025-07,15
EMP-0848,2025-08,15
EMP-0848,2025-09,15
EMP-0848,2025-10,15
EMP-0848,2025-11,15
EMP-0848,2025-12,15
EMP-0849,2025-01,38
EMP-0849,2025-02,37
EMP-0849,2025-03,37
EMP-0849,2025-04,36
EMP-0849,2025-05,36
EMP-0849,2025-06,36
EMP-0849,2025-07,37
EMP-0849,2025-08,38
EMP-0849,2025-09,37
EMP-0849,2025-10,37
EMP-0849,2025-11,37
EMP-0849,2025-12,37
EMP-0850,2025-01,34
EMP-0850,2025-02,34
EMP-0850,2025-03,34
EMP-0850,2025-04,33
EMP-0850,2025-05,34
EMP-0850,2025-06,34
EMP-0850,2025-07,35
EMP-0850,2025-08,35
EMP-0850,2025-09,35
EMP-0850,2025-10,34
EMP-0850,2025-11,34
EMP-0850,2025-12,33
EMP-0851,2025-01,110
EMP-0851,2025-02,107
EMP-0851,2025-03,108
EMP-0851,2025-04,111
EMP-0851,2025-05,112
EMP-0851,2025-06,112
EMP-0851,2025-07,110
EMP-0851,2025-08,107
EMP-0851,2025-09,109
EMP-0851,2025-10,112
EMP-0851,2025-11,111
EMP-0851,2025-12,108
EMP-0852,2025-01,108
EMP-0852,2025-02,106
EMP-0852,2025-03,106
EMP-0852,2025-04,109
EMP-0852,2025-05,110
EMP-0852,2025-06,111
EMP-0852,2025-07,110
EMP-0852,2025-08,109
EMP-0852,2025-09,112
EMP-0852,2025-10,112
EMP-0852,2025-11,107
EMP-0852,2025-12,106
EMP-0853,2025-01,144
EMP-0853,2025-02,142
EMP-0853,2025-03,144
EMP-0853,2025-04,144
EMP-0853,2025-05,144
EMP-0853,2025-06,148
EMP-0853,2025-07,146
EMP-0853,2025-08,151
EMP-0853,2025-09,149
EMP-0853,2025-10,149
EMP-0853,2025-11,148
EMP-0853,2025-12,148
EMP-0854,2025-01,186
EMP-0854,2025-02,188
EMP-0854,2025-03,185
EMP-0854,2025-04,181
EMP-0854,2025-05,190
EMP-0854,2025-06,188
EMP-0854,2025-07,191
EMP-0854,2025-08,185
EMP-0854,2025-09,184
EMP-0854,2025-10,184
EMP-0854,2025-11,186
EMP-0854,2025-12,176
EMP-0855,2025-01,109
EMP-0855,2025-02,106
EMP-0855,2025-03,107
EMP-0855,2025-04,105
EMP-0855,2025-05,103
EMP-0855,2025-06,102
EMP-0855,2025-07,100
EMP-0855,2025-08,99
EMP-0855,2025-09,97
EMP-0855,2025-10,93
EMP-0855,2025-11,95
EMP-0855,2025-12,93
EMP-0856,2025-01,117
EMP-0856,2025-02,119
EMP-0856,2025-03,118
EMP-0856,2025-04,116
EMP-0856,2025-05,117
EMP-0856,2025-06,120
EMP-0856,2025-07,117
EMP-0856,2025-08,117
EMP-0856,2025-09,113
EMP-0856,2025-10,112
EMP-0856,2025-11,112
EMP-0856,2025-12,110
EMP-0857,2025-01,94
EMP-0857,2025-02,91
EMP-0857,2025-03,91
EMP-0857,2025-04,93
EMP-0857,2025-05,91
EMP-0857,2025-06,90
EMP-0857,2025-07,91
EMP-0857,2025-08,93
EMP-0857,2025-09,48
EMP-0857,2025-10,48
EMP-0857,2025-11,49
EMP-0857,2025-12,48
EMP-0858,2025-01,94
EMP-0858,2025-02,95
EMP-0858,2025-03,98
EMP-0858,2025-04,98
EMP-0858,2025-05,96
EMP-0858,2025-06,95
EMP-0858,2025-07,98
EMP-0858,2025-08,100
EMP-0858,2025-09,101
EMP-0858,2025-10,102
EMP-0858,2025-11,101
EMP-0858,2025-12,101
EMP-0859,2025-01,79
EMP-0859,2025-02,80
EMP-0859,2025-03,82
EMP-0859,2025-04,84
EMP-0859,2025-05,82
EMP-0859,2025-06,82
EMP-0859,2025-07,83
EMP-0859,2025-08,84
EMP-0859,2025-09,83
EMP-0859,2025-10,88
EMP-0859,2025-11,86
EMP-0859,2025-12,84
EMP-0860,2025-01,136
EMP-0860,2025-02,142
EMP-0860,2025-03,140
EMP-0860,2025-04,139
EMP-0860,2025-05,142
EMP-0860,2025-06,142
EMP-0860,2025-07,141
EMP-0860,2025-08,143
EMP-0860,2025-09,144
EMP-0860,2025-10,147
EMP-0860,2025-11,151
EMP-0860,2025-12,152
EMP-0861,2025-01,85
EMP-0861,2025-02,85
EMP-0861,2025-03,86
EMP-0861,2025-04,86
EMP-0861,2025-05,86
EMP-0861,2025-06,88
EMP-0861,2025-07,91
EMP-0861,2025-08,88
EMP-0861,2025-09,88
EMP-0861,2025-10,87
EMP-0861,2025-11,86
EMP-0861,2025-12,87
EMP-0862,2025-11,192
EMP-0862,2025-12,192
EMP-0863,2025-01,190
EMP-0863,2025-02,186
EMP-0863,2025-03,189
EMP-0863,2025-04,179
EMP-0863,2025-05,183
EMP-0863,2025-06,185
EMP-0863,2025-07,190
EMP-0863,2025-08,189
EMP-0863,2025-09,181
EMP-0863,2025-10,183
EMP-0863,2025-11,188
EMP-0863,2025-12,191
EMP-0864,2025-01,246
EMP-0864,2025-02,246
EMP-0864,2025-03,243
EMP-0864,2025-04,239
EMP-0864,2025-05,244
EMP-0864,2025-06,238
EMP-0864,2025-07,234
EMP-0864,2025-08,229
EMP-0864,2025-09,222
EMP-0864,2025-10,223
EMP-0864,2025-11,228
EMP-0864,2025-12,227
EMP-0865,2025-01,188
EMP-0865,2025-02,191
EMP-0865,2025-03,197
EMP-0865,2025-04,194
EMP-0865,2025-05,192
EMP-0865,2025-06,194
EMP-0865,2025-07,200
EMP-0865,2025-08,198
EMP-0865,2025-09,193
EMP-0865,2025-10,195
EMP-0865,2025-11,198
EMP-0865,2025-12,198
EMP-0866,2025-01,68
EMP-0866,2025-02,69
EMP-0866,2025-03,70
EMP-0866,2025-04,69
EMP-0866,2025-05,69
EMP-0866,2025-06,67
EMP-0866,2025-07,68
EMP-0866,2025-08,68
EMP-0866,2025-09,67
EMP-0866,2025-10,67
EMP-0866,2025-11,67
EMP-0866,2025-12,68
EMP-0867,2025-01,232
EMP-0867,2025-02,231
EMP-0867,2025-03,235
EMP-0867,2025-04,237
EMP-0867,2025-05,235
EMP-0867,2025-06,234
EMP-0867,2025-07,233
EMP-0867,2025-08,235
EMP-0867,2025-09,233
EMP-0867,2025-10,231
EMP-0867,2025-11,240
EMP-0867,2025-12,245
EMP-0868,2025-01,144
EMP-0868,2025-02,146
EMP-0868,2025-03,146
EMP-0868,2025-04,147
EMP-0868,2025-05,147
EMP-0868,2025-06,150
EMP-0868,2025-07,151
EMP-0868,2025-08,151
EMP-0868,2025-09,154
EMP-0868,2025-10,155
EMP-0868,2025-11,155
EMP-0868,2025-12,156
EMP-0869,2025-01,218
EMP-0869,2025-02,218
EMP-0869,2025-03,215
EMP-0869,2025-04,212
EMP-0869,2025-05,208
EMP-0869,2025-06,202
EMP-0869,2025-07,198
EMP-0869,2025-08,197
EMP-0869,2025-09,197
EMP-0869,2025-10,196
EMP-0869,2025-11,187
EMP-0869,2025-12,193
EMP-0870,2025-01,95
EMP-0870,2025-02,96
EMP-0870,2025-03,100
EMP-0870,2025-04,98
EMP-0870,2025-05,102
EMP-0870,2025-06,100
EMP-0870,2025-07,100
EMP-0870,2025-08,97
EMP-0870,2025-09,97
EMP-0870,2025-10,98
EMP-0870,2025-11,98
EMP-0870,2025-12,99
EMP-0871,2025-01,212
EMP-0871,2025-02,210
EMP-0871,2025-03,208
EMP-0871,2025-04,211
EMP-0871,2025-05,208
EMP-0871,2025-06,212
EMP-0871,2025-07,217
EMP-0871,2025-08,210
EMP-0871,2025-09,215
EMP-0871,2025-10,224
EMP-0871,2025-11,225
EMP-0871,2025-12,228
EMP-0872,2025-01,159
EMP-0872,2025-02,158
EMP-0872,2025-03,159
EMP-0872,2025-04,155
EMP-0872,2025-05,155
EMP-0872,2025-06,157
EMP-0872,2025-07,159
EMP-0872,2025-08,162
EMP-0872,2025-09,159
EMP-0872,2025-10,157
EMP-0872,2025-11,163
EMP-0872,2025-12,163
EMP-0873,2025-01,99
EMP-0873,2025-02,99
EMP-0873,2025-03,97
EMP-0873,2025-04,100
EMP-0873,2025-05,99
EMP-0873,2025-06,97
EMP-0873,2025-07,96
EMP-0873,2025-08,92
EMP-0873,2025-09,91
EMP-0873,2025-10,89
EMP-0873,2025-11,90
EMP-0873,2025-12,89
EMP-0874,2025-01,103
EMP-0874,2025-02,106
EMP-0874,2025-03,108
EMP-0874,2025-04,108
EMP-0874,2025-05,108
EMP-0874,2025-06,105
EMP-0874,2025-07,105
EMP-0874,2025-08,103
EMP-0874,2025-09,104
EMP-0874,2025-10,109
EMP-0874,2025-11,110
EMP-0874,2025-12,106
EMP-0875,2025-01,105
EMP-0875,2025-02,105
EMP-0875,2025-03,105
EMP-0875,2025-04,103
EMP-0875,2025-05,104
EMP-0875,2025-06,101
EMP-0875,2025-07,99
EMP-0875,2025-08,100
EMP-0875,2025-09,98
EMP-0875,2025-10,99
EMP-0875,2025-11,96
EMP-0875,2025-12,99
EMP-0876,2025-01,233
EMP-0876,2025-02,232
EMP-0876,2025-03,234
EMP-0876,2025-04,231
EMP-0876,2025-05,232
EMP-0876,2025-06,235
EMP-0876,2025-07,240
EMP-0876,2025-08,244
EMP-0876,2025-09,243
EMP-0876,2025-10,242
EMP-0876,2025-11,253
EMP-0876,2025-12,258
EMP-0877,2025-01,215
EMP-0877,2025-02,215
EMP-0877,2025-03,214
EMP-0877,2025-04,213
EMP-0877,2025-05,208
EMP-0877,2025-06,206
EMP-0877,2025-07,213
EMP-0877,2025-08,215
EMP-0877,2025-09,204
EMP-0877,2025-10,209
EMP-0877,2025-11,214
EMP-0877,2025-12,212
EMP-0878,2025-01,103
EMP-0878,2025-02,101
EMP-0878,2025-03,100
EMP-0878,2025-04,103
EMP-0878,2025-05,102
EMP-0878,2025-06,98
EMP-0878,2025-07,98
EMP-0878,2025-08,98
EMP-0878,2025-09,100
EMP-0878,2025-10,100
EMP-0878,2025-11,99
EMP-0878,2025-12,101
EMP-0879,2025-01,245
EMP-0879,2025-02,241
EMP-0879,2025-03,247
EMP-0879,2025-04,248
EMP-0879,2025-05,248
EMP-0879,2025-06,249
EMP-0879,2025-07,244
EMP-0879,2025-08,241
EMP-0879,2025-09,241
EMP-0879,2025-10,240
EMP-0879,2025-11,246
EMP-0879,2025-12,247
EMP-0880,2025-01,175
EMP-0880,2025-02,175
EMP-0880,2025-03,179
EMP-0880,2025-04,180
EMP-0880,2025-05,180
EMP-0880,2025-06,180
EMP-0880,2025-07,177
EMP-0880,2025-08,179
EMP-0880,2025-09,179
EMP-0880,2025-10,177
EMP-0880,2025-11,181
EMP-0880,2025-12,176
EMP-0881,2025-01,70
EMP-0881,2025-02,71
EMP-0881,2025-03,71
EMP-0881,2025-04,71
EMP-0881,2025-05,71
EMP-0881,2025-06,71
EMP-0881,2025-07,69
EMP-0881,2025-08,69
EMP-0881,2025-09,71
EMP-0881,2025-10,70
EMP-0881,2025-11,70
EMP-0881,2025-12,69
EMP-0882,2025-01,165
EMP-0882,2025-02,163
EMP-0882,2025-03,165
EMP-0882,2025-04,166
EMP-0882,2025-05,169
EMP-0882,2025-06,165
EMP-0882,2025-07,164
EMP-0882,2025-08,163
EMP-0882,2025-09,164
EMP-0882,2025-10,161
EMP-0882,2025-11,164
EMP-0882,2025-12,168
EMP-0883,2025-01,150
EMP-0883,2025-02,149
EMP-0883,2025-03,147
EMP-0883,2025-04,155
EMP-0883,2025-05,154
EMP-0883,2025-06,159
EMP-0883,2025-07,155
EMP-0883,2025-08,152
EMP-0883,2025-09,150
EMP-0883,2025-10,147
EMP-0883,2025-11,146
EMP-0883,2025-12,144
EMP-0884,2025-01,229
EMP-0884,2025-02,234
EMP-0884,2025-03,240
EMP-0884,2025-04,245
EMP-0884,2025-05,248
EMP-0884,2025-06,248
EMP-0884,2025-07,246
EMP-0884,2025-08,241
EMP-0884,2025-09,243
EMP-0884,2025-10,237
EMP-0884,2025-11,232
EMP-0884,2025-12,237
EMP-0885,2025-01,512
EMP-0885,2025-02,516
EMP-0885,2025-03,527
EMP-0885,2025-04,524
EMP-0885,2025-05,510
EMP-0885,2025-06,516
EMP-0885,2025-07,522
EMP-0885,2025-08,523
EMP-0885,2025-09,520
EMP-0885,2025-10,530
EMP-0885,2025-11,520
EMP-0885,2025-12,512
EMP-0886,2025-01,690
EMP-0886,2025-02,691
EMP-0886,2025-03,676
EMP-0886,2025-04,667
EMP-0886,2025-05,658
EMP-0886,2025-06,655
EMP-0886,2025-07,636
EMP-0886,2025-08,637
EMP-0886,2025-09,653
EMP-0886,2025-10,655
EMP-0886,2025-11,675
EMP-0886,2025-12,693
EMP-0887,2025-01,889
EMP-0887,2025-02,890
EMP-0887,2025-03,890
EMP-0887,2025-04,904
EMP-0887,2025-05,897
EMP-0887,2025-06,863
EMP-0887,2025-07,871
EMP-0887,2025-08,851
EMP-0887,2025-09,835
EMP-0887,2025-10,835
EMP-0887,2025-11,833
EMP-0887,2025-12,809
EMP-0888,2025-01,543
EMP-0888,2025-02,553
EMP-0888,2025-03,541
EMP-0888,2025-04,555
EMP-0888,2025-05,538
EMP-0888,2025-06,561
EMP-0888,2025-07,556
EMP-0888,2025-08,558
EMP-0888,2025-09,537
EMP-0888,2025-10,536
EMP-0888,2025-11,538
EMP-0888,2025-12,537
EMP-0889,2025-01,701
EMP-0889,2025-02,688
EMP-0889,2025-03,704
EMP-0889,2025-04,704
EMP-0889,2025-05,726
EMP-0889,2025-06,718
EMP-0889,2025-07,712
EMP-0889,2025-08,724
EMP-0889,2025-09,700
EMP-0889,2025-10,683
EMP-0889,2025-11,698
EMP-0889,2025-12,682
EMP-0890,2025-01,471
EMP-0890,2025-02,489
EMP-0890,2025-03,475
EMP-0890,2025-04,477
EMP-0890,2025-05,478
EMP-0890,2025-06,451
EMP-0890,2025-07,449
EMP-0890,2025-08,453
EMP-0890,2025-09,456
EMP-0890,2025-10,464
EMP-0890,2025-11,460
EMP-0890,2025-12,467
EMP-0891,2025-01,785
EMP-0891,2025-02,763
EMP-0891,2025-03,743
EMP-0891,2025-04,721
EMP-0891,2025-05,736
EMP-0891,2025-06,714
EMP-0891,2025-07,718
EMP-0891,2025-08,714
EMP-0891,2025-09,713
EMP-0891,2025-10,732
EMP-0891,2025-11,726
EMP-0891,2025-12,735
EMP-0892,2025-01,494
EMP-0892,2025-02,492
EMP-0892,2025-03,515
EMP-0892,2025-04,500
EMP-0892,2025-05,513
EMP-0892,2025-06,520
EMP-0892,2025-07,515
EMP-0892,2025-08,532
EMP-0892,2025-09,512
EMP-0892,2025-10,507
EMP-0892,2025-11,495
EMP-0892,2025-12,499
EMP-0893,2025-01,553
EMP-0893,2025-02,558
EMP-0893,2025-03,556
EMP-0893,2025-04,551
EMP-0893,2025-05,555
EMP-0893,2025-06,552
EMP-0893,2025-07,540
EMP-0893,2025-08,570
EMP-0893,2025-09,564
EMP-0893,2025-10,539
EMP-0893,2025-11,530
EMP-0893,2025-12,517
EMP-0894,2025-01,742
EMP-0894,2025-02,747
EMP-0894,2025-03,753
EMP-0894,2025-04,747
EMP-0894,2025-05,743
EMP-0894,2025-06,737
EMP-0894,2025-07,736
EMP-0894,2025-08,748
EMP-0894,2025-09,753
EMP-0894,2025-10,761
EMP-0894,2025-11,769
EMP-0894,2025-12,783
EMP-0895,2025-01,451
EMP-0895,2025-02,454
EMP-0895,2025-03,465
EMP-0895,2025-04,459
EMP-0895,2025-05,451
EMP-0895,2025-06,440
EMP-0895,2025-07,442
EMP-0895,2025-08,426
EMP-0895,2025-09,430
EMP-0895,2025-10,429
EMP-0895,2025-11,439
EMP-0895,2025-12,433
EMP-0896,2025-01,623
EMP-0896,2025-02,637
EMP-0896,2025-03,655
EMP-0896,2025-04,646
EMP-0896,2025-05,648
EMP-0896,2025-06,652
EMP-0896,2025-07,657
EMP-0896,2025-08,654
EMP-0896,2025-09,671
EMP-0896,2025-10,646
EMP-0896,2025-11,641
EMP-0896,2025-12,647
EMP-0897,2025-01,842
EMP-0897,2025-02,865
EMP-0897,2025-03,886
EMP-0897,2025-04,881
EMP-0897,2025-05,904
EMP-0897,2025-06,891
EMP-0897,2025-07,908
EMP-0897,2025-08,941
EMP-0897,2025-09,964
EMP-0897,2025-10,966
EMP-0897,2025-11,960
EMP-0897,2025-12,931
EMP-0898,2025-01,705
EMP-0898,2025-02,689
EMP-0898,2025-03,678
EMP-0898,2025-04,662
EMP-0898,2025-05,656
EMP-0898,2025-06,656
EMP-0898,2025-07,660
EMP-0898,2025-08,652
EMP-0898,2025-09,666
EMP-0898,2025-10,663
EMP-0898,2025-11,653
EMP-0898,2025-12,656
EMP-0899,2025-01,750
EMP-0899,2025-02,755
EMP-0899,2025-03,750
EMP-0899,2025-04,727
EMP-0899,2025-05,724
EMP-0899,2025-06,727
EMP-0899,2025-07,721
EMP-0899,2025-08,697
EMP-0899,2025-09,685
EMP-0899,2025-10,705
EMP-0899,2025-11,725
EMP-0899,2025-12,712
EMP-0900,2025-01,545
EMP-0900,2025-02,532
EMP-0900,2025-03,547
EMP-0900,2025-04,550
EMP-0900,2025-05,560
EMP-0900,2025-06,541
EMP-0900,2025-07,548
EMP-0900,2025-08,548
EMP-0900,2025-09,557
EMP-0900,2025-10,567
EMP-0900,2025-11,568
EMP-0900,2025-12,561
EMP-0901,2025-01,651
EMP-0901,2025-02,650
EMP-0901,2025-03,639
EMP-0901,2025-04,627
EMP-0901,2025-05,608
EMP-0901,2025-06,602
EMP-0901,2025-07,615
EMP-0901,2025-08,617
EMP-0901,2025-09,610
EMP-0901,2025-10,620
EMP-0901,2025-11,610
EMP-0901,2025-12,611
EMP-0902,2025-01,761
EMP-0902,2025-02,773
EMP-0902,2025-03,749
EMP-0902,2025-04,736
EMP-0902,2025-05,712
EMP-0902,2025-06,708
EMP-0902,2025-07,725
EMP-0902,2025-08,718
EMP-0902,2025-09,711
EMP-0902,2025-10,723
EMP-0902,2025-11,738
EMP-0902,2025-12,737
EMP-0903,2025-01,801
EMP-0903,2025-02,784
EMP-0903,2025-03,806
EMP-0903,2025-04,841
EMP-0903,2025-05,850
EMP-0903,2025-06,815
EMP-0903,2025-07,806
EMP-0903,2025-08,816
EMP-0903,2025-09,809
EMP-0903,2025-10,830
EMP-0903,2025-11,840
EMP-0903,2025-12,828
EMP-0904,2025-01,678
EMP-0904,2025-02,666
EMP-0904,2025-03,664
EMP-0904,2025-04,657
EMP-0904,2025-05,672
EMP-0904,2025-06,700
EMP-0904,2025-07,680
EMP-0904,2025-08,654
EMP-0904,2025-09,651
EMP-0904,2025-10,631
EMP-0904,2025-11,632
EMP-0904,2025-12,641
EMP-0905,2025-01,427
EMP-0905,2025-02,429
EMP-0905,2025-03,427
EMP-0905,2025-04,410
EMP-0905,2025-05,410
EMP-0905,2025-06,411
EMP-0905,2025-07,416
EMP-0905,2025-08,410
EMP-0905,2025-09,406
EMP-0905,2025-10,394
EMP-0905,2025-11,376
EMP-0905,2025-12,368
EMP-0906,2025-01,440
EMP-0906,2025-02,443
EMP-0906,2025-03,438
EMP-0906,2025-04,433
EMP-0906,2025-05,424
EMP-0906,2025-06,397
EMP-0906,2025-07,409
EMP-0906,2025-08,401
EMP-0906,2025-09,398
EMP-0906,2025-10,386
EMP-0906,2025-11,394
EMP-0906,2025-12,395
EMP-0907,2025-01,855
EMP-0907,2025-02,848
EMP-0907,2025-03,876
EMP-0907,2025-04,875
EMP-0907,2025-05,872
EMP-0907,2025-06,856
EMP-0907,2025-07,824
EMP-0907,2025-08,821
EMP-0907,2025-09,826
EMP-0907,2025-10,844
EMP-0907,2025-11,806
EMP-0907,2025-12,788
EMP-0908,2025-01,386
EMP-0908,2025-02,386
EMP-0908,2025-03,385
EMP-0908,2025-04,384
EMP-0908,2025-05,387
EMP-0908,2025-06,380
EMP-0908,2025-07,387
EMP-0908,2025-08,390
EMP-0908,2025-09,388
EMP-0908,2025-10,400
EMP-0908,2025-11,412
EMP-0908,2025-12,420
EMP-0909,2025-01,475
EMP-0909,2025-02,490
EMP-0909,2025-03,498
EMP-0909,2025-04,518
EMP-0909,2025-05,531
EMP-0909,2025-06,548
EMP-0909,2025-07,558
EMP-0909,2025-08,573
EMP-0909,2025-09,596
EMP-0909,2025-10,599
EMP-0909,2025-11,580
EMP-0909,2025-12,576
EMP-0910,2025-01,305
EMP-0910,2025-02,305
EMP-0910,2025-03,297
EMP-0910,2025-04,287
EMP-0910,2025-05,283
EMP-0910,2025-06,288
EMP-0910,2025-07,297
EMP-0910,2025-08,302
EMP-0910,2025-09,308
EMP-0910,2025-10,308
EMP-0910,2025-11,297
EMP-0910,2025-12,294
EMP-0911,2025-01,738
EMP-0911,2025-02,731
EMP-0911,2025-03,732
EMP-0911,2025-04,738
EMP-0911,2025-05,751
EMP-0911,2025-06,747
EMP-0911,2025-07,719
EMP-0911,2025-08,712
EMP-0911,2025-09,713
EMP-0911,2025-10,730
EMP-0911,2025-11,722
EMP-0911,2025-12,729
EMP-0912,2025-01,634
EMP-0912,2025-02,635
EMP-0912,2025-03,647
EMP-0912,2025-04,638
EMP-0912,2025-05,631
EMP-0912,2025-06,631
EMP-0912,2025-07,623
EMP-0912,2025-08,629
EMP-0912,2025-09,620
EMP-0912,2025-10,623
EMP-0912,2025-11,622
EMP-0912,2025-12,625
EMP-0913,2025-01,809
EMP-0913,2025-02,804
EMP-0913,2025-03,806
EMP-0913,2025-04,809
EMP-0913,2025-05,809
EMP-0913,2025-06,837
EMP-0913,2025-07,820
EMP-0913,2025-08,819
EMP-0913,2025-09,793
EMP-0913,2025-10,799
EMP-0913,2025-11,781
EMP-0913,2025-12,777
EMP-0914,2025-01,352
EMP-0914,2025-02,354
EMP-0914,2025-03,350
EMP-0914,2025-04,346
EMP-0914,2025-05,356
EMP-0914,2025-06,358
EMP-0914,2025-07,354
EMP-0914,2025-08,352
EMP-0914,2025-09,364
EMP-0914,2025-10,362
EMP-0914,2025-11,357
EMP-0914,2025-12,352
EMP-0915,2025-01,769
EMP-0915,2025-02,760
EMP-0915,2025-03,741
EMP-0915,2025-04,724
EMP-0915,2025-05,712
EMP-0915,2025-06,720
EMP-0915,2025-07,715
EMP-0915,2025-08,712
EMP-0915,2025-09,730
EMP-0915,2025-10,749
EMP-0915,2025-11,745
EMP-0915,2025-12,736
EMP-0916,2025-01,370
EMP-0916,2025-02,375
EMP-0916,2025-03,373
EMP-0916,2025-04,370
EMP-0916,2025-05,364
EMP-0916,2025-06,358
EMP-0916,2025-07,360
EMP-0916,2025-08,351
EMP-0916,2025-09,358
EMP-0916,2025-10,354
EMP-0916,2025-11,353
EMP-0916,2025-12,344
EMP-0917,2025-01,541
EMP-0917,2025-02,537
EMP-0917,2025-03,536
EMP-0917,2025-04,552
EMP-0917,2025-05,554
EMP-0917,2025-06,545
EMP-0917,2025-07,537
EMP-0917,2025-08,543
EMP-0917,2025-09,557
EMP-0917,2025-10,560
EMP-0917,2025-11,568
EMP-0917,2025-12,575
EMP-0918,2025-01,345
EMP-0918,2025-02,332
EMP-0918,2025-03,336
EMP-0918,2025-04,343
EMP-0918,2025-05,334
EMP-0918,2025-06,328
EMP-0918,2025-07,322
EMP-0918,2025-08,317
EMP-0918,2025-09,314
EMP-0918,2025-10,316
EMP-0918,2025-11,321
EMP-0918,2025-12,328
EMP-0919,2025-01,25
EMP-0919,2025-02,25
EMP-0919,2025-03,26
EMP-0919,2025-04,26
EMP-0919,2025-05,26
EMP-0919,2025-06,26
EMP-0919,2025-07,26
EMP-0919,2025-08,26
EMP-0919,2025-09,26
EMP-0919,2025-10,26
EMP-0919,2025-11,25
EMP-0919,2025-12,25
EMP-0920,2025-01,32
EMP-0920,2025-02,32
EMP-0920,2025-03,31
EMP-0920,2025-04,31
EMP-0920,2025-05,30
EMP-0920,2025-06,30
EMP-0920,2025-07,30
EMP-0920,2025-08,29
EMP-0920,2025-09,29
EMP-0920,2025-10,29
EMP-0920,2025-11,29
EMP-0920,2025-12,29
EMP-0921,2025-01,43
EMP-0921,2025-02,43
EMP-0921,2025-03,42
EMP-0921,2025-04,42
EMP-0921,2025-05,41
EMP-0921,2025-06,41
EMP-0921,2025-07,41
EMP-0921,2025-08,41
EMP-0921,2025-09,40
EMP-0921,2025-10,40
EMP-0921,2025-11,41
EMP-0921,2025-12,40
EMP-0922,2025-01,49
EMP-0922,2025-02,49
EMP-0922,2025-03,49
EMP-0922,2025-04,48
EMP-0922,2025-05,47
EMP-0922,2025-06,47
EMP-0922,2025-07,46
EMP-0922,2025-08,46
EMP-0922,2025-09,46
EMP-0922,2025-10,48
EMP-0922,2025-11,47
EMP-0922,2025-12,47
EMP-0923,2025-01,24
EMP-0923,2025-02,23
EMP-0923,2025-03,23
EMP-0923,2025-04,23
EMP-0923,2025-05,22
EMP-0923,2025-06,22
EMP-0923,2025-07,22
EMP-0923,2025-08,22
EMP-0923,2025-09,22
EMP-0923,2025-10,22
EMP-0923,2025-11,22
EMP-0923,2025-12,23
EMP-0924,2025-01,41
EMP-0924,2025-02,42
EMP-0924,2025-03,41
EMP-0924,2025-04,43
EMP-0924,2025-05,42
EMP-0924,2025-06,43
EMP-0924,2025-07,44
EMP-0924,2025-08,44
EMP-0924,2025-09,43
EMP-0924,2025-10,43
EMP-0924,2025-11,41
EMP-0924,2025-12,41
EMP-0925,2025-01,20
EMP-0925,2025-02,20
EMP-0925,2025-03,19
EMP-0925,2025-04,19
EMP-0925,2025-05,19
EMP-0925,2025-06,19
EMP-0925,2025-07,19
EMP-0925,2025-08,19
EMP-0925,2025-09,19
EMP-0925,2025-10,19
EMP-0925,2025-11,19
EMP-0925,2025-12,19
EMP-0926,2025-01,29
EMP-0926,2025-02,29
EMP-0926,2025-03,30
EMP-0926,2025-04,30
EMP-0926,2025-05,29
EMP-0926,2025-06,29
EMP-0926,2025-07,29
EMP-0926,2025-08,29
EMP-0926,2025-09,30
EMP-0926,2025-10,30
EMP-0926,2025-11,29
EMP-0926,2025-12,29
EMP-0927,2025-01,43
EMP-0927,2025-02,43
EMP-0927,2025-03,44
EMP-0927,2025-04,44
EMP-0927,2025-05,45
EMP-0927,2025-06,45
EMP-0927,2025-07,46
EMP-0927,2025-08,47
EMP-0927,2025-09,47
EMP-0927,2025-10,48
EMP-0927,2025-11,47
EMP-0927,2025-12,47
EMP-0928,2025-01,36
EMP-0928,2025-02,36
EMP-0928,2025-03,36
EMP-0928,2025-04,37
EMP-0928,2025-05,38
EMP-0928,2025-06,38
EMP-0928,2025-07,37
EMP-0928,2025-08,37
EMP-0928,2025-09,38
EMP-0928,2025-10,39
EMP-0928,2025-11,40
EMP-0928,2025-12,40
EMP-0929,2025-01,16
EMP-0929,2025-02,16
EMP-0929,2025-03,16
EMP-0929,2025-04,16
EMP-0929,2025-05,16
EMP-0929,2025-06,16
EMP-0929,2025-07,16
EMP-0929,2025-08,16
EMP-0929,2025-09,16
EMP-0929,2025-10,16
EMP-0929,2025-11,16
EMP-0929,2025-12,16
EMP-0930,2025-11,40
EMP-0930,2025-12,41
EMP-0931,2025-01,18
EMP-0931,2025-02,17
EMP-0931,2025-03,17
EMP-0931,2025-04,17
EMP-0931,2025-05,17
EMP-0931,2025-06,18
EMP-0931,2025-07,18
EMP-0931,2025-08,17
EMP-0931,2025-09,17
EMP-0931,2025-10,17
EMP-0931,2025-11,17
EMP-0931,2025-12,17
EMP-0932,2025-01,39
EMP-0932,2025-02,40
EMP-0932,2025-03,39
EMP-0932,2025-04,38
EMP-0932,2025-05,38
EMP-0932,2025-06,38
EMP-0932,2025-07,38
EMP-0932,2025-08,37
EMP-0932,2025-09,37
EMP-0932,2025-10,36
EMP-0932,2025-11,36
EMP-0932,2025-12,37
EMP-0933,2025-01,47
EMP-0933,2025-02,48
EMP-0933,2025-03,49
EMP-0933,2025-04,48
EMP-0933,2025-05,48
EMP-0933,2025-06,50
EMP-0933,2025-07,51
EMP-0933,2025-08,49
EMP-0933,2025-09,49
EMP-0933,2025-10,49
EMP-0933,2025-11,50
EMP-0933,2025-12,49
EMP-0934,2025-01,37
EMP-0934,2025-02,36
EMP-0934,2025-03,36
EMP-0934,2025-04,37
EMP-0934,2025-05,36
EMP-0934,2025-06,36
EMP-0934,2025-07,35
EMP-0934,2025-08,36
EMP-0934,2025-09,37
EMP-0934,2025-10,37
EMP-0934,2025-11,37
EMP-0934,2025-12,37
EMP-0935,2025-01,31
EMP-0935,2025-02,31
EMP-0935,2025-03,31
EMP-0935,2025-04,30
EMP-0935,2025-05,29
EMP-0935,2025-06,29
EMP-0935,2025-07,29
EMP-0935,2025-08,29
EMP-0935,2025-09,29
EMP-0935,2025-10,28
EMP-0935,2025-11,27
EMP-0935,2025-12,28
EMP-0936,2025-01,40
EMP-0936,2025-02,41
EMP-0936,2025-03,41
EMP-0936,2025-04,41
EMP-0936,2025-05,42
EMP-0936,2025-06,42
EMP-0936,2025-07,42
EMP-0936,2025-08,42
EMP-0936,2025-09,40
EMP-0936,2025-10,41
EMP-0936,2025-11,41
EMP-0936,2025-12,41
EMP-0937,2025-01,20
EMP-0937,2025-02,20
EMP-0937,2025-03,20
EMP-0937,2025-04,20
EMP-0937,2025-05,19
EMP-0937,2025-06,19
EMP-0937,2025-07,19
EMP-0937,2025-08,19
EMP-0937,2025-09,19
EMP-0937,2025-10,19
EMP-0937,2025-11,19
EMP-0937,2025-12,19
EMP-0938,2025-01,39
EMP-0938,2025-02,38
EMP-0938,2025-03,38
EMP-0938,2025-04,38
EMP-0938,2025-05,38
EMP-0938,2025-06,37
EMP-0938,2025-07,36
EMP-0938,2025-08,37
EMP-0938,2025-09,37
EMP-0938,2025-10,37
EMP-0938,2025-11,37
EMP-0938,2025-12,37
EMP-0939,2025-01,29
EMP-0939,2025-02,29
EMP-0939,2025-03,30
EMP-0939,2025-04,31
EMP-0939,2025-05,31
EMP-0939,2025-06,31
EMP-0939,2025-07,31
EMP-0939,2025-08,31
EMP-0939,2025-09,32
EMP-0939,2025-10,33
EMP-0939,2025-11,32
EMP-0939,2025-12,31
EMP-0940,2025-01,16
EMP-0940,2025-02,16
EMP-0940,2025-03,15
EMP-0940,2025-04,15
EMP-0940,2025-05,15
EMP-0940,2025-06,15
EMP-0940,2025-07,15
EMP-0940,2025-08,15
EMP-0940,2025-09,15
EMP-0940,2025-10,15
EMP-0940,2025-11,15
EMP-0940,2025-12,15
EMP-0941,2025-01,34
EMP-0941,2025-02,35
EMP-0941,2025-03,34
EMP-0941,2025-04,35
EMP-0941,2025-05,36
EMP-0941,2025-06,37
EMP-0941,2025-07,36
EMP-0941,2025-08,36
EMP-0941,2025-09,35
EMP-0941,2025-10,36
EMP-0941,2025-11,36
EMP-0941,2025-12,36
EMP-0942,2025-01,20
EMP-0942,2025-02,19
EMP-0942,2025-03,19
EMP-0942,2025-04,19
EMP-0942,2025-05,19
EMP-0942,2025-06,19
EMP-0942,2025-07,19
EMP-0942,2025-08,20
EMP-0942,2025-09,21
EMP-0942,2025-10,21
EMP-0942,2025-11,20
EMP-0942,2025-12,21
EMP-0943,2025-01,63
EMP-0943,2025-02,63
EMP-0943,2025-03,61
EMP-0943,2025-04,62
EMP-0943,2025-05,62
EMP-0943,2025-06,62
EMP-0943,2025-07,63
EMP-0943,2025-08,63
EMP-0943,2025-09,62
EMP-0943,2025-10,62
EMP-0943,2025-11,63
EMP-0943,2025-12,64
EMP-0944,2025-01,56
EMP-0944,2025-02,57
EMP-0944,2025-03,57
EMP-0944,2025-04,57
EMP-0944,2025-05,53
EMP-0944,2025-06,53
EMP-0944,2025-07,54
EMP-0944,2025-08,54
EMP-0944,2025-09,53
EMP-0944,2025-10,52
EMP-0944,2025-11,53
EMP-0944,2025-12,54
EMP-0945,2025-01,37
EMP-0945,2025-02,36
EMP-0945,2025-03,36
EMP-0945,2025-04,36
EMP-0945,2025-05,36
EMP-0945,2025-06,36
EMP-0945,2025-07,36
EMP-0945,2025-08,37
EMP-0945,2025-09,36
EMP-0945,2025-10,37
EMP-0945,2025-11,37
EMP-0945,2025-12,37
EMP-0946,2025-01,24
EMP-0946,2025-02,23
EMP-0946,2025-03,23
EMP-0946,2025-04,23
EMP-0946,2025-05,24
EMP-0946,2025-06,24
EMP-0946,2025-07,24
EMP-0946,2025-08,24
EMP-0946,2025-09,24
EMP-0946,2025-10,25
EMP-0946,2025-11,25
EMP-0946,2025-12,25
EMP-0947,2025-01,23
EMP-0947,2025-02,23
EMP-0947,2025-03,23
EMP-0947,2025-04,24
EMP-0947,2025-05,25
EMP-0947,2025-06,25
EMP-0947,2025-07,25
EMP-0947,2025-08,25
EMP-0947,2025-09,25
EMP-0947,2025-10,25
EMP-0947,2025-11,25
EMP-0947,2025-12,24
EMP-0948,2025-01,17
EMP-0948,2025-02,16
EMP-0948,2025-03,17
EMP-0948,2025-04,18
EMP-0948,2025-05,18
EMP-0948,2025-06,18
EMP-0948,2025-07,18
EMP-0948,2025-08,18
EMP-0948,2025-09,18
EMP-0948,2025-10,18
EMP-0948,2025-11,18
EMP-0948,2025-12,18
EMP-0949,2025-01,32
EMP-0949,2025-02,32
EMP-0949,2025-03,32
EMP-0949,2025-04,32
EMP-0949,2025-05,32
EMP-0949,2025-06,33
EMP-0949,2025-07,33
EMP-0949,2025-08,33
EMP-0949,2025-09,34
EMP-0949,2025-10,34
EMP-0949,2025-11,34
EMP-0949,2025-12,34
EMP-0950,2025-01,46
EMP-0950,2025-02,46
EMP-0950,2025-03,47
EMP-0950,2025-04,47
EMP-0950,2025-05,46
EMP-0950,2025-06,47
EMP-0950,2025-07,47
EMP-0950,2025-08,48
EMP-0950,2025-09,45
EMP-0950,2025-10,45
EMP-0950,2025-11,45
EMP-0950,2025-12,44
EMP-0951,2025-01,58
EMP-0951,2025-02,57
EMP-0951,2025-03,57
EMP-0951,2025-04,55
EMP-0951,2025-05,55
EMP-0951,2025-06,57
EMP-0951,2025-07,57
EMP-0951,2025-08,58
EMP-0951,2025-09,59
EMP-0951,2025-10,60
EMP-0951,2025-11,62
EMP-0951,2025-12,61
EMP-0952,2025-01,23
EMP-0952,2025-02,23
EMP-0952,2025-03,23
EMP-0952,2025-04,23
EMP-0952,2025-05,24
EMP-0952,2025-06,24
EMP-0952,2025-07,24
EMP-0952,2025-08,24
EMP-0952,2025-09,25
EMP-0952,2025-10,25
EMP-0952,2025-11,25
EMP-0952,2025-12,25
EMP-0953,2025-01,237
EMP-0953,2025-02,234
EMP-0953,2025-03,232
EMP-0953,2025-04,226
EMP-0953,2025-05,222
EMP-0953,2025-06,231
EMP-0953,2025-07,234
EMP-0953,2025-08,238
EMP-0953,2025-09,244
EMP-0953,2025-10,253
EMP-0953,2025-11,244
EMP-0953,2025-12,238
EMP-0954,2025-01,177
EMP-0954,2025-02,175
EMP-0954,2025-03,174
EMP-0954,2025-04,172
EMP-0954,2025-05,173
EMP-0954,2025-06,173
EMP-0954,2025-07,170
EMP-0954,2025-08,163
EMP-0954,2025-09,160
EMP-0954,2025-10,158
EMP-0954,2025-11,157
EMP-0954,2025-12,153
EMP-0955,2025-01,172
EMP-0955,2025-02,168
EMP-0955,2025-03,168
EMP-0955,2025-04,164
EMP-0955,2025-05,161
EMP-0955,2025-06,157
EMP-0955,2025-07,157
EMP-0955,2025-08,154
EMP-0955,2025-09,157
EMP-0955,2025-10,158
EMP-0955,2025-11,158
EMP-0955,2025-12,155
EMP-0956,2025-01,219
EMP-0956,2025-02,222
EMP-0956,2025-03,223
EMP-0956,2025-04,230
EMP-0956,2025-05,232
EMP-0956,2025-06,236
EMP-0956,2025-07,237
EMP-0956,2025-08,240
EMP-0956,2025-09,236
EMP-0956,2025-10,234
EMP-0956,2025-11,236
EMP-0956,2025-12,238
EMP-0957,2025-01,62
EMP-0957,2025-02,63
EMP-0957,2025-03,61
EMP-0957,2025-04,60
EMP-0957,2025-05,60
EMP-0957,2025-06,59
EMP-0957,2025-07,63
EMP-0957,2025-08,64
EMP-0957,2025-09,64
EMP-0957,2025-10,63
EMP-0957,2025-11,62
EMP-0957,2025-12,62
EMP-0958,2025-01,80
EMP-0958,2025-02,79
EMP-0958,2025-03,79
EMP-0958,2025-04,81
EMP-0958,2025-05,83
EMP-0958,2025-06,83
EMP-0958,2025-07,81
EMP-0958,2025-08,82
EMP-0958,2025-09,85
EMP-0958,2025-10,87
EMP-0958,2025-11,88
EMP-0958,2025-12,91
EMP-0959,2025-01,64
EMP-0959,2025-02,65
EMP-0959,2025-03,64
EMP-0959,2025-04,64
EMP-0959,2025-05,66
EMP-0959,2025-06,65
EMP-0959,2025-07,64
EMP-0959,2025-08,64
EMP-0959,2025-09,64
EMP-0959,2025-10,65
EMP-0959,2025-11,64
EMP-0959,2025-12,66
EMP-0960,2025-01,122
EMP-0960,2025-02,125
EMP-0960,2025-03,123
EMP-0960,2025-04,119
EMP-0960,2025-05,120
EMP-0960,2025-06,119
EMP-0960,2025-07,116
EMP-0960,2025-08,76
EMP-0960,2025-09,79
EMP-0960,2025-10,78
EMP-0960,2025-11,76
EMP-0960,2025-12,78
EMP-0961,2025-01,116
EMP-0961,2025-02,116
EMP-0961,2025-03,113
EMP-0961,2025-04,110
EMP-0961,2025-05,110
EMP-0961,2025-06,110
EMP-0961,2025-07,112
EMP-0961,2025-08,114
EMP-0961,2025-09,115
EMP-0961,2025-10,114
EMP-0961,2025-11,111
EMP-0961,2025-12,112
EMP-0962,2025-01,99
EMP-0962,2025-02,94
EMP-0962,2025-03,92
EMP-0962,2025-04,91
EMP-0962,2025-05,91
EMP-0962,2025-06,90
EMP-0962,2025-07,90
EMP-0962,2025-08,90
EMP-0962,2025-09,90
EMP-0962,2025-10,89
EMP-0962,2025-11,88
EMP-0962,2025-12,86
EMP-0963,2025-01,202
EMP-0963,2025-02,204
EMP-0963,2025-03,201
EMP-0963,2025-04,207
EMP-0963,2025-05,206
EMP-0963,2025-06,140
EMP-0963,2025-07,141
EMP-0963,2025-08,143
EMP-0963,2025-09,134
EMP-0963,2025-10,142
EMP-0963,2025-11,144
EMP-0963,2025-12,140
EMP-0964,2025-01,246
EMP-0964,2025-02,243
EMP-0964,2025-03,242
EMP-0964,2025-04,246
EMP-0964,2025-05,247
EMP-0964,2025-06,250
EMP-0964,2025-07,249
EMP-0964,2025-08,247
EMP-0964,2025-09,241
EMP-0964,2025-10,239
EMP-0964,2025-11,223
EMP-0964,2025-12,220
EMP-0965,2025-01,215
EMP-0965,2025-02,217
EMP-0965,2025-03,216
EMP-0965,2025-04,218
EMP-0965,2025-05,208
EMP-0965,2025-06,208
EMP-0965,2025-07,201
EMP-0965,2025-08,196
EMP-0965,2025-09,195
EMP-0965,2025-10,200
EMP-0965,2025-11,201
EMP-0965,2025-12,201
EMP-0966,2025-01,195
EMP-0966,2025-02,192
EMP-0966,2025-03,190
EMP-0966,2025-04,192
EMP-0966,2025-05,187
EMP-0966,2025-06,189
EMP-0966,2025-07,188
EMP-0966,2025-08,191
EMP-0966,2025-09,195
EMP-0966,2025-10,188
EMP-0966,2025-11,186
EMP-0966,2025-12,183
EMP-0967,2025-01,162
EMP-0967,2025-02,159
EMP-0967,2025-03,167
EMP-0967,2025-04,169
EMP-0967,2025-05,175
EMP-0967,2025-06,178
EMP-0967,2025-07,175
EMP-0967,2025-08,174
EMP-0967,2025-09,176
EMP-0967,2025-10,178
EMP-0967,2025-11,176
EMP-0967,2025-12,171
EMP-0968,2025-01,94
EMP-0968,2025-02,94
EMP-0968,2025-03,93
EMP-0968,2025-04,93
EMP-0968,2025-05,93
EMP-0968,2025-06,93
EMP-0968,2025-07,95
EMP-0968,2025-08,95
EMP-0968,2025-09,93
EMP-0968,2025-10,93
EMP-0968,2025-11,92
EMP-0968,2025-12,95
EMP-0969,2025-01,136
EMP-0969,2025-02,136
EMP-0969,2025-03,133
EMP-0969,2025-04,130
EMP-0969,2025-05,130
EMP-0969,2025-06,131
EMP-0969,2025-07,130
EMP-0969,2025-08,129
EMP-0969,2025-09,127
EMP-0969,2025-10,127
EMP-0969,2025-11,121
EMP-0969,2025-12,118
EMP-0970,2025-01,118
EMP-0970,2025-02,121
EMP-0970,2025-03,119
EMP-0970,2025-04,119
EMP-0970,2025-05,120
EMP-0970,2025-06,123
EMP-0970,2025-07,126
EMP-0970,2025-08,126
EMP-0970,2025-09,125
EMP-0970,2025-10,123
EMP-0970,2025-11,122
EMP-0970,2025-12,121
EMP-0971,2025-01,139
EMP-0971,2025-02,140
EMP-0971,2025-03,142
EMP-0971,2025-04,146
EMP-0971,2025-05,151
EMP-0971,2025-06,151
EMP-0971,2025-07,154
EMP-0971,2025-08,153
EMP-0971,2025-09,157
EMP-0971,2025-10,160
EMP-0971,2025-11,163
EMP-0971,2025-12,163
EMP-0972,2025-01,90
EMP-0972,2025-02,87
EMP-0972,2025-03,87
EMP-0972,2025-04,90
EMP-0972,2025-05,89
EMP-0972,2025-06,90
EMP-0972,2025-07,92
EMP-0972,2025-08,91
EMP-0972,2025-09,93
EMP-0972,2025-10,88
EMP-0972,2025-11,86
EMP-0972,2025-12,84
EMP-0973,2025-01,71
EMP-0973,2025-02,71
EMP-0973,2025-03,71
EMP-0973,2025-04,72
EMP-0973,2025-05,73
EMP-0973,2025-06,72
EMP-0973,2025-07,70
EMP-0973,2025-08,71
EMP-0973,2025-09,70
EMP-0973,2025-10,68
EMP-0973,2025-11,69
EMP-0973,2025-12,71
EMP-0974,2025-01,125
EMP-0974,2025-02,125
EMP-0974,2025-03,127
EMP-0974,2025-04,130
EMP-0974,2025-05,128
EMP-0974,2025-06,131
EMP-0974,2025-07,132
EMP-0974,2025-08,134
EMP-0974,2025-09,134
EMP-0974,2025-10,137
EMP-0974,2025-11,138
EMP-0974,2025-12,134
EMP-0975,2025-01,172
EMP-0975,2025-02,169
EMP-0975,2025-03,173
EMP-0975,2025-04,173
EMP-0975,2025-05,177
EMP-0975,2025-06,181
EMP-0975,2025-07,183
EMP-0975,2025-08,185
EMP-0975,2025-09,187
EMP-0975,2025-10,179
EMP-0975,2025-11,179
EMP-0975,2025-12,175
EMP-0976,2025-01,224
EMP-0976,2025-02,219
EMP-0976,2025-03,214
EMP-0976,2025-04,221
EMP-0976,2025-05,226
EMP-0976,2025-06,226
EMP-0976,2025-07,227
EMP-0976,2025-08,226
EMP-0976,2025-09,229
EMP-0976,2025-10,226
EMP-0976,2025-11,230
EMP-0976,2025-12,229
EMP-0977,2025-01,217
EMP-0977,2025-02,217
EMP-0977,2025-03,214
EMP-0977,2025-04,215
EMP-0977,2025-05,213
EMP-0977,2025-06,215
EMP-0977,2025-07,220
EMP-0977,2025-08,217
EMP-0977,2025-09,216
EMP-0977,2025-10,218
EMP-0977,2025-11,216
EMP-0977,2025-12,218
EMP-0978,2025-01,179
EMP-0978,2025-02,183
EMP-0978,2025-03,181
EMP-0978,2025-04,178
EMP-0978,2025-05,177
EMP-0978,2025-06,174
EMP-0978,2025-07,176
EMP-0978,2025-08,172
EMP-0978,2025-09,180
EMP-0978,2025-10,185
EMP-0978,2025-11,185
EMP-0978,2025-12,188
EMP-0979,2025-01,74
EMP-0979,2025-02,78
EMP-0979,2025-03,77
EMP-0979,2025-04,77
EMP-0979,2025-05,74
EMP-0979,2025-06,75
EMP-0979,2025-07,73
EMP-0979,2025-08,73
EMP-0979,2025-09,72
EMP-0979,2025-10,70
EMP-0979,2025-11,69
EMP-0979,2025-12,69
EMP-0980,2025-01,86
EMP-0980,2025-02,85
EMP-0980,2025-03,86
EMP-0980,2025-04,90
EMP-0980,2025-05,91
EMP-0980,2025-06,89
EMP-0980,2025-07,88
EMP-0980,2025-08,88
EMP-0980,2025-09,87
EMP-0980,2025-10,89
EMP-0980,2025-11,89
EMP-0980,2025-12,91
EMP-0981,2025-01,186
EMP-0981,2025-02,191
EMP-0981,2025-03,190
EMP-0981,2025-04,186
EMP-0981,2025-05,194
EMP-0981,2025-06,187
EMP-0981,2025-07,184
EMP-0981,2025-08,182
EMP-0981,2025-09,191
EMP-0981,2025-10,198
EMP-0981,2025-11,204
EMP-0981,2025-12,203
EMP-0982,2025-01,222
EMP-0982,2025-02,224
EMP-0982,2025-03,228
EMP-0982,2025-04,229
EMP-0982,2025-05,229
EMP-0982,2025-06,228
EMP-0982,2025-07,227
EMP-0982,2025-08,230
EMP-0982,2025-09,232
EMP-0982,2025-10,232
EMP-0982,2025-11,239
EMP-0982,2025-12,225
EMP-0983,2025-01,199
EMP-0983,2025-02,202
EMP-0983,2025-03,207
EMP-0983,2025-04,207
EMP-0983,2025-05,208
EMP-0983,2025-06,212
EMP-0983,2025-07,218
EMP-0983,2025-08,217
EMP-0983,2025-09,218
EMP-0983,2025-10,225
EMP-0983,2025-11,215
EMP-0983,2025-12,212
EMP-0984,2025-01,66
EMP-0984,2025-02,67
EMP-0984,2025-03,68
EMP-0984,2025-04,67
EMP-0984,2025-05,66
EMP-0984,2025-06,65
EMP-0984,2025-07,67
EMP-0984,2025-08,66
EMP-0984,2025-09,66
EMP-0984,2025-10,65
EMP-0984,2025-11,66
EMP-0984,2025-12,65
EMP-0985,2025-01,221
EMP-0985,2025-02,214
EMP-0985,2025-03,207
EMP-0985,2025-04,207
EMP-0985,2025-05,202
EMP-0985,2025-06,211
EMP-0985,2025-07,202
EMP-0985,2025-08,199
EMP-0985,2025-09,199
EMP-0985,2025-10,198
EMP-0985,2025-11,194
EMP-0985,2025-12,190
EMP-0986,2025-01,187
EMP-0986,2025-02,186
EMP-0986,2025-03,193
EMP-0986,2025-04,193
EMP-0986,2025-05,198
EMP-0986,2025-06,200
EMP-0986,2025-07,204
EMP-0986,2025-08,193
EMP-0986,2025-09,192
EMP-0986,2025-10,197
EMP-0986,2025-11,195
EMP-0986,2025-12,202
EMP-0987,2025-01,863
EMP-0987,2025-02,855
EMP-0987,2025-03,846
EMP-0987,2025-04,829
EMP-0987,2025-05,819
EMP-0987,2025-06,799
EMP-0987,2025-07,806
EMP-0987,2025-08,783
EMP-0987,2025-09,792
EMP-0987,2025-10,802
EMP-0987,2025-11,775
EMP-0987,2025-12,799
EMP-0988,2025-01,502
EMP-0988,2025-02,510
EMP-0988,2025-03,502
EMP-0988,2025-04,508
EMP-0988,2025-05,519
EMP-0988,2025-06,518
EMP-0988,2025-07,539
EMP-0988,2025-08,539
EMP-0988,2025-09,551
EMP-0988,2025-10,554
EMP-0988,2025-11,560
EMP-0988,2025-12,541
EMP-0989,2025-01,400
EMP-0989,2025-02,394
EMP-0989,2025-03,387
EMP-0989,2025-04,400
EMP-0989,2025-05,398
EMP-0989,2025-06,390
EMP-0989,2025-07,387
EMP-0989,2025-08,377
EMP-0989,2025-09,388
EMP-0989,2025-10,383
EMP-0989,2025-11,387
EMP-0989,2025-12,397
EMP-0990,2025-01,543
EMP-0990,2025-02,549
EMP-0990,2025-03,538
EMP-0990,2025-04,564
EMP-0990,2025-05,575
EMP-0990,2025-06,573
EMP-0990,2025-07,564
EMP-0990,2025-08,563
EMP-0990,2025-09,559
EMP-0990,2025-10,581
EMP-0990,2025-11,567
EMP-0990,2025-12,569
EMP-0991,2025-01,689
EMP-0991,2025-02,687
EMP-0991,2025-03,686
EMP-0991,2025-04,684
EMP-0991,2025-05,696
EMP-0991,2025-06,704
EMP-0991,2025-07,710
EMP-0991,2025-08,667
EMP-0991,2025-09,671
EMP-0991,2025-10,649
EMP-0991,2025-11,657
EMP-0991,2025-12,676
EMP-0992,2025-01,246
EMP-0992,2025-02,245
EMP-0992,2025-03,242
EMP-0992,2025-04,248
EMP-0992,2025-05,248
EMP-0992,2025-06,257
EMP-0992,2025-07,259
EMP-0992,2025-08,260
EMP-0992,2025-09,260
EMP-0992,2025-10,264
EMP-0992,2025-11,255
EMP-0992,2025-12,255
EMP-0993,2025-01,878
EMP-0993,2025-02,891
EMP-0993,2025-03,888
EMP-0993,2025-04,870
EMP-0993,2025-05,870
EMP-0993,2025-06,851
EMP-0993,2025-07,818
EMP-0993,2025-08,830
EMP-0993,2025-09,840
EMP-0993,2025-10,848
EMP-0993,2025-11,870
EMP-0993,2025-12,858
EMP-0994,2025-01,594
EMP-0994,2025-02,593
EMP-0994,2025-03,589
EMP-0994,2025-04,579
EMP-0994,2025-05,578
EMP-0994,2025-06,571
EMP-0994,2025-07,550
EMP-0994,2025-08,545
EMP-0994,2025-09,533
EMP-0994,2025-10,535
EMP-0994,2025-11,528
EMP-0994,2025-12,540
EMP-0995,2025-01,512
EMP-0995,2025-02,519
EMP-0995,2025-03,503
EMP-0995,2025-04,518
EMP-0995,2025-05,534
EMP-0995,2025-06,534
EMP-0995,2025-07,548
EMP-0995,2025-08,542
EMP-0995,2025-09,522
EMP-0995,2025-10,514
EMP-0995,2025-11,532
EMP-0995,2025-12,516
EMP-0996,2025-01,834
EMP-0996,2025-02,835
EMP-0996,2025-03,826
EMP-0996,2025-04,819
EMP-0996,2025-05,820
EMP-0996,2025-06,811
EMP-0996,2025-07,788
EMP-0996,2025-08,791
EMP-0996,2025-09,808
EMP-0996,2025-10,822
EMP-0996,2025-11,809
EMP-0996,2025-12,789
EMP-0997,2025-01,672
EMP-0997,2025-02,693
EMP-0997,2025-03,702
EMP-0997,2025-04,712
EMP-0997,2025-05,725
EMP-0997,2025-06,731
EMP-0997,2025-07,733
EMP-0997,2025-08,743
EMP-0997,2025-09,735
EMP-0997,2025-10,714
EMP-0997,2025-11,724
EMP-0997,2025-12,742
EMP-0998,2025-01,431
EMP-0998,2025-02,438
EMP-0998,2025-03,453
EMP-0998,2025-04,453
EMP-0998,2025-05,446
EMP-0998,2025-06,447
EMP-0998,2025-07,442
EMP-0998,2025-08,437
EMP-0998,2025-09,441
EMP-0998,2025-10,427
EMP-0998,2025-11,415
EMP-0998,2025-12,415
EMP-0999,2025-01,337
EMP-0999,2025-02,339
EMP-0999,2025-03,352
EMP-0999,2025-04,353
EMP-0999,2025-05,357
EMP-0999,2025-06,350
EMP-0999,2025-07,355
EMP-0999,2025-08,351
EMP-0999,2025-09,352
EMP-0999,2025-10,351
EMP-0999,2025-11,358
EMP-0999,2025-12,349
EMP-1000,2025-01,750
EMP-1000,2025-02,747
EMP-1000,2025-03,754
EMP-1000,2025-04,756
EMP-1000,2025-05,775
EMP-1000,2025-06,782
EMP-1000,2025-07,773
EMP-1000,2025-08,737
EMP-1000,2025-09,734
EMP-1000,2025-10,749
EMP-1000,2025-11,743
EMP-1000,2025-12,743
EMP-1001,2025-01,624
EMP-1001,2025-02,611
EMP-1001,2025-03,619
EMP-1001,2025-04,639
EMP-1001,2025-05,637
EMP-1001,2025-06,623
EMP-1001,2025-07,622
EMP-1001,2025-08,594
EMP-1001,2025-09,598
EMP-1001,2025-10,603
EMP-1001,2025-11,623
EMP-1001,2025-12,621
EMP-1002,2025-01,322
EMP-1002,2025-02,316
EMP-1002,2025-03,314
EMP-1002,2025-04,304
EMP-1002,2025-05,303
EMP-1002,2025-06,301
EMP-1002,2025-07,303
EMP-1002,2025-08,299
EMP-1002,2025-09,299
EMP-1002,2025-10,297
EMP-1002,2025-11,295
EMP-1002,2025-12,295
EMP-1003,2025-01,789
EMP-1003,2025-02,801
EMP-1003,2025-03,799
EMP-1003,2025-04,793
EMP-1003,2025-05,790
EMP-1003,2025-06,779
EMP-1003,2025-07,773
EMP-1003,2025-08,804
EMP-1003,2025-09,789
EMP-1003,2025-10,785
EMP-1003,2025-11,779
EMP-1003,2025-12,775
EMP-1004,2025-01,802
EMP-1004,2025-02,806
EMP-1004,2025-03,778
EMP-1004,2025-04,794
EMP-1004,2025-05,804
EMP-1004,2025-06,784
EMP-1004,2025-07,748
EMP-1004,2025-08,733
EMP-1004,2025-09,729
EMP-1004,2025-10,767
EMP-1004,2025-11,775
EMP-1004,2025-12,747
EMP-1005,2025-01,758
EMP-1005,2025-02,757
EMP-1005,2025-03,761
EMP-1005,2025-04,741
EMP-1005,2025-05,739
EMP-1005,2025-06,728
EMP-1005,2025-07,712
EMP-1005,2025-08,716
EMP-1005,2025-09,727
EMP-1005,2025-10,739
EMP-1005,2025-11,747
EMP-1005,2025-12,740
EMP-1006,2025-01,780
EMP-1006,2025-02,785
EMP-1006,2025-03,787
EMP-1006,2025-04,777
EMP-1006,2025-05,769
EMP-1006,2025-06,770
EMP-1006,2025-07,808
EMP-1006,2025-08,813
EMP-1006,2025-09,803
EMP-1006,2025-10,790
EMP-1006,2025-11,782
EMP-1006,2025-12,816
EMP-1007,2025-01,810
EMP-1007,2025-02,825
EMP-1007,2025-03,819
EMP-1007,2025-04,823
EMP-1007,2025-05,836
EMP-1007,2025-06,826
EMP-1007,2025-07,815
EMP-1007,2025-08,842
EMP-1007,2025-09,859
EMP-1007,2025-10,873
EMP-1007,2025-11,887
EMP-1007,2025-12,895
EMP-1008,2025-01,281
EMP-1008,2025-02,281
EMP-1008,2025-03,284
EMP-1008,2025-04,276
EMP-1008,2025-05,271
EMP-1008,2025-06,264
EMP-1008,2025-07,271
EMP-1008,2025-08,257
EMP-1008,2025-09,255
EMP-1008,2025-10,240
EMP-1008,2025-11,236
EMP-1008,2025-12,234
EMP-1009,2025-11,667
EMP-1009,2025-12,672
EMP-1010,2025-01,719
EMP-1010,2025-02,734
EMP-1010,2025-03,734
EMP-1010,2025-04,735
EMP-1010,2025-05,717
EMP-1010,2025-06,703
EMP-1010,2025-07,691
EMP-1010,2025-08,692
EMP-1010,2025-09,693
EMP-1010,2025-10,714
EMP-1010,2025-11,719
EMP-1010,2025-12,680
EMP-1011,2025-01,296
EMP-1011,2025-02,287
EMP-1011,2025-03,281
EMP-1011,2025-04,276
EMP-1011,2025-05,272
EMP-1011,2025-06,265
EMP-1011,2025-07,266
EMP-1011,2025-08,258
EMP-1011,2025-09,260
EMP-1011,2025-10,272
EMP-1011,2025-11,265
EMP-1011,2025-12,263
EMP-1012,2025-01,855
EMP-1012,2025-02,850
EMP-1012,2025-03,861
EMP-1012,2025-04,873
EMP-1012,2025-05,874
EMP-1012,2025-06,890
EMP-1012,2025-07,935
EMP-1012,2025-08,967
EMP-1012,2025-09,957
EMP-1012,2025-10,929
EMP-1012,2025-11,921
EMP-1012,2025-12,904
EMP-1013,2025-01,652
EMP-1013,2025-02,637
EMP-1013,2025-03,636
EMP-1013,2025-04,647
EMP-1013,2025-05,646
EMP-1013,2025-06,634
EMP-1013,2025-07,649
EMP-1013,2025-08,625
EMP-1013,2025-09,621
EMP-1013,2025-10,620
EMP-1013,2025-11,620
EMP-1013,2025-12,622
EMP-1014,2025-01,640
EMP-1014,2025-02,640
EMP-1014,2025-03,635
EMP-1014,2025-04,630
EMP-1014,2025-05,622
EMP-1014,2025-06,632
EMP-1014,2025-07,624
EMP-1014,2025-08,635
EMP-1014,2025-09,635
EMP-1014,2025-10,628
EMP-1014,2025-11,636
EMP-1014,2025-12,627
EMP-1015,2025-01,515
EMP-1015,2025-02,517
EMP-1015,2025-03,511
EMP-1015,2025-04,516
EMP-1015,2025-05,522
EMP-1015,2025-06,534
EMP-1015,2025-07,544
EMP-1015,2025-08,549
EMP-1015,2025-09,537
EMP-1015,2025-10,563
EMP-1015,2025-11,547
EMP-1015,2025-12,557
EMP-1016,2025-01,268
EMP-1016,2025-02,262
EMP-1016,2025-03,261
EMP-1016,2025-04,261
EMP-1016,2025-05,268
EMP-1016,2025-06,264
EMP-1016,2025-07,263
EMP-1016,2025-08,251
EMP-1016,2025-09,260
EMP-1016,2025-10,254
EMP-1016,2025-11,256
EMP-1016,2025-12,255
EMP-1017,2025-01,614
EMP-1017,2025-02,624
EMP-1017,2025-03,645
EMP-1017,2025-04,648
EMP-1017,2025-05,656
EMP-1017,2025-06,660
EMP-1017,2025-07,673
EMP-1017,2025-08,438
EMP-1017,2025-09,419
EMP-1017,2025-10,424
EMP-1017,2025-11,429
EMP-1017,2025-12,428
EMP-1018,2025-01,318
EMP-1018,2025-02,320
EMP-1018,2025-03,311
EMP-1018,2025-04,321
EMP-1018,2025-05,321
EMP-1018,2025-06,323
EMP-1018,2025-07,319
EMP-1018,2025-08,311
EMP-1018,2025-09,307
EMP-1018,2025-10,308
EMP-1018,2025-11,312
EMP-1018,2025-12,313
EMP-1019,2025-01,607
EMP-1019,2025-02,603
EMP-1019,2025-03,609
EMP-1019,2025-04,627
EMP-1019,2025-05,636
EMP-1019,2025-06,646
EMP-1019,2025-07,650
EMP-1019,2025-08,630
EMP-1019,2025-09,617
EMP-1019,2025-10,623
EMP-1019,2025-11,623
EMP-1019,2025-12,628
EMP-1020,2025-01,513
EMP-1020,2025-02,520
EMP-1020,2025-03,533
EMP-1020,2025-04,534
EMP-1020,2025-05,525
EMP-1020,2025-06,524
EMP-1020,2025-07,516
EMP-1020,2025-08,532
EMP-1020,2025-09,540
EMP-1020,2025-10,546
EMP-1020,2025-11,559
EMP-1020,2025-12,536
