rank,employer_id,n_periods,n_gap_periods,longest_run,n_late_paid,total_expected,total_actual,total_shortfall,median_gap_pct,run_start,run_end,first_gap_period,cum_shortfall_pct,status,reason,score_c,score_c_norm
1,EMP-0399,12,8,8,0,1023398000.0,834824000.0,190265000.0,0.27470900894194716,2025-05,2025-12,2025-05,0.18591496172554567,FLAGGED,Setoran iuran rata-rata 27% di bawah yang seharusnya selama 8 bulan berturut-turut (2025-05 s/d 2025-12); total kekurangan Rp190.265.000.,0.2747,1.0
2,EMP-0393,12,7,7,0,947226000.0,805307000.0,142225000.0,0.2651710187568959,2025-06,2025-12,2025-06,0.15014896128273506,FLAGGED,Setoran iuran rata-rata 27% di bawah yang seharusnya selama 7 bulan berturut-turut (2025-06 s/d 2025-12); total kekurangan Rp142.225.000.,0.2652,1.0
3,EMP-0580,12,5,5,0,1048836000.0,918611000.0,129254000.0,0.29994009655026604,2025-08,2025-12,2025-08,0.12323566315420142,FLAGGED,Setoran iuran rata-rata 30% di bawah yang seharusnya selama 5 bulan berturut-turut (2025-08 s/d 2025-12); total kekurangan Rp129.254.000.,0.2999,1.0
4,EMP-0299,12,5,5,0,783372000.0,693637000.0,86429000.0,0.27055019214546816,2025-08,2025-12,2025-08,0.11032944756769453,FLAGGED,Setoran iuran rata-rata 27% di bawah yang seharusnya selama 5 bulan berturut-turut (2025-08 s/d 2025-12); total kekurangan Rp86.429.000.,0.2706,1.0
5,EMP-0679,12,3,3,0,778410000.0,724380000.0,55948000.0,0.28909745716468405,2025-10,2025-12,2025-10,0.0718747189784304,FLAGGED,Setoran iuran rata-rata 29% di bawah yang seharusnya selama 3 bulan berturut-turut (2025-10 s/d 2025-12); total kekurangan Rp55.948.000.,0.2891,1.0
6,EMP-0462,12,8,8,0,241137000.0,192990000.0,47886000.0,0.29776244972036847,2025-05,2025-12,2025-05,0.19858420731783177,FLAGGED,Setoran iuran rata-rata 30% di bawah yang seharusnya selama 8 bulan berturut-turut (2025-05 s/d 2025-12); total kekurangan Rp47.886.000.,0.2978,1.0
7,EMP-0648,12,5,5,0,321234000.0,284847000.0,35872000.0,0.2653772630158552,2025-08,2025-12,2025-08,0.11166937497276129,FLAGGED,Setoran iuran rata-rata 27% di bawah yang seharusnya selama 5 bulan berturut-turut (2025-08 s/d 2025-12); total kekurangan Rp35.872.000.,0.2654,1.0
8,EMP-0361,12,4,4,0,245372000.0,222442000.0,22673000.0,0.2842397856666482,2025-09,2025-12,2025-09,0.09240255611887258,FLAGGED,Setoran iuran rata-rata 28% di bawah yang seharusnya selama 4 bulan berturut-turut (2025-09 s/d 2025-12); total kekurangan Rp22.673.000.,0.2842,1.0
9,EMP-0039,12,6,6,0,143780000.0,126347000.0,17561000.0,0.24634811794731476,2025-07,2025-12,2025-07,0.1221379885936848,FLAGGED,Setoran iuran rata-rata 25% di bawah yang seharusnya selama 6 bulan berturut-turut (2025-07 s/d 2025-12); total kekurangan Rp17.561.000.,0.2463,0.992
10,EMP-0698,12,5,4,0,4512853000.0,4112073000.0,395429000.0,0.24596915750431195,2025-09,2025-12,2025-02,0.0876228408060267,FLAGGED,Setoran iuran rata-rata 25% di bawah yang seharusnya selama 4 bulan berturut-turut (2025-09 s/d 2025-12); total kekurangan Rp395.429.000. Ada 1 bulan lain yang juga kurang setor.,0.246,0.991
11,EMP-0354,12,4,4,0,254965000.0,234583000.0,20036000.0,0.2358403756500727,2025-09,2025-12,2025-09,0.07858333496754456,FLAGGED,Setoran iuran rata-rata 24% di bawah yang seharusnya selama 4 bulan berturut-turut (2025-09 s/d 2025-12); total kekurangan Rp20.036.000.,0.2358,0.969
12,EMP-0387,12,6,6,0,811444000.0,721244000.0,92632000.0,0.22631125832229043,2025-07,2025-12,2025-07,0.11415698433903017,FLAGGED,Setoran iuran rata-rata 23% di bawah yang seharusnya selama 6 bulan berturut-turut (2025-07 s/d 2025-12); total kekurangan Rp92.632.000.,0.2263,0.949
13,EMP-0017,12,3,3,0,139569000.0,131933000.0,7797000.0,0.22179089026915114,2025-10,2025-12,2025-10,0.05586484104636416,FLAGGED,Setoran iuran rata-rata 22% di bawah yang seharusnya selama 3 bulan berturut-turut (2025-10 s/d 2025-12); total kekurangan Rp7.797.000.,0.2218,0.939
14,EMP-0684,12,5,5,0,3475315000.0,3160477000.0,318770000.0,0.21987641606591143,2025-08,2025-12,2025-08,0.09172405954568147,FLAGGED,Setoran iuran rata-rata 22% di bawah yang seharusnya selama 5 bulan berturut-turut (2025-08 s/d 2025-12); total kekurangan Rp318.770.000.,0.2199,0.935
15,EMP-0595,12,7,7,0,1435498000.0,1256279000.0,180170000.0,0.2148930134195301,2025-06,2025-12,2025-06,0.12551045003197497,FLAGGED,Setoran iuran rata-rata 21% di bawah yang seharusnya selama 7 bulan berturut-turut (2025-06 s/d 2025-12); total kekurangan Rp180.170.000.,0.2149,0.924
16,EMP-0431,12,5,4,0,36588000.0,34068000.0,2480000.0,0.20163209792587555,2025-09,2025-12,2025-04,0.06778178637804745,FLAGGED,Setoran iuran rata-rata 20% di bawah yang seharusnya selama 4 bulan berturut-turut (2025-09 s/d 2025-12); total kekurangan Rp2.480.000. Ada 1 bulan lain yang juga kurang setor.,0.2016,0.895
17,EMP-0350,12,7,7,0,480975000.0,430143000.0,52816000.0,0.18551048136645962,2025-06,2025-12,2025-06,0.10981028119964654,FLAGGED,Setoran iuran rata-rata 19% di bawah yang seharusnya selama 7 bulan berturut-turut (2025-06 s/d 2025-12); total kekurangan Rp52.816.000.,0.1855,0.86
18,EMP-0887,12,3,3,0,1523127000.0,1453337000.0,66139000.0,0.18382117097482545,2025-10,2025-12,2025-10,0.04342316825845777,FLAGGED,Setoran iuran rata-rata 18% di bawah yang seharusnya selama 3 bulan berturut-turut (2025-10 s/d 2025-12); total kekurangan Rp66.139.000.,0.1838,0.856
19,EMP-0915,12,3,3,0,1377666000.0,1318846000.0,60630000.0,0.176114498585461,2025-10,2025-12,2025-10,0.04400921558636128,FLAGGED,Setoran iuran rata-rata 18% di bawah yang seharusnya selama 3 bulan berturut-turut (2025-10 s/d 2025-12); total kekurangan Rp60.630.000.,0.1761,0.839
20,EMP-0077,12,7,7,0,936715000.0,844436000.0,96015000.0,0.17429462257977596,2025-06,2025-12,2025-06,0.10250182819747736,FLAGGED,Setoran iuran rata-rata 17% di bawah yang seharusnya selama 7 bulan berturut-turut (2025-06 s/d 2025-12); total kekurangan Rp96.015.000.,0.1743,0.835
21,EMP-0561,12,4,4,0,432757000.0,408305000.0,25497000.0,0.17294750353407892,2025-09,2025-12,2025-09,0.058917591165480857,FLAGGED,Setoran iuran rata-rata 17% di bawah yang seharusnya selama 4 bulan berturut-turut (2025-09 s/d 2025-12); total kekurangan Rp25.497.000.,0.1729,0.832
22,EMP-0230,12,4,4,0,48889000.0,46050000.0,2984000.0,0.16944410252407288,2025-09,2025-12,2025-09,0.06103622491767064,FLAGGED,Setoran iuran rata-rata 17% di bawah yang seharusnya selama 4 bulan berturut-turut (2025-09 s/d 2025-12); total kekurangan Rp2.984.000.,0.1694,0.825
23,EMP-0002,12,4,4,0,62577000.0,59327000.0,3269000.0,0.16105426065171502,2025-09,2025-12,2025-09,0.0522396407625805,FLAGGED,Setoran iuran rata-rata 16% di bawah yang seharusnya selama 4 bulan berturut-turut (2025-09 s/d 2025-12); total kekurangan Rp3.269.000.,0.1611,0.807
24,EMP-0006,12,8,8,0,52993000.0,47491000.0,5638000.0,0.15984542067246982,2025-05,2025-12,2025-05,0.10639141018625102,FLAGGED,Setoran iuran rata-rata 16% di bawah yang seharusnya selama 8 bulan berturut-turut (2025-05 s/d 2025-12); total kekurangan Rp5.638.000.,0.1598,0.804
25,EMP-0189,12,5,5,0,1134218000.0,1057811000.0,73956000.0,0.15394557260432606,2025-08,2025-12,2025-08,0.06520439633298009,FLAGGED,Setoran iuran rata-rata 15% di bawah yang seharusnya selama 5 bulan berturut-turut (2025-08 s/d 2025-12); total kekurangan Rp73.956.000.,0.1539,0.791
26,EMP-0838,12,2,2,0,185584000.0,184536000.0,911000.0,0.03011973316556433,2025-01,2025-02,2025-01,0.004908828347271316,FLAGGED,Setoran iuran rata-rata 3% di bawah yang seharusnya selama 2 bulan berturut-turut (2025-01 s/d 2025-02); total kekurangan Rp911.000.,0.0301,0.522
27,EMP-0994,12,2,2,0,865664000.0,859145000.0,4079000.0,0.028166139079526087,2025-06,2025-07,2025-06,0.004711989871358864,FLAGGED,Setoran iuran rata-rata 3% di bawah yang seharusnya selama 2 bulan berturut-turut (2025-06 s/d 2025-07); total kekurangan Rp4.079.000.,0.0282,0.518
28,EMP-0568,12,2,2,0,723931000.0,720278000.0,3104000.0,0.025907075137177348,2025-01,2025-02,2025-01,0.004287701452210225,FLAGGED,Setoran iuran rata-rata 3% di bawah yang seharusnya selama 2 bulan berturut-turut (2025-01 s/d 2025-02); total kekurangan Rp3.104.000.,0.0259,0.513
29,EMP-0195,12,2,2,0,1935899000.0,1935614000.0,8169000.0,0.02568611341063291,2025-04,2025-05,2025-04,0.0042197449350405165,FLAGGED,Setoran iuran rata-rata 3% di bawah yang seharusnya selama 2 bulan berturut-turut (2025-04 s/d 2025-05); total kekurangan Rp8.169.000.,0.0257,0.512
30,EMP-0614,12,2,2,0,166926000.0,166576000.0,737000.0,0.024102870906038312,2025-03,2025-04,2025-03,0.004415130057630327,FLAGGED,Setoran iuran rata-rata 2% di bawah yang seharusnya selama 2 bulan berturut-turut (2025-03 s/d 2025-04); total kekurangan Rp737.000.,0.0241,0.509
31,EMP-0606,12,2,2,0,3501658000.0,3491411000.0,13171000.0,0.02333135646530654,2025-03,2025-04,2025-03,0.003761361046681315,FLAGGED,Setoran iuran rata-rata 2% di bawah yang seharusnya selama 2 bulan berturut-turut (2025-03 s/d 2025-04); total kekurangan Rp13.171.000.,0.0233,0.507
32,EMP-0870,12,2,2,0,185904000.0,185478000.0,701000.0,0.022517333244828415,2025-11,2025-12,2025-11,0.0037707634047680523,FLAGGED,Setoran iuran rata-rata 2% di bawah yang seharusnya selama 2 bulan berturut-turut (2025-11 s/d 2025-12); total kekurangan Rp701.000.,0.0225,0.505
33,EMP-0479,12,2,2,0,1479702000.0,1477113000.0,5009000.0,0.021948020050211677,2025-02,2025-03,2025-02,0.003385141062186846,FLAGGED,Setoran iuran rata-rata 2% di bawah yang seharusnya selama 2 bulan berturut-turut (2025-02 s/d 2025-03); total kekurangan Rp5.009.000.,0.0219,0.504
34,EMP-0856,12,2,2,0,208783000.0,208924000.0,706000.0,0.02110507284170718,2025-10,2025-11,2025-10,0.003381501367448499,FLAGGED,Setoran iuran rata-rata 2% di bawah yang seharusnya selama 2 bulan berturut-turut (2025-10 s/d 2025-11); total kekurangan Rp706.000.,0.0211,0.502
35,EMP-0210,12,2,2,0,64023000.0,63510000.0,227000.0,0.021145315589760034,2025-01,2025-02,2025-01,0.0035456007997126033,FLAGGED,Setoran iuran rata-rata 2% di bawah yang seharusnya selama 2 bulan berturut-turut (2025-01 s/d 2025-02); total kekurangan Rp227.000.,0.0211,0.502
36,EMP-0710,12,2,1,0,4237282000.0,4212521000.0,17246000.0,0.02416883632914937,2025-08,2025-08,2025-08,0.004070061893449621,ONE_OFF_GAP,"Kurang setor pada 2025-08, tetapi tidak berulang berturut-turut — dianggap wajar.",0.0265,0.49
37,EMP-0593,12,2,1,0,3219458000.0,3216721000.0,13570000.0,0.024377723821771592,2025-02,2025-02,2025-02,0.004214995194843356,ONE_OFF_GAP,"Kurang setor pada 2025-02, tetapi tidak berulang berturut-turut — dianggap wajar.",0.0251,0.49
38,EMP-0708,12,1,1,0,4474691000.0,4464004000.0,10677000.0,0.028239532171166953,2025-05,2025-05,2025-05,0.002386086547652117,ONE_OFF_GAP,"Kurang setor pada 2025-05, tetapi tidak berulang berturut-turut — dianggap wajar.",0.0282,0.49
39,EMP-0692,12,1,1,0,3804582000.0,3807966000.0,9889000.0,0.03077559861324636,2025-05,2025-05,2025-05,0.0025992342917040556,ONE_OFF_GAP,"Kurang setor pada 2025-05, tetapi tidak berulang berturut-turut — dianggap wajar.",0.0308,0.49
40,EMP-0688,12,1,1,0,5050446000.0,5032216000.0,9051000.0,0.02194458452944371,2025-07,2025-07,2025-07,0.0017921189534548037,ONE_OFF_GAP,"Kurang setor pada 2025-07, tetapi tidak berulang berturut-turut — dianggap wajar.",0.0219,0.49
41,EMP-0681,12,1,1,0,3509817000.0,3500630000.0,7828000.0,0.02848938562938323,2025-05,2025-05,2025-05,0.0022303157116168736,ONE_OFF_GAP,"Kurang setor pada 2025-05, tetapi tidak berulang berturut-turut — dianggap wajar.",0.0285,0.49
42,EMP-0099,12,2,1,0,1964315000.0,1956382000.0,7168000.0,0.021364931095549697,2025-04,2025-04,2025-04,0.0036491092314623673,ONE_OFF_GAP,"Kurang setor pada 2025-04, tetapi tidak berulang berturut-turut — dianggap wajar.",0.0223,0.49
43,EMP-0707,12,1,1,0,3986346000.0,3984070000.0,7051000.0,0.021368350233654774,2025-09,2025-09,2025-09,0.0017687877570085487,ONE_OFF_GAP,"Kurang setor pada 2025-09, tetapi tidak berulang berturut-turut — dianggap wajar.",0.0214,0.49
44,EMP-0504,12,2,1,0,1661448000.0,1650842000.0,6887000.0,0.02474972653132551,2025-09,2025-09,2025-09,0.00414517938569248,ONE_OFF_GAP,"Kurang setor pada 2025-09, tetapi tidak berulang berturut-turut — dianggap wajar.",0.025,0.49
45,EMP-0794,12,1,1,0,3387686000.0,3366433000.0,6574000.0,0.022415286311468142,2025-10,2025-10,2025-10,0.0019405576549892758,ONE_OFF_GAP,"Kurang setor pada 2025-10, tetapi tidak berulang berturut-turut — dianggap wajar.",0.0224,0.49
46,EMP-0812,12,1,1,0,2880345000.0,2872224000.0,5738000.0,0.024485476417046806,2025-01,2025-01,2025-01,0.001992122471440053,ONE_OFF_GAP,"Kurang setor pada 2025-01, tetapi tidak berulang berturut-turut — dianggap wajar.",0.0245,0.49
47,EMP-0388,12,2,1,0,1375032000.0,1370618000.0,5696000.0,0.02503355103034302,2025-08,2025-08,2025-08,0.004142449048458508,ONE_OFF_GAP,"Kurang setor pada 2025-08, tetapi tidak berulang berturut-turut — dianggap wajar.",0.0273,0.49
48,EMP-0691,12,1,1,0,1767646000.0,1758578000.0,5559000.0,0.03914899011239753,2025-08,2025-08,2025-08,0.0031448604528282248,ONE_OFF_GAP,"Kurang setor pada 2025-08, tetapi tidak berulang berturut-turut — dianggap wajar.",0.0391,0.49
49,EMP-0589,12,1,1,0,2243114000.0,2245305000.0,5493000.0,0.028072058259869682,2025-10,2025-10,2025-10,0.0024488278348759806,ONE_OFF_GAP,"Kurang setor pada 2025-10, tetapi tidak berulang berturut-turut — dianggap wajar.",0.0281,0.49
50,EMP-0179,12,1,1,0,2279776000.0,2282749000.0,5438000.0,0.028067386502054214,2025-08,2025-08,2025-08,0.002385322066729363,ONE_OFF_GAP,"Kurang setor pada 2025-08, tetapi tidak berulang berturut-turut — dianggap wajar.",0.0281,0.49
51,EMP-0796,12,1,1,0,3253563000.0,3258696000.0,5431000.0,0.020481123501438693,2025-12,2025-12,2025-12,0.0016692469148438189,ONE_OFF_GAP,"Kurang setor pada 2025-12, tetapi tidak berulang berturut-turut — dianggap wajar.",0.0205,0.49
52,EMP-0694,12,1,1,0,2680188000.0,2678301000.0,5429000.0,0.023244562425072786,2025-04,2025-04,2025-04,0.0020256041740355528,ONE_OFF_GAP,"Kurang setor pada 2025-04, tetapi tidak berulang berturut-turut — dianggap wajar.",0.0232,0.49
53,EMP-0801,12,1,1,0,2779401000.0,2785412000.0,5183000.0,0.02229237723708715,2025-12,2025-12,2025-12,0.0018647902911454663,ONE_OFF_GAP,"Kurang setor pada 2025-12, tetapi tidak berulang berturut-turut — dianggap wajar.",0.0223,0.49
54,EMP-0799,12,1,1,0,2599082000.0,2596671000.0,4887000.0,0.022891430819819567,2025-11,2025-11,2025-11,0.0018802792678337967,ONE_OFF_GAP,"Kurang setor pada 2025-11, tetapi tidak berulang berturut-turut — dianggap wajar.",0.0229,0.49
55,EMP-0588,12,1,1,0,1535177000.0,1528797000.0,4854000.0,0.0361012978319884,2025-05,2025-05,2025-05,0.0031618503924954583,ONE_OFF_GAP,"Kurang setor pada 2025-05, tetapi tidak berulang berturut-turut — dianggap wajar.",0.0361,0.49
56,EMP-0203,12,1,1,0,2293273000.0,2291181000.0,4850000.0,0.02574159682821067,2025-02,2025-02,2025-02,0.002114881219985584,ONE_OFF_GAP,"Kurang setor pada 2025-02, tetapi tidak berulang berturut-turut — dianggap wajar.",0.0257,0.49
57,EMP-0683,12,1,1,0,1805389000.0,1804555000.0,4477000.0,0.029329874281820982,2025-07,2025-07,2025-07,0.0024797979825954405,ONE_OFF_GAP,"Kurang setor pada 2025-07, tetapi tidak berulang berturut-turut — dianggap wajar.",0.0293,0.49
58,EMP-0193,12,1,1,0,1664559000.0,1663635000.0,4411000.0,0.030784799525421364,2025-12,2025-12,2025-12,0.0026499511281967178,ONE_OFF_GAP,"Kurang setor pada 2025-12, tetapi tidak berulang berturut-turut — dianggap wajar.",0.0308,0.49
59,EMP-1000,12,2,1,0,1268452000.0,1266501000.0,4361000.0,0.020941254238000574,2025-01,2025-01,2025-01,0.0034380488973961964,ONE_OFF_GAP,"Kurang setor pada 2025-01, tetapi tidak berulang berturut-turut — dianggap wajar.",0.0213,0.49
60,EMP-0682,12,1,1,0,2505590000.0,2489564000.0,4235000.0,0.020188585702572318,2025-09,2025-09,2025-09,0.001690220666589506,ONE_OFF_GAP,"Kurang setor pada 2025-09, tetapi tidak berulang berturut-turut — dianggap wajar.",0.0202,0.49
61,EMP-0198,12,1,1,0,2064381000.0,2060678000.0,4198000.0,0.024078004014912533,2025-08,2025-08,2025-08,0.0020335393515053665,ONE_OFF_GAP,"Kurang setor pada 2025-08, tetapi tidak berulang berturut-turut — dianggap wajar.",0.0241,0.49
62,EMP-0102,12,1,1,0,2065883000.0,2061232000.0,4075000.0,0.023832639311280587,2025-08,2025-08,2025-08,0.0019725221612259744,ONE_OFF_GAP,"Kurang setor pada 2025-08, tetapi tidak berulang berturut-turut — dianggap wajar.",0.0238,0.49
63,EMP-0182,12,1,1,0,1892481000.0,1888587000.0,4053000.0,0.02548639845056783,2025-09,2025-09,2025-09,0.0021416331260393105,ONE_OFF_GAP,"Kurang setor pada 2025-09, tetapi tidak berulang berturut-turut — dianggap wajar.",0.0255,0.49
64,EMP-0090,12,1,1,0,2330777000.0,2335488000.0,3995000.0,0.020764788739715063,2025-09,2025-09,2025-09,0.0017140206892379665,ONE_OFF_GAP,"Kurang setor pada 2025-09, tetapi tidak berulang berturut-turut — dianggap wajar.",0.0208,0.49
65,EMP-0185,12,1,1,0,1912745000.0,1914255000.0,3960000.0,0.025580734347949666,2025-03,2025-03,2025-03,0.002070323017443517,ONE_OFF_GAP,"Kurang setor pada 2025-03, tetapi tidak berulang berturut-turut — dianggap wajar.",0.0256,0.49
66,EMP-0596,12,1,1,0,2312963000.0,2310529000.0,3859000.0,0.02096507812330226,2025-04,2025-04,2025-04,0.0016684227114744162,ONE_OFF_GAP,"Kurang setor pada 2025-04, tetapi tidak berulang berturut-turut — dianggap wajar.",0.021,0.49
67,EMP-0289,12,1,1,0,2027910000.0,2025230000.0,3819000.0,0.022511715641486633,2025-10,2025-10,2025-10,0.0018832196695119606,ONE_OFF_GAP,"Kurang setor pada 2025-10, tetapi tidak berulang berturut-turut — dianggap wajar.",0.0225,0.49
68,EMP-0277,12,1,1,0,1442985000.0,1443299000.0,3722000.0,0.03046624320607688,2025-05,2025-05,2025-05,0.002579375391982592,ONE_OFF_GAP,"Kurang setor pada 2025-05, tetapi tidak berulang berturut-turut — dianggap wajar.",0.0305,0.49
69,EMP-0088,12,1,1,0,2181260000.0,2181018000.0,3683000.0,0.020051721791207296,2025-10,2025-10,2025-10,0.0016884736345048274,ONE_OFF_GAP,"Kurang setor pada 2025-10, tetapi tidak berulang berturut-turut — dianggap wajar.",0.0201,0.49
70,EMP-1017,12,2,1,0,880100000.0,878466000.0,3672000.0,0.026092763801211373,2025-04,2025-04,2025-04,0.00417225315305079,ONE_OFF_GAP,"Kurang setor pada 2025-04, tetapi tidak berulang berturut-turut — dianggap wajar.",0.0284,0.49
71,EMP-0294,12,1,1,0,1438866000.0,1433699000.0,3613000.0,0.02971656988698985,2025-10,2025-10,2025-10,0.0025110051943683428,ONE_OFF_GAP,"Kurang setor pada 2025-10, tetapi tidak berulang berturut-turut — dianggap wajar.",0.0297,0.49
72,EMP-0797,12,1,1,0,1712192000.0,1706903000.0,3517000.0,0.02405658118839648,2025-09,2025-09,2025-09,0.002054092064441371,ONE_OFF_GAP,"Kurang setor pada 2025-09, tetapi tidak berulang berturut-turut — dianggap wajar.",0.0241,0.49
73,EMP-0296,12,2,1,0,883246000.0,876212000.0,3448000.0,0.023745734880391355,2025-06,2025-06,2025-06,0.003903782185257561,ONE_OFF_GAP,"Kurang setor pada 2025-06, tetapi tidak berulang berturut-turut — dianggap wajar.",0.0267,0.49
74,EMP-0100,12,2,1,0,957475000.0,956092000.0,3421000.0,0.020953074397236954,2025-02,2025-02,2025-02,0.0035729392412334527,ONE_OFF_GAP,"Kurang setor pada 2025-02, tetapi tidak berulang berturut-turut — dianggap wajar.",0.0219,0.49
75,EMP-0188,12,1,1,0,1915169000.0,1910086000.0,3403000.0,0.021047358101964956,2025-04,2025-04,2025-04,0.0017768666890493738,ONE_OFF_GAP,"Kurang setor pada 2025-04, tetapi tidak berulang berturut-turut — dianggap wajar.",0.021,0.49
76,EMP-0073,12,2,1,0,841171000.0,836283000.0,3398000.0,0.02403860180567023,2025-05,2025-05,2025-05,0.004039606691148411,ONE_OFF_GAP,"Kurang setor pada 2025-05, tetapi tidak berulang berturut-turut — dianggap wajar.",0.0268,0.49
77,EMP-0379,12,1,1,0,1791833000.0,1786962000.0,3365000.0,0.021397413233966246,2025-09,2025-09,2025-09,0.0018779651898363297,ONE_OFF_GAP,"Kurang setor pada 2025-09, tetapi tidak berulang berturut-turut — dianggap wajar.",0.0214,0.49
78,EMP-0072,12,1,1,0,1659128000.0,1660463000.0,3281000.0,0.024672141009444745,2025-04,2025-04,2025-04,0.001977544830778578,ONE_OFF_GAP,"Kurang setor pada 2025-04, tetapi tidak berulang berturut-turut — dianggap wajar.",0.0247,0.49
79,EMP-0706,12,1,1,0,1825560000.0,1826070000.0,3245000.0,0.02123802293313786,2025-08,2025-08,2025-08,0.0017775367558447819,ONE_OFF_GAP,"Kurang setor pada 2025-08, tetapi tidak berulang berturut-turut — dianggap wajar.",0.0212,0.49
80,EMP-0685,12,1,1,0,1389801000.0,1389230000.0,3230000.0,0.027941901606443074,2025-08,2025-08,2025-08,0.0023240737342972123,ONE_OFF_GAP,"Kurang setor pada 2025-08, tetapi tidak berulang berturut-turut — dianggap wajar.",0.0279,0.49
81,EMP-0572,12,2,1,0,757590000.0,752704000.0,3096000.0,0.0248002749660047,2025-08,2025-08,2025-08,0.004086643171108384,ONE_OFF_GAP,"Kurang setor pada 2025-08, tetapi tidak berulang berturut-turut — dianggap wajar.",0.028,0.49
82,EMP-0395,12,1,1,0,1272348000.0,1272866000.0,3065000.0,0.02829108899924311,2025-10,2025-10,2025-10,0.002408932147494239,ONE_OFF_GAP,"Kurang setor pada 2025-10, tetapi tidak berulang berturut-turut — dianggap wajar.",0.0283,0.49
83,EMP-0386,12,1,1,0,1770440000.0,1763353000.0,3019000.0,0.020665343281538778,2025-01,2025-01,2025-01,0.0017052258195702763,ONE_OFF_GAP,"Kurang setor pada 2025-01, tetapi tidak berulang berturut-turut — dianggap wajar.",0.0207,0.49
84,EMP-0192,12,1,1,0,1374663000.0,1375954000.0,2932000.0,0.024786541550426918,2025-03,2025-03,2025-03,0.0021328863874273186,ONE_OFF_GAP,"Kurang setor pada 2025-03, tetapi tidak berulang berturut-turut — dianggap wajar.",0.0248,0.49
85,EMP-0074,12,1,1,1,1346184000.0,1346512000.0,2925000.0,0.026220720195781377,2025-01,2025-01,2025-01,0.0021728084719473714,ONE_OFF_GAP,"Kurang setor pada 2025-01, tetapi tidak berulang berturut-turut — dianggap wajar. 1 kali telat setor tapi dilunasi bulan berikutnya (dianggap wajar).",0.0262,0.49
86,EMP-0076,12,1,1,0,1591725000.0,1586971000.0,2915000.0,0.02213195657125503,2025-06,2025-06,2025-06,0.0018313464951546278,ONE_OFF_GAP,"Kurang setor pada 2025-06, tetapi tidak berulang berturut-turut — dianggap wajar.",0.0221,0.49
87,EMP-0078,12,1,1,0,1706711000.0,1696886000.0,2884000.0,0.021657830311950857,2025-03,2025-03,2025-03,0.0016897998548084591,ONE_OFF_GAP,"Kurang setor pada 2025-03, tetapi tidak berulang berturut-turut — dianggap wajar.",0.0217,0.49
88,EMP-0197,12,1,1,0,1614399000.0,1612260000.0,2856000.0,0.020080998987512658,2025-11,2025-11,2025-11,0.0017690793911542314,ONE_OFF_GAP,"Kurang setor pada 2025-11, tetapi tidak berulang berturut-turut — dianggap wajar.",0.0201,0.49
89,EMP-0785,12,1,1,0,1483090000.0,1483953000.0,2794000.0,0.023167495854063018,2025-01,2025-01,2025-01,0.001883904550634149,ONE_OFF_GAP,"Kurang setor pada 2025-01, tetapi tidak berulang berturut-turut — dianggap wajar.",0.0232,0.49
90,EMP-0597,12,1,1,0,1676376000.0,1676561000.0,2750000.0,0.020180079692969262,2025-04,2025-04,2025-04,0.00164044343273824,ONE_OFF_GAP,"Kurang setor pada 2025-04, tetapi tidak berulang berturut-turut — dianggap wajar.",0.0202,0.49
91,EMP-0406,12,1,1,0,1334125000.0,1328858000.0,2710000.0,0.024164712386421393,2025-06,2025-06,2025-06,0.002031293919235454,ONE_OFF_GAP,"Kurang setor pada 2025-06, tetapi tidak berulang berturut-turut — dianggap wajar.",0.0242,0.49
92,EMP-0555,12,2,1,0,749270000.0,747537000.0,2710000.0,0.022177958483324337,2025-03,2025-03,2025-03,0.003616853737637968,ONE_OFF_GAP,"Kurang setor pada 2025-03, tetapi tidak berulang berturut-turut — dianggap wajar.",0.0229,0.49
93,EMP-0284,12,1,1,0,1502637000.0,1498806000.0,2696000.0,0.02151618901684743,2025-03,2025-03,2025-03,0.0017941791663588745,ONE_OFF_GAP,"Kurang setor pada 2025-03, tetapi tidak berulang berturut-turut — dianggap wajar.",0.0215,0.49
94,EMP-0917,12,1,1,0,1008784000.0,1001847000.0,2666000.0,0.031469480741763756,2025-04,2025-04,2025-04,0.0026427857697980937,ONE_OFF_GAP,"Kurang setor pada 2025-04, tetapi tidak berulang berturut-turut — dianggap wajar.",0.0315,0.49
95,EMP-0787,12,1,1,0,1355063000.0,1358665000.0,2599000.0,0.02380450811038551,2025-08,2025-08,2025-08,0.0019179920047997768,ONE_OFF_GAP,"Kurang setor pada 2025-08, tetapi tidak berulang berturut-turut — dianggap wajar.",0.0238,0.49
96,EMP-0382,12,1,1,0,1451845000.0,1452854000.0,2580000.0,0.021278526008461925,2025-08,2025-08,2025-08,0.001777049202910779,ONE_OFF_GAP,"Kurang setor pada 2025-08, tetapi tidak berulang berturut-turut — dianggap wajar.",0.0213,0.49
97,EMP-0174,12,1,1,0,1094833000.0,1087576000.0,2494000.0,0.026573471279554197,2025-07,2025-07,2025-07,0.0022779729876611318,ONE_OFF_GAP,"Kurang setor pada 2025-07, tetapi tidak berulang berturut-turut — dianggap wajar.",0.0266,0.49
98,EMP-0094,12,1,1,0,1325970000.0,1324248000.0,2460000.0,0.021986075485525832,2025-05,2025-05,2025-05,0.0018552455937917147,ONE_OFF_GAP,"Kurang setor pada 2025-05, tetapi tidak berulang berturut-turut — dianggap wajar.",0.022,0.49
99,EMP-0763,12,1,1,0,938429000.0,937606000.0,2419000.0,0.03159778462824599,2025-02,2025-02,2025-02,0.002577712325599486,ONE_OFF_GAP,"Kurang setor pada 2025-02, tetapi tidak berulang berturut-turut — dianggap wajar.",0.0316,0.49
100,EMP-0911,12,1,1,0,1390786000.0,1385206000.0,2364000.0,0.020828010325900214,2025-08,2025-08,2025-08,0.0016997582661890471,ONE_OFF_GAP,"Kurang setor pada 2025-08, tetapi tidak berulang berturut-turut — dianggap wajar.",0.0208,0.49
101,EMP-0279,12,1,1,0,1280294000.0,1278942000.0,2309000.0,0.021087913492976784,2025-03,2025-03,2025-03,0.0018034920104288547,ONE_OFF_GAP,"Kurang setor pada 2025-03, tetapi tidak berulang berturut-turut — dianggap wajar.",0.0211,0.49
102,EMP-0405,12,2,1,0,561048000.0,559663000.0,2268000.0,0.0248291621728605,2025-06,2025-06,2025-06,0.00404243487188262,ONE_OFF_GAP,"Kurang setor pada 2025-06, tetapi tidak berulang berturut-turut — dianggap wajar.",0.0288,0.49
103,EMP-0281,12,1,1,0,1247704000.0,1244972000.0,2190000.0,0.02172080337217952,2025-01,2025-01,2025-01,0.0017552239954348146,ONE_OFF_GAP,"Kurang setor pada 2025-01, tetapi tidak berulang berturut-turut — dianggap wajar.",0.0217,0.49
104,EMP-0548,12,1,1,0,863045000.0,860330000.0,2188000.0,0.030515187860868594,2025-08,2025-08,2025-08,0.0025352096356505167,ONE_OFF_GAP,"Kurang setor pada 2025-08, tetapi tidak berulang berturut-turut — dianggap wajar.",0.0305,0.49
105,EMP-0893,12,1,1,0,1042864000.0,1038986000.0,1965000.0,0.02301853196823091,2025-11,2025-11,2025-11,0.001884234185857408,ONE_OFF_GAP,"Kurang setor pada 2025-11, tetapi tidak berulang berturut-turut — dianggap wajar.",0.023,0.49
106,EMP-0396,12,1,1,0,982610000.0,985258000.0,1915000.0,0.023912690583519598,2025-07,2025-07,2025-07,0.0019488912182859934,ONE_OFF_GAP,"Kurang setor pada 2025-07, tetapi tidak berulang berturut-turut — dianggap wajar.",0.0239,0.49
107,EMP-0298,12,1,1,0,1109688000.0,1111866000.0,1911000.0,0.02140984561607923,2025-04,2025-04,2025-04,0.001722105672945909,ONE_OFF_GAP,"Kurang setor pada 2025-04, tetapi tidak berulang berturut-turut — dianggap wajar.",0.0214,0.49
108,EMP-0181,12,1,1,0,992354000.0,992330000.0,1845000.0,0.022535727372663978,2025-12,2025-12,2025-12,0.0018592155621884932,ONE_OFF_GAP,"Kurang setor pada 2025-12, tetapi tidak berulang berturut-turut — dianggap wajar.",0.0225,0.49
109,EMP-0571,12,1,1,0,734065000.0,733653000.0,1761000.0,0.02901535622487313,2025-09,2025-09,2025-09,0.002398970118450001,ONE_OFF_GAP,"Kurang setor pada 2025-09, tetapi tidak berulang berturut-turut — dianggap wajar.",0.029,0.49
110,EMP-0552,12,2,1,0,483292000.0,480670000.0,1737000.0,0.021562093709192556,2025-08,2025-08,2025-08,0.003594100461004941,ONE_OFF_GAP,"Kurang setor pada 2025-08, tetapi tidak berulang berturut-turut — dianggap wajar.",0.0217,0.49
111,EMP-1001,12,1,1,0,989746000.0,989002000.0,1713000.0,0.02015033348625472,2025-05,2025-05,2025-05,0.0017307470805641044,ONE_OFF_GAP,"Kurang setor pada 2025-05, tetapi tidak berulang berturut-turut — dianggap wajar.",0.0202,0.49
112,EMP-0362,12,3,1,0,298612000.0,297278000.0,1682000.0,0.022249289484368655,2025-06,2025-06,2025-06,0.005632727418857916,ONE_OFF_GAP,"Kurang setor pada 2025-06, tetapi tidak berulang berturut-turut — dianggap wajar.",0.0258,0.49
113,EMP-0586,12,1,1,0,948721000.0,946043000.0,1682000.0,0.02007279670624739,2025-02,2025-02,2025-02,0.001772913216846681,ONE_OFF_GAP,"Kurang setor pada 2025-02, tetapi tidak berulang berturut-turut — dianggap wajar.",0.0201,0.49
114,EMP-0186,12,1,1,0,730192000.0,726346000.0,1644000.0,0.027887567640922123,2025-05,2025-05,2025-05,0.0022514626290071654,ONE_OFF_GAP,"Kurang setor pada 2025-05, tetapi tidak berulang berturut-turut — dianggap wajar.",0.0279,0.49
115,EMP-0204,12,1,1,0,829426000.0,826722000.0,1600000.0,0.02404532543845148,2025-05,2025-05,2025-05,0.0019290449057540997,ONE_OFF_GAP,"Kurang setor pada 2025-05, tetapi tidak berulang berturut-turut — dianggap wajar.",0.024,0.49
116,EMP-0768,12,1,1,0,625717000.0,625434000.0,1600000.0,0.029698375870069606,2025-11,2025-11,2025-11,0.0025570665332730292,ONE_OFF_GAP,"Kurang setor pada 2025-11, tetapi tidak berulang berturut-turut — dianggap wajar.",0.0297,0.49
117,EMP-0765,12,1,1,0,846267000.0,851807000.0,1560000.0,0.022418946884341227,2025-05,2025-05,2025-05,0.001843389852138864,ONE_OFF_GAP,"Kurang setor pada 2025-05, tetapi tidak berulang berturut-turut — dianggap wajar.",0.0224,0.49
118,EMP-0995,12,1,1,0,818146000.0,815805000.0,1536000.0,0.02236654337886245,2025-02,2025-02,2025-02,0.00187741552241287,ONE_OFF_GAP,"Kurang setor pada 2025-02, tetapi tidak berulang berturut-turut — dianggap wajar.",0.0224,0.49
119,EMP-0680,12,1,1,0,689517000.0,687144000.0,1523000.0,0.025293961336610642,2025-02,2025-02,2025-02,0.0022087925315837026,ONE_OFF_GAP,"Kurang setor pada 2025-02, tetapi tidak berulang berturut-turut — dianggap wajar.",0.0253,0.49
120,EMP-0559,12,1,1,0,833497000.0,831917000.0,1496000.0,0.0218091697645601,2025-09,2025-09,2025-09,0.0017948474919525805,ONE_OFF_GAP,"Kurang setor pada 2025-09, tetapi tidak berulang berturut-turut — dianggap wajar.",0.0218,0.49
121,EMP-1020,12,1,1,0,880882000.0,880733000.0,1492000.0,0.02007534983853606,2025-12,2025-12,2025-12,0.0016937569390678888,ONE_OFF_GAP,"Kurang setor pada 2025-12, tetapi tidak berulang berturut-turut — dianggap wajar.",0.0201,0.49
122,EMP-0288,12,1,1,0,724874000.0,721786000.0,1485000.0,0.0234927465156381,2025-05,2025-05,2025-05,0.0020486319001647183,ONE_OFF_GAP,"Kurang setor pada 2025-05, tetapi tidak berulang berturut-turut — dianggap wajar.",0.0235,0.49
123,EMP-0663,12,1,1,0,665580000.0,663951000.0,1443000.0,0.025893161549642017,2025-03,2025-03,2025-03,0.0021680338952492564,ONE_OFF_GAP,"Kurang setor pada 2025-03, tetapi tidak berulang berturut-turut — dianggap wajar.",0.0259,0.49
124,EMP-0988,12,1,1,0,852121000.0,848641000.0,1436000.0,0.020047746024654818,2025-07,2025-07,2025-07,0.0016852066783942655,ONE_OFF_GAP,"Kurang setor pada 2025-07, tetapi tidak berulang berturut-turut — dianggap wajar.",0.02,0.49
125,EMP-0376,12,1,1,0,704225000.0,700404000.0,1343000.0,0.023438863485636497,2025-04,2025-04,2025-04,0.0019070609535304767,ONE_OFF_GAP,"Kurang setor pada 2025-04, tetapi tidak berulang berturut-turut — dianggap wajar.",0.0234,0.49
126,EMP-0168,12,2,1,0,368363000.0,367931000.0,1315000.0,0.02167714601431983,2025-02,2025-02,2025-02,0.003569848220369581,ONE_OFF_GAP,"Kurang setor pada 2025-02, tetapi tidak berulang berturut-turut — dianggap wajar.",0.0231,0.49
127,EMP-0092,12,1,1,0,715082000.0,713880000.0,1292000.0,0.021797077976853256,2025-04,2025-04,2025-04,0.001806785795195516,ONE_OFF_GAP,"Kurang setor pada 2025-04, tetapi tidak berulang berturut-turut — dianggap wajar.",0.0218,0.49
128,EMP-0573,12,1,1,0,804872000.0,801131000.0,1281000.0,0.02001437410161865,2025-09,2025-09,2025-09,0.001591557415340576,ONE_OFF_GAP,"Kurang setor pada 2025-09, tetapi tidak berulang berturut-turut — dianggap wajar.",0.02,0.49
129,EMP-0053,12,1,1,0,520250000.0,519796000.0,1264000.0,0.027633851468048358,2025-02,2025-02,2025-02,0.0024296011532916866,ONE_OFF_GAP,"Kurang setor pada 2025-02, tetapi tidak berulang berturut-turut — dianggap wajar.",0.0276,0.49
130,EMP-0283,12,1,1,0,584428000.0,582635000.0,1237000.0,0.024990908723584792,2025-10,2025-10,2025-10,0.002116599478464413,ONE_OFF_GAP,"Kurang setor pada 2025-10, tetapi tidak berulang berturut-turut — dianggap wajar.",0.025,0.49
131,EMP-0500,12,1,1,0,1222410000.0,1226147000.0,1224000.0,0.02070890787581423,2025-12,2025-12,2025-12,0.001001300709254669,ONE_OFF_GAP,"Kurang setor pada 2025-12, tetapi tidak berulang berturut-turut — dianggap wajar.",0.0207,0.49
132,EMP-0678,12,1,1,0,502911000.0,503575000.0,1207000.0,0.028719632617127084,2025-06,2025-06,2025-06,0.002400027042558226,ONE_OFF_GAP,"Kurang setor pada 2025-06, tetapi tidak berulang berturut-turut — dianggap wajar.",0.0287,0.49
133,EMP-0146,12,2,1,0,280366000.0,279234000.0,1177000.0,0.02446843212455139,2025-05,2025-05,2025-05,0.004198083933144532,ONE_OFF_GAP,"Kurang setor pada 2025-05, tetapi tidak berulang berturut-turut — dianggap wajar.",0.0261,0.49
134,EMP-0080,12,1,1,0,611967000.0,610668000.0,1171000.0,0.023133605958237026,2025-06,2025-06,2025-06,0.0019135018718329582,ONE_OFF_GAP,"Kurang setor pada 2025-06, tetapi tidak berulang berturut-turut — dianggap wajar.",0.0231,0.49
135,EMP-0664,12,1,1,0,730055000.0,729564000.0,1156000.0,0.020297081855532535,2025-09,2025-09,2025-09,0.0015834423433850875,ONE_OFF_GAP,"Kurang setor pada 2025-09, tetapi tidak berulang berturut-turut — dianggap wajar.",0.0203,0.49
136,EMP-0752,12,1,1,0,593012000.0,592162000.0,1150000.0,0.02324876175073284,2025-04,2025-04,2025-04,0.001939252494047338,ONE_OFF_GAP,"Kurang setor pada 2025-04, tetapi tidak berulang berturut-turut — dianggap wajar.",0.0232,0.49
137,EMP-0556,12,1,1,0,634156000.0,633532000.0,1144000.0,0.021858341135334466,2025-08,2025-08,2025-08,0.0018039725241107867,ONE_OFF_GAP,"Kurang setor pada 2025-08, tetapi tidak berulang berturut-turut — dianggap wajar.",0.0219,0.49
138,EMP-0464,12,1,1,0,354317000.0,352528000.0,1127000.0,0.037665853413990175,2025-10,2025-10,2025-10,0.003180767504805019,ONE_OFF_GAP,"Kurang setor pada 2025-10, tetapi tidak berulang berturut-turut — dianggap wajar.",0.0377,0.49
139,EMP-0977,12,2,1,0,325865000.0,325447000.0,1116000.0,0.02057282269943979,2025-06,2025-06,2025-06,0.0034247311003022724,ONE_OFF_GAP,"Kurang setor pada 2025-06, tetapi tidak berulang berturut-turut — dianggap wajar.",0.0207,0.49
140,EMP-0654,12,1,1,0,608138000.0,606276000.0,1097000.0,0.021935612877424515,2025-06,2025-06,2025-06,0.0018038668854766517,ONE_OFF_GAP,"Kurang setor pada 2025-06, tetapi tidak berulang berturut-turut — dianggap wajar.",0.0219,0.49
141,EMP-0447,12,1,1,0,380823000.0,381193000.0,1088000.0,0.03517734165346439,2025-03,2025-03,2025-03,0.0028569702985376407,ONE_OFF_GAP,"Kurang setor pada 2025-03, tetapi tidak berulang berturut-turut — dianggap wajar.",0.0352,0.49
142,EMP-0485,12,1,1,0,582652000.0,581722000.0,1066000.0,0.02091754640712688,2025-01,2025-01,2025-01,0.00182956550393717,ONE_OFF_GAP,"Kurang setor pada 2025-01, tetapi tidak berulang berturut-turut — dianggap wajar.",0.0209,0.49
143,EMP-0884,12,1,1,0,430642000.0,430297000.0,1009000.0,0.026904514305522226,2025-06,2025-06,2025-06,0.0023430134543309757,ONE_OFF_GAP,"Kurang setor pada 2025-06, tetapi tidak berulang berturut-turut — dianggap wajar.",0.0269,0.49
144,EMP-0460,12,2,1,0,287635000.0,285938000.0,1002000.0,0.02071521589382267,2025-04,2025-04,2025-04,0.0034835816225424585,ONE_OFF_GAP,"Kurang setor pada 2025-04, tetapi tidak berulang berturut-turut — dianggap wajar.",0.0212,0.49
145,EMP-0676,12,1,1,0,543074000.0,540510000.0,984000.0,0.021357874631012328,2025-12,2025-12,2025-12,0.0018119077694752465,ONE_OFF_GAP,"Kurang setor pada 2025-12, tetapi tidak berulang berturut-turut — dianggap wajar.",0.0214,0.49
146,EMP-0655,12,1,1,0,568755000.0,569169000.0,983000.0,0.02093850512279805,2025-04,2025-04,2025-04,0.0017283364541850182,ONE_OFF_GAP,"Kurang setor pada 2025-04, tetapi tidak berulang berturut-turut — dianggap wajar.",0.0209,0.49
147,EMP-0252,12,1,1,0,378411000.0,376646000.0,978000.0,0.030482483480862736,2025-10,2025-10,2025-10,0.002584491465628642,ONE_OFF_GAP,"Kurang setor pada 2025-10, tetapi tidak berulang berturut-turut — dianggap wajar.",0.0305,0.49
148,EMP-1018,12,1,1,0,484334000.0,483977000.0,974000.0,0.024297759816394753,2025-11,2025-11,2025-11,0.0020110089318528123,ONE_OFF_GAP,"Kurang setor pada 2025-11, tetapi tidak berulang berturut-turut — dianggap wajar.",0.0243,0.49
149,EMP-0749,12,1,1,0,320164000.0,319583000.0,969000.0,0.03702854522526654,2025-02,2025-02,2025-02,0.003026573880886046,ONE_OFF_GAP,"Kurang setor pada 2025-02, tetapi tidak berulang berturut-turut — dianggap wajar.",0.037,0.49
150,EMP-0244,12,2,1,0,262957000.0,261734000.0,967000.0,0.021320205924542472,2025-05,2025-05,2025-05,0.0036774073327578275,ONE_OFF_GAP,"Kurang setor pada 2025-05, tetapi tidak berulang berturut-turut — dianggap wajar.",0.0224,0.49
151,EMP-0492,12,1,1,0,643710000.0,644960000.0,945000.0,0.02501786990707648,2025-08,2025-08,2025-08,0.0014680523838374424,ONE_OFF_GAP,"Kurang setor pada 2025-08, tetapi tidak berulang berturut-turut — dianggap wajar.",0.025,0.49
152,EMP-0266,12,1,1,0,423764000.0,422749000.0,943000.0,0.027510356496878465,2025-10,2025-10,2025-10,0.0022252952114856384,ONE_OFF_GAP,"Kurang setor pada 2025-10, tetapi tidak berulang berturut-turut — dianggap wajar.",0.0275,0.49
153,EMP-0035,12,2,1,0,273192000.0,272838000.0,941000.0,0.020646315182149613,2025-02,2025-02,2025-02,0.0034444639667340184,ONE_OFF_GAP,"Kurang setor pada 2025-02, tetapi tidak berulang berturut-turut — dianggap wajar.",0.0211,0.49
154,EMP-0360,12,1,1,0,450385000.0,451239000.0,928000.0,0.024717664606861284,2025-05,2025-05,2025-05,0.002060459384748604,ONE_OFF_GAP,"Kurang setor pada 2025-05, tetapi tidak berulang berturut-turut — dianggap wajar.",0.0247,0.49
155,EMP-0346,12,1,1,0,523345000.0,520595000.0,926000.0,0.021578039800531294,2025-02,2025-02,2025-02,0.0017693873066523995,ONE_OFF_GAP,"Kurang setor pada 2025-02, tetapi tidak berulang berturut-turut — dianggap wajar.",0.0216,0.49
156,EMP-0166,12,1,1,0,317453000.0,315814000.0,869000.0,0.03254437869822485,2025-06,2025-06,2025-06,0.0027374130973718946,ONE_OFF_GAP,"Kurang setor pada 2025-06, tetapi tidak berulang berturut-turut — dianggap wajar.",0.0325,0.49
157,EMP-0569,12,1,1,0,397483000.0,396042000.0,855000.0,0.02530633990410229,2025-03,2025-03,2025-03,0.002151035390192788,ONE_OFF_GAP,"Kurang setor pada 2025-03, tetapi tidak berulang berturut-turut — dianggap wajar.",0.0253,0.49
158,EMP-0243,12,1,1,0,447551000.0,447304000.0,846000.0,0.024012943146660613,2025-09,2025-09,2025-09,0.0018902873638981927,ONE_OFF_GAP,"Kurang setor pada 2025-09, tetapi tidak berulang berturut-turut — dianggap wajar.",0.024,0.49
159,EMP-0469,12,1,1,0,381335000.0,382278000.0,755000.0,0.024153043923350076,2025-07,2025-07,2025-07,0.0019798864515452293,ONE_OFF_GAP,"Kurang setor pada 2025-07, tetapi tidak berulang berturut-turut — dianggap wajar.",0.0242,0.49
160,EMP-0867,12,1,1,0,426951000.0,425743000.0,751000.0,0.020879090327782256,2025-03,2025-03,2025-03,0.0017589840520340742,ONE_OFF_GAP,"Kurang setor pada 2025-03, tetapi tidak berulang berturut-turut — dianggap wajar.",0.0209,0.49
161,EMP-0264,12,1,1,0,431711000.0,430801000.0,747000.0,0.020517468688200396,2025-10,2025-10,2025-10,0.0017303242215278276,ONE_OFF_GAP,"Kurang setor pada 2025-10, tetapi tidak berulang berturut-turut — dianggap wajar.",0.0205,0.49
162,EMP-0048,12,1,1,0,399882000.0,399332000.0,744000.0,0.022678086993629408,2025-02,2025-02,2025-02,0.0018605488619142646,ONE_OFF_GAP,"Kurang setor pada 2025-02, tetapi tidak berulang berturut-turut — dianggap wajar.",0.0227,0.49
163,EMP-0060,12,1,1,0,339682000.0,337990000.0,737000.0,0.025936092342342343,2025-01,2025-01,2025-01,0.002169676344345594,ONE_OFF_GAP,"Kurang setor pada 2025-01, tetapi tidak berulang berturut-turut — dianggap wajar.",0.0259,0.49
164,EMP-0557,12,1,1,0,388407000.0,387600000.0,727000.0,0.022708105575511478,2025-10,2025-10,2025-10,0.0018717479345119938,ONE_OFF_GAP,"Kurang setor pada 2025-10, tetapi tidak berulang berturut-turut — dianggap wajar.",0.0227,0.49
165,EMP-0341,12,1,1,0,424143000.0,424342000.0,712000.0,0.020357980213873163,2025-04,2025-04,2025-04,0.0016786791247291597,ONE_OFF_GAP,"Kurang setor pada 2025-04, tetapi tidak berulang berturut-turut — dianggap wajar.",0.0204,0.49
166,EMP-0152,12,1,1,0,368391000.0,367146000.0,705000.0,0.02261282355582641,2025-10,2025-10,2025-10,0.0019137275340602783,ONE_OFF_GAP,"Kurang setor pada 2025-10, tetapi tidak berulang berturut-turut — dianggap wajar.",0.0226,0.49
167,EMP-0052,12,1,1,0,407757000.0,407425000.0,691000.0,0.020026663575237653,2025-08,2025-08,2025-08,0.0016946367566957772,ONE_OFF_GAP,"Kurang setor pada 2025-08, tetapi tidak berulang berturut-turut — dianggap wajar.",0.02,0.49
168,EMP-0139,12,1,1,0,334236000.0,333894000.0,688000.0,0.02352378021677437,2025-07,2025-07,2025-07,0.002058425782979691,ONE_OFF_GAP,"Kurang setor pada 2025-07, tetapi tidak berulang berturut-turut — dianggap wajar.",0.0235,0.49
169,EMP-0150,12,1,1,0,312946000.0,313879000.0,637000.0,0.0203403902034039,2025-07,2025-07,2025-07,0.002035494941619321,ONE_OFF_GAP,"Kurang setor pada 2025-07, tetapi tidak berulang berturut-turut — dianggap wajar.",0.0203,0.49
170,EMP-0869,12,1,1,0,363846000.0,362909000.0,632000.0,0.02044778050990035,2025-05,2025-05,2025-05,0.0017369986202953997,ONE_OFF_GAP,"Kurang setor pada 2025-05, tetapi tidak berulang berturut-turut — dianggap wajar.",0.0204,0.49
171,EMP-0861,12,2,1,0,161874000.0,161554000.0,621000.0,0.022776633664642713,2025-08,2025-08,2025-08,0.0038363171355498722,ONE_OFF_GAP,"Kurang setor pada 2025-08, tetapi tidak berulang berturut-turut — dianggap wajar.",0.0251,0.49
172,EMP-0245,12,1,1,0,360832000.0,360141000.0,620000.0,0.020574766044999006,2025-04,2025-04,2025-04,0.0017182511528910961,ONE_OFF_GAP,"Kurang setor pada 2025-04, tetapi tidak berulang berturut-turut — dianggap wajar.",0.0206,0.49
173,EMP-0456,12,1,1,0,313308000.0,313325000.0,619000.0,0.023530753440279783,2025-03,2025-03,2025-03,0.0019756916516654537,ONE_OFF_GAP,"Kurang setor pada 2025-03, tetapi tidak berulang berturut-turut — dianggap wajar.",0.0235,0.49
174,EMP-0982,12,1,1,0,351059000.0,349786000.0,613000.0,0.02063278357455402,2025-04,2025-04,2025-04,0.0017461452348465642,ONE_OFF_GAP,"Kurang setor pada 2025-04, tetapi tidak berulang berturut-turut — dianggap wajar.",0.0206,0.49
175,EMP-0854,12,1,1,0,340853000.0,340209000.0,582000.0,0.020900667959491488,2025-11,2025-11,2025-11,0.001707480937530255,ONE_OFF_GAP,"Kurang setor pada 2025-11, tetapi tidak berulang berturut-turut — dianggap wajar.",0.0209,0.49
176,EMP-0738,12,1,1,0,146599000.0,145599000.0,566000.0,0.03362243079482001,2025-05,2025-05,2025-05,0.0038608721751171565,ONE_OFF_GAP,"Kurang setor pada 2025-05, tetapi tidak berulang berturut-turut — dianggap wajar.",0.0336,0.49
177,EMP-0140,12,1,1,0,330456000.0,329312000.0,559000.0,0.0200401520040152,2025-07,2025-07,2025-07,0.0016916019076669813,ONE_OFF_GAP,"Kurang setor pada 2025-07, tetapi tidak berulang berturut-turut — dianggap wajar.",0.02,0.49
178,EMP-0241,12,1,1,0,311404000.0,309420000.0,556000.0,0.020845830833833234,2025-10,2025-10,2025-10,0.0017854619722290016,ONE_OFF_GAP,"Kurang setor pada 2025-10, tetapi tidak berulang berturut-turut — dianggap wajar.",0.0208,0.49
179,EMP-0367,12,1,1,0,300911000.0,301291000.0,554000.0,0.02228927781130557,2025-05,2025-05,2025-05,0.0018410759327508797,ONE_OFF_GAP,"Kurang setor pada 2025-05, tetapi tidak berulang berturut-turut — dianggap wajar.",0.0223,0.49
180,EMP-0369,12,1,1,0,318218000.0,317933000.0,543000.0,0.020959586212220636,2025-11,2025-11,2025-11,0.0017063773890854698,ONE_OFF_GAP,"Kurang setor pada 2025-11, tetapi tidak berulang berturut-turut — dianggap wajar.",0.021,0.49
181,EMP-0983,12,1,1,0,305689000.0,305225000.0,543000.0,0.022029291249137897,2025-02,2025-02,2025-02,0.0017763151438226433,ONE_OFF_GAP,"Kurang setor pada 2025-02, tetapi tidak berulang berturut-turut — dianggap wajar.",0.022,0.49
182,EMP-0963,12,1,1,0,237533000.0,237057000.0,541000.0,0.022206715376405877,2025-04,2025-04,2025-04,0.0022775782733346524,ONE_OFF_GAP,"Kurang setor pada 2025-04, tetapi tidak berulang berturut-turut — dianggap wajar.",0.0222,0.49
183,EMP-0969,12,1,1,0,190178000.0,189657000.0,538000.0,0.03327354814769003,2025-05,2025-05,2025-05,0.002828928687860846,ONE_OFF_GAP,"Kurang setor pada 2025-05, tetapi tidak berulang berturut-turut — dianggap wajar.",0.0333,0.49
184,EMP-0657,12,1,1,0,287262000.0,286852000.0,536000.0,0.0232024587680187,2025-04,2025-04,2025-04,0.001865892460541248,ONE_OFF_GAP,"Kurang setor pada 2025-04, tetapi tidak berulang berturut-turut — dianggap wajar.",0.0232,0.49
185,EMP-0265,12,1,1,0,272930000.0,271532000.0,528000.0,0.023569324167485046,2025-07,2025-07,2025-07,0.0019345619755981387,ONE_OFF_GAP,"Kurang setor pada 2025-07, tetapi tidak berulang berturut-turut — dianggap wajar.",0.0236,0.49
186,EMP-0736,12,1,1,0,218490000.0,217972000.0,507000.0,0.027843374155637323,2025-04,2025-04,2025-04,0.002320472332829878,ONE_OFF_GAP,"Kurang setor pada 2025-04, tetapi tidak berulang berturut-turut — dianggap wajar.",0.0278,0.49
187,EMP-0466,12,1,1,0,295432000.0,294360000.0,497000.0,0.020134500081024145,2025-03,2025-03,2025-03,0.001682282217227653,ONE_OFF_GAP,"Kurang setor pada 2025-03, tetapi tidak berulang berturut-turut — dianggap wajar.",0.0201,0.49
188,EMP-0455,12,1,1,0,278599000.0,277523000.0,493000.0,0.02085977828552086,2025-02,2025-02,2025-02,0.0017695684478408035,ONE_OFF_GAP,"Kurang setor pada 2025-02, tetapi tidak berulang berturut-turut — dianggap wajar.",0.0209,0.49
189,EMP-0723,12,1,1,0,192504000.0,192013000.0,491000.0,0.028728570592709612,2025-11,2025-11,2025-11,0.0025505963512446493,ONE_OFF_GAP,"Kurang setor pada 2025-11, tetapi tidak berulang berturut-turut — dianggap wajar.",0.0287,0.49
190,EMP-0371,12,1,1,0,194262000.0,194088000.0,487000.0,0.02969150103645897,2025-06,2025-06,2025-06,0.0025069236392089036,ONE_OFF_GAP,"Kurang setor pada 2025-06, tetapi tidak berulang berturut-turut — dianggap wajar.",0.0297,0.49
191,EMP-0978,12,1,1,0,267456000.0,265889000.0,482000.0,0.02196400091136933,2025-04,2025-04,2025-04,0.001802165589854032,ONE_OFF_GAP,"Kurang setor pada 2025-04, tetapi tidak berulang berturut-turut — dianggap wajar.",0.022,0.49
192,EMP-0860,12,1,1,0,259413000.0,258686000.0,480000.0,0.022454039388127428,2025-06,2025-06,2025-06,0.0018503313249528743,ONE_OFF_GAP,"Kurang setor pada 2025-06, tetapi tidak berulang berturut-turut — dianggap wajar.",0.0225,0.49
193,EMP-0967,12,1,1,0,251975000.0,251577000.0,475000.0,0.022573899819408803,2025-08,2025-08,2025-08,0.0018851076495684095,ONE_OFF_GAP,"Kurang setor pada 2025-08, tetapi tidak berulang berturut-turut — dianggap wajar.",0.0226,0.49
194,EMP-0868,12,1,1,0,278583000.0,277413000.0,466000.0,0.02065236660166637,2025-02,2025-02,2025-02,0.0016727510293162182,ONE_OFF_GAP,"Kurang setor pada 2025-02, tetapi tidak berulang berturut-turut — dianggap wajar.",0.0207,0.49
195,EMP-0955,12,1,1,0,246402000.0,246022000.0,464000.0,0.02300218124132461,2025-08,2025-08,2025-08,0.0018831015982013132,ONE_OFF_GAP,"Kurang setor pada 2025-08, tetapi tidak berulang berturut-turut — dianggap wajar.",0.023,0.49
196,EMP-0162,12,1,1,0,206264000.0,205541000.0,462000.0,0.025265230230777643,2025-01,2025-01,2025-01,0.0022398479618353177,ONE_OFF_GAP,"Kurang setor pada 2025-01, tetapi tidak berulang berturut-turut — dianggap wajar.",0.0253,0.49
197,EMP-0666,12,1,1,0,241814000.0,241788000.0,452000.0,0.022690763052208834,2025-09,2025-09,2025-09,0.0018692052569330147,ONE_OFF_GAP,"Kurang setor pada 2025-09, tetapi tidak berulang berturut-turut — dianggap wajar.",0.0227,0.49
198,EMP-0164,12,1,1,0,257578000.0,257463000.0,439000.0,0.02053993356103495,2025-06,2025-06,2025-06,0.0017043381034094526,ONE_OFF_GAP,"Kurang setor pada 2025-06, tetapi tidak berulang berturut-turut — dianggap wajar.",0.0205,0.49
199,EMP-0474,12,1,1,0,229879000.0,229592000.0,435000.0,0.02151654548152545,2025-07,2025-07,2025-07,0.0018922998621013663,ONE_OFF_GAP,"Kurang setor pada 2025-07, tetapi tidak berulang berturut-turut — dianggap wajar.",0.0215,0.49
200,EMP-0836,12,2,1,0,118843000.0,118736000.0,435000.0,0.02172392363412315,2025-04,2025-04,2025-04,0.003660291308701396,ONE_OFF_GAP,"Kurang setor pada 2025-04, tetapi tidak berulang berturut-turut — dianggap wajar.",0.022,0.49
201,EMP-0731,12,1,1,0,204775000.0,204306000.0,403000.0,0.023880066366437545,2025-04,2025-04,2025-04,0.001968013673544134,ONE_OFF_GAP,"Kurang setor pada 2025-04, tetapi tidak berulang berturut-turut — dianggap wajar.",0.0239,0.49
202,EMP-0669,12,1,1,0,231215000.0,231872000.0,396000.0,0.020254718428724873,2025-10,2025-10,2025-10,0.0017126916506282031,ONE_OFF_GAP,"Kurang setor pada 2025-10, tetapi tidak berulang berturut-turut — dianggap wajar.",0.0203,0.49
203,EMP-0671,12,1,1,0,209485000.0,209397000.0,393000.0,0.023643364216099146,2025-10,2025-10,2025-10,0.0018760293099744612,ONE_OFF_GAP,"Kurang setor pada 2025-10, tetapi tidak berulang berturut-turut — dianggap wajar.",0.0236,0.49
204,EMP-0473,12,1,1,0,195249000.0,194320000.0,384000.0,0.024297646165527716,2025-02,2025-02,2025-02,0.0019667194198177713,ONE_OFF_GAP,"Kurang setor pada 2025-02, tetapi tidak berulang berturut-turut — dianggap wajar.",0.0243,0.49
205,EMP-0874,12,1,1,0,195814000.0,195496000.0,379000.0,0.023718630702797422,2025-09,2025-09,2025-09,0.0019355102290949575,ONE_OFF_GAP,"Kurang setor pada 2025-09, tetapi tidak berulang berturut-turut — dianggap wajar.",0.0237,0.49
206,EMP-0844,12,1,1,0,174246000.0,174649000.0,376000.0,0.026107485071517843,2025-12,2025-12,2025-12,0.002157868760258485,ONE_OFF_GAP,"Kurang setor pada 2025-12, tetapi tidak berulang berturut-turut — dianggap wajar.",0.0261,0.49
207,EMP-0974,12,1,1,0,189540000.0,189537000.0,371000.0,0.023475069602632244,2025-07,2025-07,2025-07,0.0019573704758889944,ONE_OFF_GAP,"Kurang setor pada 2025-07, tetapi tidak berulang berturut-turut — dianggap wajar.",0.0235,0.49
208,EMP-0843,12,1,1,0,176689000.0,177219000.0,367000.0,0.024021468778635948,2025-04,2025-04,2025-04,0.0020770959142900804,ONE_OFF_GAP,"Kurang setor pada 2025-04, tetapi tidak berulang berturut-turut — dianggap wajar.",0.024,0.49
209,EMP-0542,12,1,1,0,218854000.0,218606000.0,363000.0,0.02023749790934939,2025-04,2025-04,2025-04,0.001658640006579729,ONE_OFF_GAP,"Kurang setor pada 2025-04, tetapi tidak berulang berturut-turut — dianggap wajar.",0.0202,0.49
210,EMP-0632,12,1,1,0,141545000.0,141642000.0,356000.0,0.026752836852784248,2025-05,2025-05,2025-05,0.0025151012045639197,ONE_OFF_GAP,"Kurang setor pada 2025-05, tetapi tidak berulang berturut-turut — dianggap wajar.",0.0268,0.49
211,EMP-0840,12,1,1,0,191491000.0,190838000.0,334000.0,0.021461157874445802,2025-01,2025-01,2025-01,0.0017442072995597704,ONE_OFF_GAP,"Kurang setor pada 2025-01, tetapi tidak berulang berturut-turut — dianggap wajar.",0.0215,0.49
212,EMP-0846,12,1,1,0,161022000.0,161218000.0,327000.0,0.025705526295102588,2025-02,2025-02,2025-02,0.0020307784029511495,ONE_OFF_GAP,"Kurang setor pada 2025-02, tetapi tidak berulang berturut-turut — dianggap wajar.",0.0257,0.49
213,EMP-0043,12,1,1,0,161365000.0,160693000.0,324000.0,0.02336145360155743,2025-02,2025-02,2025-02,0.0020078703560251604,ONE_OFF_GAP,"Kurang setor pada 2025-02, tetapi tidak berulang berturut-turut — dianggap wajar.",0.0234,0.49
214,EMP-0151,12,1,1,0,191998000.0,192278000.0,323000.0,0.0207543532737904,2025-08,2025-08,2025-08,0.0016823091907207366,ONE_OFF_GAP,"Kurang setor pada 2025-08, tetapi tidak berulang berturut-turut — dianggap wajar.",0.0208,0.49
215,EMP-0622,12,1,1,0,127982000.0,127668000.0,322000.0,0.030532903470510145,2025-04,2025-04,2025-04,0.002515978809520089,ONE_OFF_GAP,"Kurang setor pada 2025-04, tetapi tidak berulang berturut-turut — dianggap wajar.",0.0305,0.49
216,EMP-0213,12,2,1,0,77448000.0,77027000.0,320000.0,0.024294958575657284,2025-01,2025-01,2025-01,0.004131804565644045,ONE_OFF_GAP,"Kurang setor pada 2025-01, tetapi tidak berulang berturut-turut — dianggap wajar.",0.0275,0.49
217,EMP-0239,12,1,1,0,162259000.0,162466000.0,318000.0,0.02326091727013386,2025-08,2025-08,2025-08,0.0019598296550576546,ONE_OFF_GAP,"Kurang setor pada 2025-08, tetapi tidak berulang berturut-turut — dianggap wajar.",0.0233,0.49
218,EMP-0826,12,1,1,0,178177000.0,177584000.0,301000.0,0.020201342281879194,2025-02,2025-02,2025-02,0.0016893313951856861,ONE_OFF_GAP,"Kurang setor pada 2025-02, tetapi tidak berulang berturut-turut — dianggap wajar.",0.0202,0.49
219,EMP-0024,12,1,1,0,112642000.0,112250000.0,299000.0,0.031397668801848154,2025-11,2025-11,2025-11,0.002654427300651622,ONE_OFF_GAP,"Kurang setor pada 2025-11, tetapi tidak berulang berturut-turut — dianggap wajar.",0.0314,0.49
220,EMP-0961,12,1,1,0,166174000.0,165868000.0,287000.0,0.020696617869762745,2025-12,2025-12,2025-12,0.0017271053233357805,ONE_OFF_GAP,"Kurang setor pada 2025-12, tetapi tidak berulang berturut-turut — dianggap wajar.",0.0207,0.49
221,EMP-0457,12,1,1,0,140702000.0,140760000.0,283000.0,0.02349912812422154,2025-01,2025-01,2025-01,0.0020113431223436765,ONE_OFF_GAP,"Kurang setor pada 2025-01, tetapi tidak berulang berturut-turut — dianggap wajar.",0.0235,0.49
222,EMP-0829,12,1,1,0,167046000.0,166734000.0,275000.0,0.02100358970442221,2025-06,2025-06,2025-06,0.001646253127880943,ONE_OFF_GAP,"Kurang setor pada 2025-06, tetapi tidak berulang berturut-turut — dianggap wajar.",0.021,0.49
223,EMP-0169,12,1,1,0,130100000.0,129459000.0,264000.0,0.023878437047756874,2025-08,2025-08,2025-08,0.0020292083013066873,ONE_OFF_GAP,"Kurang setor pada 2025-08, tetapi tidak berulang berturut-turut — dianggap wajar.",0.0239,0.49
224,EMP-0312,12,2,1,0,62741000.0,62706000.0,264000.0,0.025200314845507617,2025-03,2025-03,2025-03,0.004207774820292951,ONE_OFF_GAP,"Kurang setor pada 2025-03, tetapi tidak berulang berturut-turut — dianggap wajar.",0.028,0.49
225,EMP-0841,12,1,1,0,149393000.0,148748000.0,257000.0,0.021481109996656637,2025-11,2025-11,2025-11,0.0017202947929287182,ONE_OFF_GAP,"Kurang setor pada 2025-11, tetapi tidak berulang berturut-turut — dianggap wajar.",0.0215,0.49
226,EMP-0980,12,1,1,0,124154000.0,123352000.0,252000.0,0.02369534555712271,2025-12,2025-12,2025-12,0.0020297372617877796,ONE_OFF_GAP,"Kurang setor pada 2025-12, tetapi tidak berulang berturut-turut — dianggap wajar.",0.0237,0.49
227,EMP-0629,12,1,1,0,132282000.0,131952000.0,249000.0,0.021487745944080084,2025-10,2025-10,2025-10,0.0018823422687894045,ONE_OFF_GAP,"Kurang setor pada 2025-10, tetapi tidak berulang berturut-turut — dianggap wajar.",0.0215,0.49
228,EMP-0972,12,1,1,0,131769000.0,131452000.0,249000.0,0.02182678821879383,2025-07,2025-07,2025-07,0.0018896705598433622,ONE_OFF_GAP,"Kurang setor pada 2025-07, tetapi tidak berulang berturut-turut — dianggap wajar.",0.0218,0.49
229,EMP-0143,12,1,1,0,123296000.0,122876000.0,247000.0,0.023985239852398525,2025-07,2025-07,2025-07,0.0020033091097845833,ONE_OFF_GAP,"Kurang setor pada 2025-07, tetapi tidak berulang berturut-turut — dianggap wajar.",0.024,0.49
230,EMP-0541,12,1,1,0,135704000.0,135572000.0,247000.0,0.022262280306444344,2025-07,2025-07,2025-07,0.0018201379472970584,ONE_OFF_GAP,"Kurang setor pada 2025-07, tetapi tidak berulang berturut-turut — dianggap wajar.",0.0223,0.49
231,EMP-0968,12,1,1,0,134538000.0,134001000.0,244000.0,0.021725580981212717,2025-02,2025-02,2025-02,0.0018136139975322956,ONE_OFF_GAP,"Kurang setor pada 2025-02, tetapi tidak berulang berturut-turut — dianggap wajar.",0.0217,0.49
232,EMP-0459,12,1,1,0,123971000.0,123630000.0,241000.0,0.02292181852767738,2025-12,2025-12,2025-12,0.0019440030329673876,ONE_OFF_GAP,"Kurang setor pada 2025-12, tetapi tidak berulang berturut-turut — dianggap wajar.",0.0229,0.49
233,EMP-0470,12,1,1,0,116948000.0,117309000.0,232000.0,0.024131474932390266,2025-04,2025-04,2025-04,0.001983787666313233,ONE_OFF_GAP,"Kurang setor pada 2025-04, tetapi tidak berulang berturut-turut — dianggap wajar.",0.0241,0.49
234,EMP-0635,12,1,1,0,133875000.0,133328000.0,232000.0,0.02062772294834178,2025-09,2025-09,2025-09,0.0017329598506069094,ONE_OFF_GAP,"Kurang setor pada 2025-09, tetapi tidak berulang berturut-turut — dianggap wajar.",0.0206,0.49
235,EMP-0722,12,1,1,0,96288000.0,96480000.0,228000.0,0.027727106895293688,2025-12,2025-12,2025-12,0.0023678963110667995,ONE_OFF_GAP,"Kurang setor pada 2025-12, tetapi tidak berulang berturut-turut — dianggap wajar.",0.0277,0.49
236,EMP-0209,12,1,1,0,118077000.0,118042000.0,226000.0,0.02296981400548836,2025-11,2025-11,2025-11,0.0019140052677490112,ONE_OFF_GAP,"Kurang setor pada 2025-11, tetapi tidak berulang berturut-turut — dianggap wajar.",0.023,0.49
237,EMP-0619,12,1,1,0,112860000.0,112501000.0,224000.0,0.02476506357103372,2025-05,2025-05,2025-05,0.0019847598794967215,ONE_OFF_GAP,"Kurang setor pada 2025-05, tetapi tidak berulang berturut-turut — dianggap wajar.",0.0248,0.49
238,EMP-0031,12,1,1,0,125351000.0,125136000.0,223000.0,0.021386784309964515,2025-06,2025-06,2025-06,0.0017790045552089732,ONE_OFF_GAP,"Kurang setor pada 2025-06, tetapi tidak berulang berturut-turut — dianggap wajar.",0.0214,0.49
239,EMP-0127,12,1,1,0,91528000.0,91396000.0,218000.0,0.026114039290848108,2025-09,2025-09,2025-09,0.0023817848090201908,ONE_OFF_GAP,"Kurang setor pada 2025-09, tetapi tidak berulang berturut-turut — dianggap wajar.",0.0261,0.49
240,EMP-0416,12,1,1,0,85424000.0,85330000.0,217000.0,0.03137651821862348,2025-06,2025-06,2025-06,0.0025402697134294812,ONE_OFF_GAP,"Kurang setor pada 2025-06, tetapi tidak berulang berturut-turut — dianggap wajar.",0.0314,0.49
241,EMP-0823,12,1,1,0,109370000.0,109222000.0,215000.0,0.022082990961380444,2025-05,2025-05,2025-05,0.001965804151046905,ONE_OFF_GAP,"Kurang setor pada 2025-05, tetapi tidak berulang berturut-turut — dianggap wajar.",0.0221,0.49
242,EMP-0415,12,2,1,0,68414000.0,68138000.0,212000.0,0.020058489625252245,2025-06,2025-06,2025-06,0.0030987809512672843,ONE_OFF_GAP,"Kurang setor pada 2025-06, tetapi tidak berulang berturut-turut — dianggap wajar.",0.0201,0.49
243,EMP-0628,12,1,1,0,96941000.0,97368000.0,208000.0,0.027495042961004627,2025-10,2025-10,2025-10,0.002145634973850074,ONE_OFF_GAP,"Kurang setor pada 2025-10, tetapi tidak berulang berturut-turut — dianggap wajar.",0.0275,0.49
244,EMP-0117,12,1,1,0,103679000.0,103562000.0,207000.0,0.024327182982724176,2025-08,2025-08,2025-08,0.00199654703459717,ONE_OFF_GAP,"Kurang setor pada 2025-08, tetapi tidak berulang berturut-turut — dianggap wajar.",0.0243,0.49
245,EMP-0512,12,1,1,0,116116000.0,115775000.0,207000.0,0.021900126957257723,2025-12,2025-12,2025-12,0.0017827000585621275,ONE_OFF_GAP,"Kurang setor pada 2025-12, tetapi tidak berulang berturut-turut — dianggap wajar.",0.0219,0.49
246,EMP-0616,12,1,1,0,88142000.0,87863000.0,206000.0,0.027044768281475645,2025-02,2025-02,2025-02,0.0023371378003675886,ONE_OFF_GAP,"Kurang setor pada 2025-02, tetapi tidak berulang berturut-turut — dianggap wajar.",0.027,0.49
247,EMP-0973,12,1,1,0,105134000.0,105330000.0,202000.0,0.022737505628095452,2025-06,2025-06,2025-06,0.001921357505659444,ONE_OFF_GAP,"Kurang setor pada 2025-06, tetapi tidak berulang berturut-turut — dianggap wajar.",0.0227,0.49
248,EMP-0220,12,1,1,0,112414000.0,112138000.0,194000.0,0.0207597645799893,2025-06,2025-06,2025-06,0.0017257636949134449,ONE_OFF_GAP,"Kurang setor pada 2025-06, tetapi tidak berulang berturut-turut — dianggap wajar.",0.0208,0.49
249,EMP-0850,12,1,1,0,108879000.0,108686000.0,194000.0,0.0210938349461781,2025-07,2025-07,2025-07,0.0017817944690895397,ONE_OFF_GAP,"Kurang setor pada 2025-07, tetapi tidak berulang berturut-turut — dianggap wajar.",0.0211,0.49
250,EMP-0373,12,1,1,0,96798000.0,96641000.0,192000.0,0.024334600760456272,2025-05,2025-05,2025-05,0.0019835120560342157,ONE_OFF_GAP,"Kurang setor pada 2025-05, tetapi tidak berulang berturut-turut — dianggap wajar.",0.0243,0.49
251,EMP-0957,12,1,1,0,88108000.0,88001000.0,187000.0,0.025222551928783383,2025-01,2025-01,2025-01,0.0021223952422027514,ONE_OFF_GAP,"Kurang setor pada 2025-01, tetapi tidak berulang berturut-turut — dianggap wajar.",0.0252,0.49
252,EMP-0444,12,1,1,0,98250000.0,97754000.0,186000.0,0.022030084093331754,2025-07,2025-07,2025-07,0.0018931297709923664,ONE_OFF_GAP,"Kurang setor pada 2025-07, tetapi tidak berulang berturut-turut — dianggap wajar.",0.022,0.49
253,EMP-0724,12,1,1,0,87480000.0,87554000.0,182000.0,0.025096525096525095,2025-03,2025-03,2025-03,0.002080475537265661,ONE_OFF_GAP,"Kurang setor pada 2025-03, tetapi tidak berulang berturut-turut — dianggap wajar.",0.0251,0.49
254,EMP-0218,12,1,1,0,94916000.0,94461000.0,179000.0,0.022139764996907854,2025-12,2025-12,2025-12,0.0018858780395296893,ONE_OFF_GAP,"Kurang setor pada 2025-12, tetapi tidak berulang berturut-turut — dianggap wajar.",0.0221,0.49
255,EMP-0125,12,1,1,0,73443000.0,73016000.0,178000.0,0.02869579235853619,2025-10,2025-10,2025-10,0.0024236482714486062,ONE_OFF_GAP,"Kurang setor pada 2025-10, tetapi tidak berulang berturut-turut — dianggap wajar.",0.0287,0.49
256,EMP-0727,12,1,1,0,91031000.0,90977000.0,176000.0,0.02110564815925171,2025-02,2025-02,2025-02,0.0019334073008096142,ONE_OFF_GAP,"Kurang setor pada 2025-02, tetapi tidak berulang berturut-turut — dianggap wajar.",0.0211,0.49
257,EMP-0234,12,1,1,0,92710000.0,92563000.0,175000.0,0.02351518409029831,2025-11,2025-11,2025-11,0.0018876065149390573,ONE_OFF_GAP,"Kurang setor pada 2025-11, tetapi tidak berulang berturut-turut — dianggap wajar.",0.0235,0.49
258,EMP-0319,12,1,1,0,84906000.0,84579000.0,173000.0,0.02461932545894407,2025-06,2025-06,2025-06,0.002037547405365934,ONE_OFF_GAP,"Kurang setor pada 2025-06, tetapi tidak berulang berturut-turut — dianggap wajar.",0.0246,0.49
259,EMP-0615,12,1,1,0,55896000.0,55813000.0,172000.0,0.038461538461538464,2025-08,2025-08,2025-08,0.0030771432660655503,ONE_OFF_GAP,"Kurang setor pada 2025-08, tetapi tidak berulang berturut-turut — dianggap wajar.",0.0385,0.49
260,EMP-0228,12,1,1,0,81836000.0,81418000.0,166000.0,0.02312299763198217,2025-09,2025-09,2025-09,0.0020284471381787966,ONE_OFF_GAP,"Kurang setor pada 2025-09, tetapi tidak berulang berturut-turut — dianggap wajar.",0.0231,0.49
261,EMP-0314,12,2,1,0,47853000.0,47716000.0,163000.0,0.020933776786423455,2025-04,2025-04,2025-04,0.0034062650199569514,ONE_OFF_GAP,"Kurang setor pada 2025-04, tetapi tidak berulang berturut-turut — dianggap wajar.",0.0212,0.49
262,EMP-0010,12,1,1,0,83257000.0,83049000.0,161000.0,0.0225332400279916,2025-11,2025-11,2025-11,0.0019337713345424408,ONE_OFF_GAP,"Kurang setor pada 2025-11, tetapi tidak berulang berturut-turut — dianggap wajar.",0.0225,0.49
263,EMP-0317,12,1,1,0,70837000.0,70625000.0,160000.0,0.02345009526601202,2025-05,2025-05,2025-05,0.0022587066081285203,ONE_OFF_GAP,"Kurang setor pada 2025-05, tetapi tidak berulang berturut-turut — dianggap wajar.",0.0235,0.49
264,EMP-0943,12,1,1,0,82781000.0,82962000.0,160000.0,0.023391812865497075,2025-04,2025-04,2025-04,0.0019328106691148936,ONE_OFF_GAP,"Kurang setor pada 2025-04, tetapi tidak berulang berturut-turut — dianggap wajar.",0.0234,0.49
265,EMP-0108,12,1,1,0,94752000.0,94612000.0,159000.0,0.020234156273861034,2025-09,2025-09,2025-09,0.00167806484295846,ONE_OFF_GAP,"Kurang setor pada 2025-09, tetapi tidak berulang berturut-turut — dianggap wajar.",0.0202,0.49
266,EMP-0122,12,1,1,0,90685000.0,90587000.0,158000.0,0.022175438596491227,2025-03,2025-03,2025-03,0.0017422947565749573,ONE_OFF_GAP,"Kurang setor pada 2025-03, tetapi tidak berulang berturut-turut — dianggap wajar.",0.0222,0.49
267,EMP-0817,12,1,1,0,72120000.0,71973000.0,158000.0,0.028279935564703776,2025-07,2025-07,2025-07,0.0021907931225734886,ONE_OFF_GAP,"Kurang setor pada 2025-07, tetapi tidak berulang berturut-turut — dianggap wajar.",0.0283,0.49
268,EMP-0129,12,1,1,0,91250000.0,91424000.0,155000.0,0.02043776371308017,2025-09,2025-09,2025-09,0.0016986301369863014,ONE_OFF_GAP,"Kurang setor pada 2025-09, tetapi tidak berulang berturut-turut — dianggap wajar.",0.0204,0.49
269,EMP-0320,12,1,1,0,79953000.0,79472000.0,154000.0,0.02175141242937853,2025-06,2025-06,2025-06,0.0019261316023163608,ONE_OFF_GAP,"Kurang setor pada 2025-06, tetapi tidak berulang berturut-turut — dianggap wajar.",0.0218,0.49
270,EMP-0718,12,1,1,0,80420000.0,80311000.0,149000.0,0.022332134292565947,2025-11,2025-11,2025-11,0.0018527729420542154,ONE_OFF_GAP,"Kurang setor pada 2025-11, tetapi tidak berulang berturut-turut — dianggap wajar.",0.0223,0.49
271,EMP-0944,12,1,1,0,76071000.0,76069000.0,148000.0,0.024406332453825858,2025-06,2025-06,2025-06,0.001945550866953241,ONE_OFF_GAP,"Kurang setor pada 2025-06, tetapi tidak berulang berturut-turut — dianggap wajar.",0.0244,0.49
272,EMP-0318,12,1,1,0,61532000.0,61381000.0,147000.0,0.029074367088607594,2025-07,2025-07,2025-07,0.0023890008450887343,ONE_OFF_GAP,"Kurang setor pada 2025-07, tetapi tidak berulang berturut-turut — dianggap wajar.",0.0291,0.49
273,EMP-0821,12,1,1,0,81058000.0,80880000.0,146000.0,0.02178454192778275,2025-05,2025-05,2025-05,0.0018011794024032175,ONE_OFF_GAP,"Kurang setor pada 2025-05, tetapi tidak berulang berturut-turut — dianggap wajar.",0.0218,0.49
274,EMP-0233,12,1,1,0,75942000.0,75673000.0,144000.0,0.022889842632331903,2025-06,2025-06,2025-06,0.0018961839298411946,ONE_OFF_GAP,"Kurang setor pada 2025-06, tetapi tidak berulang berturut-turut — dianggap wajar.",0.0229,0.49
275,EMP-0335,12,1,1,0,83877000.0,83997000.0,144000.0,0.02013986013986014,2025-06,2025-06,2025-06,0.0017167995994134269,ONE_OFF_GAP,"Kurang setor pada 2025-06, tetapi tidak berulang berturut-turut — dianggap wajar.",0.0201,0.49
276,EMP-0211,12,1,1,0,48402000.0,48312000.0,128000.0,0.028718869194525466,2025-01,2025-01,2025-01,0.0026445188215363,ONE_OFF_GAP,"Kurang setor pada 2025-01, tetapi tidak berulang berturut-turut — dianggap wajar.",0.0287,0.49
277,EMP-0947,12,2,1,0,32373000.0,32178000.0,125000.0,0.022812009529939142,2025-04,2025-04,2025-04,0.003861242393352485,ONE_OFF_GAP,"Kurang setor pada 2025-04, tetapi tidak berulang berturut-turut — dianggap wajar.",0.0252,0.49
278,EMP-0115,12,1,1,0,74946000.0,74794000.0,124000.0,0.02030456852791878,2025-10,2025-10,2025-10,0.0016545245910388813,ONE_OFF_GAP,"Kurang setor pada 2025-10, tetapi tidak berulang berturut-turut — dianggap wajar.",0.0203,0.49
279,EMP-0818,12,1,1,0,63555000.0,63381000.0,121000.0,0.022557792692020878,2025-10,2025-10,2025-10,0.0019038627960034616,ONE_OFF_GAP,"Kurang setor pada 2025-10, tetapi tidak berulang berturut-turut — dianggap wajar.",0.0226,0.49
280,EMP-0922,12,1,1,0,63516000.0,63441000.0,120000.0,0.021893814997263273,2025-02,2025-02,2025-02,0.001889287738522577,ONE_OFF_GAP,"Kurang setor pada 2025-02, tetapi tidak berulang berturut-turut — dianggap wajar.",0.0219,0.49
281,EMP-0744,12,1,1,0,69537000.0,69406000.0,117000.0,0.020741003368197126,2025-08,2025-08,2025-08,0.0016825574873808188,ONE_OFF_GAP,"Kurang setor pada 2025-08, tetapi tidak berulang berturut-turut — dianggap wajar.",0.0207,0.49
282,EMP-0438,12,1,1,0,47938000.0,47981000.0,107000.0,0.02634170359428853,2025-03,2025-03,2025-03,0.0022320497309024157,ONE_OFF_GAP,"Kurang setor pada 2025-03, tetapi tidak berulang berturut-turut — dianggap wajar.",0.0263,0.49
283,EMP-0329,12,2,1,0,30441000.0,30453000.0,105000.0,0.020987672090562997,2025-03,2025-03,2025-03,0.003449295358233961,ONE_OFF_GAP,"Kurang setor pada 2025-03, tetapi tidak berulang berturut-turut — dianggap wajar.",0.0212,0.49
284,EMP-0325,12,1,1,0,58732000.0,58737000.0,101000.0,0.020540980272523896,2025-10,2025-10,2025-10,0.0017196758155690254,ONE_OFF_GAP,"Kurang setor pada 2025-10, tetapi tidak berulang berturut-turut — dianggap wajar.",0.0205,0.49
285,EMP-0936,12,1,1,0,59775000.0,59977000.0,101000.0,0.020147616197885496,2025-07,2025-07,2025-07,0.0016896695943120035,ONE_OFF_GAP,"Kurang setor pada 2025-07, tetapi tidak berulang berturut-turut — dianggap wajar.",0.0201,0.49
286,EMP-0921,12,1,1,0,57168000.0,57006000.0,100000.0,0.021119324181626188,2025-05,2025-05,2025-05,0.0017492303386509936,ONE_OFF_GAP,"Kurang setor pada 2025-05, tetapi tidak berulang berturut-turut — dianggap wajar.",0.0211,0.49
287,EMP-0340,12,1,1,0,50863000.0,51180000.0,95000.0,0.021522428636157682,2025-03,2025-03,2025-03,0.0018677624206200972,ONE_OFF_GAP,"Kurang setor pada 2025-03, tetapi tidak berulang berturut-turut — dianggap wajar.",0.0215,0.49
288,EMP-0015,12,1,1,0,55288000.0,55090000.0,91000.0,0.020463233640656622,2025-09,2025-09,2025-09,0.0016459267833888005,ONE_OFF_GAP,"Kurang setor pada 2025-09, tetapi tidak berulang berturut-turut — dianggap wajar.",0.0205,0.49
289,EMP-0742,12,1,1,0,67071000.0,66702000.0,88000.0,0.02387411828540423,2025-10,2025-10,2025-10,0.0013120424624651489,ONE_OFF_GAP,"Kurang setor pada 2025-10, tetapi tidak berulang berturut-turut — dianggap wajar.",0.0239,0.49
290,EMP-0929,12,2,1,0,23259000.0,23078000.0,87000.0,0.022452105585123956,2025-03,2025-03,2025-03,0.003740487553205211,ONE_OFF_GAP,"Kurang setor pada 2025-03, tetapi tidak berulang berturut-turut — dianggap wajar.",0.0225,0.49
291,EMP-0409,12,1,1,0,33969000.0,33887000.0,78000.0,0.02763018065887354,2025-06,2025-06,2025-06,0.002296211251435132,ONE_OFF_GAP,"Kurang setor pada 2025-06, tetapi tidak berulang berturut-turut — dianggap wajar.",0.0276,0.49
292,EMP-0116,12,1,1,0,42990000.0,42961000.0,77000.0,0.020889853499728703,2025-10,2025-10,2025-10,0.0017911142126075831,ONE_OFF_GAP,"Kurang setor pada 2025-10, tetapi tidak berulang berturut-turut — dianggap wajar.",0.0209,0.49
293,EMP-0940,12,2,1,0,22066000.0,22082000.0,75000.0,0.02066115702479339,2025-04,2025-04,2025-04,0.003398894226411674,ONE_OFF_GAP,"Kurang setor pada 2025-04, tetapi tidak berulang berturut-turut — dianggap wajar.",0.0209,0.49
294,EMP-0133,12,1,1,0,45821000.0,45865000.0,74000.0,0.02058414464534075,2025-11,2025-11,2025-11,0.0016149800309901573,ONE_OFF_GAP,"Kurang setor pada 2025-11, tetapi tidak berulang berturut-turut — dianggap wajar.",0.0206,0.49
295,EMP-0423,12,1,1,0,43189000.0,43060000.0,74000.0,0.02132564841498559,2025-12,2025-12,2025-12,0.0017133992451781703,ONE_OFF_GAP,"Kurang setor pada 2025-12, tetapi tidak berulang berturut-turut — dianggap wajar.",0.0213,0.49
296,EMP-0440,12,1,1,0,24523000.0,24367000.0,71000.0,0.02574329224075417,2025-03,2025-03,2025-03,0.0028952412021367693,ONE_OFF_GAP,"Kurang setor pada 2025-03, tetapi tidak berulang berturut-turut — dianggap wajar.",0.0257,0.49
297,EMP-0106,12,1,1,0,43018000.0,43034000.0,70000.0,0.02079002079002079,2025-11,2025-11,2025-11,0.0016272258124506022,ONE_OFF_GAP,"Kurang setor pada 2025-11, tetapi tidak berulang berturut-turut — dianggap wajar.",0.0208,0.49
298,EMP-0935,12,1,1,0,38963000.0,38920000.0,70000.0,0.020914251568568867,2025-04,2025-04,2025-04,0.0017965762389959706,ONE_OFF_GAP,"Kurang setor pada 2025-04, tetapi tidak berulang berturut-turut — dianggap wajar.",0.0209,0.49
299,EMP-0028,12,1,1,0,39364000.0,39094000.0,69000.0,0.02046870364876891,2025-12,2025-12,2025-12,0.0017528706432273142,ONE_OFF_GAP,"Kurang setor pada 2025-12, tetapi tidak berulang berturut-turut — dianggap wajar.",0.0205,0.49
300,EMP-0436,12,1,1,0,28426000.0,28273000.0,69000.0,0.021139705882352942,2025-03,2025-03,2025-03,0.002427355238162246,ONE_OFF_GAP,"Kurang setor pada 2025-03, tetapi tidak berulang berturut-turut — dianggap wajar.",0.0211,0.49
301,EMP-0327,12,1,1,0,35272000.0,35323000.0,59000.0,0.02062937062937063,2025-09,2025-09,2025-09,0.001672714901338172,ONE_OFF_GAP,"Kurang setor pada 2025-09, tetapi tidak berulang berturut-turut — dianggap wajar.",0.0206,0.49
302,EMP-0421,12,1,1,0,33094000.0,33099000.0,54000.0,0.02057142857142857,2025-10,2025-10,2025-10,0.001631715718861425,ONE_OFF_GAP,"Kurang setor pada 2025-10, tetapi tidak berulang berturut-turut — dianggap wajar.",0.0206,0.49
303,EMP-0925,12,1,1,0,27727000.0,27663000.0,46000.0,0.02006105538595726,2025-10,2025-10,2025-10,0.0016590327117971652,ONE_OFF_GAP,"Kurang setor pada 2025-10, tetapi tidak berulang berturut-turut — dianggap wajar.",0.0201,0.49
304,EMP-0114,12,1,1,0,25991000.0,25958000.0,45000.0,0.020699172033118676,2025-07,2025-07,2025-07,0.0017313685506521487,ONE_OFF_GAP,"Kurang setor pada 2025-07, tetapi tidak berulang berturut-turut — dianggap wajar.",0.0207,0.49
305,EMP-0001,12,0,0,0,122379000.0,122392000.0,0.0,0.0,,,,0.0,NORMAL,Setoran sesuai dengan yang seharusnya (selisih dalam toleransi 2% / Rp10.000).,0.0,0.0
306,EMP-0003,12,0,0,0,121601000.0,122280000.0,0.0,0.0,,,,0.0,NORMAL,Setoran sesuai dengan yang seharusnya (selisih dalam toleransi 2% / Rp10.000).,0.0,0.0
307,EMP-0004,12,0,0,0,50455000.0,50474000.0,0.0,0.0,,,,0.0,NORMAL,Setoran sesuai dengan yang seharusnya (selisih dalam toleransi 2% / Rp10.000).,0.0,0.0
308,EMP-0005,12,0,0,0,76966000.0,77023000.0,0.0,0.0,,,,0.0,NORMAL,Setoran sesuai dengan yang seharusnya (selisih dalam toleransi 2% / Rp10.000).,0.0,0.0
309,EMP-0007,12,0,0,0,44294000.0,44187000.0,0.0,0.0,,,,0.0,NORMAL,Setoran sesuai dengan yang seharusnya (selisih dalam toleransi 2% / Rp10.000).,0.0,0.0
310,EMP-0008,12,0,0,0,44090000.0,44039000.0,0.0,0.0,,,,0.0,NORMAL,Setoran sesuai dengan yang seharusnya (selisih dalam toleransi 2% / Rp10.000).,0.0,0.0
311,EMP-0009,12,0,0,0,59860000.0,59646000.0,0.0,0.0,,,,0.0,NORMAL,Setoran sesuai dengan yang seharusnya (selisih dalam toleransi 2% / Rp10.000).,0.0,0.0
312,EMP-0011,12,0,0,0,127214000.0,127142000.0,0.0,0.0,,,,0.0,NORMAL,Setoran sesuai dengan yang seharusnya (selisih dalam toleransi 2% / Rp10.000).,0.0,0.0
313,EMP-0012,12,0,0,0,121362000.0,121818000.0,0.0,0.0,,,,0.0,NORMAL,Setoran sesuai dengan yang seharusnya (selisih dalam toleransi 2% / Rp10.000).,0.0,0.0
314,EMP-0013,12,0,0,0,76203000.0,76146000.0,0.0,0.0,,,,0.0,NORMAL,Setoran sesuai dengan yang seharusnya (selisih dalam toleransi 2% / Rp10.000).,0.0,0.0
315,EMP-0014,12,0,0,0,105841000.0,105730000.0,0.0,0.0,,,,0.0,NORMAL,Setoran sesuai dengan yang seharusnya (selisih dalam toleransi 2% / Rp10.000).,0.0,0.0
316,EMP-0016,12,0,0,0,101427000.0,101276000.0,0.0,0.0,,,,0.0,NORMAL,Setoran sesuai dengan yang seharusnya (selisih dalam toleransi 2% / Rp10.000).,0.0,0.0
317,EMP-0018,12,0,0,0,79666000.0,79912000.0,0.0,0.0,,,,0.0,NORMAL,Setoran sesuai dengan yang seharusnya (selisih dalam toleransi 2% / Rp10.000).,0.0,0.0
318,EMP-0019,2,0,0,0,24299000.0,24466000.0,0.0,0.0,,,,0.0,NORMAL,Setoran sesuai dengan yang seharusnya (selisih dalam toleransi 2% / Rp10.000).,0.0,0.0
319,EMP-0020,12,0,0,0,91313000.0,91163000.0,0.0,0.0,,,,0.0,NORMAL,Setoran sesuai dengan yang seharusnya (selisih dalam toleransi 2% / Rp10.000).,0.0,0.0
320,EMP-0021,12,0,0,0,72797000.0,72960000.0,0.0,0.0,,,,0.0,NORMAL,Setoran sesuai dengan yang seharusnya (selisih dalam toleransi 2% / Rp10.000).,0.0,0.0
321,EMP-0022,12,0,0,0,117840000.0,117920000.0,0.0,0.0,,,,0.0,NORMAL,Setoran sesuai dengan yang seharusnya (selisih dalam toleransi 2% / Rp10.000).,0.0,0.0
322,EMP-0023,12,0,0,0,116105000.0,116320000.0,0.0,0.0,,,,0.0,NORMAL,Setoran sesuai dengan yang seharusnya (selisih dalam toleransi 2% / Rp10.000).,0.0,0.0
323,EMP-0025,12,0,0,0,103790000.0,104463000.0,0.0,0.0,,,,0.0,NORMAL,Setoran sesuai dengan yang seharusnya (selisih dalam toleransi 2% / Rp10.000).,0.0,0.0
324,EMP-0026,12,0,0,0,47429000.0,47487000.0,0.0,0.0,,,,0.0,NORMAL,Setoran sesuai dengan yang seharusnya (selisih dalam toleransi 2% / Rp10.000).,0.0,0.0
325,EMP-0027,12,0,0,0,138926000.0,138910000.0,0.0,0.0,,,,0.0,NORMAL,Setoran sesuai dengan yang seharusnya (selisih dalam toleransi 2% / Rp10.000).,0.0,0.0
326,EMP-0029,12,0,0,0,103604000.0,103559000.0,0.0,0.0,,,,0.0,NORMAL,Setoran sesuai dengan yang seharusnya (selisih dalam toleransi 2% / Rp10.000).,0.0,0.0
327,EMP-0030,12,0,0,0,77452000.0,77548000.0,0.0,0.0,,,,0.0,NORMAL,Setoran sesuai dengan yang seharusnya (selisih dalam toleransi 2% / Rp10.000).,0.0,0.0
328,EMP-0032,12,0,0,0,74266000.0,74379000.0,0.0,0.0,,,,0.0,NORMAL,Setoran sesuai dengan yang seharusnya (selisih dalam toleransi 2% / Rp10.000).,0.0,0.0
329,EMP-0033,12,0,0,0,39827000.0,39954000.0,0.0,0.0,,,,0.0,NORMAL,Setoran sesuai dengan yang seharusnya (selisih dalam toleransi 2% / Rp10.000).,0.0,0.0
330,EMP-0034,12,0,0,0,40112000.0,40064000.0,0.0,0.0,,,,0.0,NORMAL,Setoran sesuai dengan yang seharusnya (selisih dalam toleransi 2% / Rp10.000).,0.0,0.0
331,EMP-0036,12,0,0,0,528872000.0,530289000.0,0.0,0.0,,,,0.0,NORMAL,Setoran sesuai dengan yang seharusnya (selisih dalam toleransi 2% / Rp10.000).,0.0,0.0
332,EMP-0037,12,0,0,0,502134000.0,503417000.0,0.0,0.0,,,,0.0,NORMAL,Setoran sesuai dengan yang seharusnya (selisih dalam toleransi 2% / Rp10.000).,0.0,0.0
333,EMP-0038,12,0,0,0,457907000.0,456911000.0,0.0,0.0,,,,0.0,NORMAL,Setoran sesuai dengan yang seharusnya (selisih dalam toleransi 2% / Rp10.000).,0.0,0.0
334,EMP-0040,12,0,0,0,523377000.0,522165000.0,0.0,0.0,,,,0.0,NORMAL,Setoran sesuai dengan yang seharusnya (selisih dalam toleransi 2% / Rp10.000).,0.0,0.0
335,EMP-0041,12,0,0,0,284508000.0,285909000.0,0.0,0.0,,,,0.0,NORMAL,Setoran sesuai dengan yang seharusnya (selisih dalam toleransi 2% / Rp10.000).,0.0,0.0
336,EMP-0042,12,0,0,0,428446000.0,429342000.0,0.0,0.0,,,,0.0,NORMAL,Setoran sesuai dengan yang seharusnya (selisih dalam toleransi 2% / Rp10.000).,0.0,0.0
337,EMP-0044,12,0,0,0,238082000.0,238968000.0,0.0,0.0,,,,0.0,NORMAL,Setoran sesuai dengan yang seharusnya (selisih dalam toleransi 2% / Rp10.000).,0.0,0.0
338,EMP-0045,12,0,0,0,417940000.0,415665000.0,0.0,0.0,,,,0.0,NORMAL,Setoran sesuai dengan yang seharusnya (selisih dalam toleransi 2% / Rp10.000).,0.0,0.0
339,EMP-0046,12,0,0,0,402789000.0,403927000.0,0.0,0.0,,,,0.0,NORMAL,Setoran sesuai dengan yang seharusnya (selisih dalam toleransi 2% / Rp10.000).,0.0,0.0
340,EMP-0047,12,0,0,0,505146000.0,504342000.0,0.0,0.0,,,,0.0,NORMAL,Setoran sesuai dengan yang seharusnya (selisih dalam toleransi 2% / Rp10.000).,0.0,0.0
341,EMP-0049,12,0,0,0,272047000.0,273759000.0,0.0,0.0,,,,0.0,NORMAL,Setoran sesuai dengan yang seharusnya (selisih dalam toleransi 2% / Rp10.000).,0.0,0.0
342,EMP-0050,2,0,0,0,39776000.0,39963000.0,0.0,0.0,,,,0.0,NORMAL,Setoran sesuai dengan yang seharusnya (selisih dalam toleransi 2% / Rp10.000).,0.0,0.0
343,EMP-0051,12,0,0,0,517907000.0,517641000.0,0.0,0.0,,,,0.0,NORMAL,Setoran sesuai dengan yang seharusnya (selisih dalam toleransi 2% / Rp10.000).,0.0,0.0
344,EMP-0054,12,0,0,0,382602000.0,382774000.0,0.0,0.0,,,,0.0,NORMAL,Setoran sesuai dengan yang seharusnya (selisih dalam toleransi 2% / Rp10.000).,0.0,0.0
345,EMP-0055,12,0,0,0,189856000.0,189806000.0,0.0,0.0,,,,0.0,NORMAL,Setoran sesuai dengan yang seharusnya (selisih dalam toleransi 2% / Rp10.000).,0.0,0.0
346,EMP-0056,12,0,0,0,384724000.0,386806000.0,0.0,0.0,,,,0.0,NORMAL,Setoran sesuai dengan yang seharusnya (selisih dalam toleransi 2% / Rp10.000).,0.0,0.0
347,EMP-0057,12,0,0,0,352062000.0,352562000.0,0.0,0.0,,,,0.0,NORMAL,Setoran sesuai dengan yang seharusnya (selisih dalam toleransi 2% / Rp10.000).,0.0,0.0
348,EMP-0058,12,0,0,0,370302000.0,370485000.0,0.0,0.0,,,,0.0,NORMAL,Setoran sesuai dengan yang seharusnya (selisih dalam toleransi 2% / Rp10.000).,0.0,0.0
349,EMP-0059,12,0,0,0,333381000.0,334843000.0,0.0,0.0,,,,0.0,NORMAL,Setoran sesuai dengan yang seharusnya (selisih dalam toleransi 2% / Rp10.000).,0.0,0.0
350,EMP-0061,12,0,0,0,498038000.0,498932000.0,0.0,0.0,,,,0.0,NORMAL,Setoran sesuai dengan yang seharusnya (selisih dalam toleransi 2% / Rp10.000).,0.0,0.0
351,EMP-0062,12,0,0,0,197108000.0,196645000.0,0.0,0.0,,,,0.0,NORMAL,Setoran sesuai dengan yang seharusnya (selisih dalam toleransi 2% / Rp10.000).,0.0,0.0
352,EMP-0063,12,0,0,0,222186000.0,222445000.0,0.0,0.0,,,,0.0,NORMAL,Setoran sesuai dengan yang seharusnya (selisih dalam toleransi 2% / Rp10.000).,0.0,0.0
353,EMP-0064,12,0,0,0,337588000.0,339093000.0,0.0,0.0,,,,0.0,NORMAL,Setoran sesuai dengan yang seharusnya (selisih dalam toleransi 2% / Rp10.000).,0.0,0.0
354,EMP-0065,12,0,0,0,243925000.0,243752000.0,0.0,0.0,,,,0.0,NORMAL,Setoran sesuai dengan yang seharusnya (selisih dalam toleransi 2% / Rp10.000).,0.0,0.0
355,EMP-0066,12,0,0,0,565770000.0,562089000.0,0.0,0.0,,,,0.0,NORMAL,Setoran sesuai dengan yang seharusnya (selisih dalam toleransi 2% / Rp10.000).,0.0,0.0
356,EMP-0067,12,0,0,0,421114000.0,421812000.0,0.0,0.0,,,,0.0,NORMAL,Setoran sesuai dengan yang seharusnya (selisih dalam toleransi 2% / Rp10.000).,0.0,0.0
357,EMP-0068,12,0,0,0,326711000.0,327339000.0,0.0,0.0,,,,0.0,NORMAL,Setoran sesuai dengan yang seharusnya (selisih dalam toleransi 2% / Rp10.000).,0.0,0.0
358,EMP-0069,12,0,0,0,1672587000.0,1679378000.0,0.0,0.0,,,,0.0,NORMAL,Setoran sesuai dengan yang seharusnya (selisih dalam toleransi 2% / Rp10.000).,0.0,0.0
359,EMP-0070,12,0,0,0,2087629000.0,2089322000.0,0.0,0.0,,,,0.0,NORMAL,Setoran sesuai dengan yang seharusnya (selisih dalam toleransi 2% / Rp10.000).,0.0,0.0
360,EMP-0071,12,0,0,0,715268000.0,716726000.0,0.0,0.0,,,,0.0,NORMAL,Setoran sesuai dengan yang seharusnya (selisih dalam toleransi 2% / Rp10.000).,0.0,0.0
361,EMP-0075,12,0,0,0,1337779000.0,1343731000.0,0.0,0.0,,,,0.0,NORMAL,Setoran sesuai dengan yang seharusnya (selisih dalam toleransi 2% / Rp10.000).,0.0,0.0
362,EMP-0079,12,0,0,0,1839281000.0,1833631000.0,0.0,0.0,,,,0.0,NORMAL,Setoran sesuai dengan yang seharusnya (selisih dalam toleransi 2% / Rp10.000).,0.0,0.0
363,EMP-0081,12,0,0,0,1960022000.0,1963854000.0,0.0,0.0,,,,0.0,NORMAL,Setoran sesuai dengan yang seharusnya (selisih dalam toleransi 2% / Rp10.000).,0.0,0.0
364,EMP-0082,12,0,0,0,1923216000.0,1924263000.0,0.0,0.0,,,,0.0,NORMAL,Setoran sesuai dengan yang seharusnya (selisih dalam toleransi 2% / Rp10.000).,0.0,0.0
365,EMP-0083,12,0,0,0,1650778000.0,1656976000.0,0.0,0.0,,,,0.0,NORMAL,Setoran sesuai dengan yang seharusnya (selisih dalam toleransi 2% / Rp10.000).,0.0,0.0
366,EMP-0084,12,0,0,0,686788000.0,687311000.0,0.0,0.0,,,,0.0,NORMAL,Setoran sesuai dengan yang seharusnya (selisih dalam toleransi 2% / Rp10.000).,0.0,0.0
367,EMP-0085,12,0,0,0,1057625000.0,1060535000.0,0.0,0.0,,,,0.0,NORMAL,Setoran sesuai dengan yang seharusnya (selisih dalam toleransi 2% / Rp10.000).,0.0,0.0
368,EMP-0086,12,0,0,0,1667086000.0,1677910000.0,0.0,0.0,,,,0.0,NORMAL,Setoran sesuai dengan yang seharusnya (selisih dalam toleransi 2% / Rp10.000).,0.0,0.0
369,EMP-0087,12,0,0,0,1634512000.0,1634071000.0,0.0,0.0,,,,0.0,NORMAL,Setoran sesuai dengan yang seharusnya (selisih dalam toleransi 2% / Rp10.000).,0.0,0.0
370,EMP-0089,12,0,0,0,1828052000.0,1828128000.0,0.0,0.0,,,,0.0,NORMAL,Setoran sesuai dengan yang seharusnya (selisih dalam toleransi 2% / Rp10.000).,0.0,0.0
371,EMP-0091,12,0,0,0,1544203000.0,1545238000.0,0.0,0.0,,,,0.0,NORMAL,Setoran sesuai dengan yang seharusnya (selisih dalam toleransi 2% / Rp10.000).,0.0,0.0
372,EMP-0093,12,0,0,0,1214743000.0,1214324000.0,0.0,0.0,,,,0.0,NORMAL,Setoran sesuai dengan yang seharusnya (selisih dalam toleransi 2% / Rp10.000).,0.0,0.0
373,EMP-0095,12,0,0,0,2063706000.0,2063959000.0,0.0,0.0,,,,0.0,NORMAL,Setoran sesuai dengan yang seharusnya (selisih dalam toleransi 2% / Rp10.000).,0.0,0.0
374,EMP-0096,12,0,0,0,952930000.0,959710000.0,0.0,0.0,,,,0.0,NORMAL,Setoran sesuai dengan yang seharusnya (selisih dalam toleransi 2% / Rp10.000).,0.0,0.0
375,EMP-0097,12,0,0,0,1449630000.0,1447432000.0,0.0,0.0,,,,0.0,NORMAL,Setoran sesuai dengan yang seharusnya (selisih dalam toleransi 2% / Rp10.000).,0.0,0.0
376,EMP-0098,12,0,0,0,1675754000.0,1671629000.0,0.0,0.0,,,,0.0,NORMAL,Setoran sesuai dengan yang seharusnya (selisih dalam toleransi 2% / Rp10.000).,0.0,0.0
377,EMP-0101,12,0,0,0,719047000.0,718536000.0,0.0,0.0,,,,0.0,NORMAL,Setoran sesuai dengan yang seharusnya (selisih dalam toleransi 2% / Rp10.000).,0.0,0.0
378,EMP-0103,12,0,0,0,99819000.0,99961000.0,0.0,0.0,,,,0.0,NORMAL,Setoran sesuai dengan yang seharusnya (selisih dalam toleransi 2% / Rp10.000).,0.0,0.0
379,EMP-0104,12,0,0,0,55638000.0,55898000.0,0.0,0.0,,,,0.0,NORMAL,Setoran sesuai dengan yang seharusnya (selisih dalam toleransi 2% / Rp10.000).,0.0,0.0
380,EMP-0105,12,0,0,0,115476000.0,115637000.0,0.0,0.0,,,,0.0,NORMAL,Setoran sesuai dengan yang seharusnya (selisih dalam toleransi 2% / Rp10.000).,0.0,0.0
381,EMP-0107,12,0,0,0,65421000.0,65597000.0,0.0,0.0,,,,0.0,NORMAL,Setoran sesuai dengan yang seharusnya (selisih dalam toleransi 2% / Rp10.000).,0.0,0.0
382,EMP-0109,12,0,0,0,28780000.0,28876000.0,0.0,0.0,,,,0.0,NORMAL,Setoran sesuai dengan yang seharusnya (selisih dalam toleransi 2% / Rp10.000).,0.0,0.0
383,EMP-0110,12,0,0,0,96711000.0,96691000.0,0.0,0.0,,,,0.0,NORMAL,Setoran sesuai dengan yang seharusnya (selisih dalam toleransi 2% / Rp10.000).,0.0,0.0
384,EMP-0111,12,0,0,0,75496000.0,75360000.0,0.0,0.0,,,,0.0,NORMAL,Setoran sesuai dengan yang seharusnya (selisih dalam toleransi 2% / Rp10.000).,0.0,0.0
385,EMP-0112,12,0,0,0,38880000.0,38864000.0,0.0,0.0,,,,0.0,NORMAL,Setoran sesuai dengan yang seharusnya (selisih dalam toleransi 2% / Rp10.000).,0.0,0.0
386,EMP-0113,12,0,0,0,52780000.0,52666000.0,0.0,0.0,,,,0.0,NORMAL,Setoran sesuai dengan yang seharusnya (selisih dalam toleransi 2% / Rp10.000).,0.0,0.0
387,EMP-0118,12,0,0,0,49485000.0,49491000.0,0.0,0.0,,,,0.0,NORMAL,Setoran sesuai dengan yang seharusnya (selisih dalam toleransi 2% / Rp10.000).,0.0,0.0
388,EMP-0119,12,0,0,0,80302000.0,80684000.0,0.0,0.0,,,,0.0,NORMAL,Setoran sesuai dengan yang seharusnya (selisih dalam toleransi 2% / Rp10.000).,0.0,0.0
389,EMP-0120,12,0,0,0,125691000.0,125917000.0,0.0,0.0,,,,0.0,NORMAL,Setoran sesuai dengan yang seharusnya (selisih dalam toleransi 2% / Rp10.000).,0.0,0.0
390,EMP-0121,12,0,0,0,62951000.0,62940000.0,0.0,0.0,,,,0.0,NORMAL,Setoran sesuai dengan yang seharusnya (selisih dalam toleransi 2% / Rp10.000).,0.0,0.0
391,EMP-0123,12,0,0,0,108442000.0,109080000.0,0.0,0.0,,,,0.0,NORMAL,Setoran sesuai dengan yang seharusnya (selisih dalam toleransi 2% / Rp10.000).,0.0,0.0
392,EMP-0124,12,0,0,0,61484000.0,61528000.0,0.0,0.0,,,,0.0,NORMAL,Setoran sesuai dengan yang seharusnya (selisih dalam toleransi 2% / Rp10.000).,0.0,0.0
393,EMP-0126,12,0,0,0,91070000.0,90748000.0,0.0,0.0,,,,0.0,NORMAL,Setoran sesuai dengan yang seharusnya (selisih dalam toleransi 2% / Rp10.000).,0.0,0.0
394,EMP-0128,12,0,0,0,58116000.0,58040000.0,0.0,0.0,,,,0.0,NORMAL,Setoran sesuai dengan yang seharusnya (selisih dalam toleransi 2% / Rp10.000).,0.0,0.0
395,EMP-0130,12,0,0,0,90835000.0,90994000.0,0.0,0.0,,,,0.0,NORMAL,Setoran sesuai dengan yang seharusnya (selisih dalam toleransi 2% / Rp10.000).,0.0,0.0
396,EMP-0131,12,0,0,0,47087000.0,47155000.0,0.0,0.0,,,,0.0,NORMAL,Setoran sesuai dengan yang seharusnya (selisih dalam toleransi 2% / Rp10.000).,0.0,0.0
397,EMP-0132,12,0,0,0,72479000.0,72509000.0,0.0,0.0,,,,0.0,NORMAL,Setoran sesuai dengan yang seharusnya (selisih dalam toleransi 2% / Rp10.000).,0.0,0.0
398,EMP-0134,12,0,0,0,99392000.0,99608000.0,0.0,0.0,,,,0.0,NORMAL,Setoran sesuai dengan yang seharusnya (selisih dalam toleransi 2% / Rp10.000).,0.0,0.0
399,EMP-0135,12,0,0,0,76088000.0,76107000.0,0.0,0.0,,,,0.0,NORMAL,Setoran sesuai dengan yang seharusnya (selisih dalam toleransi 2% / Rp10.000).,0.0,0.0
400,EMP-0136,12,0,0,0,44596000.0,44352000.0,0.0,0.0,,,,0.0,NORMAL,Setoran sesuai dengan yang seharusnya (selisih dalam toleransi 2% / Rp10.000).,0.0,0.0
401,EMP-0137,12,0,0,0,161816000.0,162340000.0,0.0,0.0,,,,0.0,NORMAL,Setoran sesuai dengan yang seharusnya (selisih dalam toleransi 2% / Rp10.000).,0.0,0.0
402,EMP-0138,12,0,0,0,298767000.0,298858000.0,0.0,0.0,,,,0.0,NORMAL,Setoran sesuai dengan yang seharusnya (selisih dalam toleransi 2% / Rp10.000).,0.0,0.0
403,EMP-0141,12,0,0,0,383273000.0,381950000.0,0.0,0.0,,,,0.0,NORMAL,Setoran sesuai dengan yang seharusnya (selisih dalam toleransi 2% / Rp10.000).,0.0,0.0
404,EMP-0142,12,0,0,0,264834000.0,263695000.0,0.0,0.0,,,,0.0,NORMAL,Setoran sesuai dengan yang seharusnya (selisih dalam toleransi 2% / Rp10.000).,0.0,0.0
405,EMP-0144,12,0,0,0,270502000.0,270254000.0,0.0,0.0,,,,0.0,NORMAL,Setoran sesuai dengan yang seharusnya (selisih dalam toleransi 2% / Rp10.000).,0.0,0.0
406,EMP-0145,12,0,0,0,470357000.0,469401000.0,0.0,0.0,,,,0.0,NORMAL,Setoran sesuai dengan yang seharusnya (selisih dalam toleransi 2% / Rp10.000).,0.0,0.0
407,EMP-0147,12,0,0,0,425935000.0,424460000.0,0.0,0.0,,,,0.0,NORMAL,Setoran sesuai dengan yang seharusnya (selisih dalam toleransi 2% / Rp10.000).,0.0,0.0
408,EMP-0148,12,0,0,0,398774000.0,398619000.0,0.0,0.0,,,,0.0,NORMAL,Setoran sesuai dengan yang seharusnya (selisih dalam toleransi 2% / Rp10.000).,0.0,0.0
409,EMP-0149,12,0,0,0,503023000.0,505179000.0,0.0,0.0,,,,0.0,NORMAL,Setoran sesuai dengan yang seharusnya (selisih dalam toleransi 2% / Rp10.000).,0.0,0.0
410,EMP-0153,12,0,0,0,367957000.0,368685000.0,0.0,0.0,,,,0.0,NORMAL,Setoran sesuai dengan yang seharusnya (selisih dalam toleransi 2% / Rp10.000).,0.0,0.0
411,EMP-0154,12,0,0,0,338021000.0,337147000.0,0.0,0.0,,,,0.0,NORMAL,Setoran sesuai dengan yang seharusnya (selisih dalam toleransi 2% / Rp10.000).,0.0,0.0
412,EMP-0155,12,0,0,0,307506000.0,307722000.0,0.0,0.0,,,,0.0,NORMAL,Setoran sesuai dengan yang seharusnya (selisih dalam toleransi 2% / Rp10.000).,0.0,0.0
413,EMP-0156,12,0,0,0,276628000.0,277088000.0,0.0,0.0,,,,0.0,NORMAL,Setoran sesuai dengan yang seharusnya (selisih dalam toleransi 2% / Rp10.000).,0.0,0.0
414,EMP-0157,12,0,0,0,403391000.0,404341000.0,0.0,0.0,,,,0.0,NORMAL,Setoran sesuai dengan yang seharusnya (selisih dalam toleransi 2% / Rp10.000).,0.0,0.0
415,EMP-0158,12,0,0,0,408708000.0,409607000.0,0.0,0.0,,,,0.0,NORMAL,Setoran sesuai dengan yang seharusnya (selisih dalam toleransi 2% / Rp10.000).,0.0,0.0
416,EMP-0159,12,0,0,0,305813000.0,305254000.0,0.0,0.0,,,,0.0,NORMAL,Setoran sesuai dengan yang seharusnya (selisih dalam toleransi 2% / Rp10.000).,0.0,0.0
417,EMP-0160,12,0,0,0,342478000.0,341793000.0,0.0,0.0,,,,0.0,NORMAL,Setoran sesuai dengan yang seharusnya (selisih dalam toleransi 2% / Rp10.000).,0.0,0.0
418,EMP-0161,12,0,0,0,300196000.0,301949000.0,0.0,0.0,,,,0.0,NORMAL,Setoran sesuai dengan yang seharusnya (selisih dalam toleransi 2% / Rp10.000).,0.0,0.0
419,EMP-0163,12,0,0,0,476948000.0,475087000.0,0.0,0.0,,,,0.0,NORMAL,Setoran sesuai dengan yang seharusnya (selisih dalam toleransi 2% / Rp10.000).,0.0,0.0
420,EMP-0165,12,0,0,0,404085000.0,402543000.0,0.0,0.0,,,,0.0,NORMAL,Setoran sesuai dengan yang seharusnya (selisih dalam toleransi 2% / Rp10.000).,0.0,0.0
421,EMP-0167,12,0,0,0,248153000.0,246482000.0,0.0,0.0,,,,0.0,NORMAL,Setoran sesuai dengan yang seharusnya (selisih dalam toleransi 2% / Rp10.000).,0.0,0.0
422,EMP-0170,12,0,0,0,277522000.0,277656000.0,0.0,0.0,,,,0.0,NORMAL,Setoran sesuai dengan yang seharusnya (selisih dalam toleransi 2% / Rp10.000).,0.0,0.0
423,EMP-0171,12,0,0,0,2056274000.0,2058770000.0,0.0,0.0,,,,0.0,NORMAL,Setoran sesuai dengan yang seharusnya (selisih dalam toleransi 2% / Rp10.000).,0.0,0.0
424,EMP-0172,12,0,0,0,1956289000.0,1955683000.0,0.0,0.0,,,,0.0,NORMAL,Setoran sesuai dengan yang seharusnya (selisih dalam toleransi 2% / Rp10.000).,0.0,0.0
425,EMP-0173,12,0,0,0,1796893000.0,1795238000.0,0.0,0.0,,,,0.0,NORMAL,Setoran sesuai dengan yang seharusnya (selisih dalam toleransi 2% / Rp10.000).,0.0,0.0
426,EMP-0175,12,0,0,0,2204689000.0,2209807000.0,0.0,0.0,,,,0.0,NORMAL,Setoran sesuai dengan yang seharusnya (selisih dalam toleransi 2% / Rp10.000).,0.0,0.0
427,EMP-0176,12,0,0,0,776149000.0,777685000.0,0.0,0.0,,,,0.0,NORMAL,Setoran sesuai dengan yang seharusnya (selisih dalam toleransi 2% / Rp10.000).,0.0,0.0
428,EMP-0177,12,0,0,0,987876000.0,986107000.0,0.0,0.0,,,,0.0,NORMAL,Setoran sesuai dengan yang seharusnya (selisih dalam toleransi 2% / Rp10.000).,0.0,0.0
429,EMP-0178,12,0,0,0,1824587000.0,1822168000.0,0.0,0.0,,,,0.0,NORMAL,Setoran sesuai dengan yang seharusnya (selisih dalam toleransi 2% / Rp10.000).,0.0,0.0
430,EMP-0180,12,0,0,0,1688958000.0,1697155000.0,0.0,0.0,,,,0.0,NORMAL,Setoran sesuai dengan yang seharusnya (selisih dalam toleransi 2% / Rp10.000).,0.0,0.0
431,EMP-0183,12,0,0,0,989844000.0,989089000.0,0.0,0.0,,,,0.0,NORMAL,Setoran sesuai dengan yang seharusnya (selisih dalam toleransi 2% / Rp10.000).,0.0,0.0
432,EMP-0184,12,0,0,0,2084482000.0,2086243000.0,0.0,0.0,,,,0.0,NORMAL,Setoran sesuai dengan yang seharusnya (selisih dalam toleransi 2% / Rp10.000).,0.0,0.0
433,EMP-0187,12,0,0,0,1110107000.0,1108556000.0,0.0,0.0,,,,0.0,NORMAL,Setoran sesuai dengan yang seharusnya (selisih dalam toleransi 2% / Rp10.000).,0.0,0.0
434,EMP-0190,12,0,0,0,922855000.0,925270000.0,0.0,0.0,,,,0.0,NORMAL,Setoran sesuai dengan yang seharusnya (selisih dalam toleransi 2% / Rp10.000).,0.0,0.0
435,EMP-0191,12,0,0,0,2021251000.0,2015414000.0,0.0,0.0,,,,0.0,NORMAL,Setoran sesuai dengan yang seharusnya (selisih dalam toleransi 2% / Rp10.000).,0.0,0.0
436,EMP-0194,12,0,0,0,1778587000.0,1787178000.0,0.0,0.0,,,,0.0,NORMAL,Setoran sesuai dengan yang seharusnya (selisih dalam toleransi 2% / Rp10.000).,0.0,0.0
437,EMP-0196,12,0,0,0,1005581000.0,1009874000.0,0.0,0.0,,,,0.0,NORMAL,Setoran sesuai dengan yang seharusnya (selisih dalam toleransi 2% / Rp10.000).,0.0,0.0
438,EMP-0199,12,0,0,0,1415560000.0,1414129000.0,0.0,0.0,,,,0.0,NORMAL,Setoran sesuai dengan yang seharusnya (selisih dalam toleransi 2% / Rp10.000).,0.0,0.0
439,EMP-0200,12,0,0,0,1634553000.0,1635424000.0,0.0,0.0,,,,0.0,NORMAL,Setoran sesuai dengan yang seharusnya (selisih dalam toleransi 2% / Rp10.000).,0.0,0.0
440,EMP-0201,12,0,0,0,2481881000.0,2480322000.0,0.0,0.0,,,,0.0,NORMAL,Setoran sesuai dengan yang seharusnya (selisih dalam toleransi 2% / Rp10.000).,0.0,0.0
441,EMP-0202,12,0,0,0,1892168000.0,1882515000.0,0.0,0.0,,,,0.0,NORMAL,Setoran sesuai dengan yang seharusnya (selisih dalam toleransi 2% / Rp10.000).,0.0,0.0
442,EMP-0205,12,0,0,0,110047000.0,110058000.0,0.0,0.0,,,,0.0,NORMAL,Setoran sesuai dengan yang seharusnya (selisih dalam toleransi 2% / Rp10.000).,0.0,0.0
443,EMP-0206,12,0,0,0,40025000.0,40245000.0,0.0,0.0,,,,0.0,NORMAL,Setoran sesuai dengan yang seharusnya (selisih dalam toleransi 2% / Rp10.000).,0.0,0.0
444,EMP-0207,12,0,0,0,60751000.0,60770000.0,0.0,0.0,,,,0.0,NORMAL,Setoran sesuai dengan yang seharusnya (selisih dalam toleransi 2% / Rp10.000).,0.0,0.0
445,EMP-0208,12,0,0,0,114029000.0,113971000.0,0.0,0.0,,,,0.0,NORMAL,Setoran sesuai dengan yang seharusnya (selisih dalam toleransi 2% / Rp10.000).,0.0,0.0
446,EMP-0212,2,0,0,0,6556000.0,6503000.0,0.0,0.0,,,,0.0,NORMAL,Setoran sesuai dengan yang seharusnya (selisih dalam toleransi 2% / Rp10.000).,0.0,0.0
447,EMP-0214,12,0,0,0,32188000.0,32159000.0,0.0,0.0,,,,0.0,NORMAL,Setoran sesuai dengan yang seharusnya (selisih dalam toleransi 2% / Rp10.000).,0.0,0.0
448,EMP-0215,12,0,0,0,102079000.0,101803000.0,0.0,0.0,,,,0.0,NORMAL,Setoran sesuai dengan yang seharusnya (selisih dalam toleransi 2% / Rp10.000).,0.0,0.0
449,EMP-0216,12,0,0,0,113219000.0,113521000.0,0.0,0.0,,,,0.0,NORMAL,Setoran sesuai dengan yang seharusnya (selisih dalam toleransi 2% / Rp10.000).,0.0,0.0
450,EMP-0217,12,0,0,0,38268000.0,38230000.0,0.0,0.0,,,,0.0,NORMAL,Setoran sesuai dengan yang seharusnya (selisih dalam toleransi 2% / Rp10.000).,0.0,0.0
451,EMP-0219,12,0,0,0,49281000.0,49393000.0,0.0,0.0,,,,0.0,NORMAL,Setoran sesuai dengan yang seharusnya (selisih dalam toleransi 2% / Rp10.000).,0.0,0.0
452,EMP-0221,12,0,0,0,63416000.0,63524000.0,0.0,0.0,,,,0.0,NORMAL,Setoran sesuai dengan yang seharusnya (selisih dalam toleransi 2% / Rp10.000).,0.0,0.0
453,EMP-0222,12,0,0,0,19118000.0,19165000.0,0.0,0.0,,,,0.0,NORMAL,Setoran sesuai dengan yang seharusnya (selisih dalam toleransi 2% / Rp10.000).,0.0,0.0
454,EMP-0223,12,0,0,0,35342000.0,35475000.0,0.0,0.0,,,,0.0,NORMAL,Setoran sesuai dengan yang seharusnya (selisih dalam toleransi 2% / Rp10.000).,0.0,0.0
455,EMP-0224,12,0,0,0,67476000.0,67695000.0,0.0,0.0,,,,0.0,NORMAL,Setoran sesuai dengan yang seharusnya (selisih dalam toleransi 2% / Rp10.000).,0.0,0.0
456,EMP-0225,12,0,0,0,34909000.0,35066000.0,0.0,0.0,,,,0.0,NORMAL,Setoran sesuai dengan yang seharusnya (selisih dalam toleransi 2% / Rp10.000).,0.0,0.0
457,EMP-0226,12,0,0,0,60783000.0,60683000.0,0.0,0.0,,,,0.0,NORMAL,Setoran sesuai dengan yang seharusnya (selisih dalam toleransi 2% / Rp10.000).,0.0,0.0
458,EMP-0227,12,0,0,0,72656000.0,72655000.0,0.0,0.0,,,,0.0,NORMAL,Setoran sesuai dengan yang seharusnya (selisih dalam toleransi 2% / Rp10.000).,0.0,0.0
459,EMP-0229,12,0,0,0,82577000.0,82391000.0,0.0,0.0,,,,0.0,NORMAL,Setoran sesuai dengan yang seharusnya (selisih dalam toleransi 2% / Rp10.000).,0.0,0.0
460,EMP-0231,12,0,0,0,61659000.0,62007000.0,0.0,0.0,,,,0.0,NORMAL,Setoran sesuai dengan yang seharusnya (selisih dalam toleransi 2% / Rp10.000).,0.0,0.0
461,EMP-0232,12,0,0,0,89183000.0,89085000.0,0.0,0.0,,,,0.0,NORMAL,Setoran sesuai dengan yang seharusnya (selisih dalam toleransi 2% / Rp10.000).,0.0,0.0
462,EMP-0235,12,0,0,0,108546000.0,108842000.0,0.0,0.0,,,,0.0,NORMAL,Setoran sesuai dengan yang seharusnya (selisih dalam toleransi 2% / Rp10.000).,0.0,0.0
463,EMP-0236,12,0,0,0,49990000.0,49960000.0,0.0,0.0,,,,0.0,NORMAL,Setoran sesuai dengan yang seharusnya (selisih dalam toleransi 2% / Rp10.000).,0.0,0.0
464,EMP-0237,12,0,0,0,45698000.0,45767000.0,0.0,0.0,,,,0.0,NORMAL,Setoran sesuai dengan yang seharusnya (selisih dalam toleransi 2% / Rp10.000).,0.0,0.0
465,EMP-0238,12,0,0,0,48228000.0,48451000.0,0.0,0.0,,,,0.0,NORMAL,Setoran sesuai dengan yang seharusnya (selisih dalam toleransi 2% / Rp10.000).,0.0,0.0
466,EMP-0240,12,0,0,0,427391000.0,424662000.0,0.0,0.0,,,,0.0,NORMAL,Setoran sesuai dengan yang seharusnya (selisih dalam toleransi 2% / Rp10.000).,0.0,0.0
467,EMP-0242,12,0,0,0,435013000.0,435183000.0,0.0,0.0,,,,0.0,NORMAL,Setoran sesuai dengan yang seharusnya (selisih dalam toleransi 2% / Rp10.000).,0.0,0.0
468,EMP-0246,12,0,0,0,449164000.0,451466000.0,0.0,0.0,,,,0.0,NORMAL,Setoran sesuai dengan yang seharusnya (selisih dalam toleransi 2% / Rp10.000).,0.0,0.0
469,EMP-0247,12,0,0,0,201627000.0,201797000.0,0.0,0.0,,,,0.0,NORMAL,Setoran sesuai dengan yang seharusnya (selisih dalam toleransi 2% / Rp10.000).,0.0,0.0
470,EMP-0248,12,0,0,0,216222000.0,215363000.0,0.0,0.0,,,,0.0,NORMAL,Setoran sesuai dengan yang seharusnya (selisih dalam toleransi 2% / Rp10.000).,0.0,0.0
471,EMP-0249,12,0,0,0,368293000.0,368425000.0,0.0,0.0,,,,0.0,NORMAL,Setoran sesuai dengan yang seharusnya (selisih dalam toleransi 2% / Rp10.000).,0.0,0.0
472,EMP-0250,12,0,0,0,463164000.0,461285000.0,0.0,0.0,,,,0.0,NORMAL,Setoran sesuai dengan yang seharusnya (selisih dalam toleransi 2% / Rp10.000).,0.0,0.0
473,EMP-0251,12,0,0,0,265673000.0,265236000.0,0.0,0.0,,,,0.0,NORMAL,Setoran sesuai dengan yang seharusnya (selisih dalam toleransi 2% / Rp10.000).,0.0,0.0
474,EMP-0253,12,0,0,0,252562000.0,252458000.0,0.0,0.0,,,,0.0,NORMAL,Setoran sesuai dengan yang seharusnya (selisih dalam toleransi 2% / Rp10.000).,0.0,0.0
475,EMP-0254,12,0,0,0,474808000.0,475020000.0,0.0,0.0,,,,0.0,NORMAL,Setoran sesuai dengan yang seharusnya (selisih dalam toleransi 2% / Rp10.000).,0.0,0.0
476,EMP-0255,12,0,0,0,119744000.0,119994000.0,0.0,0.0,,,,0.0,NORMAL,Setoran sesuai dengan yang seharusnya (selisih dalam toleransi 2% / Rp10.000).,0.0,0.0
477,EMP-0256,12,0,0,0,342254000.0,342094000.0,0.0,0.0,,,,0.0,NORMAL,Setoran sesuai dengan yang seharusnya (selisih dalam toleransi 2% / Rp10.000).,0.0,0.0
478,EMP-0257,12,0,0,0,272716000.0,274015000.0,0.0,0.0,,,,0.0,NORMAL,Setoran sesuai dengan yang seharusnya (selisih dalam toleransi 2% / Rp10.000).,0.0,0.0
479,EMP-0258,12,0,0,0,473384000.0,472897000.0,0.0,0.0,,,,0.0,NORMAL,Setoran sesuai dengan yang seharusnya (selisih dalam toleransi 2% / Rp10.000).,0.0,0.0
480,EMP-0259,12,0,0,0,453680000.0,454593000.0,0.0,0.0,,,,0.0,NORMAL,Setoran sesuai dengan yang seharusnya (selisih dalam toleransi 2% / Rp10.000).,0.0,0.0
481,EMP-0260,12,0,0,0,195615000.0,195773000.0,0.0,0.0,,,,0.0,NORMAL,Setoran sesuai dengan yang seharusnya (selisih dalam toleransi 2% / Rp10.000).,0.0,0.0
482,EMP-0261,2,0,0,0,27467000.0,27846000.0,0.0,0.0,,,,0.0,NORMAL,Setoran sesuai dengan yang seharusnya (selisih dalam toleransi 2% / Rp10.000).,0.0,0.0
483,EMP-0262,12,0,0,0,361533000.0,361812000.0,0.0,0.0,,,,0.0,NORMAL,Setoran sesuai dengan yang seharusnya (selisih dalam toleransi 2% / Rp10.000).,0.0,0.0
484,EMP-0263,12,0,0,0,298725000.0,298624000.0,0.0,0.0,,,,0.0,NORMAL,Setoran sesuai dengan yang seharusnya (selisih dalam toleransi 2% / Rp10.000).,0.0,0.0
485,EMP-0267,12,0,0,0,297147000.0,298140000.0,0.0,0.0,,,,0.0,NORMAL,Setoran sesuai dengan yang seharusnya (selisih dalam toleransi 2% / Rp10.000).,0.0,0.0
486,EMP-0268,12,0,0,0,445715000.0,447473000.0,0.0,0.0,,,,0.0,NORMAL,Setoran sesuai dengan yang seharusnya (selisih dalam toleransi 2% / Rp10.000).,0.0,0.0
487,EMP-0269,12,0,0,0,242987000.0,241402000.0,0.0,0.0,,,,0.0,NORMAL,Setoran sesuai dengan yang seharusnya (selisih dalam toleransi 2% / Rp10.000).,0.0,0.0
488,EMP-0270,12,0,0,0,362763000.0,362450000.0,0.0,0.0,,,,0.0,NORMAL,Setoran sesuai dengan yang seharusnya (selisih dalam toleransi 2% / Rp10.000).,0.0,0.0
489,EMP-0271,12,0,0,0,295421000.0,296427000.0,0.0,0.0,,,,0.0,NORMAL,Setoran sesuai dengan yang seharusnya (selisih dalam toleransi 2% / Rp10.000).,0.0,0.0
490,EMP-0272,12,0,0,0,253488000.0,252861000.0,0.0,0.0,,,,0.0,NORMAL,Setoran sesuai dengan yang seharusnya (selisih dalam toleransi 2% / Rp10.000).,0.0,0.0
491,EMP-0273,2,0,0,0,218131000.0,215903000.0,0.0,0.0,,,,0.0,NORMAL,Setoran sesuai dengan yang seharusnya (selisih dalam toleransi 2% / Rp10.000).,0.0,0.0
492,EMP-0274,12,0,0,0,1588774000.0,1589168000.0,0.0,0.0,,,,0.0,NORMAL,Setoran sesuai dengan yang seharusnya (selisih dalam toleransi 2% / Rp10.000).,0.0,0.0
493,EMP-0275,12,0,0,0,803775000.0,805538000.0,0.0,0.0,,,,0.0,NORMAL,Setoran sesuai dengan yang seharusnya (selisih dalam toleransi 2% / Rp10.000).,0.0,0.0
494,EMP-0276,12,0,0,0,1087883000.0,1091177000.0,0.0,0.0,,,,0.0,NORMAL,Setoran sesuai dengan yang seharusnya (selisih dalam toleransi 2% / Rp10.000).,0.0,0.0
495,EMP-0278,12,0,0,0,1770960000.0,1781047000.0,0.0,0.0,,,,0.0,NORMAL,Setoran sesuai dengan yang seharusnya (selisih dalam toleransi 2% / Rp10.000).,0.0,0.0
496,EMP-0280,12,0,0,0,1766144000.0,1768839000.0,0.0,0.0,,,,0.0,NORMAL,Setoran sesuai dengan yang seharusnya (selisih dalam toleransi 2% / Rp10.000).,0.0,0.0
497,EMP-0282,12,0,0,0,1190166000.0,1188554000.0,0.0,0.0,,,,0.0,NORMAL,Setoran sesuai dengan yang seharusnya (selisih dalam toleransi 2% / Rp10.000).,0.0,0.0
498,EMP-0285,12,0,0,0,1045639000.0,1045352000.0,0.0,0.0,,,,0.0,NORMAL,Setoran sesuai dengan yang seharusnya (selisih dalam toleransi 2% / Rp10.000).,0.0,0.0
499,EMP-0286,12,0,0,0,534960000.0,534963000.0,0.0,0.0,,,,0.0,NORMAL,Setoran sesuai dengan yang seharusnya (selisih dalam toleransi 2% / Rp10.000).,0.0,0.0
500,EMP-0287,12,0,0,0,1907861000.0,1910988000.0,0.0,0.0,,,,0.0,NORMAL,Setoran sesuai dengan yang seharusnya (selisih dalam toleransi 2% / Rp10.000).,0.0,0.0
501,EMP-0290,12,0,0,0,1591271000.0,1590476000.0,0.0,0.0,,,,0.0,NORMAL,Setoran sesuai dengan yang seharusnya (selisih dalam toleransi 2% / Rp10.000).,0.0,0.0
502,EMP-0291,2,0,0,0,194557000.0,196215000.0,0.0,0.0,,,,0.0,NORMAL,Setoran sesuai dengan yang seharusnya (selisih dalam toleransi 2% / Rp10.000).,0.0,0.0
503,EMP-0292,12,0,0,0,1082542000.0,1081299000.0,0.0,0.0,,,,0.0,NORMAL,Setoran sesuai dengan yang seharusnya (selisih dalam toleransi 2% / Rp10.000).,0.0,0.0
504,EMP-0293,12,0,0,0,1853749000.0,1851801000.0,0.0,0.0,,,,0.0,NORMAL,Setoran sesuai dengan yang seharusnya (selisih dalam toleransi 2% / Rp10.000).,0.0,0.0
505,EMP-0295,12,0,0,0,974429000.0,977140000.0,0.0,0.0,,,,0.0,NORMAL,Setoran sesuai dengan yang seharusnya (selisih dalam toleransi 2% / Rp10.000).,0.0,0.0
506,EMP-0297,12,0,0,0,1945280000.0,1951833000.0,0.0,0.0,,,,0.0,NORMAL,Setoran sesuai dengan yang seharusnya (selisih dalam toleransi 2% / Rp10.000).,0.0,0.0
507,EMP-0300,12,0,0,0,2025260000.0,2038323000.0,0.0,0.0,,,,0.0,NORMAL,Setoran sesuai dengan yang seharusnya (selisih dalam toleransi 2% / Rp10.000).,0.0,0.0
508,EMP-0301,12,0,0,0,844828000.0,844780000.0,0.0,0.0,,,,0.0,NORMAL,Setoran sesuai dengan yang seharusnya (selisih dalam toleransi 2% / Rp10.000).,0.0,0.0
509,EMP-0302,12,0,0,0,1895657000.0,1906916000.0,0.0,0.0,,,,0.0,NORMAL,Setoran sesuai dengan yang seharusnya (selisih dalam toleransi 2% / Rp10.000).,0.0,0.0
510,EMP-0303,12,0,0,0,560686000.0,559183000.0,0.0,0.0,,,,0.0,NORMAL,Setoran sesuai dengan yang seharusnya (selisih dalam toleransi 2% / Rp10.000).,0.0,0.0
511,EMP-0304,12,0,0,0,1227508000.0,1231229000.0,0.0,0.0,,,,0.0,NORMAL,Setoran sesuai dengan yang seharusnya (selisih dalam toleransi 2% / Rp10.000).,0.0,0.0
512,EMP-0305,12,0,0,0,1732322000.0,1735926000.0,0.0,0.0,,,,0.0,NORMAL,Setoran sesuai dengan yang seharusnya (selisih dalam toleransi 2% / Rp10.000).,0.0,0.0
513,EMP-0306,12,0,0,0,623267000.0,624336000.0,0.0,0.0,,,,0.0,NORMAL,Setoran sesuai dengan yang seharusnya (selisih dalam toleransi 2% / Rp10.000).,0.0,0.0
514,EMP-0307,12,0,0,0,91721000.0,92167000.0,0.0,0.0,,,,0.0,NORMAL,Setoran sesuai dengan yang seharusnya (selisih dalam toleransi 2% / Rp10.000).,0.0,0.0
515,EMP-0308,12,0,0,0,63922000.0,63939000.0,0.0,0.0,,,,0.0,NORMAL,Setoran sesuai dengan yang seharusnya (selisih dalam toleransi 2% / Rp10.000).,0.0,0.0
516,EMP-0309,12,0,0,0,38978000.0,38975000.0,0.0,0.0,,,,0.0,NORMAL,Setoran sesuai dengan yang seharusnya (selisih dalam toleransi 2% / Rp10.000).,0.0,0.0
517,EMP-0310,12,0,0,0,33915000.0,33952000.0,0.0,0.0,,,,0.0,NORMAL,Setoran sesuai dengan yang seharusnya (selisih dalam toleransi 2% / Rp10.000).,0.0,0.0
518,EMP-0311,12,0,0,0,55725000.0,55499000.0,0.0,0.0,,,,0.0,NORMAL,Setoran sesuai dengan yang seharusnya (selisih dalam toleransi 2% / Rp10.000).,0.0,0.0
519,EMP-0313,12,0,0,0,74490000.0,74505000.0,0.0,0.0,,,,0.0,NORMAL,Setoran sesuai dengan yang seharusnya (selisih dalam toleransi 2% / Rp10.000).,0.0,0.0
520,EMP-0315,12,0,0,0,44840000.0,45065000.0,0.0,0.0,,,,0.0,NORMAL,Setoran sesuai dengan yang seharusnya (selisih dalam toleransi 2% / Rp10.000).,0.0,0.0
521,EMP-0316,12,0,0,0,38518000.0,38626000.0,0.0,0.0,,,,0.0,NORMAL,Setoran sesuai dengan yang seharusnya (selisih dalam toleransi 2% / Rp10.000).,0.0,0.0
522,EMP-0321,12,0,0,0,51468000.0,51688000.0,0.0,0.0,,,,0.0,NORMAL,Setoran sesuai dengan yang seharusnya (selisih dalam toleransi 2% / Rp10.000).,0.0,0.0
523,EMP-0322,12,0,0,0,39415000.0,39525000.0,0.0,0.0,,,,0.0,NORMAL,Setoran sesuai dengan yang seharusnya (selisih dalam toleransi 2% / Rp10.000).,0.0,0.0
524,EMP-0323,12,0,0,0,48017000.0,47943000.0,0.0,0.0,,,,0.0,NORMAL,Setoran sesuai dengan yang seharusnya (selisih dalam toleransi 2% / Rp10.000).,0.0,0.0
525,EMP-0324,12,0,0,0,76047000.0,76120000.0,0.0,0.0,,,,0.0,NORMAL,Setoran sesuai dengan yang seharusnya (selisih dalam toleransi 2% / Rp10.000).,0.0,0.0
526,EMP-0326,12,0,0,0,60711000.0,61060000.0,0.0,0.0,,,,0.0,NORMAL,Setoran sesuai dengan yang seharusnya (selisih dalam toleransi 2% / Rp10.000).,0.0,0.0
527,EMP-0328,12,0,0,0,71341000.0,71507000.0,0.0,0.0,,,,0.0,NORMAL,Setoran sesuai dengan yang seharusnya (selisih dalam toleransi 2% / Rp10.000).,0.0,0.0
528,EMP-0330,12,0,0,0,41465000.0,41412000.0,0.0,0.0,,,,0.0,NORMAL,Setoran sesuai dengan yang seharusnya (selisih dalam toleransi 2% / Rp10.000).,0.0,0.0
529,EMP-0331,12,0,0,0,50665000.0,50775000.0,0.0,0.0,,,,0.0,NORMAL,Setoran sesuai dengan yang seharusnya (selisih dalam toleransi 2% / Rp10.000).,0.0,0.0
530,EMP-0332,12,0,0,0,100336000.0,100529000.0,0.0,0.0,,,,0.0,NORMAL,Setoran sesuai dengan yang seharusnya (selisih dalam toleransi 2% / Rp10.000).,0.0,0.0
531,EMP-0333,12,0,0,0,102885000.0,102566000.0,0.0,0.0,,,,0.0,NORMAL,Setoran sesuai dengan yang seharusnya (selisih dalam toleransi 2% / Rp10.000).,0.0,0.0
532,EMP-0334,12,0,0,0,64789000.0,64623000.0,0.0,0.0,,,,0.0,NORMAL,Setoran sesuai dengan yang seharusnya (selisih dalam toleransi 2% / Rp10.000).,0.0,0.0
533,EMP-0336,12,0,0,0,64026000.0,64455000.0,0.0,0.0,,,,0.0,NORMAL,Setoran sesuai dengan yang seharusnya (selisih dalam toleransi 2% / Rp10.000).,0.0,0.0
534,EMP-0337,12,0,0,0,37300000.0,37369000.0,0.0,0.0,,,,0.0,NORMAL,Setoran sesuai dengan yang seharusnya (selisih dalam toleransi 2% / Rp10.000).,0.0,0.0
535,EMP-0338,12,0,0,0,66171000.0,66153000.0,0.0,0.0,,,,0.0,NORMAL,Setoran sesuai dengan yang seharusnya (selisih dalam toleransi 2% / Rp10.000).,0.0,0.0
536,EMP-0339,12,0,0,0,24610000.0,24724000.0,0.0,0.0,,,,0.0,NORMAL,Setoran sesuai dengan yang seharusnya (selisih dalam toleransi 2% / Rp10.000).,0.0,0.0
537,EMP-0342,12,0,0,0,186784000.0,186079000.0,0.0,0.0,,,,0.0,NORMAL,Setoran sesuai dengan yang seharusnya (selisih dalam toleransi 2% / Rp10.000).,0.0,0.0
538,EMP-0343,12,0,0,0,411316000.0,410386000.0,0.0,0.0,,,,0.0,NORMAL,Setoran sesuai dengan yang seharusnya (selisih dalam toleransi 2% / Rp10.000).,0.0,0.0
539,EMP-0344,12,0,0,0,343028000.0,343881000.0,0.0,0.0,,,,0.0,NORMAL,Setoran sesuai dengan yang seharusnya (selisih dalam toleransi 2% / Rp10.000).,0.0,0.0
540,EMP-0345,12,0,0,0,455656000.0,456955000.0,0.0,0.0,,,,0.0,NORMAL,Setoran sesuai dengan yang seharusnya (selisih dalam toleransi 2% / Rp10.000).,0.0,0.0
541,EMP-0347,12,0,0,0,270938000.0,272080000.0,0.0,0.0,,,,0.0,NORMAL,Setoran sesuai dengan yang seharusnya (selisih dalam toleransi 2% / Rp10.000).,0.0,0.0
542,EMP-0348,12,0,0,0,454532000.0,453914000.0,0.0,0.0,,,,0.0,NORMAL,Setoran sesuai dengan yang seharusnya (selisih dalam toleransi 2% / Rp10.000).,0.0,0.0
543,EMP-0349,12,0,0,0,322492000.0,323316000.0,0.0,0.0,,,,0.0,NORMAL,Setoran sesuai dengan yang seharusnya (selisih dalam toleransi 2% / Rp10.000).,0.0,0.0
544,EMP-0351,12,0,0,0,338609000.0,338594000.0,0.0,0.0,,,,0.0,NORMAL,Setoran sesuai dengan yang seharusnya (selisih dalam toleransi 2% / Rp10.000).,0.0,0.0
545,EMP-0352,12,0,0,0,180182000.0,181443000.0,0.0,0.0,,,,0.0,NORMAL,Setoran sesuai dengan yang seharusnya (selisih dalam toleransi 2% / Rp10.000).,0.0,0.0
546,EMP-0353,12,0,0,0,499808000.0,498184000.0,0.0,0.0,,,,0.0,NORMAL,Setoran sesuai dengan yang seharusnya (selisih dalam toleransi 2% / Rp10.000).,0.0,0.0
547,EMP-0355,12,0,0,0,321019000.0,321200000.0,0.0,0.0,,,,0.0,NORMAL,Setoran sesuai dengan yang seharusnya (selisih dalam toleransi 2% / Rp10.000).,0.0,0.0
548,EMP-0356,12,0,0,0,125930000.0,125390000.0,0.0,0.0,,,,0.0,NORMAL,Setoran sesuai dengan yang seharusnya (selisih dalam toleransi 2% / Rp10.000).,0.0,0.0
549,EMP-0357,12,0,0,0,468500000.0,468512000.0,0.0,0.0,,,,0.0,NORMAL,Setoran sesuai dengan yang seharusnya (selisih dalam toleransi 2% / Rp10.000).,0.0,0.0
550,EMP-0358,12,0,0,0,431005000.0,431369000.0,0.0,0.0,,,,0.0,NORMAL,Setoran sesuai dengan yang seharusnya (selisih dalam toleransi 2% / Rp10.000).,0.0,0.0
551,EMP-0359,12,0,0,0,312082000.0,312432000.0,0.0,0.0,,,,0.0,NORMAL,Setoran sesuai dengan yang seharusnya (selisih dalam toleransi 2% / Rp10.000).,0.0,0.0
552,EMP-0363,12,0,0,0,159067000.0,158720000.0,0.0,0.0,,,,0.0,NORMAL,Setoran sesuai dengan yang seharusnya (selisih dalam toleransi 2% / Rp10.000).,0.0,0.0
553,EMP-0364,12,0,0,0,410373000.0,408631000.0,0.0,0.0,,,,0.0,NORMAL,Setoran sesuai dengan yang seharusnya (selisih dalam toleransi 2% / Rp10.000).,0.0,0.0
554,EMP-0365,12,0,0,0,356879000.0,356664000.0,0.0,0.0,,,,0.0,NORMAL,Setoran sesuai dengan yang seharusnya (selisih dalam toleransi 2% / Rp10.000).,0.0,0.0
555,EMP-0366,2,0,0,0,84060000.0,85315000.0,0.0,0.0,,,,0.0,NORMAL,Setoran sesuai dengan yang seharusnya (selisih dalam toleransi 2% / Rp10.000).,0.0,0.0
556,EMP-0368,12,0,0,0,473373000.0,475067000.0,0.0,0.0,,,,0.0,NORMAL,Setoran sesuai dengan yang seharusnya (selisih dalam toleransi 2% / Rp10.000).,0.0,0.0
557,EMP-0370,12,0,0,0,188503000.0,188304000.0,0.0,0.0,,,,0.0,NORMAL,Setoran sesuai dengan yang seharusnya (selisih dalam toleransi 2% / Rp10.000).,0.0,0.0
558,EMP-0372,12,0,0,0,146752000.0,146981000.0,0.0,0.0,,,,0.0,NORMAL,Setoran sesuai dengan yang seharusnya (selisih dalam toleransi 2% / Rp10.000).,0.0,0.0
559,EMP-0374,12,0,0,0,287126000.0,286559000.0,0.0,0.0,,,,0.0,NORMAL,Setoran sesuai dengan yang seharusnya (selisih dalam toleransi 2% / Rp10.000).,0.0,0.0
560,EMP-0375,12,0,0,0,1479345000.0,1481742000.0,0.0,0.0,,,,0.0,NORMAL,Setoran sesuai dengan yang seharusnya (selisih dalam toleransi 2% / Rp10.000).,0.0,0.0
561,EMP-0377,12,0,0,0,699556000.0,698529000.0,0.0,0.0,,,,0.0,NORMAL,Setoran sesuai dengan yang seharusnya (selisih dalam toleransi 2% / Rp10.000).,0.0,0.0
562,EMP-0378,12,0,0,0,1050971000.0,1053363000.0,0.0,0.0,,,,0.0,NORMAL,Setoran sesuai dengan yang seharusnya (selisih dalam toleransi 2% / Rp10.000).,0.0,0.0
563,EMP-0380,12,0,0,0,778055000.0,779056000.0,0.0,0.0,,,,0.0,NORMAL,Setoran sesuai dengan yang seharusnya (selisih dalam toleransi 2% / Rp10.000).,0.0,0.0
564,EMP-0381,12,0,0,0,1340458000.0,1342368000.0,0.0,0.0,,,,0.0,NORMAL,Setoran sesuai dengan yang seharusnya (selisih dalam toleransi 2% / Rp10.000).,0.0,0.0
565,EMP-0383,12,0,0,0,1309681000.0,1309474000.0,0.0,0.0,,,,0.0,NORMAL,Setoran sesuai dengan yang seharusnya (selisih dalam toleransi 2% / Rp10.000).,0.0,0.0
566,EMP-0384,12,0,0,0,1587160000.0,1584525000.0,0.0,0.0,,,,0.0,NORMAL,Setoran sesuai dengan yang seharusnya (selisih dalam toleransi 2% / Rp10.000).,0.0,0.0
567,EMP-0385,12,0,0,0,1354988000.0,1350657000.0,0.0,0.0,,,,0.0,NORMAL,Setoran sesuai dengan yang seharusnya (selisih dalam toleransi 2% / Rp10.000).,0.0,0.0
568,EMP-0389,12,0,0,0,712380000.0,715543000.0,0.0,0.0,,,,0.0,NORMAL,Setoran sesuai dengan yang seharusnya (selisih dalam toleransi 2% / Rp10.000).,0.0,0.0
569,EMP-0390,12,0,0,0,1663153000.0,1660246000.0,0.0,0.0,,,,0.0,NORMAL,Setoran sesuai dengan yang seharusnya (selisih dalam toleransi 2% / Rp10.000).,0.0,0.0
570,EMP-0391,12,0,0,0,1655525000.0,1654255000.0,0.0,0.0,,,,0.0,NORMAL,Setoran sesuai dengan yang seharusnya (selisih dalam toleransi 2% / Rp10.000).,0.0,0.0
571,EMP-0392,12,0,0,0,1336255000.0,1334087000.0,0.0,0.0,,,,0.0,NORMAL,Setoran sesuai dengan yang seharusnya (selisih dalam toleransi 2% / Rp10.000).,0.0,0.0
572,EMP-0394,12,0,0,0,530890000.0,532372000.0,0.0,0.0,,,,0.0,NORMAL,Setoran sesuai dengan yang seharusnya (selisih dalam toleransi 2% / Rp10.000).,0.0,0.0
573,EMP-0397,12,0,0,0,1394718000.0,1395854000.0,0.0,0.0,,,,0.0,NORMAL,Setoran sesuai dengan yang seharusnya (selisih dalam toleransi 2% / Rp10.000).,0.0,0.0
574,EMP-0398,12,0,0,0,1481102000.0,1480591000.0,0.0,0.0,,,,0.0,NORMAL,Setoran sesuai dengan yang seharusnya (selisih dalam toleransi 2% / Rp10.000).,0.0,0.0
575,EMP-0400,12,0,0,0,1268100000.0,1265924000.0,0.0,0.0,,,,0.0,NORMAL,Setoran sesuai dengan yang seharusnya (selisih dalam toleransi 2% / Rp10.000).,0.0,0.0
576,EMP-0401,12,0,0,0,678743000.0,676569000.0,0.0,0.0,,,,0.0,NORMAL,Setoran sesuai dengan yang seharusnya (selisih dalam toleransi 2% / Rp10.000).,0.0,0.0
577,EMP-0402,12,0,0,0,1361050000.0,1360258000.0,0.0,0.0,,,,0.0,NORMAL,Setoran sesuai dengan yang seharusnya (selisih dalam toleransi 2% / Rp10.000).,0.0,0.0
578,EMP-0403,12,0,0,0,1548113000.0,1548450000.0,0.0,0.0,,,,0.0,NORMAL,Setoran sesuai dengan yang seharusnya (selisih dalam toleransi 2% / Rp10.000).,0.0,0.0
579,EMP-0404,12,0,0,0,1300822000.0,1295015000.0,0.0,0.0,,,,0.0,NORMAL,Setoran sesuai dengan yang seharusnya (selisih dalam toleransi 2% / Rp10.000).,0.0,0.0
580,EMP-0407,12,0,0,0,1040585000.0,1037473000.0,0.0,0.0,,,,0.0,NORMAL,Setoran sesuai dengan yang seharusnya (selisih dalam toleransi 2% / Rp10.000).,0.0,0.0
581,EMP-0408,12,0,0,0,935191000.0,931370000.0,0.0,0.0,,,,0.0,NORMAL,Setoran sesuai dengan yang seharusnya (selisih dalam toleransi 2% / Rp10.000).,0.0,0.0
582,EMP-0410,12,0,0,0,66772000.0,66613000.0,0.0,0.0,,,,0.0,NORMAL,Setoran sesuai dengan yang seharusnya (selisih dalam toleransi 2% / Rp10.000).,0.0,0.0
583,EMP-0411,12,0,0,0,32909000.0,32950000.0,0.0,0.0,,,,0.0,NORMAL,Setoran sesuai dengan yang seharusnya (selisih dalam toleransi 2% / Rp10.000).,0.0,0.0
584,EMP-0412,12,0,0,0,84190000.0,84466000.0,0.0,0.0,,,,0.0,NORMAL,Setoran sesuai dengan yang seharusnya (selisih dalam toleransi 2% / Rp10.000).,0.0,0.0
585,EMP-0413,12,0,0,0,43374000.0,43577000.0,0.0,0.0,,,,0.0,NORMAL,Setoran sesuai dengan yang seharusnya (selisih dalam toleransi 2% / Rp10.000).,0.0,0.0
586,EMP-0414,12,0,0,0,88661000.0,88578000.0,0.0,0.0,,,,0.0,NORMAL,Setoran sesuai dengan yang seharusnya (selisih dalam toleransi 2% / Rp10.000).,0.0,0.0
587,EMP-0417,12,0,0,0,25091000.0,25159000.0,0.0,0.0,,,,0.0,NORMAL,Setoran sesuai dengan yang seharusnya (selisih dalam toleransi 2% / Rp10.000).,0.0,0.0
588,EMP-0418,12,0,0,0,27009000.0,27050000.0,0.0,0.0,,,,0.0,NORMAL,Setoran sesuai dengan yang seharusnya (selisih dalam toleransi 2% / Rp10.000).,0.0,0.0
589,EMP-0419,12,0,0,0,40056000.0,39919000.0,0.0,0.0,,,,0.0,NORMAL,Setoran sesuai dengan yang seharusnya (selisih dalam toleransi 2% / Rp10.000).,0.0,0.0
590,EMP-0420,12,0,0,0,47006000.0,47162000.0,0.0,0.0,,,,0.0,NORMAL,Setoran sesuai dengan yang seharusnya (selisih dalam toleransi 2% / Rp10.000).,0.0,0.0
591,EMP-0422,12,0,0,0,80079000.0,80187000.0,0.0,0.0,,,,0.0,NORMAL,Setoran sesuai dengan yang seharusnya (selisih dalam toleransi 2% / Rp10.000).,0.0,0.0
592,EMP-0424,12,0,0,0,29319000.0,29235000.0,0.0,0.0,,,,0.0,NORMAL,Setoran sesuai dengan yang seharusnya (selisih dalam toleransi 2% / Rp10.000).,0.0,0.0
593,EMP-0425,12,0,0,0,77884000.0,78170000.0,0.0,0.0,,,,0.0,NORMAL,Setoran sesuai dengan yang seharusnya (selisih dalam toleransi 2% / Rp10.000).,0.0,0.0
594,EMP-0426,12,0,0,0,44459000.0,44484000.0,0.0,0.0,,,,0.0,NORMAL,Setoran sesuai dengan yang seharusnya (selisih dalam toleransi 2% / Rp10.000).,0.0,0.0
595,EMP-0427,12,0,0,0,81238000.0,81333000.0,0.0,0.0,,,,0.0,NORMAL,Setoran sesuai dengan yang seharusnya (selisih dalam toleransi 2% / Rp10.000).,0.0,0.0
596,EMP-0428,12,0,0,0,39314000.0,39490000.0,0.0,0.0,,,,0.0,NORMAL,Setoran sesuai dengan yang seharusnya (selisih dalam toleransi 2% / Rp10.000).,0.0,0.0
597,EMP-0429,12,0,0,0,46783000.0,46814000.0,0.0,0.0,,,,0.0,NORMAL,Setoran sesuai dengan yang seharusnya (selisih dalam toleransi 2% / Rp10.000).,0.0,0.0
598,EMP-0430,12,0,0,0,59214000.0,59156000.0,0.0,0.0,,,,0.0,NORMAL,Setoran sesuai dengan yang seharusnya (selisih dalam toleransi 2% / Rp10.000).,0.0,0.0
599,EMP-0432,12,0,0,0,83520000.0,83159000.0,0.0,0.0,,,,0.0,NORMAL,Setoran sesuai dengan yang seharusnya (selisih dalam toleransi 2% / Rp10.000).,0.0,0.0
600,EMP-0433,12,0,0,0,22923000.0,22861000.0,0.0,0.0,,,,0.0,NORMAL,Setoran sesuai dengan yang seharusnya (selisih dalam toleransi 2% / Rp10.000).,0.0,0.0
601,EMP-0434,12,0,0,0,50205000.0,50081000.0,0.0,0.0,,,,0.0,NORMAL,Setoran sesuai dengan yang seharusnya (selisih dalam toleransi 2% / Rp10.000).,0.0,0.0
602,EMP-0435,12,0,0,0,36031000.0,35980000.0,0.0,0.0,,,,0.0,NORMAL,Setoran sesuai dengan yang seharusnya (selisih dalam toleransi 2% / Rp10.000).,0.0,0.0
603,EMP-0437,12,0,0,0,64487000.0,64469000.0,0.0,0.0,,,,0.0,NORMAL,Setoran sesuai dengan yang seharusnya (selisih dalam toleransi 2% / Rp10.000).,0.0,0.0
604,EMP-0439,12,0,0,0,41612000.0,41551000.0,0.0,0.0,,,,0.0,NORMAL,Setoran sesuai dengan yang seharusnya (selisih dalam toleransi 2% / Rp10.000).,0.0,0.0
605,EMP-0441,12,0,0,0,88755000.0,88467000.0,0.0,0.0,,,,0.0,NORMAL,Setoran sesuai dengan yang seharusnya (selisih dalam toleransi 2% / Rp10.000).,0.0,0.0
606,EMP-0442,12,0,0,0,26308000.0,26422000.0,0.0,0.0,,,,0.0,NORMAL,Setoran sesuai dengan yang seharusnya (selisih dalam toleransi 2% / Rp10.000).,0.0,0.0
607,EMP-0443,12,0,0,0,167124000.0,167096000.0,0.0,0.0,,,,0.0,NORMAL,Setoran sesuai dengan yang seharusnya (selisih dalam toleransi 2% / Rp10.000).,0.0,0.0
608,EMP-0445,12,0,0,0,251198000.0,251979000.0,0.0,0.0,,,,0.0,NORMAL,Setoran sesuai dengan yang seharusnya (selisih dalam toleransi 2% / Rp10.000).,0.0,0.0
609,EMP-0446,12,0,0,0,208144000.0,208626000.0,0.0,0.0,,,,0.0,NORMAL,Setoran sesuai dengan yang seharusnya (selisih dalam toleransi 2% / Rp10.000).,0.0,0.0
610,EMP-0448,12,0,0,0,258828000.0,258549000.0,0.0,0.0,,,,0.0,NORMAL,Setoran sesuai dengan yang seharusnya (selisih dalam toleransi 2% / Rp10.000).,0.0,0.0
611,EMP-0449,12,0,0,0,101406000.0,101443000.0,0.0,0.0,,,,0.0,NORMAL,Setoran sesuai dengan yang seharusnya (selisih dalam toleransi 2% / Rp10.000).,0.0,0.0
612,EMP-0450,12,0,0,0,171693000.0,171549000.0,0.0,0.0,,,,0.0,NORMAL,Setoran sesuai dengan yang seharusnya (selisih dalam toleransi 2% / Rp10.000).,0.0,0.0
613,EMP-0451,12,0,0,0,166648000.0,166913000.0,0.0,0.0,,,,0.0,NORMAL,Setoran sesuai dengan yang seharusnya (selisih dalam toleransi 2% / Rp10.000).,0.0,0.0
614,EMP-0452,12,0,0,0,113814000.0,113700000.0,0.0,0.0,,,,0.0,NORMAL,Setoran sesuai dengan yang seharusnya (selisih dalam toleransi 2% / Rp10.000).,0.0,0.0
615,EMP-0453,12,0,0,0,148825000.0,148552000.0,0.0,0.0,,,,0.0,NORMAL,Setoran sesuai dengan yang seharusnya (selisih dalam toleransi 2% / Rp10.000).,0.0,0.0
616,EMP-0454,12,0,0,0,410911000.0,412955000.0,0.0,0.0,,,,0.0,NORMAL,Setoran sesuai dengan yang seharusnya (selisih dalam toleransi 2% / Rp10.000).,0.0,0.0
617,EMP-0458,12,0,0,0,385276000.0,384027000.0,0.0,0.0,,,,0.0,NORMAL,Setoran sesuai dengan yang seharusnya (selisih dalam toleransi 2% / Rp10.000).,0.0,0.0
618,EMP-0461,12,0,0,0,300225000.0,300660000.0,0.0,0.0,,,,0.0,NORMAL,Setoran sesuai dengan yang seharusnya (selisih dalam toleransi 2% / Rp10.000).,0.0,0.0
619,EMP-0463,12,0,0,0,316359000.0,317401000.0,0.0,0.0,,,,0.0,NORMAL,Setoran sesuai dengan yang seharusnya (selisih dalam toleransi 2% / Rp10.000).,0.0,0.0
620,EMP-0465,12,0,0,0,141471000.0,142041000.0,0.0,0.0,,,,0.0,NORMAL,Setoran sesuai dengan yang seharusnya (selisih dalam toleransi 2% / Rp10.000).,0.0,0.0
621,EMP-0467,12,0,0,0,319573000.0,320905000.0,0.0,0.0,,,,0.0,NORMAL,Setoran sesuai dengan yang seharusnya (selisih dalam toleransi 2% / Rp10.000).,0.0,0.0
622,EMP-0468,12,0,0,0,193557000.0,194111000.0,0.0,0.0,,,,0.0,NORMAL,Setoran sesuai dengan yang seharusnya (selisih dalam toleransi 2% / Rp10.000).,0.0,0.0
623,EMP-0471,12,0,0,0,372377000.0,373289000.0,0.0,0.0,,,,0.0,NORMAL,Setoran sesuai dengan yang seharusnya (selisih dalam toleransi 2% / Rp10.000).,0.0,0.0
624,EMP-0472,12,0,0,0,375616000.0,374732000.0,0.0,0.0,,,,0.0,NORMAL,Setoran sesuai dengan yang seharusnya (selisih dalam toleransi 2% / Rp10.000).,0.0,0.0
625,EMP-0475,12,0,0,0,283792000.0,284273000.0,0.0,0.0,,,,0.0,NORMAL,Setoran sesuai dengan yang seharusnya (selisih dalam toleransi 2% / Rp10.000).,0.0,0.0
626,EMP-0476,12,0,0,0,364185000.0,363956000.0,0.0,0.0,,,,0.0,NORMAL,Setoran sesuai dengan yang seharusnya (selisih dalam toleransi 2% / Rp10.000).,0.0,0.0
627,EMP-0477,12,0,0,0,473333000.0,472509000.0,0.0,0.0,,,,0.0,NORMAL,Setoran sesuai dengan yang seharusnya (selisih dalam toleransi 2% / Rp10.000).,0.0,0.0
628,EMP-0478,12,0,0,0,413166000.0,414071000.0,0.0,0.0,,,,0.0,NORMAL,Setoran sesuai dengan yang seharusnya (selisih dalam toleransi 2% / Rp10.000).,0.0,0.0
629,EMP-0480,12,0,0,0,1159665000.0,1161286000.0,0.0,0.0,,,,0.0,NORMAL,Setoran sesuai dengan yang seharusnya (selisih dalam toleransi 2% / Rp10.000).,0.0,0.0
630,EMP-0481,12,0,0,0,1204471000.0,1201589000.0,0.0,0.0,,,,0.0,NORMAL,Setoran sesuai dengan yang seharusnya (selisih dalam toleransi 2% / Rp10.000).,0.0,0.0
631,EMP-0482,12,0,0,0,618488000.0,622438000.0,0.0,0.0,,,,0.0,NORMAL,Setoran sesuai dengan yang seharusnya (selisih dalam toleransi 2% / Rp10.000).,0.0,0.0
632,EMP-0483,12,0,0,0,1371830000.0,1366527000.0,0.0,0.0,,,,0.0,NORMAL,Setoran sesuai dengan yang seharusnya (selisih dalam toleransi 2% / Rp10.000).,0.0,0.0
633,EMP-0484,12,0,0,0,1199307000.0,1201373000.0,0.0,0.0,,,,0.0,NORMAL,Setoran sesuai dengan yang seharusnya (selisih dalam toleransi 2% / Rp10.000).,0.0,0.0
634,EMP-0486,12,0,0,0,568248000.0,570030000.0,0.0,0.0,,,,0.0,NORMAL,Setoran sesuai dengan yang seharusnya (selisih dalam toleransi 2% / Rp10.000).,0.0,0.0
635,EMP-0487,12,0,0,0,1019096000.0,1014022000.0,0.0,0.0,,,,0.0,NORMAL,Setoran sesuai dengan yang seharusnya (selisih dalam toleransi 2% / Rp10.000).,0.0,0.0
636,EMP-0488,12,0,0,0,1515276000.0,1516768000.0,0.0,0.0,,,,0.0,NORMAL,Setoran sesuai dengan yang seharusnya (selisih dalam toleransi 2% / Rp10.000).,0.0,0.0
637,EMP-0489,12,0,0,0,703637000.0,703725000.0,0.0,0.0,,,,0.0,NORMAL,Setoran sesuai dengan yang seharusnya (selisih dalam toleransi 2% / Rp10.000).,0.0,0.0
638,EMP-0490,12,0,0,0,562900000.0,564783000.0,0.0,0.0,,,,0.0,NORMAL,Setoran sesuai dengan yang seharusnya (selisih dalam toleransi 2% / Rp10.000).,0.0,0.0
639,EMP-0491,12,0,0,0,688629000.0,692074000.0,0.0,0.0,,,,0.0,NORMAL,Setoran sesuai dengan yang seharusnya (selisih dalam toleransi 2% / Rp10.000).,0.0,0.0
640,EMP-0493,12,0,0,0,1573233000.0,1581240000.0,0.0,0.0,,,,0.0,NORMAL,Setoran sesuai dengan yang seharusnya (selisih dalam toleransi 2% / Rp10.000).,0.0,0.0
641,EMP-0494,12,0,0,0,1515256000.0,1516873000.0,0.0,0.0,,,,0.0,NORMAL,Setoran sesuai dengan yang seharusnya (selisih dalam toleransi 2% / Rp10.000).,0.0,0.0
642,EMP-0495,12,0,0,0,1491028000.0,1488275000.0,0.0,0.0,,,,0.0,NORMAL,Setoran sesuai dengan yang seharusnya (selisih dalam toleransi 2% / Rp10.000).,0.0,0.0
643,EMP-0496,12,0,0,0,1446811000.0,1451951000.0,0.0,0.0,,,,0.0,NORMAL,Setoran sesuai dengan yang seharusnya (selisih dalam toleransi 2% / Rp10.000).,0.0,0.0
644,EMP-0497,12,0,0,0,962457000.0,961299000.0,0.0,0.0,,,,0.0,NORMAL,Setoran sesuai dengan yang seharusnya (selisih dalam toleransi 2% / Rp10.000).,0.0,0.0
645,EMP-0498,12,0,0,0,1212620000.0,1212239000.0,0.0,0.0,,,,0.0,NORMAL,Setoran sesuai dengan yang seharusnya (selisih dalam toleransi 2% / Rp10.000).,0.0,0.0
646,EMP-0499,12,0,0,0,1540783000.0,1550196000.0,0.0,0.0,,,,0.0,NORMAL,Setoran sesuai dengan yang seharusnya (selisih dalam toleransi 2% / Rp10.000).,0.0,0.0
647,EMP-0501,12,0,0,0,955657000.0,953363000.0,0.0,0.0,,,,0.0,NORMAL,Setoran sesuai dengan yang seharusnya (selisih dalam toleransi 2% / Rp10.000).,0.0,0.0
648,EMP-0502,12,0,0,0,1261092000.0,1266413000.0,0.0,0.0,,,,0.0,NORMAL,Setoran sesuai dengan yang seharusnya (selisih dalam toleransi 2% / Rp10.000).,0.0,0.0
649,EMP-0503,12,0,0,0,1486432000.0,1486643000.0,0.0,0.0,,,,0.0,NORMAL,Setoran sesuai dengan yang seharusnya (selisih dalam toleransi 2% / Rp10.000).,0.0,0.0
650,EMP-0505,12,0,0,0,1289919000.0,1292612000.0,0.0,0.0,,,,0.0,NORMAL,Setoran sesuai dengan yang seharusnya (selisih dalam toleransi 2% / Rp10.000).,0.0,0.0
651,EMP-0506,12,0,0,0,635777000.0,635050000.0,0.0,0.0,,,,0.0,NORMAL,Setoran sesuai dengan yang seharusnya (selisih dalam toleransi 2% / Rp10.000).,0.0,0.0
652,EMP-0507,12,0,0,0,642971000.0,640164000.0,0.0,0.0,,,,0.0,NORMAL,Setoran sesuai dengan yang seharusnya (selisih dalam toleransi 2% / Rp10.000).,0.0,0.0
653,EMP-0508,12,0,0,0,1318572000.0,1323398000.0,0.0,0.0,,,,0.0,NORMAL,Setoran sesuai dengan yang seharusnya (selisih dalam toleransi 2% / Rp10.000).,0.0,0.0
654,EMP-0509,12,0,0,0,774916000.0,776748000.0,0.0,0.0,,,,0.0,NORMAL,Setoran sesuai dengan yang seharusnya (selisih dalam toleransi 2% / Rp10.000).,0.0,0.0
655,EMP-0510,12,0,0,0,1370663000.0,1368649000.0,0.0,0.0,,,,0.0,NORMAL,Setoran sesuai dengan yang seharusnya (selisih dalam toleransi 2% / Rp10.000).,0.0,0.0
656,EMP-0511,12,0,0,0,184553000.0,184103000.0,0.0,0.0,,,,0.0,NORMAL,Setoran sesuai dengan yang seharusnya (selisih dalam toleransi 2% / Rp10.000).,0.0,0.0
657,EMP-0513,12,0,0,0,150567000.0,151053000.0,0.0,0.0,,,,0.0,NORMAL,Setoran sesuai dengan yang seharusnya (selisih dalam toleransi 2% / Rp10.000).,0.0,0.0
658,EMP-0514,12,0,0,0,127044000.0,127237000.0,0.0,0.0,,,,0.0,NORMAL,Setoran sesuai dengan yang seharusnya (selisih dalam toleransi 2% / Rp10.000).,0.0,0.0
659,EMP-0515,12,0,0,0,164058000.0,164668000.0,0.0,0.0,,,,0.0,NORMAL,Setoran sesuai dengan yang seharusnya (selisih dalam toleransi 2% / Rp10.000).,0.0,0.0
660,EMP-0516,12,0,0,0,88004000.0,88241000.0,0.0,0.0,,,,0.0,NORMAL,Setoran sesuai dengan yang seharusnya (selisih dalam toleransi 2% / Rp10.000).,0.0,0.0
661,EMP-0517,12,0,0,0,147867000.0,148012000.0,0.0,0.0,,,,0.0,NORMAL,Setoran sesuai dengan yang seharusnya (selisih dalam toleransi 2% / Rp10.000).,0.0,0.0
662,EMP-0518,12,0,0,0,80400000.0,80432000.0,0.0,0.0,,,,0.0,NORMAL,Setoran sesuai dengan yang seharusnya (selisih dalam toleransi 2% / Rp10.000).,0.0,0.0
663,EMP-0519,12,0,0,0,121097000.0,120650000.0,0.0,0.0,,,,0.0,NORMAL,Setoran sesuai dengan yang seharusnya (selisih dalam toleransi 2% / Rp10.000).,0.0,0.0
664,EMP-0520,12,0,0,0,149883000.0,149718000.0,0.0,0.0,,,,0.0,NORMAL,Setoran sesuai dengan yang seharusnya (selisih dalam toleransi 2% / Rp10.000).,0.0,0.0
665,EMP-0521,12,0,0,0,119514000.0,119877000.0,0.0,0.0,,,,0.0,NORMAL,Setoran sesuai dengan yang seharusnya (selisih dalam toleransi 2% / Rp10.000).,0.0,0.0
666,EMP-0522,12,0,0,0,210035000.0,210350000.0,0.0,0.0,,,,0.0,NORMAL,Setoran sesuai dengan yang seharusnya (selisih dalam toleransi 2% / Rp10.000).,0.0,0.0
667,EMP-0523,12,0,0,0,106399000.0,106375000.0,0.0,0.0,,,,0.0,NORMAL,Setoran sesuai dengan yang seharusnya (selisih dalam toleransi 2% / Rp10.000).,0.0,0.0
668,EMP-0524,12,0,0,0,140854000.0,140892000.0,0.0,0.0,,,,0.0,NORMAL,Setoran sesuai dengan yang seharusnya (selisih dalam toleransi 2% / Rp10.000).,0.0,0.0
669,EMP-0525,12,0,0,0,95499000.0,95700000.0,0.0,0.0,,,,0.0,NORMAL,Setoran sesuai dengan yang seharusnya (selisih dalam toleransi 2% / Rp10.000).,0.0,0.0
670,EMP-0526,12,0,0,0,211629000.0,211621000.0,0.0,0.0,,,,0.0,NORMAL,Setoran sesuai dengan yang seharusnya (selisih dalam toleransi 2% / Rp10.000).,0.0,0.0
671,EMP-0527,12,0,0,0,176750000.0,177023000.0,0.0,0.0,,,,0.0,NORMAL,Setoran sesuai dengan yang seharusnya (selisih dalam toleransi 2% / Rp10.000).,0.0,0.0
672,EMP-0528,12,0,0,0,50302000.0,50179000.0,0.0,0.0,,,,0.0,NORMAL,Setoran sesuai dengan yang seharusnya (selisih dalam toleransi 2% / Rp10.000).,0.0,0.0
673,EMP-0529,12,0,0,0,77300000.0,77180000.0,0.0,0.0,,,,0.0,NORMAL,Setoran sesuai dengan yang seharusnya (selisih dalam toleransi 2% / Rp10.000).,0.0,0.0
674,EMP-0530,12,0,0,0,72481000.0,72410000.0,0.0,0.0,,,,0.0,NORMAL,Setoran sesuai dengan yang seharusnya (selisih dalam toleransi 2% / Rp10.000).,0.0,0.0
675,EMP-0531,12,0,0,0,76319000.0,76500000.0,0.0,0.0,,,,0.0,NORMAL,Setoran sesuai dengan yang seharusnya (selisih dalam toleransi 2% / Rp10.000).,0.0,0.0
676,EMP-0532,12,0,0,0,163114000.0,162904000.0,0.0,0.0,,,,0.0,NORMAL,Setoran sesuai dengan yang seharusnya (selisih dalam toleransi 2% / Rp10.000).,0.0,0.0
677,EMP-0533,12,0,0,0,82356000.0,82437000.0,0.0,0.0,,,,0.0,NORMAL,Setoran sesuai dengan yang seharusnya (selisih dalam toleransi 2% / Rp10.000).,0.0,0.0
678,EMP-0534,12,0,0,0,145442000.0,145410000.0,0.0,0.0,,,,0.0,NORMAL,Setoran sesuai dengan yang seharusnya (selisih dalam toleransi 2% / Rp10.000).,0.0,0.0
679,EMP-0535,12,0,0,0,90043000.0,89822000.0,0.0,0.0,,,,0.0,NORMAL,Setoran sesuai dengan yang seharusnya (selisih dalam toleransi 2% / Rp10.000).,0.0,0.0
680,EMP-0536,12,0,0,0,182601000.0,183203000.0,0.0,0.0,,,,0.0,NORMAL,Setoran sesuai dengan yang seharusnya (selisih dalam toleransi 2% / Rp10.000).,0.0,0.0
681,EMP-0537,12,0,0,0,67436000.0,67473000.0,0.0,0.0,,,,0.0,NORMAL,Setoran sesuai dengan yang seharusnya (selisih dalam toleransi 2% / Rp10.000).,0.0,0.0
682,EMP-0538,12,0,0,0,192160000.0,191506000.0,0.0,0.0,,,,0.0,NORMAL,Setoran sesuai dengan yang seharusnya (selisih dalam toleransi 2% / Rp10.000).,0.0,0.0
683,EMP-0539,12,0,0,0,174799000.0,174377000.0,0.0,0.0,,,,0.0,NORMAL,Setoran sesuai dengan yang seharusnya (selisih dalam toleransi 2% / Rp10.000).,0.0,0.0
684,EMP-0540,12,0,0,0,179680000.0,178274000.0,0.0,0.0,,,,0.0,NORMAL,Setoran sesuai dengan yang seharusnya (selisih dalam toleransi 2% / Rp10.000).,0.0,0.0
685,EMP-0543,12,0,0,0,72402000.0,72661000.0,0.0,0.0,,,,0.0,NORMAL,Setoran sesuai dengan yang seharusnya (selisih dalam toleransi 2% / Rp10.000).,0.0,0.0
686,EMP-0544,12,0,0,0,142545000.0,142549000.0,0.0,0.0,,,,0.0,NORMAL,Setoran sesuai dengan yang seharusnya (selisih dalam toleransi 2% / Rp10.000).,0.0,0.0
687,EMP-0545,12,0,0,0,496931000.0,495537000.0,0.0,0.0,,,,0.0,NORMAL,Setoran sesuai dengan yang seharusnya (selisih dalam toleransi 2% / Rp10.000).,0.0,0.0
688,EMP-0546,12,0,0,0,774696000.0,775930000.0,0.0,0.0,,,,0.0,NORMAL,Setoran sesuai dengan yang seharusnya (selisih dalam toleransi 2% / Rp10.000).,0.0,0.0
689,EMP-0547,12,0,0,0,639364000.0,639535000.0,0.0,0.0,,,,0.0,NORMAL,Setoran sesuai dengan yang seharusnya (selisih dalam toleransi 2% / Rp10.000).,0.0,0.0
690,EMP-0549,12,0,0,0,268091000.0,267951000.0,0.0,0.0,,,,0.0,NORMAL,Setoran sesuai dengan yang seharusnya (selisih dalam toleransi 2% / Rp10.000).,0.0,0.0
691,EMP-0550,12,0,0,0,463051000.0,461842000.0,0.0,0.0,,,,0.0,NORMAL,Setoran sesuai dengan yang seharusnya (selisih dalam toleransi 2% / Rp10.000).,0.0,0.0
692,EMP-0551,12,0,0,0,799040000.0,797968000.0,0.0,0.0,,,,0.0,NORMAL,Setoran sesuai dengan yang seharusnya (selisih dalam toleransi 2% / Rp10.000).,0.0,0.0
693,EMP-0553,12,0,0,0,574146000.0,573832000.0,0.0,0.0,,,,0.0,NORMAL,Setoran sesuai dengan yang seharusnya (selisih dalam toleransi 2% / Rp10.000).,0.0,0.0
694,EMP-0554,12,0,0,0,312710000.0,313514000.0,0.0,0.0,,,,0.0,NORMAL,Setoran sesuai dengan yang seharusnya (selisih dalam toleransi 2% / Rp10.000).,0.0,0.0
695,EMP-0558,12,0,0,0,257224000.0,257200000.0,0.0,0.0,,,,0.0,NORMAL,Setoran sesuai dengan yang seharusnya (selisih dalam toleransi 2% / Rp10.000).,0.0,0.0
696,EMP-0560,12,0,0,0,398886000.0,400427000.0,0.0,0.0,,,,0.0,NORMAL,Setoran sesuai dengan yang seharusnya (selisih dalam toleransi 2% / Rp10.000).,0.0,0.0
697,EMP-0562,12,0,0,0,278771000.0,278948000.0,0.0,0.0,,,,0.0,NORMAL,Setoran sesuai dengan yang seharusnya (selisih dalam toleransi 2% / Rp10.000).,0.0,0.0
698,EMP-0563,12,0,0,0,541798000.0,542183000.0,0.0,0.0,,,,0.0,NORMAL,Setoran sesuai dengan yang seharusnya (selisih dalam toleransi 2% / Rp10.000).,0.0,0.0
699,EMP-0564,12,0,0,0,660398000.0,660759000.0,0.0,0.0,,,,0.0,NORMAL,Setoran sesuai dengan yang seharusnya (selisih dalam toleransi 2% / Rp10.000).,0.0,0.0
700,EMP-0565,12,0,0,0,514954000.0,517408000.0,0.0,0.0,,,,0.0,NORMAL,Setoran sesuai dengan yang seharusnya (selisih dalam toleransi 2% / Rp10.000).,0.0,0.0
701,EMP-0566,12,0,0,0,354601000.0,353363000.0,0.0,0.0,,,,0.0,NORMAL,Setoran sesuai dengan yang seharusnya (selisih dalam toleransi 2% / Rp10.000).,0.0,0.0
702,EMP-0567,12,0,0,0,464359000.0,465536000.0,0.0,0.0,,,,0.0,NORMAL,Setoran sesuai dengan yang seharusnya (selisih dalam toleransi 2% / Rp10.000).,0.0,0.0
703,EMP-0570,12,0,0,0,671191000.0,672892000.0,0.0,0.0,,,,0.0,NORMAL,Setoran sesuai dengan yang seharusnya (selisih dalam toleransi 2% / Rp10.000).,0.0,0.0
704,EMP-0574,12,0,0,0,788090000.0,790758000.0,0.0,0.0,,,,0.0,NORMAL,Setoran sesuai dengan yang seharusnya (selisih dalam toleransi 2% / Rp10.000).,0.0,0.0
705,EMP-0575,12,0,0,0,850613000.0,857190000.0,0.0,0.0,,,,0.0,NORMAL,Setoran sesuai dengan yang seharusnya (selisih dalam toleransi 2% / Rp10.000).,0.0,0.0
706,EMP-0576,12,0,0,0,718568000.0,718977000.0,0.0,0.0,,,,0.0,NORMAL,Setoran sesuai dengan yang seharusnya (selisih dalam toleransi 2% / Rp10.000).,0.0,0.0
707,EMP-0577,12,0,0,0,252375000.0,254035000.0,0.0,0.0,,,,0.0,NORMAL,Setoran sesuai dengan yang seharusnya (selisih dalam toleransi 2% / Rp10.000).,0.0,0.0
708,EMP-0578,12,0,0,0,784976000.0,781680000.0,0.0,0.0,,,,0.0,NORMAL,Setoran sesuai dengan yang seharusnya (selisih dalam toleransi 2% / Rp10.000).,0.0,0.0
709,EMP-0579,12,0,0,0,1910029000.0,1913840000.0,0.0,0.0,,,,0.0,NORMAL,Setoran sesuai dengan yang seharusnya (selisih dalam toleransi 2% / Rp10.000).,0.0,0.0
710,EMP-0581,12,0,0,0,1769705000.0,1771378000.0,0.0,0.0,,,,0.0,NORMAL,Setoran sesuai dengan yang seharusnya (selisih dalam toleransi 2% / Rp10.000).,0.0,0.0
711,EMP-0582,12,0,0,0,1831050000.0,1831657000.0,0.0,0.0,,,,0.0,NORMAL,Setoran sesuai dengan yang seharusnya (selisih dalam toleransi 2% / Rp10.000).,0.0,0.0
712,EMP-0583,12,0,0,0,2224494000.0,2231384000.0,0.0,0.0,,,,0.0,NORMAL,Setoran sesuai dengan yang seharusnya (selisih dalam toleransi 2% / Rp10.000).,0.0,0.0
713,EMP-0584,12,0,0,0,2279910000.0,2275377000.0,0.0,0.0,,,,0.0,NORMAL,Setoran sesuai dengan yang seharusnya (selisih dalam toleransi 2% / Rp10.000).,0.0,0.0
714,EMP-0585,12,0,0,0,2260374000.0,2261941000.0,0.0,0.0,,,,0.0,NORMAL,Setoran sesuai dengan yang seharusnya (selisih dalam toleransi 2% / Rp10.000).,0.0,0.0
715,EMP-0587,12,0,0,0,1733390000.0,1740760000.0,0.0,0.0,,,,0.0,NORMAL,Setoran sesuai dengan yang seharusnya (selisih dalam toleransi 2% / Rp10.000).,0.0,0.0
716,EMP-0590,12,0,0,0,2575735000.0,2584684000.0,0.0,0.0,,,,0.0,NORMAL,Setoran sesuai dengan yang seharusnya (selisih dalam toleransi 2% / Rp10.000).,0.0,0.0
717,EMP-0591,12,0,0,0,1240861000.0,1248129000.0,0.0,0.0,,,,0.0,NORMAL,Setoran sesuai dengan yang seharusnya (selisih dalam toleransi 2% / Rp10.000).,0.0,0.0
718,EMP-0592,12,0,0,0,1444148000.0,1448251000.0,0.0,0.0,,,,0.0,NORMAL,Setoran sesuai dengan yang seharusnya (selisih dalam toleransi 2% / Rp10.000).,0.0,0.0
719,EMP-0594,12,0,0,0,1047120000.0,1044292000.0,0.0,0.0,,,,0.0,NORMAL,Setoran sesuai dengan yang seharusnya (selisih dalam toleransi 2% / Rp10.000).,0.0,0.0
720,EMP-0598,12,0,0,0,2347241000.0,2345024000.0,0.0,0.0,,,,0.0,NORMAL,Setoran sesuai dengan yang seharusnya (selisih dalam toleransi 2% / Rp10.000).,0.0,0.0
721,EMP-0599,12,0,0,0,2371782000.0,2370875000.0,0.0,0.0,,,,0.0,NORMAL,Setoran sesuai dengan yang seharusnya (selisih dalam toleransi 2% / Rp10.000).,0.0,0.0
722,EMP-0600,12,0,0,0,2113842000.0,2109543000.0,0.0,0.0,,,,0.0,NORMAL,Setoran sesuai dengan yang seharusnya (selisih dalam toleransi 2% / Rp10.000).,0.0,0.0
723,EMP-0601,12,0,0,0,2382978000.0,2386740000.0,0.0,0.0,,,,0.0,NORMAL,Setoran sesuai dengan yang seharusnya (selisih dalam toleransi 2% / Rp10.000).,0.0,0.0
724,EMP-0602,12,0,0,0,1056212000.0,1053424000.0,0.0,0.0,,,,0.0,NORMAL,Setoran sesuai dengan yang seharusnya (selisih dalam toleransi 2% / Rp10.000).,0.0,0.0
725,EMP-0603,12,0,0,0,2395313000.0,2397342000.0,0.0,0.0,,,,0.0,NORMAL,Setoran sesuai dengan yang seharusnya (selisih dalam toleransi 2% / Rp10.000).,0.0,0.0
726,EMP-0604,12,0,0,0,2260059000.0,2246833000.0,0.0,0.0,,,,0.0,NORMAL,Setoran sesuai dengan yang seharusnya (selisih dalam toleransi 2% / Rp10.000).,0.0,0.0
727,EMP-0605,12,0,0,0,2122642000.0,2124160000.0,0.0,0.0,,,,0.0,NORMAL,Setoran sesuai dengan yang seharusnya (selisih dalam toleransi 2% / Rp10.000).,0.0,0.0
728,EMP-0607,12,0,0,0,3418084000.0,3420488000.0,0.0,0.0,,,,0.0,NORMAL,Setoran sesuai dengan yang seharusnya (selisih dalam toleransi 2% / Rp10.000).,0.0,0.0
729,EMP-0608,12,0,0,0,1317178000.0,1321354000.0,0.0,0.0,,,,0.0,NORMAL,Setoran sesuai dengan yang seharusnya (selisih dalam toleransi 2% / Rp10.000).,0.0,0.0
730,EMP-0609,12,0,0,0,1230425000.0,1231678000.0,0.0,0.0,,,,0.0,NORMAL,Setoran sesuai dengan yang seharusnya (selisih dalam toleransi 2% / Rp10.000).,0.0,0.0
731,EMP-0610,12,0,0,0,1440310000.0,1440925000.0,0.0,0.0,,,,0.0,NORMAL,Setoran sesuai dengan yang seharusnya (selisih dalam toleransi 2% / Rp10.000).,0.0,0.0
732,EMP-0611,12,0,0,0,1686217000.0,1677126000.0,0.0,0.0,,,,0.0,NORMAL,Setoran sesuai dengan yang seharusnya (selisih dalam toleransi 2% / Rp10.000).,0.0,0.0
733,EMP-0612,12,0,0,0,3631522000.0,3634083000.0,0.0,0.0,,,,0.0,NORMAL,Setoran sesuai dengan yang seharusnya (selisih dalam toleransi 2% / Rp10.000).,0.0,0.0
734,EMP-0613,12,0,0,0,55713000.0,55652000.0,0.0,0.0,,,,0.0,NORMAL,Setoran sesuai dengan yang seharusnya (selisih dalam toleransi 2% / Rp10.000).,0.0,0.0
735,EMP-0617,12,0,0,0,131533000.0,131127000.0,0.0,0.0,,,,0.0,NORMAL,Setoran sesuai dengan yang seharusnya (selisih dalam toleransi 2% / Rp10.000).,0.0,0.0
736,EMP-0618,12,0,0,0,155471000.0,155357000.0,0.0,0.0,,,,0.0,NORMAL,Setoran sesuai dengan yang seharusnya (selisih dalam toleransi 2% / Rp10.000).,0.0,0.0
737,EMP-0620,12,0,0,0,144649000.0,145822000.0,0.0,0.0,,,,0.0,NORMAL,Setoran sesuai dengan yang seharusnya (selisih dalam toleransi 2% / Rp10.000).,0.0,0.0
738,EMP-0621,12,0,0,0,156937000.0,156459000.0,0.0,0.0,,,,0.0,NORMAL,Setoran sesuai dengan yang seharusnya (selisih dalam toleransi 2% / Rp10.000).,0.0,0.0
739,EMP-0623,12,0,0,0,72763000.0,72631000.0,0.0,0.0,,,,0.0,NORMAL,Setoran sesuai dengan yang seharusnya (selisih dalam toleransi 2% / Rp10.000).,0.0,0.0
740,EMP-0624,12,0,0,0,97939000.0,97924000.0,0.0,0.0,,,,0.0,NORMAL,Setoran sesuai dengan yang seharusnya (selisih dalam toleransi 2% / Rp10.000).,0.0,0.0
741,EMP-0625,12,0,0,0,78300000.0,78483000.0,0.0,0.0,,,,0.0,NORMAL,Setoran sesuai dengan yang seharusnya (selisih dalam toleransi 2% / Rp10.000).,0.0,0.0
742,EMP-0626,12,0,0,0,128338000.0,128153000.0,0.0,0.0,,,,0.0,NORMAL,Setoran sesuai dengan yang seharusnya (selisih dalam toleransi 2% / Rp10.000).,0.0,0.0
743,EMP-0627,12,0,0,0,64081000.0,63922000.0,0.0,0.0,,,,0.0,NORMAL,Setoran sesuai dengan yang seharusnya (selisih dalam toleransi 2% / Rp10.000).,0.0,0.0
744,EMP-0630,12,0,0,0,66622000.0,66638000.0,0.0,0.0,,,,0.0,NORMAL,Setoran sesuai dengan yang seharusnya (selisih dalam toleransi 2% / Rp10.000).,0.0,0.0
745,EMP-0631,12,0,0,0,89097000.0,89126000.0,0.0,0.0,,,,0.0,NORMAL,Setoran sesuai dengan yang seharusnya (selisih dalam toleransi 2% / Rp10.000).,0.0,0.0
746,EMP-0633,12,0,0,0,121376000.0,121673000.0,0.0,0.0,,,,0.0,NORMAL,Setoran sesuai dengan yang seharusnya (selisih dalam toleransi 2% / Rp10.000).,0.0,0.0
747,EMP-0634,12,0,0,0,146307000.0,146938000.0,0.0,0.0,,,,0.0,NORMAL,Setoran sesuai dengan yang seharusnya (selisih dalam toleransi 2% / Rp10.000).,0.0,0.0
748,EMP-0636,12,0,0,0,133828000.0,133724000.0,0.0,0.0,,,,0.0,NORMAL,Setoran sesuai dengan yang seharusnya (selisih dalam toleransi 2% / Rp10.000).,0.0,0.0
749,EMP-0637,12,0,0,0,164326000.0,165174000.0,0.0,0.0,,,,0.0,NORMAL,Setoran sesuai dengan yang seharusnya (selisih dalam toleransi 2% / Rp10.000).,0.0,0.0
750,EMP-0638,12,0,0,0,93702000.0,93616000.0,0.0,0.0,,,,0.0,NORMAL,Setoran sesuai dengan yang seharusnya (selisih dalam toleransi 2% / Rp10.000).,0.0,0.0
751,EMP-0639,12,0,0,0,48777000.0,48680000.0,0.0,0.0,,,,0.0,NORMAL,Setoran sesuai dengan yang seharusnya (selisih dalam toleransi 2% / Rp10.000).,0.0,0.0
752,EMP-0640,12,0,0,0,81175000.0,81488000.0,0.0,0.0,,,,0.0,NORMAL,Setoran sesuai dengan yang seharusnya (selisih dalam toleransi 2% / Rp10.000).,0.0,0.0
753,EMP-0641,12,0,0,0,103126000.0,103229000.0,0.0,0.0,,,,0.0,NORMAL,Setoran sesuai dengan yang seharusnya (selisih dalam toleransi 2% / Rp10.000).,0.0,0.0
754,EMP-0642,12,0,0,0,160788000.0,160956000.0,0.0,0.0,,,,0.0,NORMAL,Setoran sesuai dengan yang seharusnya (selisih dalam toleransi 2% / Rp10.000).,0.0,0.0
755,EMP-0643,12,0,0,0,54180000.0,54184000.0,0.0,0.0,,,,0.0,NORMAL,Setoran sesuai dengan yang seharusnya (selisih dalam toleransi 2% / Rp10.000).,0.0,0.0
756,EMP-0644,12,0,0,0,45206000.0,45280000.0,0.0,0.0,,,,0.0,NORMAL,Setoran sesuai dengan yang seharusnya (selisih dalam toleransi 2% / Rp10.000).,0.0,0.0
757,EMP-0645,12,0,0,0,85773000.0,85879000.0,0.0,0.0,,,,0.0,NORMAL,Setoran sesuai dengan yang seharusnya (selisih dalam toleransi 2% / Rp10.000).,0.0,0.0
758,EMP-0646,12,0,0,0,90902000.0,91010000.0,0.0,0.0,,,,0.0,NORMAL,Setoran sesuai dengan yang seharusnya (selisih dalam toleransi 2% / Rp10.000).,0.0,0.0
759,EMP-0647,12,0,0,0,397734000.0,398554000.0,0.0,0.0,,,,0.0,NORMAL,Setoran sesuai dengan yang seharusnya (selisih dalam toleransi 2% / Rp10.000).,0.0,0.0
760,EMP-0649,12,0,0,0,419971000.0,420108000.0,0.0,0.0,,,,0.0,NORMAL,Setoran sesuai dengan yang seharusnya (selisih dalam toleransi 2% / Rp10.000).,0.0,0.0
761,EMP-0650,12,0,0,0,332129000.0,331512000.0,0.0,0.0,,,,0.0,NORMAL,Setoran sesuai dengan yang seharusnya (selisih dalam toleransi 2% / Rp10.000).,0.0,0.0
762,EMP-0651,12,0,0,0,489050000.0,490305000.0,0.0,0.0,,,,0.0,NORMAL,Setoran sesuai dengan yang seharusnya (selisih dalam toleransi 2% / Rp10.000).,0.0,0.0
763,EMP-0652,12,0,0,0,298745000.0,299241000.0,0.0,0.0,,,,0.0,NORMAL,Setoran sesuai dengan yang seharusnya (selisih dalam toleransi 2% / Rp10.000).,0.0,0.0
764,EMP-0653,12,0,0,0,191100000.0,191697000.0,0.0,0.0,,,,0.0,NORMAL,Setoran sesuai dengan yang seharusnya (selisih dalam toleransi 2% / Rp10.000).,0.0,0.0
765,EMP-0656,12,0,0,0,308735000.0,309864000.0,0.0,0.0,,,,0.0,NORMAL,Setoran sesuai dengan yang seharusnya (selisih dalam toleransi 2% / Rp10.000).,0.0,0.0
766,EMP-0658,12,0,0,0,510047000.0,510375000.0,0.0,0.0,,,,0.0,NORMAL,Setoran sesuai dengan yang seharusnya (selisih dalam toleransi 2% / Rp10.000).,0.0,0.0
767,EMP-0659,12,0,0,0,638326000.0,637245000.0,0.0,0.0,,,,0.0,NORMAL,Setoran sesuai dengan yang seharusnya (selisih dalam toleransi 2% / Rp10.000).,0.0,0.0
768,EMP-0660,12,0,0,0,748039000.0,749725000.0,0.0,0.0,,,,0.0,NORMAL,Setoran sesuai dengan yang seharusnya (selisih dalam toleransi 2% / Rp10.000).,0.0,0.0
769,EMP-0661,12,0,0,0,355435000.0,354502000.0,0.0,0.0,,,,0.0,NORMAL,Setoran sesuai dengan yang seharusnya (selisih dalam toleransi 2% / Rp10.000).,0.0,0.0
770,EMP-0662,12,0,0,0,588045000.0,586674000.0,0.0,0.0,,,,0.0,NORMAL,Setoran sesuai dengan yang seharusnya (selisih dalam toleransi 2% / Rp10.000).,0.0,0.0
771,EMP-0665,12,0,0,0,425651000.0,424509000.0,0.0,0.0,,,,0.0,NORMAL,Setoran sesuai dengan yang seharusnya (selisih dalam toleransi 2% / Rp10.000).,0.0,0.0
772,EMP-0667,12,0,0,0,504365000.0,503716000.0,0.0,0.0,,,,0.0,NORMAL,Setoran sesuai dengan yang seharusnya (selisih dalam toleransi 2% / Rp10.000).,0.0,0.0
773,EMP-0668,12,0,0,0,807124000.0,806030000.0,0.0,0.0,,,,0.0,NORMAL,Setoran sesuai dengan yang seharusnya (selisih dalam toleransi 2% / Rp10.000).,0.0,0.0
774,EMP-0670,12,0,0,0,562094000.0,560304000.0,0.0,0.0,,,,0.0,NORMAL,Setoran sesuai dengan yang seharusnya (selisih dalam toleransi 2% / Rp10.000).,0.0,0.0
775,EMP-0672,12,0,0,0,574759000.0,575936000.0,0.0,0.0,,,,0.0,NORMAL,Setoran sesuai dengan yang seharusnya (selisih dalam toleransi 2% / Rp10.000).,0.0,0.0
776,EMP-0673,12,0,0,0,272178000.0,273007000.0,0.0,0.0,,,,0.0,NORMAL,Setoran sesuai dengan yang seharusnya (selisih dalam toleransi 2% / Rp10.000).,0.0,0.0
777,EMP-0674,12,0,0,0,450303000.0,449412000.0,0.0,0.0,,,,0.0,NORMAL,Setoran sesuai dengan yang seharusnya (selisih dalam toleransi 2% / Rp10.000).,0.0,0.0
778,EMP-0675,12,0,0,0,601518000.0,602447000.0,0.0,0.0,,,,0.0,NORMAL,Setoran sesuai dengan yang seharusnya (selisih dalam toleransi 2% / Rp10.000).,0.0,0.0
779,EMP-0677,12,0,0,0,616650000.0,619095000.0,0.0,0.0,,,,0.0,NORMAL,Setoran sesuai dengan yang seharusnya (selisih dalam toleransi 2% / Rp10.000).,0.0,0.0
780,EMP-0686,12,0,0,0,2975719000.0,2974583000.0,0.0,0.0,,,,0.0,NORMAL,Setoran sesuai dengan yang seharusnya (selisih dalam toleransi 2% / Rp10.000).,0.0,0.0
781,EMP-0687,12,0,0,0,2372118000.0,2376241000.0,0.0,0.0,,,,0.0,NORMAL,Setoran sesuai dengan yang seharusnya (selisih dalam toleransi 2% / Rp10.000).,0.0,0.0
782,EMP-0689,12,0,0,0,4217752000.0,4216059000.0,0.0,0.0,,,,0.0,NORMAL,Setoran sesuai dengan yang seharusnya (selisih dalam toleransi 2% / Rp10.000).,0.0,0.0
783,EMP-0690,12,0,0,0,2981460000.0,2977367000.0,0.0,0.0,,,,0.0,NORMAL,Setoran sesuai dengan yang seharusnya (selisih dalam toleransi 2% / Rp10.000).,0.0,0.0
784,EMP-0693,12,0,0,0,1899327000.0,1895898000.0,0.0,0.0,,,,0.0,NORMAL,Setoran sesuai dengan yang seharusnya (selisih dalam toleransi 2% / Rp10.000).,0.0,0.0
785,EMP-0695,12,0,0,0,3626194000.0,3634366000.0,0.0,0.0,,,,0.0,NORMAL,Setoran sesuai dengan yang seharusnya (selisih dalam toleransi 2% / Rp10.000).,0.0,0.0
786,EMP-0696,12,0,0,0,4585984000.0,4599542000.0,0.0,0.0,,,,0.0,NORMAL,Setoran sesuai dengan yang seharusnya (selisih dalam toleransi 2% / Rp10.000).,0.0,0.0
787,EMP-0697,12,0,0,0,3429757000.0,3427031000.0,0.0,0.0,,,,0.0,NORMAL,Setoran sesuai dengan yang seharusnya (selisih dalam toleransi 2% / Rp10.000).,0.0,0.0
788,EMP-0699,12,0,0,0,1800214000.0,1803668000.0,0.0,0.0,,,,0.0,NORMAL,Setoran sesuai dengan yang seharusnya (selisih dalam toleransi 2% / Rp10.000).,0.0,0.0
789,EMP-0700,12,0,0,0,3518987000.0,3513508000.0,0.0,0.0,,,,0.0,NORMAL,Setoran sesuai dengan yang seharusnya (selisih dalam toleransi 2% / Rp10.000).,0.0,0.0
790,EMP-0701,12,0,0,0,2982667000.0,2967924000.0,0.0,0.0,,,,0.0,NORMAL,Setoran sesuai dengan yang seharusnya (selisih dalam toleransi 2% / Rp10.000).,0.0,0.0
791,EMP-0702,12,0,0,0,3194196000.0,3169422000.0,0.0,0.0,,,,0.0,NORMAL,Setoran sesuai dengan yang seharusnya (selisih dalam toleransi 2% / Rp10.000).,0.0,0.0
792,EMP-0703,12,0,0,0,2676033000.0,2665052000.0,0.0,0.0,,,,0.0,NORMAL,Setoran sesuai dengan yang seharusnya (selisih dalam toleransi 2% / Rp10.000).,0.0,0.0
793,EMP-0704,12,0,0,0,3178431000.0,3189332000.0,0.0,0.0,,,,0.0,NORMAL,Setoran sesuai dengan yang seharusnya (selisih dalam toleransi 2% / Rp10.000).,0.0,0.0
794,EMP-0705,12,0,0,0,2393782000.0,2402449000.0,0.0,0.0,,,,0.0,NORMAL,Setoran sesuai dengan yang seharusnya (selisih dalam toleransi 2% / Rp10.000).,0.0,0.0
795,EMP-0709,12,0,0,0,1801223000.0,1799834000.0,0.0,0.0,,,,0.0,NORMAL,Setoran sesuai dengan yang seharusnya (selisih dalam toleransi 2% / Rp10.000).,0.0,0.0
796,EMP-0711,12,0,0,0,3701213000.0,3709761000.0,0.0,0.0,,,,0.0,NORMAL,Setoran sesuai dengan yang seharusnya (selisih dalam toleransi 2% / Rp10.000).,0.0,0.0
797,EMP-0712,12,0,0,0,2271719000.0,2273675000.0,0.0,0.0,,,,0.0,NORMAL,Setoran sesuai dengan yang seharusnya (selisih dalam toleransi 2% / Rp10.000).,0.0,0.0
798,EMP-0713,12,0,0,0,3181868000.0,3172969000.0,0.0,0.0,,,,0.0,NORMAL,Setoran sesuai dengan yang seharusnya (selisih dalam toleransi 2% / Rp10.000).,0.0,0.0
799,EMP-0714,12,0,0,0,3012157000.0,3005043000.0,0.0,0.0,,,,0.0,NORMAL,Setoran sesuai dengan yang seharusnya (selisih dalam toleransi 2% / Rp10.000).,0.0,0.0
800,EMP-0715,12,0,0,0,212863000.0,213461000.0,0.0,0.0,,,,0.0,NORMAL,Setoran sesuai dengan yang seharusnya (selisih dalam toleransi 2% / Rp10.000).,0.0,0.0
801,EMP-0716,12,0,0,0,93465000.0,93614000.0,0.0,0.0,,,,0.0,NORMAL,Setoran sesuai dengan yang seharusnya (selisih dalam toleransi 2% / Rp10.000).,0.0,0.0
802,EMP-0717,12,0,0,0,106641000.0,107426000.0,0.0,0.0,,,,0.0,NORMAL,Setoran sesuai dengan yang seharusnya (selisih dalam toleransi 2% / Rp10.000).,0.0,0.0
803,EMP-0719,12,0,0,0,89050000.0,89308000.0,0.0,0.0,,,,0.0,NORMAL,Setoran sesuai dengan yang seharusnya (selisih dalam toleransi 2% / Rp10.000).,0.0,0.0
804,EMP-0720,12,0,0,0,119911000.0,119625000.0,0.0,0.0,,,,0.0,NORMAL,Setoran sesuai dengan yang seharusnya (selisih dalam toleransi 2% / Rp10.000).,0.0,0.0
805,EMP-0721,12,0,0,0,102152000.0,102011000.0,0.0,0.0,,,,0.0,NORMAL,Setoran sesuai dengan yang seharusnya (selisih dalam toleransi 2% / Rp10.000).,0.0,0.0
806,EMP-0725,12,0,0,0,221589000.0,221866000.0,0.0,0.0,,,,0.0,NORMAL,Setoran sesuai dengan yang seharusnya (selisih dalam toleransi 2% / Rp10.000).,0.0,0.0
807,EMP-0726,12,0,0,0,69396000.0,69264000.0,0.0,0.0,,,,0.0,NORMAL,Setoran sesuai dengan yang seharusnya (selisih dalam toleransi 2% / Rp10.000).,0.0,0.0
808,EMP-0728,12,0,0,0,207959000.0,207756000.0,0.0,0.0,,,,0.0,NORMAL,Setoran sesuai dengan yang seharusnya (selisih dalam toleransi 2% / Rp10.000).,0.0,0.0
809,EMP-0729,12,0,0,0,165398000.0,165745000.0,0.0,0.0,,,,0.0,NORMAL,Setoran sesuai dengan yang seharusnya (selisih dalam toleransi 2% / Rp10.000).,0.0,0.0
810,EMP-0730,12,0,0,0,156694000.0,156814000.0,0.0,0.0,,,,0.0,NORMAL,Setoran sesuai dengan yang seharusnya (selisih dalam toleransi 2% / Rp10.000).,0.0,0.0
811,EMP-0732,12,0,0,0,200605000.0,200999000.0,0.0,0.0,,,,0.0,NORMAL,Setoran sesuai dengan yang seharusnya (selisih dalam toleransi 2% / Rp10.000).,0.0,0.0
812,EMP-0733,12,0,0,0,169270000.0,169194000.0,0.0,0.0,,,,0.0,NORMAL,Setoran sesuai dengan yang seharusnya (selisih dalam toleransi 2% / Rp10.000).,0.0,0.0
813,EMP-0734,12,0,0,0,234308000.0,233371000.0,0.0,0.0,,,,0.0,NORMAL,Setoran sesuai dengan yang seharusnya (selisih dalam toleransi 2% / Rp10.000).,0.0,0.0
814,EMP-0735,12,0,0,0,201780000.0,201554000.0,0.0,0.0,,,,0.0,NORMAL,Setoran sesuai dengan yang seharusnya (selisih dalam toleransi 2% / Rp10.000).,0.0,0.0
815,EMP-0737,12,0,0,0,205551000.0,205285000.0,0.0,0.0,,,,0.0,NORMAL,Setoran sesuai dengan yang seharusnya (selisih dalam toleransi 2% / Rp10.000).,0.0,0.0
816,EMP-0739,12,0,0,0,130432000.0,130517000.0,0.0,0.0,,,,0.0,NORMAL,Setoran sesuai dengan yang seharusnya (selisih dalam toleransi 2% / Rp10.000).,0.0,0.0
817,EMP-0740,12,0,0,0,211870000.0,211884000.0,0.0,0.0,,,,0.0,NORMAL,Setoran sesuai dengan yang seharusnya (selisih dalam toleransi 2% / Rp10.000).,0.0,0.0
818,EMP-0741,12,0,0,0,128416000.0,128983000.0,0.0,0.0,,,,0.0,NORMAL,Setoran sesuai dengan yang seharusnya (selisih dalam toleransi 2% / Rp10.000).,0.0,0.0
819,EMP-0743,12,0,0,0,167173000.0,167780000.0,0.0,0.0,,,,0.0,NORMAL,Setoran sesuai dengan yang seharusnya (selisih dalam toleransi 2% / Rp10.000).,0.0,0.0
820,EMP-0745,12,0,0,0,113863000.0,114789000.0,0.0,0.0,,,,0.0,NORMAL,Setoran sesuai dengan yang seharusnya (selisih dalam toleransi 2% / Rp10.000).,0.0,0.0
821,EMP-0746,12,0,0,0,147465000.0,147333000.0,0.0,0.0,,,,0.0,NORMAL,Setoran sesuai dengan yang seharusnya (selisih dalam toleransi 2% / Rp10.000).,0.0,0.0
822,EMP-0747,12,0,0,0,209707000.0,210336000.0,0.0,0.0,,,,0.0,NORMAL,Setoran sesuai dengan yang seharusnya (selisih dalam toleransi 2% / Rp10.000).,0.0,0.0
823,EMP-0748,12,0,0,0,123645000.0,124078000.0,0.0,0.0,,,,0.0,NORMAL,Setoran sesuai dengan yang seharusnya (selisih dalam toleransi 2% / Rp10.000).,0.0,0.0
824,EMP-0750,12,0,0,0,763062000.0,764201000.0,0.0,0.0,,,,0.0,NORMAL,Setoran sesuai dengan yang seharusnya (selisih dalam toleransi 2% / Rp10.000).,0.0,0.0
825,EMP-0751,12,0,0,0,299844000.0,300714000.0,0.0,0.0,,,,0.0,NORMAL,Setoran sesuai dengan yang seharusnya (selisih dalam toleransi 2% / Rp10.000).,0.0,0.0
826,EMP-0753,12,0,0,0,733416000.0,736562000.0,0.0,0.0,,,,0.0,NORMAL,Setoran sesuai dengan yang seharusnya (selisih dalam toleransi 2% / Rp10.000).,0.0,0.0
827,EMP-0754,12,0,0,0,322963000.0,324127000.0,0.0,0.0,,,,0.0,NORMAL,Setoran sesuai dengan yang seharusnya (selisih dalam toleransi 2% / Rp10.000).,0.0,0.0
828,EMP-0755,12,0,0,0,575329000.0,572195000.0,0.0,0.0,,,,0.0,NORMAL,Setoran sesuai dengan yang seharusnya (selisih dalam toleransi 2% / Rp10.000).,0.0,0.0
829,EMP-0756,12,0,0,0,689567000.0,689982000.0,0.0,0.0,,,,0.0,NORMAL,Setoran sesuai dengan yang seharusnya (selisih dalam toleransi 2% / Rp10.000).,0.0,0.0
830,EMP-0757,12,0,0,0,647412000.0,646881000.0,0.0,0.0,,,,0.0,NORMAL,Setoran sesuai dengan yang seharusnya (selisih dalam toleransi 2% / Rp10.000).,0.0,0.0
831,EMP-0758,12,0,0,0,267196000.0,266715000.0,0.0,0.0,,,,0.0,NORMAL,Setoran sesuai dengan yang seharusnya (selisih dalam toleransi 2% / Rp10.000).,0.0,0.0
832,EMP-0759,12,0,0,0,293254000.0,294068000.0,0.0,0.0,,,,0.0,NORMAL,Setoran sesuai dengan yang seharusnya (selisih dalam toleransi 2% / Rp10.000).,0.0,0.0
833,EMP-0760,12,0,0,0,582373000.0,582427000.0,0.0,0.0,,,,0.0,NORMAL,Setoran sesuai dengan yang seharusnya (selisih dalam toleransi 2% / Rp10.000).,0.0,0.0
834,EMP-0761,12,0,0,0,496642000.0,493962000.0,0.0,0.0,,,,0.0,NORMAL,Setoran sesuai dengan yang seharusnya (selisih dalam toleransi 2% / Rp10.000).,0.0,0.0
835,EMP-0762,2,0,0,0,48476000.0,48590000.0,0.0,0.0,,,,0.0,NORMAL,Setoran sesuai dengan yang seharusnya (selisih dalam toleransi 2% / Rp10.000).,0.0,0.0
836,EMP-0764,12,0,0,0,313450000.0,314269000.0,0.0,0.0,,,,0.0,NORMAL,Setoran sesuai dengan yang seharusnya (selisih dalam toleransi 2% / Rp10.000).,0.0,0.0
837,EMP-0766,12,0,0,0,914904000.0,914722000.0,0.0,0.0,,,,0.0,NORMAL,Setoran sesuai dengan yang seharusnya (selisih dalam toleransi 2% / Rp10.000).,0.0,0.0
838,EMP-0767,12,0,0,0,774146000.0,771189000.0,0.0,0.0,,,,0.0,NORMAL,Setoran sesuai dengan yang seharusnya (selisih dalam toleransi 2% / Rp10.000).,0.0,0.0
839,EMP-0769,12,0,0,0,714839000.0,715155000.0,0.0,0.0,,,,0.0,NORMAL,Setoran sesuai dengan yang seharusnya (selisih dalam toleransi 2% / Rp10.000).,0.0,0.0
840,EMP-0770,12,0,0,0,823106000.0,822875000.0,0.0,0.0,,,,0.0,NORMAL,Setoran sesuai dengan yang seharusnya (selisih dalam toleransi 2% / Rp10.000).,0.0,0.0
841,EMP-0771,12,0,0,0,818287000.0,817427000.0,0.0,0.0,,,,0.0,NORMAL,Setoran sesuai dengan yang seharusnya (selisih dalam toleransi 2% / Rp10.000).,0.0,0.0
842,EMP-0772,12,0,0,0,974683000.0,976466000.0,0.0,0.0,,,,0.0,NORMAL,Setoran sesuai dengan yang seharusnya (selisih dalam toleransi 2% / Rp10.000).,0.0,0.0
843,EMP-0773,12,0,0,0,264398000.0,265258000.0,0.0,0.0,,,,0.0,NORMAL,Setoran sesuai dengan yang seharusnya (selisih dalam toleransi 2% / Rp10.000).,0.0,0.0
844,EMP-0774,12,0,0,0,662251000.0,663120000.0,0.0,0.0,,,,0.0,NORMAL,Setoran sesuai dengan yang seharusnya (selisih dalam toleransi 2% / Rp10.000).,0.0,0.0
845,EMP-0775,12,0,0,0,777996000.0,779129000.0,0.0,0.0,,,,0.0,NORMAL,Setoran sesuai dengan yang seharusnya (selisih dalam toleransi 2% / Rp10.000).,0.0,0.0
846,EMP-0776,12,0,0,0,843181000.0,844380000.0,0.0,0.0,,,,0.0,NORMAL,Setoran sesuai dengan yang seharusnya (selisih dalam toleransi 2% / Rp10.000).,0.0,0.0
847,EMP-0777,12,0,0,0,394471000.0,393952000.0,0.0,0.0,,,,0.0,NORMAL,Setoran sesuai dengan yang seharusnya (selisih dalam toleransi 2% / Rp10.000).,0.0,0.0
848,EMP-0778,12,0,0,0,542507000.0,541737000.0,0.0,0.0,,,,0.0,NORMAL,Setoran sesuai dengan yang seharusnya (selisih dalam toleransi 2% / Rp10.000).,0.0,0.0
849,EMP-0779,12,0,0,0,787992000.0,788191000.0,0.0,0.0,,,,0.0,NORMAL,Setoran sesuai dengan yang seharusnya (selisih dalam toleransi 2% / Rp10.000).,0.0,0.0
850,EMP-0780,12,0,0,0,741751000.0,742980000.0,0.0,0.0,,,,0.0,NORMAL,Setoran sesuai dengan yang seharusnya (selisih dalam toleransi 2% / Rp10.000).,0.0,0.0
851,EMP-0781,12,0,0,0,759433000.0,760433000.0,0.0,0.0,,,,0.0,NORMAL,Setoran sesuai dengan yang seharusnya (selisih dalam toleransi 2% / Rp10.000).,0.0,0.0
852,EMP-0782,12,0,0,0,353869000.0,353895000.0,0.0,0.0,,,,0.0,NORMAL,Setoran sesuai dengan yang seharusnya (selisih dalam toleransi 2% / Rp10.000).,0.0,0.0
853,EMP-0783,12,0,0,0,1326881000.0,1327204000.0,0.0,0.0,,,,0.0,NORMAL,Setoran sesuai dengan yang seharusnya (selisih dalam toleransi 2% / Rp10.000).,0.0,0.0
854,EMP-0784,12,0,0,0,2827466000.0,2832481000.0,0.0,0.0,,,,0.0,NORMAL,Setoran sesuai dengan yang seharusnya (selisih dalam toleransi 2% / Rp10.000).,0.0,0.0
855,EMP-0786,12,0,0,0,2652948000.0,2667464000.0,0.0,0.0,,,,0.0,NORMAL,Setoran sesuai dengan yang seharusnya (selisih dalam toleransi 2% / Rp10.000).,0.0,0.0
856,EMP-0788,12,0,0,0,3180174000.0,3188997000.0,0.0,0.0,,,,0.0,NORMAL,Setoran sesuai dengan yang seharusnya (selisih dalam toleransi 2% / Rp10.000).,0.0,0.0
857,EMP-0789,2,0,0,0,287870000.0,285305000.0,0.0,0.0,,,,0.0,NORMAL,Setoran sesuai dengan yang seharusnya (selisih dalam toleransi 2% / Rp10.000).,0.0,0.0
858,EMP-0790,12,0,0,0,1176109000.0,1176604000.0,0.0,0.0,,,,0.0,NORMAL,Setoran sesuai dengan yang seharusnya (selisih dalam toleransi 2% / Rp10.000).,0.0,0.0
859,EMP-0791,12,0,0,0,2239339000.0,2247289000.0,0.0,0.0,,,,0.0,NORMAL,Setoran sesuai dengan yang seharusnya (selisih dalam toleransi 2% / Rp10.000).,0.0,0.0
860,EMP-0792,12,0,0,0,2925993000.0,2914561000.0,0.0,0.0,,,,0.0,NORMAL,Setoran sesuai dengan yang seharusnya (selisih dalam toleransi 2% / Rp10.000).,0.0,0.0
861,EMP-0793,2,0,0,0,448046000.0,446252000.0,0.0,0.0,,,,0.0,NORMAL,Setoran sesuai dengan yang seharusnya (selisih dalam toleransi 2% / Rp10.000).,0.0,0.0
862,EMP-0795,12,0,0,0,3252569000.0,3249799000.0,0.0,0.0,,,,0.0,NORMAL,Setoran sesuai dengan yang seharusnya (selisih dalam toleransi 2% / Rp10.000).,0.0,0.0
863,EMP-0798,12,0,0,0,2401862000.0,2405598000.0,0.0,0.0,,,,0.0,NORMAL,Setoran sesuai dengan yang seharusnya (selisih dalam toleransi 2% / Rp10.000).,0.0,0.0
864,EMP-0800,12,0,0,0,2249261000.0,2243508000.0,0.0,0.0,,,,0.0,NORMAL,Setoran sesuai dengan yang seharusnya (selisih dalam toleransi 2% / Rp10.000).,0.0,0.0
865,EMP-0802,12,0,0,0,2836291000.0,2831455000.0,0.0,0.0,,,,0.0,NORMAL,Setoran sesuai dengan yang seharusnya (selisih dalam toleransi 2% / Rp10.000).,0.0,0.0
866,EMP-0803,12,0,0,0,2260671000.0,2257340000.0,0.0,0.0,,,,0.0,NORMAL,Setoran sesuai dengan yang seharusnya (selisih dalam toleransi 2% / Rp10.000).,0.0,0.0
867,EMP-0804,12,0,0,0,3616437000.0,3614363000.0,0.0,0.0,,,,0.0,NORMAL,Setoran sesuai dengan yang seharusnya (selisih dalam toleransi 2% / Rp10.000).,0.0,0.0
868,EMP-0805,12,0,0,0,1181819000.0,1179450000.0,0.0,0.0,,,,0.0,NORMAL,Setoran sesuai dengan yang seharusnya (selisih dalam toleransi 2% / Rp10.000).,0.0,0.0
869,EMP-0806,12,0,0,0,2956950000.0,2970582000.0,0.0,0.0,,,,0.0,NORMAL,Setoran sesuai dengan yang seharusnya (selisih dalam toleransi 2% / Rp10.000).,0.0,0.0
870,EMP-0807,12,0,0,0,2237752000.0,2240306000.0,0.0,0.0,,,,0.0,NORMAL,Setoran sesuai dengan yang seharusnya (selisih dalam toleransi 2% / Rp10.000).,0.0,0.0
871,EMP-0808,12,0,0,0,1259758000.0,1263694000.0,0.0,0.0,,,,0.0,NORMAL,Setoran sesuai dengan yang seharusnya (selisih dalam toleransi 2% / Rp10.000).,0.0,0.0
872,EMP-0809,12,0,0,0,2336403000.0,2340722000.0,0.0,0.0,,,,0.0,NORMAL,Setoran sesuai dengan yang seharusnya (selisih dalam toleransi 2% / Rp10.000).,0.0,0.0
873,EMP-0810,12,0,0,0,1320825000.0,1320230000.0,0.0,0.0,,,,0.0,NORMAL,Setoran sesuai dengan yang seharusnya (selisih dalam toleransi 2% / Rp10.000).,0.0,0.0
874,EMP-0811,2,0,0,0,594806000.0,597137000.0,0.0,0.0,,,,0.0,NORMAL,Setoran sesuai dengan yang seharusnya (selisih dalam toleransi 2% / Rp10.000).,0.0,0.0
875,EMP-0813,12,0,0,0,2066335000.0,2070637000.0,0.0,0.0,,,,0.0,NORMAL,Setoran sesuai dengan yang seharusnya (selisih dalam toleransi 2% / Rp10.000).,0.0,0.0
876,EMP-0814,12,0,0,0,2209427000.0,2212543000.0,0.0,0.0,,,,0.0,NORMAL,Setoran sesuai dengan yang seharusnya (selisih dalam toleransi 2% / Rp10.000).,0.0,0.0
877,EMP-0815,12,0,0,0,3621636000.0,3613163000.0,0.0,0.0,,,,0.0,NORMAL,Setoran sesuai dengan yang seharusnya (selisih dalam toleransi 2% / Rp10.000).,0.0,0.0
878,EMP-0816,12,0,0,0,1678258000.0,1685083000.0,0.0,0.0,,,,0.0,NORMAL,Setoran sesuai dengan yang seharusnya (selisih dalam toleransi 2% / Rp10.000).,0.0,0.0
879,EMP-0819,12,0,0,0,139436000.0,139646000.0,0.0,0.0,,,,0.0,NORMAL,Setoran sesuai dengan yang seharusnya (selisih dalam toleransi 2% / Rp10.000).,0.0,0.0
880,EMP-0820,12,0,0,0,146548000.0,146622000.0,0.0,0.0,,,,0.0,NORMAL,Setoran sesuai dengan yang seharusnya (selisih dalam toleransi 2% / Rp10.000).,0.0,0.0
881,EMP-0822,12,0,0,0,117187000.0,116955000.0,0.0,0.0,,,,0.0,NORMAL,Setoran sesuai dengan yang seharusnya (selisih dalam toleransi 2% / Rp10.000).,0.0,0.0
882,EMP-0824,12,0,0,0,167678000.0,167859000.0,0.0,0.0,,,,0.0,NORMAL,Setoran sesuai dengan yang seharusnya (selisih dalam toleransi 2% / Rp10.000).,0.0,0.0
883,EMP-0825,12,0,0,0,192751000.0,192791000.0,0.0,0.0,,,,0.0,NORMAL,Setoran sesuai dengan yang seharusnya (selisih dalam toleransi 2% / Rp10.000).,0.0,0.0
884,EMP-0827,12,0,0,0,127498000.0,127565000.0,0.0,0.0,,,,0.0,NORMAL,Setoran sesuai dengan yang seharusnya (selisih dalam toleransi 2% / Rp10.000).,0.0,0.0
885,EMP-0828,12,0,0,0,70107000.0,70014000.0,0.0,0.0,,,,0.0,NORMAL,Setoran sesuai dengan yang seharusnya (selisih dalam toleransi 2% / Rp10.000).,0.0,0.0
886,EMP-0830,12,0,0,0,126731000.0,126897000.0,0.0,0.0,,,,0.0,NORMAL,Setoran sesuai dengan yang seharusnya (selisih dalam toleransi 2% / Rp10.000).,0.0,0.0
887,EMP-0831,12,0,0,0,68785000.0,68574000.0,0.0,0.0,,,,0.0,NORMAL,Setoran sesuai dengan yang seharusnya (selisih dalam toleransi 2% / Rp10.000).,0.0,0.0
888,EMP-0832,12,0,0,0,102377000.0,102326000.0,0.0,0.0,,,,0.0,NORMAL,Setoran sesuai dengan yang seharusnya (selisih dalam toleransi 2% / Rp10.000).,0.0,0.0
889,EMP-0833,12,0,0,0,170646000.0,171955000.0,0.0,0.0,,,,0.0,NORMAL,Setoran sesuai dengan yang seharusnya (selisih dalam toleransi 2% / Rp10.000).,0.0,0.0
890,EMP-0834,12,0,0,0,124408000.0,124331000.0,0.0,0.0,,,,0.0,NORMAL,Setoran sesuai dengan yang seharusnya (selisih dalam toleransi 2% / Rp10.000).,0.0,0.0
891,EMP-0835,12,0,0,0,195490000.0,196042000.0,0.0,0.0,,,,0.0,NORMAL,Setoran sesuai dengan yang seharusnya (selisih dalam toleransi 2% / Rp10.000).,0.0,0.0
892,EMP-0837,12,0,0,0,74293000.0,74253000.0,0.0,0.0,,,,0.0,NORMAL,Setoran sesuai dengan yang seharusnya (selisih dalam toleransi 2% / Rp10.000).,0.0,0.0
893,EMP-0839,2,0,0,0,28057000.0,28211000.0,0.0,0.0,,,,0.0,NORMAL,Setoran sesuai dengan yang seharusnya (selisih dalam toleransi 2% / Rp10.000).,0.0,0.0
894,EMP-0842,12,0,0,0,68216000.0,68374000.0,0.0,0.0,,,,0.0,NORMAL,Setoran sesuai dengan yang seharusnya (selisih dalam toleransi 2% / Rp10.000).,0.0,0.0
895,EMP-0845,12,0,0,0,142809000.0,142301000.0,0.0,0.0,,,,0.0,NORMAL,Setoran sesuai dengan yang seharusnya (selisih dalam toleransi 2% / Rp10.000).,0.0,0.0
896,EMP-0847,12,0,0,0,117187000.0,117226000.0,0.0,0.0,,,,0.0,NORMAL,Setoran sesuai dengan yang seharusnya (selisih dalam toleransi 2% / Rp10.000).,0.0,0.0
897,EMP-0848,12,0,0,0,49872000.0,49879000.0,0.0,0.0,,,,0.0,NORMAL,Setoran sesuai dengan yang seharusnya (selisih dalam toleransi 2% / Rp10.000).,0.0,0.0
898,EMP-0849,12,0,0,0,125442000.0,125890000.0,0.0,0.0,,,,0.0,NORMAL,Setoran sesuai dengan yang seharusnya (selisih dalam toleransi 2% / Rp10.000).,0.0,0.0
899,EMP-0851,12,0,0,0,144762000.0,145023000.0,0.0,0.0,,,,0.0,NORMAL,Setoran sesuai dengan yang seharusnya (selisih dalam toleransi 2% / Rp10.000).,0.0,0.0
900,EMP-0852,12,0,0,0,214956000.0,215719000.0,0.0,0.0,,,,0.0,NORMAL,Setoran sesuai dengan yang seharusnya (selisih dalam toleransi 2% / Rp10.000).,0.0,0.0
901,EMP-0853,12,0,0,0,181724000.0,182085000.0,0.0,0.0,,,,0.0,NORMAL,Setoran sesuai dengan yang seharusnya (selisih dalam toleransi 2% / Rp10.000).,0.0,0.0
902,EMP-0855,12,0,0,0,187584000.0,187380000.0,0.0,0.0,,,,0.0,NORMAL,Setoran sesuai dengan yang seharusnya (selisih dalam toleransi 2% / Rp10.000).,0.0,0.0
903,EMP-0857,12,0,0,0,146789000.0,147390000.0,0.0,0.0,,,,0.0,NORMAL,Setoran sesuai dengan yang seharusnya (selisih dalam toleransi 2% / Rp10.000).,0.0,0.0
904,EMP-0858,12,0,0,0,180368000.0,181153000.0,0.0,0.0,,,,0.0,NORMAL,Setoran sesuai dengan yang seharusnya (selisih dalam toleransi 2% / Rp10.000).,0.0,0.0
905,EMP-0859,12,0,0,0,161113000.0,161108000.0,0.0,0.0,,,,0.0,NORMAL,Setoran sesuai dengan yang seharusnya (selisih dalam toleransi 2% / Rp10.000).,0.0,0.0
906,EMP-0862,2,0,0,0,60041000.0,59619000.0,0.0,0.0,,,,0.0,NORMAL,Setoran sesuai dengan yang seharusnya (selisih dalam toleransi 2% / Rp10.000).,0.0,0.0
907,EMP-0863,12,0,0,0,342183000.0,340738000.0,0.0,0.0,,,,0.0,NORMAL,Setoran sesuai dengan yang seharusnya (selisih dalam toleransi 2% / Rp10.000).,0.0,0.0
908,EMP-0864,12,0,0,0,438799000.0,439750000.0,0.0,0.0,,,,0.0,NORMAL,Setoran sesuai dengan yang seharusnya (selisih dalam toleransi 2% / Rp10.000).,0.0,0.0
909,EMP-0865,12,0,0,0,368985000.0,369102000.0,0.0,0.0,,,,0.0,NORMAL,Setoran sesuai dengan yang seharusnya (selisih dalam toleransi 2% / Rp10.000).,0.0,0.0
910,EMP-0866,12,0,0,0,127938000.0,127859000.0,0.0,0.0,,,,0.0,NORMAL,Setoran sesuai dengan yang seharusnya (selisih dalam toleransi 2% / Rp10.000).,0.0,0.0
911,EMP-0871,12,0,0,0,407641000.0,407574000.0,0.0,0.0,,,,0.0,NORMAL,Setoran sesuai dengan yang seharusnya (selisih dalam toleransi 2% / Rp10.000).,0.0,0.0
912,EMP-0872,12,0,0,0,299241000.0,298792000.0,0.0,0.0,,,,0.0,NORMAL,Setoran sesuai dengan yang seharusnya (selisih dalam toleransi 2% / Rp10.000).,0.0,0.0
913,EMP-0873,12,0,0,0,169643000.0,169573000.0,0.0,0.0,,,,0.0,NORMAL,Setoran sesuai dengan yang seharusnya (selisih dalam toleransi 2% / Rp10.000).,0.0,0.0
914,EMP-0875,12,0,0,0,193764000.0,194365000.0,0.0,0.0,,,,0.0,NORMAL,Setoran sesuai dengan yang seharusnya (selisih dalam toleransi 2% / Rp10.000).,0.0,0.0
915,EMP-0876,12,0,0,0,462225000.0,462901000.0,0.0,0.0,,,,0.0,NORMAL,Setoran sesuai dengan yang seharusnya (selisih dalam toleransi 2% / Rp10.000).,0.0,0.0
916,EMP-0877,12,0,0,0,388111000.0,389865000.0,0.0,0.0,,,,0.0,NORMAL,Setoran sesuai dengan yang seharusnya (selisih dalam toleransi 2% / Rp10.000).,0.0,0.0
917,EMP-0878,12,0,0,0,198879000.0,198990000.0,0.0,0.0,,,,0.0,NORMAL,Setoran sesuai dengan yang seharusnya (selisih dalam toleransi 2% / Rp10.000).,0.0,0.0
918,EMP-0879,12,0,0,0,445199000.0,446233000.0,0.0,0.0,,,,0.0,NORMAL,Setoran sesuai dengan yang seharusnya (selisih dalam toleransi 2% / Rp10.000).,0.0,0.0
919,EMP-0880,12,0,0,0,340453000.0,341196000.0,0.0,0.0,,,,0.0,NORMAL,Setoran sesuai dengan yang seharusnya (selisih dalam toleransi 2% / Rp10.000).,0.0,0.0
920,EMP-0881,12,0,0,0,131337000.0,131701000.0,0.0,0.0,,,,0.0,NORMAL,Setoran sesuai dengan yang seharusnya (selisih dalam toleransi 2% / Rp10.000).,0.0,0.0
921,EMP-0882,12,0,0,0,301261000.0,301736000.0,0.0,0.0,,,,0.0,NORMAL,Setoran sesuai dengan yang seharusnya (selisih dalam toleransi 2% / Rp10.000).,0.0,0.0
922,EMP-0883,12,0,0,0,275872000.0,275990000.0,0.0,0.0,,,,0.0,NORMAL,Setoran sesuai dengan yang seharusnya (selisih dalam toleransi 2% / Rp10.000).,0.0,0.0
923,EMP-0885,12,0,0,0,998039000.0,996014000.0,0.0,0.0,,,,0.0,NORMAL,Setoran sesuai dengan yang seharusnya (selisih dalam toleransi 2% / Rp10.000).,0.0,0.0
924,EMP-0886,12,0,0,0,1205800000.0,1203539000.0,0.0,0.0,,,,0.0,NORMAL,Setoran sesuai dengan yang seharusnya (selisih dalam toleransi 2% / Rp10.000).,0.0,0.0
925,EMP-0888,12,0,0,0,986854000.0,986308000.0,0.0,0.0,,,,0.0,NORMAL,Setoran sesuai dengan yang seharusnya (selisih dalam toleransi 2% / Rp10.000).,0.0,0.0
926,EMP-0889,12,0,0,0,1266444000.0,1266097000.0,0.0,0.0,,,,0.0,NORMAL,Setoran sesuai dengan yang seharusnya (selisih dalam toleransi 2% / Rp10.000).,0.0,0.0
927,EMP-0890,12,0,0,0,865286000.0,868296000.0,0.0,0.0,,,,0.0,NORMAL,Setoran sesuai dengan yang seharusnya (selisih dalam toleransi 2% / Rp10.000).,0.0,0.0
928,EMP-0891,12,0,0,0,1334905000.0,1340169000.0,0.0,0.0,,,,0.0,NORMAL,Setoran sesuai dengan yang seharusnya (selisih dalam toleransi 2% / Rp10.000).,0.0,0.0
929,EMP-0892,12,0,0,0,937051000.0,940882000.0,0.0,0.0,,,,0.0,NORMAL,Setoran sesuai dengan yang seharusnya (selisih dalam toleransi 2% / Rp10.000).,0.0,0.0
930,EMP-0894,12,0,0,0,1433002000.0,1434421000.0,0.0,0.0,,,,0.0,NORMAL,Setoran sesuai dengan yang seharusnya (selisih dalam toleransi 2% / Rp10.000).,0.0,0.0
931,EMP-0895,12,0,0,0,512969000.0,514405000.0,0.0,0.0,,,,0.0,NORMAL,Setoran sesuai dengan yang seharusnya (selisih dalam toleransi 2% / Rp10.000).,0.0,0.0
932,EMP-0896,12,0,0,0,803261000.0,804044000.0,0.0,0.0,,,,0.0,NORMAL,Setoran sesuai dengan yang seharusnya (selisih dalam toleransi 2% / Rp10.000).,0.0,0.0
933,EMP-0897,12,0,0,0,1721292000.0,1721171000.0,0.0,0.0,,,,0.0,NORMAL,Setoran sesuai dengan yang seharusnya (selisih dalam toleransi 2% / Rp10.000).,0.0,0.0
934,EMP-0898,12,0,0,0,1207972000.0,1205667000.0,0.0,0.0,,,,0.0,NORMAL,Setoran sesuai dengan yang seharusnya (selisih dalam toleransi 2% / Rp10.000).,0.0,0.0
935,EMP-0899,12,0,0,0,1374417000.0,1376650000.0,0.0,0.0,,,,0.0,NORMAL,Setoran sesuai dengan yang seharusnya (selisih dalam toleransi 2% / Rp10.000).,0.0,0.0
936,EMP-0900,12,0,0,0,1024743000.0,1025879000.0,0.0,0.0,,,,0.0,NORMAL,Setoran sesuai dengan yang seharusnya (selisih dalam toleransi 2% / Rp10.000).,0.0,0.0
937,EMP-0901,12,0,0,0,1152150000.0,1151524000.0,0.0,0.0,,,,0.0,NORMAL,Setoran sesuai dengan yang seharusnya (selisih dalam toleransi 2% / Rp10.000).,0.0,0.0
938,EMP-0902,12,0,0,0,1384924000.0,1390692000.0,0.0,0.0,,,,0.0,NORMAL,Setoran sesuai dengan yang seharusnya (selisih dalam toleransi 2% / Rp10.000).,0.0,0.0
939,EMP-0903,12,0,0,0,1465028000.0,1467563000.0,0.0,0.0,,,,0.0,NORMAL,Setoran sesuai dengan yang seharusnya (selisih dalam toleransi 2% / Rp10.000).,0.0,0.0
940,EMP-0904,12,0,0,0,1191639000.0,1191490000.0,0.0,0.0,,,,0.0,NORMAL,Setoran sesuai dengan yang seharusnya (selisih dalam toleransi 2% / Rp10.000).,0.0,0.0
941,EMP-0905,12,0,0,0,736881000.0,736785000.0,0.0,0.0,,,,0.0,NORMAL,Setoran sesuai dengan yang seharusnya (selisih dalam toleransi 2% / Rp10.000).,0.0,0.0
942,EMP-0906,12,0,0,0,720138000.0,722553000.0,0.0,0.0,,,,0.0,NORMAL,Setoran sesuai dengan yang seharusnya (selisih dalam toleransi 2% / Rp10.000).,0.0,0.0
943,EMP-0907,12,0,0,0,1536588000.0,1530627000.0,0.0,0.0,,,,0.0,NORMAL,Setoran sesuai dengan yang seharusnya (selisih dalam toleransi 2% / Rp10.000).,0.0,0.0
944,EMP-0908,12,0,0,0,740109000.0,738655000.0,0.0,0.0,,,,0.0,NORMAL,Setoran sesuai dengan yang seharusnya (selisih dalam toleransi 2% / Rp10.000).,0.0,0.0
945,EMP-0909,12,0,0,0,962634000.0,964882000.0,0.0,0.0,,,,0.0,NORMAL,Setoran sesuai dengan yang seharusnya (selisih dalam toleransi 2% / Rp10.000).,0.0,0.0
946,EMP-0910,12,0,0,0,531534000.0,533750000.0,0.0,0.0,,,,0.0,NORMAL,Setoran sesuai dengan yang seharusnya (selisih dalam toleransi 2% / Rp10.000).,0.0,0.0
947,EMP-0912,12,0,0,0,1187915000.0,1190233000.0,0.0,0.0,,,,0.0,NORMAL,Setoran sesuai dengan yang seharusnya (selisih dalam toleransi 2% / Rp10.000).,0.0,0.0
948,EMP-0913,12,0,0,0,1457917000.0,1460322000.0,0.0,0.0,,,,0.0,NORMAL,Setoran sesuai dengan yang seharusnya (selisih dalam toleransi 2% / Rp10.000).,0.0,0.0
949,EMP-0914,12,0,0,0,656051000.0,653719000.0,0.0,0.0,,,,0.0,NORMAL,Setoran sesuai dengan yang seharusnya (selisih dalam toleransi 2% / Rp10.000).,0.0,0.0
950,EMP-0916,12,0,0,0,670390000.0,670898000.0,0.0,0.0,,,,0.0,NORMAL,Setoran sesuai dengan yang seharusnya (selisih dalam toleransi 2% / Rp10.000).,0.0,0.0
951,EMP-0918,12,0,0,0,573256000.0,571435000.0,0.0,0.0,,,,0.0,NORMAL,Setoran sesuai dengan yang seharusnya (selisih dalam toleransi 2% / Rp10.000).,0.0,0.0
952,EMP-0919,12,0,0,0,35449000.0,35516000.0,0.0,0.0,,,,0.0,NORMAL,Setoran sesuai dengan yang seharusnya (selisih dalam toleransi 2% / Rp10.000).,0.0,0.0
953,EMP-0920,12,0,0,0,42430000.0,42552000.0,0.0,0.0,,,,0.0,NORMAL,Setoran sesuai dengan yang seharusnya (selisih dalam toleransi 2% / Rp10.000).,0.0,0.0
954,EMP-0923,12,0,0,0,32540000.0,32646000.0,0.0,0.0,,,,0.0,NORMAL,Setoran sesuai dengan yang seharusnya (selisih dalam toleransi 2% / Rp10.000).,0.0,0.0
955,EMP-0924,12,0,0,0,57154000.0,57000000.0,0.0,0.0,,,,0.0,NORMAL,Setoran sesuai dengan yang seharusnya (selisih dalam toleransi 2% / Rp10.000).,0.0,0.0
956,EMP-0926,12,0,0,0,39479000.0,39689000.0,0.0,0.0,,,,0.0,NORMAL,Setoran sesuai dengan yang seharusnya (selisih dalam toleransi 2% / Rp10.000).,0.0,0.0
957,EMP-0927,12,0,0,0,63861000.0,63767000.0,0.0,0.0,,,,0.0,NORMAL,Setoran sesuai dengan yang seharusnya (selisih dalam toleransi 2% / Rp10.000).,0.0,0.0
958,EMP-0928,12,0,0,0,53229000.0,53287000.0,0.0,0.0,,,,0.0,NORMAL,Setoran sesuai dengan yang seharusnya (selisih dalam toleransi 2% / Rp10.000).,0.0,0.0
959,EMP-0930,2,0,0,0,9482000.0,9477000.0,0.0,0.0,,,,0.0,NORMAL,Setoran sesuai dengan yang seharusnya (selisih dalam toleransi 2% / Rp10.000).,0.0,0.0
960,EMP-0931,12,0,0,0,24439000.0,24350000.0,0.0,0.0,,,,0.0,NORMAL,Setoran sesuai dengan yang seharusnya (selisih dalam toleransi 2% / Rp10.000).,0.0,0.0
961,EMP-0932,12,0,0,0,51803000.0,51905000.0,0.0,0.0,,,,0.0,NORMAL,Setoran sesuai dengan yang seharusnya (selisih dalam toleransi 2% / Rp10.000).,0.0,0.0
962,EMP-0933,12,0,0,0,66947000.0,66727000.0,0.0,0.0,,,,0.0,NORMAL,Setoran sesuai dengan yang seharusnya (selisih dalam toleransi 2% / Rp10.000).,0.0,0.0
963,EMP-0934,12,0,0,0,52118000.0,52448000.0,0.0,0.0,,,,0.0,NORMAL,Setoran sesuai dengan yang seharusnya (selisih dalam toleransi 2% / Rp10.000).,0.0,0.0
964,EMP-0937,12,0,0,0,27047000.0,27007000.0,0.0,0.0,,,,0.0,NORMAL,Setoran sesuai dengan yang seharusnya (selisih dalam toleransi 2% / Rp10.000).,0.0,0.0
965,EMP-0938,12,0,0,0,52981000.0,52944000.0,0.0,0.0,,,,0.0,NORMAL,Setoran sesuai dengan yang seharusnya (selisih dalam toleransi 2% / Rp10.000).,0.0,0.0
966,EMP-0939,12,0,0,0,27024000.0,26996000.0,0.0,0.0,,,,0.0,NORMAL,Setoran sesuai dengan yang seharusnya (selisih dalam toleransi 2% / Rp10.000).,0.0,0.0
967,EMP-0941,12,0,0,0,47071000.0,47049000.0,0.0,0.0,,,,0.0,NORMAL,Setoran sesuai dengan yang seharusnya (selisih dalam toleransi 2% / Rp10.000).,0.0,0.0
968,EMP-0942,12,0,0,0,26869000.0,27054000.0,0.0,0.0,,,,0.0,NORMAL,Setoran sesuai dengan yang seharusnya (selisih dalam toleransi 2% / Rp10.000).,0.0,0.0
969,EMP-0945,12,0,0,0,51083000.0,51289000.0,0.0,0.0,,,,0.0,NORMAL,Setoran sesuai dengan yang seharusnya (selisih dalam toleransi 2% / Rp10.000).,0.0,0.0
970,EMP-0946,12,0,0,0,34008000.0,33971000.0,0.0,0.0,,,,0.0,NORMAL,Setoran sesuai dengan yang seharusnya (selisih dalam toleransi 2% / Rp10.000).,0.0,0.0
971,EMP-0948,12,0,0,0,24633000.0,24564000.0,0.0,0.0,,,,0.0,NORMAL,Setoran sesuai dengan yang seharusnya (selisih dalam toleransi 2% / Rp10.000).,0.0,0.0
972,EMP-0949,12,0,0,0,46695000.0,46803000.0,0.0,0.0,,,,0.0,NORMAL,Setoran sesuai dengan yang seharusnya (selisih dalam toleransi 2% / Rp10.000).,0.0,0.0
973,EMP-0950,12,0,0,0,66109000.0,66304000.0,0.0,0.0,,,,0.0,NORMAL,Setoran sesuai dengan yang seharusnya (selisih dalam toleransi 2% / Rp10.000).,0.0,0.0
974,EMP-0951,12,0,0,0,83105000.0,83038000.0,0.0,0.0,,,,0.0,NORMAL,Setoran sesuai dengan yang seharusnya (selisih dalam toleransi 2% / Rp10.000).,0.0,0.0
975,EMP-0952,12,0,0,0,32765000.0,32781000.0,0.0,0.0,,,,0.0,NORMAL,Setoran sesuai dengan yang seharusnya (selisih dalam toleransi 2% / Rp10.000).,0.0,0.0
976,EMP-0953,12,0,0,0,332175000.0,331852000.0,0.0,0.0,,,,0.0,NORMAL,Setoran sesuai dengan yang seharusnya (selisih dalam toleransi 2% / Rp10.000).,0.0,0.0
977,EMP-0954,12,0,0,0,176668000.0,176486000.0,0.0,0.0,,,,0.0,NORMAL,Setoran sesuai dengan yang seharusnya (selisih dalam toleransi 2% / Rp10.000).,0.0,0.0
978,EMP-0956,12,0,0,0,329220000.0,329729000.0,0.0,0.0,,,,0.0,NORMAL,Setoran sesuai dengan yang seharusnya (selisih dalam toleransi 2% / Rp10.000).,0.0,0.0
979,EMP-0958,12,0,0,0,122240000.0,121719000.0,0.0,0.0,,,,0.0,NORMAL,Setoran sesuai dengan yang seharusnya (selisih dalam toleransi 2% / Rp10.000).,0.0,0.0
980,EMP-0959,12,0,0,0,95276000.0,95266000.0,0.0,0.0,,,,0.0,NORMAL,Setoran sesuai dengan yang seharusnya (selisih dalam toleransi 2% / Rp10.000).,0.0,0.0
981,EMP-0960,12,0,0,0,145057000.0,146386000.0,0.0,0.0,,,,0.0,NORMAL,Setoran sesuai dengan yang seharusnya (selisih dalam toleransi 2% / Rp10.000).,0.0,0.0
982,EMP-0962,12,0,0,0,129228000.0,129439000.0,0.0,0.0,,,,0.0,NORMAL,Setoran sesuai dengan yang seharusnya (selisih dalam toleransi 2% / Rp10.000).,0.0,0.0
983,EMP-0964,12,0,0,0,364356000.0,364821000.0,0.0,0.0,,,,0.0,NORMAL,Setoran sesuai dengan yang seharusnya (selisih dalam toleransi 2% / Rp10.000).,0.0,0.0
984,EMP-0965,12,0,0,0,308267000.0,310357000.0,0.0,0.0,,,,0.0,NORMAL,Setoran sesuai dengan yang seharusnya (selisih dalam toleransi 2% / Rp10.000).,0.0,0.0
985,EMP-0966,12,0,0,0,282446000.0,282592000.0,0.0,0.0,,,,0.0,NORMAL,Setoran sesuai dengan yang seharusnya (selisih dalam toleransi 2% / Rp10.000).,0.0,0.0
986,EMP-0970,12,0,0,0,179155000.0,179465000.0,0.0,0.0,,,,0.0,NORMAL,Setoran sesuai dengan yang seharusnya (selisih dalam toleransi 2% / Rp10.000).,0.0,0.0
987,EMP-0971,12,0,0,0,225893000.0,225245000.0,0.0,0.0,,,,0.0,NORMAL,Setoran sesuai dengan yang seharusnya (selisih dalam toleransi 2% / Rp10.000).,0.0,0.0
988,EMP-0975,12,0,0,0,251867000.0,252352000.0,0.0,0.0,,,,0.0,NORMAL,Setoran sesuai dengan yang seharusnya (selisih dalam toleransi 2% / Rp10.000).,0.0,0.0
989,EMP-0976,12,0,0,0,344875000.0,344815000.0,0.0,0.0,,,,0.0,NORMAL,Setoran sesuai dengan yang seharusnya (selisih dalam toleransi 2% / Rp10.000).,0.0,0.0
990,EMP-0979,12,0,0,0,107112000.0,106784000.0,0.0,0.0,,,,0.0,NORMAL,Setoran sesuai dengan yang seharusnya (selisih dalam toleransi 2% / Rp10.000).,0.0,0.0
991,EMP-0981,12,0,0,0,279856000.0,281146000.0,0.0,0.0,,,,0.0,NORMAL,Setoran sesuai dengan yang seharusnya (selisih dalam toleransi 2% / Rp10.000).,0.0,0.0
992,EMP-0984,12,0,0,0,100913000.0,100522000.0,0.0,0.0,,,,0.0,NORMAL,Setoran sesuai dengan yang seharusnya (selisih dalam toleransi 2% / Rp10.000).,0.0,0.0
993,EMP-0985,12,0,0,0,305989000.0,304506000.0,0.0,0.0,,,,0.0,NORMAL,Setoran sesuai dengan yang seharusnya (selisih dalam toleransi 2% / Rp10.000).,0.0,0.0
994,EMP-0986,12,0,0,0,272483000.0,272733000.0,0.0,0.0,,,,0.0,NORMAL,Setoran sesuai dengan yang seharusnya (selisih dalam toleransi 2% / Rp10.000).,0.0,0.0
995,EMP-0987,12,0,0,0,1352243000.0,1350626000.0,0.0,0.0,,,,0.0,NORMAL,Setoran sesuai dengan yang seharusnya (selisih dalam toleransi 2% / Rp10.000).,0.0,0.0
996,EMP-0989,12,0,0,0,638152000.0,637624000.0,0.0,0.0,,,,0.0,NORMAL,Setoran sesuai dengan yang seharusnya (selisih dalam toleransi 2% / Rp10.000).,0.0,0.0
997,EMP-0990,12,0,0,0,896006000.0,894156000.0,0.0,0.0,,,,0.0,NORMAL,Setoran sesuai dengan yang seharusnya (selisih dalam toleransi 2% / Rp10.000).,0.0,0.0
998,EMP-0991,12,0,0,0,1139362000.0,1138678000.0,0.0,0.0,,,,0.0,NORMAL,Setoran sesuai dengan yang seharusnya (selisih dalam toleransi 2% / Rp10.000).,0.0,0.0
999,EMP-0992,12,0,0,0,386353000.0,386462000.0,0.0,0.0,,,,0.0,NORMAL,Setoran sesuai dengan yang seharusnya (selisih dalam toleransi 2% / Rp10.000).,0.0,0.0
1000,EMP-0993,12,0,0,0,1407263000.0,1406338000.0,0.0,0.0,,,,0.0,NORMAL,Setoran sesuai dengan yang seharusnya (selisih dalam toleransi 2% / Rp10.000).,0.0,0.0
1001,EMP-0996,12,0,0,0,1292636000.0,1292433000.0,0.0,0.0,,,,0.0,NORMAL,Setoran sesuai dengan yang seharusnya (selisih dalam toleransi 2% / Rp10.000).,0.0,0.0
1002,EMP-0997,12,0,0,0,1194782000.0,1193730000.0,0.0,0.0,,,,0.0,NORMAL,Setoran sesuai dengan yang seharusnya (selisih dalam toleransi 2% / Rp10.000).,0.0,0.0
1003,EMP-0998,12,0,0,0,698676000.0,696821000.0,0.0,0.0,,,,0.0,NORMAL,Setoran sesuai dengan yang seharusnya (selisih dalam toleransi 2% / Rp10.000).,0.0,0.0
1004,EMP-0999,12,0,0,0,577208000.0,580112000.0,0.0,0.0,,,,0.0,NORMAL,Setoran sesuai dengan yang seharusnya (selisih dalam toleransi 2% / Rp10.000).,0.0,0.0
1005,EMP-1002,12,0,0,0,491165000.0,491148000.0,0.0,0.0,,,,0.0,NORMAL,Setoran sesuai dengan yang seharusnya (selisih dalam toleransi 2% / Rp10.000).,0.0,0.0
1006,EMP-1003,12,0,0,0,1260634000.0,1257231000.0,0.0,0.0,,,,0.0,NORMAL,Setoran sesuai dengan yang seharusnya (selisih dalam toleransi 2% / Rp10.000).,0.0,0.0
1007,EMP-1004,12,0,0,0,1228607000.0,1232217000.0,0.0,0.0,,,,0.0,NORMAL,Setoran sesuai dengan yang seharusnya (selisih dalam toleransi 2% / Rp10.000).,0.0,0.0
1008,EMP-1005,12,0,0,0,1170720000.0,1172376000.0,0.0,0.0,,,,0.0,NORMAL,Setoran sesuai dengan yang seharusnya (selisih dalam toleransi 2% / Rp10.000).,0.0,0.0
1009,EMP-1006,12,0,0,0,1252582000.0,1256041000.0,0.0,0.0,,,,0.0,NORMAL,Setoran sesuai dengan yang seharusnya (selisih dalam toleransi 2% / Rp10.000).,0.0,0.0
1010,EMP-1007,12,0,0,0,1388798000.0,1393941000.0,0.0,0.0,,,,0.0,NORMAL,Setoran sesuai dengan yang seharusnya (selisih dalam toleransi 2% / Rp10.000).,0.0,0.0
1011,EMP-1008,12,0,0,0,412635000.0,412450000.0,0.0,0.0,,,,0.0,NORMAL,Setoran sesuai dengan yang seharusnya (selisih dalam toleransi 2% / Rp10.000).,0.0,0.0
1012,EMP-1009,2,0,0,0,183602000.0,182511000.0,0.0,0.0,,,,0.0,NORMAL,Setoran sesuai dengan yang seharusnya (selisih dalam toleransi 2% / Rp10.000).,0.0,0.0
1013,EMP-1010,12,0,0,0,1153464000.0,1160941000.0,0.0,0.0,,,,0.0,NORMAL,Setoran sesuai dengan yang seharusnya (selisih dalam toleransi 2% / Rp10.000).,0.0,0.0
1014,EMP-1011,12,0,0,0,421810000.0,424630000.0,0.0,0.0,,,,0.0,NORMAL,Setoran sesuai dengan yang seharusnya (selisih dalam toleransi 2% / Rp10.000).,0.0,0.0
1015,EMP-1012,12,0,0,0,1452096000.0,1452319000.0,0.0,0.0,,,,0.0,NORMAL,Setoran sesuai dengan yang seharusnya (selisih dalam toleransi 2% / Rp10.000).,0.0,0.0
1016,EMP-1013,12,0,0,0,1069812000.0,1072433000.0,0.0,0.0,,,,0.0,NORMAL,Setoran sesuai dengan yang seharusnya (selisih dalam toleransi 2% / Rp10.000).,0.0,0.0
1017,EMP-1014,12,0,0,0,1040725000.0,1038812000.0,0.0,0.0,,,,0.0,NORMAL,Setoran sesuai dengan yang seharusnya (selisih dalam toleransi 2% / Rp10.000).,0.0,0.0
1018,EMP-1015,12,0,0,0,846995000.0,841978000.0,0.0,0.0,,,,0.0,NORMAL,Setoran sesuai dengan yang seharusnya (selisih dalam toleransi 2% / Rp10.000).,0.0,0.0
1019,EMP-1016,12,0,0,0,424625000.0,425331000.0,0.0,0.0,,,,0.0,NORMAL,Setoran sesuai dengan yang seharusnya (selisih dalam toleransi 2% / Rp10.000).,0.0,0.0
1020,EMP-1019,12,0,0,0,967770000.0,963980000.0,0.0,0.0,,,,0.0,NORMAL,Setoran sesuai dengan yang seharusnya (selisih dalam toleransi 2% / Rp10.000).,0.0,0.0
