employer_id,periode,rata2_DPI
EMP-0001,2025-01,4993700.0
EMP-0001,2025-02,4820000.0
EMP-0001,2025-03,4817900.0
EMP-0001,2025-04,4884900.0
EMP-0001,2025-05,4870600.0
EMP-0001,2025-06,4935500.0
EMP-0001,2025-07,4820600.0
EMP-0001,2025-08,4883600.0
EMP-0001,2025-09,4884800.0
EMP-0001,2025-10,4808400.0
EMP-0001,2025-11,4824500.0
EMP-0001,2025-12,4831900.0
EMP-0002,2025-01,4953400.0
EMP-0002,2025-02,4833000.0
EMP-0002,2025-03,4908800.0
EMP-0002,2025-04,5068000.0
EMP-0002,2025-05,4927300.0
EMP-0002,2025-06,4895000.0
EMP-0002,2025-07,4955400.0
EMP-0002,2025-08,4975500.0
EMP-0002,2025-09,4885500.0
EMP-0002,2025-10,4956200.0
EMP-0002,2025-11,4894900.0
EMP-0002,2025-12,4972200.0
EMP-0003,2025-01,4641500.0
EMP-0003,2025-02,4775300.0
EMP-0003,2025-03,4710500.0
EMP-0003,2025-04,4609400.0
EMP-0003,2025-05,4687600.0
EMP-0003,2025-06,4786700.0
EMP-0003,2025-07,4590400.0
EMP-0003,2025-08,4653300.0
EMP-0003,2025-09,4736000.0
EMP-0003,2025-10,4825900.0
EMP-0003,2025-11,4797200.0
EMP-0003,2025-12,4832700.0
EMP-0004,2025-01,4768000.0
EMP-0004,2025-02,4826800.0
EMP-0004,2025-03,4792500.0
EMP-0004,2025-04,4800900.0
EMP-0004,2025-05,4730000.0
EMP-0004,2025-06,4866800.0
EMP-0004,2025-07,4712400.0
EMP-0004,2025-08,4715800.0
EMP-0004,2025-09,4822000.0
EMP-0004,2025-10,4910900.0
EMP-0004,2025-11,4770200.0
EMP-0004,2025-12,4846000.0
EMP-0005,2025-01,5015900.0
EMP-0005,2025-02,5097900.0
EMP-0005,2025-03,5030700.0
EMP-0005,2025-04,4874000.0
EMP-0005,2025-05,4959200.0
EMP-0005,2025-06,4978800.0
EMP-0005,2025-07,4984500.0
EMP-0005,2025-08,5115200.0
EMP-0005,2025-09,5089000.0
EMP-0005,2025-10,5075700.0
EMP-0005,2025-11,5215900.0
EMP-0005,2025-12,5152600.0
EMP-0006,2025-01,4724200.0
EMP-0006,2025-02,4804100.0
EMP-0006,2025-03,4770600.0
EMP-0006,2025-04,4757900.0
EMP-0006,2025-05,4865000.0
EMP-0006,2025-06,4801100.0
EMP-0006,2025-07,4704600.0
EMP-0006,2025-08,4747700.0
EMP-0006,2025-09,4748400.0
EMP-0006,2025-10,4759600.0
EMP-0006,2025-11,4933900.0
EMP-0006,2025-12,4780300.0
EMP-0007,2025-01,4915700.0
EMP-0007,2025-02,4792700.0
EMP-0007,2025-03,4902400.0
EMP-0007,2025-04,4811400.0
EMP-0007,2025-05,5015000.0
EMP-0007,2025-06,4801900.0
EMP-0007,2025-07,4842900.0
EMP-0007,2025-08,4947200.0
EMP-0007,2025-09,5029200.0
EMP-0007,2025-10,4941800.0
EMP-0007,2025-11,4853600.0
EMP-0007,2025-12,4960500.0
EMP-0008,2025-01,5015900.0
EMP-0008,2025-02,5055900.0
EMP-0008,2025-03,5160600.0
EMP-0008,2025-04,5208200.0
EMP-0008,2025-05,5145800.0
EMP-0008,2025-06,5187200.0
EMP-0008,2025-07,5180100.0
EMP-0008,2025-08,5164700.0
EMP-0008,2025-09,5075100.0
EMP-0008,2025-10,5139100.0
EMP-0008,2025-11,5060500.0
EMP-0008,2025-12,5127100.0
EMP-0009,2025-01,5131300.0
EMP-0009,2025-02,5089900.0
EMP-0009,2025-03,5116000.0
EMP-0009,2025-04,4993400.0
EMP-0009,2025-05,5124000.0
EMP-0009,2025-06,4987200.0
EMP-0009,2025-07,5158600.0
EMP-0009,2025-08,5158700.0
EMP-0009,2025-09,5111800.0
EMP-0009,2025-10,5108900.0
EMP-0009,2025-11,5068200.0
EMP-0009,2025-12,5039200.0
EMP-0010,2025-01,4955800.0
EMP-0010,2025-02,5060500.0
EMP-0010,2025-03,4896900.0
EMP-0010,2025-04,5154400.0
EMP-0010,2025-05,5153600.0
EMP-0010,2025-06,5028100.0
EMP-0010,2025-07,5032800.0
EMP-0010,2025-08,5055500.0
EMP-0010,2025-09,5064900.0
EMP-0010,2025-10,5070600.0
EMP-0010,2025-11,5103300.0
EMP-0010,2025-12,5047900.0
EMP-0011,2025-01,5083400.0
EMP-0011,2025-02,5093600.0
EMP-0011,2025-03,5017700.0
EMP-0011,2025-04,4872100.0
EMP-0011,2025-05,5004300.0
EMP-0011,2025-06,4981600.0
EMP-0011,2025-07,5072400.0
EMP-0011,2025-08,5065500.0
EMP-0011,2025-09,5028300.0
EMP-0011,2025-10,5181800.0
EMP-0011,2025-11,5000400.0
EMP-0011,2025-12,4880300.0
EMP-0012,2025-01,5097900.0
EMP-0012,2025-02,4992600.0
EMP-0012,2025-03,4940400.0
EMP-0012,2025-04,5030000.0
EMP-0012,2025-05,5071100.0
EMP-0012,2025-06,5091600.0
EMP-0012,2025-07,5139900.0
EMP-0012,2025-08,5244100.0
EMP-0012,2025-09,5041100.0
EMP-0012,2025-10,4972300.0
EMP-0012,2025-11,5056300.0
EMP-0012,2025-12,5002200.0
EMP-0013,2025-01,4895400.0
EMP-0013,2025-02,5013600.0
EMP-0013,2025-03,4748800.0
EMP-0013,2025-04,4989000.0
EMP-0013,2025-05,4846000.0
EMP-0013,2025-06,4854300.0
EMP-0013,2025-07,4923500.0
EMP-0013,2025-08,4923000.0
EMP-0013,2025-09,4945200.0
EMP-0013,2025-10,4961100.0
EMP-0013,2025-11,4858000.0
EMP-0013,2025-12,4962000.0
EMP-0014,2025-01,4953300.0
EMP-0014,2025-02,4831700.0
EMP-0014,2025-03,4761900.0
EMP-0014,2025-04,4882700.0
EMP-0014,2025-05,4827800.0
EMP-0014,2025-06,4918000.0
EMP-0014,2025-07,4807300.0
EMP-0014,2025-08,4815600.0
EMP-0014,2025-09,4724300.0
EMP-0014,2025-10,4884500.0
EMP-0014,2025-11,4860300.0
EMP-0014,2025-12,4785200.0
EMP-0015,2025-01,5231500.0
EMP-0015,2025-02,5168300.0
EMP-0015,2025-03,5117100.0
EMP-0015,2025-04,5120300.0
EMP-0015,2025-05,5063600.0
EMP-0015,2025-06,5339500.0
EMP-0015,2025-07,5239600.0
EMP-0015,2025-08,5200400.0
EMP-0015,2025-09,5053000.0
EMP-0015,2025-10,5118800.0
EMP-0015,2025-11,5078400.0
EMP-0015,2025-12,5163600.0
EMP-0016,2025-01,4829400.0
EMP-0016,2025-02,4768000.0
EMP-0016,2025-03,4945300.0
EMP-0016,2025-04,4980000.0
EMP-0016,2025-05,4934400.0
EMP-0016,2025-06,4955800.0
EMP-0016,2025-07,4838000.0
EMP-0016,2025-08,4816700.0
EMP-0016,2025-09,4806300.0
EMP-0016,2025-10,4910100.0
EMP-0016,2025-11,4879700.0
EMP-0016,2025-12,4857500.0
EMP-0017,2025-01,4966800.0
EMP-0017,2025-02,5076200.0
EMP-0017,2025-03,5062900.0
EMP-0017,2025-04,4965700.0
EMP-0017,2025-05,5099800.0
EMP-0017,2025-06,5102100.0
EMP-0017,2025-07,5170300.0
EMP-0017,2025-08,5143500.0
EMP-0017,2025-09,4946900.0
EMP-0017,2025-10,5084400.0
EMP-0017,2025-11,5080900.0
EMP-0017,2025-12,4988600.0
EMP-0018,2025-01,5006600.0
EMP-0018,2025-02,4903600.0
EMP-0018,2025-03,4958500.0
EMP-0018,2025-04,4855100.0
EMP-0018,2025-05,4918600.0
EMP-0018,2025-06,4933200.0
EMP-0018,2025-07,4728300.0
EMP-0018,2025-08,4842800.0
EMP-0018,2025-09,4942500.0
EMP-0018,2025-10,4893100.0
EMP-0018,2025-11,4785600.0
EMP-0018,2025-12,4695400.0
EMP-0019,2025-11,5136300.0
EMP-0019,2025-12,5337600.0
EMP-0020,2025-01,4669800.0
EMP-0020,2025-02,4742700.0
EMP-0020,2025-03,4768500.0
EMP-0020,2025-04,4780200.0
EMP-0020,2025-05,4565300.0
EMP-0020,2025-06,4639200.0
EMP-0020,2025-07,4710900.0
EMP-0020,2025-08,4773200.0
EMP-0020,2025-09,4767300.0
EMP-0020,2025-10,4766000.0
EMP-0020,2025-11,4705300.0
EMP-0020,2025-12,4709300.0
EMP-0021,2025-01,4786200.0
EMP-0021,2025-02,4681000.0
EMP-0021,2025-03,4789400.0
EMP-0021,2025-04,4668000.0
EMP-0021,2025-05,4689100.0
EMP-0021,2025-06,4629600.0
EMP-0021,2025-07,4627500.0
EMP-0021,2025-08,4667300.0
EMP-0021,2025-09,4730700.0
EMP-0021,2025-10,4662000.0
EMP-0021,2025-11,4838900.0
EMP-0021,2025-12,4666300.0
EMP-0022,2025-01,5087600.0
EMP-0022,2025-02,5129400.0
EMP-0022,2025-03,5083000.0
EMP-0022,2025-04,5137200.0
EMP-0022,2025-05,5244200.0
EMP-0022,2025-06,5200200.0
EMP-0022,2025-07,5165800.0
EMP-0022,2025-08,5087900.0
EMP-0022,2025-09,5183400.0
EMP-0022,2025-10,4996100.0
EMP-0022,2025-11,5106400.0
EMP-0022,2025-12,5170700.0
EMP-0023,2025-01,5187300.0
EMP-0023,2025-02,5186900.0
EMP-0023,2025-03,5103800.0
EMP-0023,2025-04,5093900.0
EMP-0023,2025-05,5152300.0
EMP-0023,2025-06,5278400.0
EMP-0023,2025-07,5109100.0
EMP-0023,2025-08,5092300.0
EMP-0023,2025-09,5217600.0
EMP-0023,2025-10,5132200.0
EMP-0023,2025-11,5193600.0
EMP-0023,2025-12,5240400.0
EMP-0024,2025-01,4915200.0
EMP-0024,2025-02,4939100.0
EMP-0024,2025-03,4936600.0
EMP-0024,2025-04,4960400.0
EMP-0024,2025-05,4941500.0
EMP-0024,2025-06,4861200.0
EMP-0024,2025-07,4925300.0
EMP-0024,2025-08,4958800.0
EMP-0024,2025-09,5057500.0
EMP-0024,2025-10,5130100.0
EMP-0024,2025-11,5065500.0
EMP-0024,2025-12,4908300.0
EMP-0025,2025-01,4917000.0
EMP-0025,2025-02,4871100.0
EMP-0025,2025-03,4865700.0
EMP-0025,2025-04,5030900.0
EMP-0025,2025-05,4970500.0
EMP-0025,2025-06,4863200.0
EMP-0025,2025-07,4928000.0
EMP-0025,2025-08,4745100.0
EMP-0025,2025-09,4820900.0
EMP-0025,2025-10,4863800.0
EMP-0025,2025-11,4862000.0
EMP-0025,2025-12,5008700.0
EMP-0026,2025-01,5049900.0
EMP-0026,2025-02,4879000.0
EMP-0026,2025-03,4950100.0
EMP-0026,2025-04,4977000.0
EMP-0026,2025-05,5044200.0
EMP-0026,2025-06,4920900.0
EMP-0026,2025-07,4892400.0
EMP-0026,2025-08,4945100.0
EMP-0026,2025-09,5027300.0
EMP-0026,2025-10,4919700.0
EMP-0026,2025-11,4861700.0
EMP-0026,2025-12,4818300.0
EMP-0027,2025-01,5208000.0
EMP-0027,2025-02,5246100.0
EMP-0027,2025-03,5127700.0
EMP-0027,2025-04,5144800.0
EMP-0027,2025-05,5206100.0
EMP-0027,2025-06,5032700.0
EMP-0027,2025-07,5207500.0
EMP-0027,2025-08,5084200.0
EMP-0027,2025-09,5244500.0
EMP-0027,2025-10,5338000.0
EMP-0027,2025-11,5117300.0
EMP-0027,2025-12,5066700.0
EMP-0028,2025-01,4789800.0
EMP-0028,2025-02,4752400.0
EMP-0028,2025-03,4784100.0
EMP-0028,2025-04,4815800.0
EMP-0028,2025-05,4788700.0
EMP-0028,2025-06,4721400.0
EMP-0028,2025-07,4722600.0
EMP-0028,2025-08,4664700.0
EMP-0028,2025-09,4706600.0
EMP-0028,2025-10,4908000.0
EMP-0028,2025-11,4711000.0
EMP-0028,2025-12,4682300.0
EMP-0029,2025-01,4786500.0
EMP-0029,2025-02,4875100.0
EMP-0029,2025-03,4859100.0
EMP-0029,2025-04,4916700.0
EMP-0029,2025-05,4848000.0
EMP-0029,2025-06,4800100.0
EMP-0029,2025-07,4888000.0
EMP-0029,2025-08,4811600.0
EMP-0029,2025-09,4926800.0
EMP-0029,2025-10,4767100.0
EMP-0029,2025-11,4730500.0
EMP-0029,2025-12,4771200.0
EMP-0030,2025-01,4793700.0
EMP-0030,2025-02,4754600.0
EMP-0030,2025-03,4754500.0
EMP-0030,2025-04,4805400.0
EMP-0030,2025-05,4884500.0
EMP-0030,2025-06,4830200.0
EMP-0030,2025-07,4881100.0
EMP-0030,2025-08,4700300.0
EMP-0030,2025-09,4798000.0
EMP-0030,2025-10,4786300.0
EMP-0030,2025-11,4800400.0
EMP-0030,2025-12,4873800.0
EMP-0031,2025-01,4694000.0
EMP-0031,2025-02,4685900.0
EMP-0031,2025-03,4645600.0
EMP-0031,2025-04,4790200.0
EMP-0031,2025-05,4772900.0
EMP-0031,2025-06,4739500.0
EMP-0031,2025-07,4730200.0
EMP-0031,2025-08,4630500.0
EMP-0031,2025-09,4779500.0
EMP-0031,2025-10,4738600.0
EMP-0031,2025-11,4825200.0
EMP-0031,2025-12,4771600.0
EMP-0032,2025-01,5017900.0
EMP-0032,2025-02,4974900.0
EMP-0032,2025-03,4884600.0
EMP-0032,2025-04,4858900.0
EMP-0032,2025-05,4973700.0
EMP-0032,2025-06,4925300.0
EMP-0032,2025-07,5034200.0
EMP-0032,2025-08,5021300.0
EMP-0032,2025-09,4952000.0
EMP-0032,2025-10,4879500.0
EMP-0032,2025-11,5003800.0
EMP-0032,2025-12,4889900.0
EMP-0033,2025-01,4784500.0
EMP-0033,2025-02,4818500.0
EMP-0033,2025-03,4853800.0
EMP-0033,2025-04,4764900.0
EMP-0033,2025-05,4767500.0
EMP-0033,2025-06,4795400.0
EMP-0033,2025-07,4736100.0
EMP-0033,2025-08,4797300.0
EMP-0033,2025-09,4801100.0
EMP-0033,2025-10,4814500.0
EMP-0033,2025-11,4828300.0
EMP-0033,2025-12,4682700.0
EMP-0034,2025-01,4732500.0
EMP-0034,2025-02,4817600.0
EMP-0034,2025-03,4746600.0
EMP-0034,2025-04,4753600.0
EMP-0034,2025-05,4792500.0
EMP-0034,2025-06,4908200.0
EMP-0034,2025-07,4821200.0
EMP-0034,2025-08,4751500.0
EMP-0034,2025-09,4758000.0
EMP-0034,2025-10,4720300.0
EMP-0034,2025-11,4690000.0
EMP-0034,2025-12,4718300.0
EMP-0035,2025-01,4967300.0
EMP-0035,2025-02,4845600.0
EMP-0035,2025-03,4932700.0
EMP-0035,2025-04,4759100.0
EMP-0035,2025-05,5006600.0
EMP-0035,2025-06,4920100.0
EMP-0035,2025-07,4802300.0
EMP-0035,2025-08,4966400.0
EMP-0035,2025-09,5040500.0
EMP-0035,2025-10,4851700.0
EMP-0035,2025-11,4904500.0
EMP-0035,2025-12,4882000.0
EMP-0036,2025-01,4611500.0
EMP-0036,2025-02,4621000.0
EMP-0036,2025-03,4649100.0
EMP-0036,2025-04,4653100.0
EMP-0036,2025-05,4626100.0
EMP-0036,2025-06,4618600.0
EMP-0036,2025-07,4655700.0
EMP-0036,2025-08,4683500.0
EMP-0036,2025-09,4649600.0
EMP-0036,2025-10,4752900.0
EMP-0036,2025-11,4707300.0
EMP-0036,2025-12,4560300.0
EMP-0037,2025-01,4979500.0
EMP-0037,2025-02,4972400.0
EMP-0037,2025-03,4935200.0
EMP-0037,2025-04,4951600.0
EMP-0037,2025-05,4924600.0
EMP-0037,2025-06,5018200.0
EMP-0037,2025-07,4925300.0
EMP-0037,2025-08,4946300.0
EMP-0037,2025-09,5009300.0
EMP-0037,2025-10,4930300.0
EMP-0037,2025-11,4949400.0
EMP-0037,2025-12,4928000.0
EMP-0038,2025-01,4499400.0
EMP-0038,2025-02,4545200.0
EMP-0038,2025-03,4611700.0
EMP-0038,2025-04,4551100.0
EMP-0038,2025-05,4460300.0
EMP-0038,2025-06,4542600.0
EMP-0038,2025-07,4501600.0
EMP-0038,2025-08,4593400.0
EMP-0038,2025-09,4597000.0
EMP-0038,2025-10,4461200.0
EMP-0038,2025-11,4627200.0
EMP-0038,2025-12,4498700.0
EMP-0039,2025-01,4771900.0
EMP-0039,2025-02,4740100.0
EMP-0039,2025-03,4733100.0
EMP-0039,2025-04,4763400.0
EMP-0039,2025-05,4838400.0
EMP-0039,2025-06,4846600.0
EMP-0039,2025-07,5006400.0
EMP-0039,2025-08,4709100.0
EMP-0039,2025-09,4802100.0
EMP-0039,2025-10,4746700.0
EMP-0039,2025-11,4821100.0
EMP-0039,2025-12,4895400.0
EMP-0040,2025-01,4605600.0
EMP-0040,2025-02,4786300.0
EMP-0040,2025-03,4629500.0
EMP-0040,2025-04,4896100.0
EMP-0040,2025-05,4790500.0
EMP-0040,2025-06,4631300.0
EMP-0040,2025-07,4688800.0
EMP-0040,2025-08,4740300.0
EMP-0040,2025-09,4742400.0
EMP-0040,2025-10,4718400.0
EMP-0040,2025-11,4775400.0
EMP-0040,2025-12,4678700.0
EMP-0041,2025-01,4676500.0
EMP-0041,2025-02,4577500.0
EMP-0041,2025-03,4672300.0
EMP-0041,2025-04,4797500.0
EMP-0041,2025-05,4724500.0
EMP-0041,2025-06,4586800.0
EMP-0041,2025-07,4808200.0
EMP-0041,2025-08,4693300.0
EMP-0041,2025-09,4674800.0
EMP-0041,2025-10,4638500.0
EMP-0041,2025-11,4692800.0
EMP-0041,2025-12,4653000.0
EMP-0042,2025-01,4678400.0
EMP-0042,2025-02,4602000.0
EMP-0042,2025-03,4591100.0
EMP-0042,2025-04,4580200.0
EMP-0042,2025-05,4530500.0
EMP-0042,2025-06,4561700.0
EMP-0042,2025-07,4514700.0
EMP-0042,2025-08,4560600.0
EMP-0042,2025-09,4403700.0
EMP-0042,2025-10,4593000.0
EMP-0042,2025-11,4555300.0
EMP-0042,2025-12,4540600.0
EMP-0043,2025-01,4768700.0
EMP-0043,2025-02,4749800.0
EMP-0043,2025-03,4747100.0
EMP-0043,2025-04,4784300.0
EMP-0043,2025-05,4700900.0
EMP-0043,2025-06,4771600.0
EMP-0043,2025-07,4843100.0
EMP-0043,2025-08,4729700.0
EMP-0043,2025-09,4883200.0
EMP-0043,2025-10,4751400.0
EMP-0043,2025-11,4687200.0
EMP-0043,2025-12,4808400.0
EMP-0044,2025-01,4872000.0
EMP-0044,2025-02,4965300.0
EMP-0044,2025-03,4962700.0
EMP-0044,2025-04,5058700.0
EMP-0044,2025-05,5003400.0
EMP-0044,2025-06,5100800.0
EMP-0044,2025-07,5069800.0
EMP-0044,2025-08,4946200.0
EMP-0044,2025-09,4846200.0
EMP-0044,2025-10,5083800.0
EMP-0044,2025-11,5081900.0
EMP-0044,2025-12,4878300.0
EMP-0045,2025-01,5019300.0
EMP-0045,2025-02,4916300.0
EMP-0045,2025-03,5060300.0
EMP-0045,2025-04,5061900.0
EMP-0045,2025-05,5174600.0
EMP-0045,2025-06,5038000.0
EMP-0045,2025-07,5050100.0
EMP-0045,2025-08,5038500.0
EMP-0045,2025-09,4950400.0
EMP-0045,2025-10,5096400.0
EMP-0045,2025-11,4998500.0
EMP-0045,2025-12,4988200.0
EMP-0046,2025-01,4595900.0
EMP-0046,2025-02,4577300.0
EMP-0046,2025-03,4630800.0
EMP-0046,2025-04,4598900.0
EMP-0046,2025-05,4656200.0
EMP-0046,2025-06,4508900.0
EMP-0046,2025-07,4613500.0
EMP-0046,2025-08,4630500.0
EMP-0046,2025-09,4599800.0
EMP-0046,2025-10,4609400.0
EMP-0046,2025-11,4511400.0
EMP-0046,2025-12,4646000.0
EMP-0047,2025-01,4694700.0
EMP-0047,2025-02,4760600.0
EMP-0047,2025-03,4701300.0
EMP-0047,2025-04,4739100.0
EMP-0047,2025-05,4672000.0
EMP-0047,2025-06,4686800.0
EMP-0047,2025-07,4792800.0
EMP-0047,2025-08,4735000.0
EMP-0047,2025-09,4742600.0
EMP-0047,2025-10,4658300.0
EMP-0047,2025-11,4676500.0
EMP-0047,2025-12,4705300.0
EMP-0048,2025-01,4831000.0
EMP-0048,2025-02,4740900.0
EMP-0048,2025-03,4718700.0
EMP-0048,2025-04,4756700.0
EMP-0048,2025-05,4722400.0
EMP-0048,2025-06,4749700.0
EMP-0048,2025-07,4698800.0
EMP-0048,2025-08,4826500.0
EMP-0048,2025-09,4848900.0
EMP-0048,2025-10,4738000.0
EMP-0048,2025-11,4648800.0
EMP-0048,2025-12,4710200.0
EMP-0049,2025-01,4631500.0
EMP-0049,2025-02,4651100.0
EMP-0049,2025-03,4767000.0
EMP-0049,2025-04,4686100.0
EMP-0049,2025-05,4643700.0
EMP-0049,2025-06,4775600.0
EMP-0049,2025-07,4731300.0
EMP-0049,2025-08,4554800.0
EMP-0049,2025-09,4792700.0
EMP-0049,2025-10,4727300.0
EMP-0049,2025-11,4776800.0
EMP-0049,2025-12,4706200.0
EMP-0050,2025-11,4783300.0
EMP-0050,2025-12,4778400.0
EMP-0051,2025-01,4798100.0
EMP-0051,2025-02,4929000.0
EMP-0051,2025-03,5033300.0
EMP-0051,2025-04,5007600.0
EMP-0051,2025-05,4986500.0
EMP-0051,2025-06,4921700.0
EMP-0051,2025-07,4997000.0
EMP-0051,2025-08,4994600.0
EMP-0051,2025-09,4993800.0
EMP-0051,2025-10,5035900.0
EMP-0051,2025-11,5009300.0
EMP-0051,2025-12,4976700.0
EMP-0052,2025-01,4954400.0
EMP-0052,2025-02,4872200.0
EMP-0052,2025-03,4898300.0
EMP-0052,2025-04,4924600.0
EMP-0052,2025-05,4765600.0
EMP-0052,2025-06,4936500.0
EMP-0052,2025-07,4787600.0
EMP-0052,2025-08,5044400.0
EMP-0052,2025-09,4864900.0
EMP-0052,2025-10,4881100.0
EMP-0052,2025-11,4838100.0
EMP-0052,2025-12,4848400.0
EMP-0053,2025-01,4936400.0
EMP-0053,2025-02,4929000.0
EMP-0053,2025-03,4725400.0
EMP-0053,2025-04,4685600.0
EMP-0053,2025-05,4813700.0
EMP-0053,2025-06,4911400.0
EMP-0053,2025-07,4817900.0
EMP-0053,2025-08,4839000.0
EMP-0053,2025-09,4788400.0
EMP-0053,2025-10,4830800.0
EMP-0053,2025-11,4888500.0
EMP-0053,2025-12,4850000.0
EMP-0054,2025-01,4904600.0
EMP-0054,2025-02,5177200.0
EMP-0054,2025-03,4923500.0
EMP-0054,2025-04,5028900.0
EMP-0054,2025-05,4881500.0
EMP-0054,2025-06,4982400.0
EMP-0054,2025-07,5044100.0
EMP-0054,2025-08,4950400.0
EMP-0054,2025-09,5056500.0
EMP-0054,2025-10,4992200.0
EMP-0054,2025-11,5099600.0
EMP-0054,2025-12,5114800.0
EMP-0055,2025-01,4960100.0
EMP-0055,2025-02,4851900.0
EMP-0055,2025-03,4840000.0
EMP-0055,2025-04,4790000.0
EMP-0055,2025-05,4882400.0
EMP-0055,2025-06,4879700.0
EMP-0055,2025-07,4775700.0
EMP-0055,2025-08,4880600.0
EMP-0055,2025-09,4901500.0
EMP-0055,2025-10,4747300.0
EMP-0055,2025-11,4842300.0
EMP-0055,2025-12,4823800.0
EMP-0056,2025-01,4416300.0
EMP-0056,2025-02,4602700.0
EMP-0056,2025-03,4687600.0
EMP-0056,2025-04,4514400.0
EMP-0056,2025-05,4636400.0
EMP-0056,2025-06,4561700.0
EMP-0056,2025-07,4583200.0
EMP-0056,2025-08,4674100.0
EMP-0056,2025-09,4622400.0
EMP-0056,2025-10,4468100.0
EMP-0056,2025-11,4541200.0
EMP-0056,2025-12,4676100.0
EMP-0057,2025-01,4832300.0
EMP-0057,2025-02,4912900.0
EMP-0057,2025-03,4896900.0
EMP-0057,2025-04,4957600.0
EMP-0057,2025-05,4903500.0
EMP-0057,2025-06,5031000.0
EMP-0057,2025-07,4786200.0
EMP-0057,2025-08,4964800.0
EMP-0057,2025-09,4917600.0
EMP-0057,2025-10,4799800.0
EMP-0057,2025-11,4750900.0
EMP-0057,2025-12,4820200.0
EMP-0058,2025-01,4866100.0
EMP-0058,2025-02,4889800.0
EMP-0058,2025-03,4812500.0
EMP-0058,2025-04,4754300.0
EMP-0058,2025-05,4867400.0
EMP-0058,2025-06,4859300.0
EMP-0058,2025-07,4854400.0
EMP-0058,2025-08,4899100.0
EMP-0058,2025-09,4987500.0
EMP-0058,2025-10,4860600.0
EMP-0058,2025-11,4895300.0
EMP-0058,2025-12,4936100.0
EMP-0059,2025-01,4772400.0
EMP-0059,2025-02,4703800.0
EMP-0059,2025-03,4571400.0
EMP-0059,2025-04,4542200.0
EMP-0059,2025-05,4669000.0
EMP-0059,2025-06,4660300.0
EMP-0059,2025-07,4735800.0
EMP-0059,2025-08,4688100.0
EMP-0059,2025-09,4616000.0
EMP-0059,2025-10,4611300.0
EMP-0059,2025-11,4558700.0
EMP-0059,2025-12,4658800.0
EMP-0060,2025-01,4933300.0
EMP-0060,2025-02,4815800.0
EMP-0060,2025-03,4853000.0
EMP-0060,2025-04,4964900.0
EMP-0060,2025-05,4901000.0
EMP-0060,2025-06,4786000.0
EMP-0060,2025-07,4790700.0
EMP-0060,2025-08,4821100.0
EMP-0060,2025-09,4893600.0
EMP-0060,2025-10,4890900.0
EMP-0060,2025-11,4803300.0
EMP-0060,2025-12,4779600.0
EMP-0061,2025-01,4673800.0
EMP-0061,2025-02,4736500.0
EMP-0061,2025-03,4605500.0
EMP-0061,2025-04,4798900.0
EMP-0061,2025-05,4578700.0
EMP-0061,2025-06,4782100.0
EMP-0061,2025-07,4757500.0
EMP-0061,2025-08,4573100.0
EMP-0061,2025-09,4559000.0
EMP-0061,2025-10,4723900.0
EMP-0061,2025-11,4646900.0
EMP-0061,2025-12,4602800.0
EMP-0062,2025-01,4810600.0
EMP-0062,2025-02,4775200.0
EMP-0062,2025-03,4760000.0
EMP-0062,2025-04,4659300.0
EMP-0062,2025-05,4876400.0
EMP-0062,2025-06,4723400.0
EMP-0062,2025-07,4797400.0
EMP-0062,2025-08,4655500.0
EMP-0062,2025-09,4745700.0
EMP-0062,2025-10,4780100.0
EMP-0062,2025-11,4782600.0
EMP-0062,2025-12,4770300.0
EMP-0063,2025-01,4742000.0
EMP-0063,2025-02,4701000.0
EMP-0063,2025-03,4664100.0
EMP-0063,2025-04,4691600.0
EMP-0063,2025-05,4645500.0
EMP-0063,2025-06,4662600.0
EMP-0063,2025-07,4691200.0
EMP-0063,2025-08,4505100.0
EMP-0063,2025-09,4712900.0
EMP-0063,2025-10,4707900.0
EMP-0063,2025-11,4595300.0
EMP-0063,2025-12,4736500.0
EMP-0064,2025-01,4736600.0
EMP-0064,2025-02,4823000.0
EMP-0064,2025-03,4820500.0
EMP-0064,2025-04,4794600.0
EMP-0064,2025-05,4837300.0
EMP-0064,2025-06,4811500.0
EMP-0064,2025-07,4819400.0
EMP-0064,2025-08,4764600.0
EMP-0064,2025-09,4881600.0
EMP-0064,2025-10,4779600.0
EMP-0064,2025-11,4714700.0
EMP-0064,2025-12,4755100.0
EMP-0065,2025-01,3341200.0
EMP-0065,2025-02,3190300.0
EMP-0065,2025-03,3399400.0
EMP-0065,2025-04,3306600.0
EMP-0065,2025-05,3211800.0
EMP-0065,2025-06,3248700.0
EMP-0065,2025-07,3234900.0
EMP-0065,2025-08,3275400.0
EMP-0065,2025-09,3262200.0
EMP-0065,2025-10,3319300.0
EMP-0065,2025-11,3266200.0
EMP-0065,2025-12,3258700.0
EMP-0066,2025-01,4652400.0
EMP-0066,2025-02,4572200.0
EMP-0066,2025-03,4702200.0
EMP-0066,2025-04,4659900.0
EMP-0066,2025-05,4668500.0
EMP-0066,2025-06,4607600.0
EMP-0066,2025-07,4778600.0
EMP-0066,2025-08,4855500.0
EMP-0066,2025-09,4637500.0
EMP-0066,2025-10,4681600.0
EMP-0066,2025-11,4663700.0
EMP-0066,2025-12,4638800.0
EMP-0067,2025-01,4792100.0
EMP-0067,2025-02,4617200.0
EMP-0067,2025-03,4703000.0
EMP-0067,2025-04,4640200.0
EMP-0067,2025-05,4523000.0
EMP-0067,2025-06,4638500.0
EMP-0067,2025-07,4733100.0
EMP-0067,2025-08,4766800.0
EMP-0067,2025-09,4702700.0
EMP-0067,2025-10,4823100.0
EMP-0067,2025-11,4798600.0
EMP-0067,2025-12,4716800.0
EMP-0068,2025-01,4936200.0
EMP-0068,2025-02,4943300.0
EMP-0068,2025-03,5060600.0
EMP-0068,2025-04,4989400.0
EMP-0068,2025-05,5074900.0
EMP-0068,2025-06,4890900.0
EMP-0068,2025-07,5062300.0
EMP-0068,2025-08,5044000.0
EMP-0068,2025-09,4839000.0
EMP-0068,2025-10,5089000.0
EMP-0068,2025-11,4997000.0
EMP-0068,2025-12,5019400.0
EMP-0069,2025-01,5326000.0
EMP-0069,2025-02,5130900.0
EMP-0069,2025-03,5156500.0
EMP-0069,2025-04,5159900.0
EMP-0069,2025-05,5238200.0
EMP-0069,2025-06,5366900.0
EMP-0069,2025-07,5134700.0
EMP-0069,2025-08,5294900.0
EMP-0069,2025-09,5129700.0
EMP-0069,2025-10,5389900.0
EMP-0069,2025-11,5098800.0
EMP-0069,2025-12,5281900.0
EMP-0070,2025-01,5168800.0
EMP-0070,2025-02,5279000.0
EMP-0070,2025-03,5297600.0
EMP-0070,2025-04,5117700.0
EMP-0070,2025-05,5302600.0
EMP-0070,2025-06,5299000.0
EMP-0070,2025-07,5143800.0
EMP-0070,2025-08,5342300.0
EMP-0070,2025-09,5103200.0
EMP-0070,2025-10,5168300.0
EMP-0070,2025-11,5254700.0
EMP-0070,2025-12,5150400.0
EMP-0071,2025-01,4981400.0
EMP-0071,2025-02,4877800.0
EMP-0071,2025-03,4839500.0
EMP-0071,2025-04,4959200.0
EMP-0071,2025-05,4878700.0
EMP-0071,2025-06,4907300.0
EMP-0071,2025-07,4875000.0
EMP-0071,2025-08,4924400.0
EMP-0071,2025-09,4824900.0
EMP-0071,2025-10,4952800.0
EMP-0071,2025-11,4897000.0
EMP-0071,2025-12,4843300.0
EMP-0072,2025-01,4871300.0
EMP-0072,2025-02,4996900.0
EMP-0072,2025-03,4998600.0
EMP-0072,2025-04,4797400.0
EMP-0072,2025-05,4876900.0
EMP-0072,2025-06,4830200.0
EMP-0072,2025-07,4904000.0
EMP-0072,2025-08,4972000.0
EMP-0072,2025-09,4920400.0
EMP-0072,2025-10,4894600.0
EMP-0072,2025-11,5034600.0
EMP-0072,2025-12,4767600.0
EMP-0073,2025-01,4892700.0
EMP-0073,2025-02,4955500.0
EMP-0073,2025-03,5063500.0
EMP-0073,2025-04,5048800.0
EMP-0073,2025-05,5066600.0
EMP-0073,2025-06,5042600.0
EMP-0073,2025-07,5015000.0
EMP-0073,2025-08,4956000.0
EMP-0073,2025-09,4994100.0
EMP-0073,2025-10,5020200.0
EMP-0073,2025-11,4899100.0
EMP-0073,2025-12,4982600.0
EMP-0074,2025-01,4962300.0
EMP-0074,2025-02,4889200.0
EMP-0074,2025-03,4994000.0
EMP-0074,2025-04,4840900.0
EMP-0074,2025-05,4822200.0
EMP-0074,2025-06,5056500.0
EMP-0074,2025-07,4866000.0
EMP-0074,2025-08,4817800.0
EMP-0074,2025-09,4786000.0
EMP-0074,2025-10,4993700.0
EMP-0074,2025-11,4889300.0
EMP-0074,2025-12,4895800.0
EMP-0075,2025-01,5463700.0
EMP-0075,2025-02,5223700.0
EMP-0075,2025-03,5387300.0
EMP-0075,2025-04,5298900.0
EMP-0075,2025-05,5210000.0
EMP-0075,2025-06,5523800.0
EMP-0075,2025-07,5316600.0
EMP-0075,2025-08,5331100.0
EMP-0075,2025-09,5343700.0
EMP-0075,2025-10,5337500.0
EMP-0075,2025-11,5472300.0
EMP-0075,2025-12,5443200.0
EMP-0076,2025-01,5319200.0
EMP-0076,2025-02,5125700.0
EMP-0076,2025-03,5229100.0
EMP-0076,2025-04,5278500.0
EMP-0076,2025-05,5105000.0
EMP-0076,2025-06,5136900.0
EMP-0076,2025-07,5309500.0
EMP-0076,2025-08,5098900.0
EMP-0076,2025-09,5070500.0
EMP-0076,2025-10,5293200.0
EMP-0076,2025-11,5267500.0
EMP-0076,2025-12,5208100.0
EMP-0077,2025-01,4980100.0
EMP-0077,2025-02,4843300.0
EMP-0077,2025-03,5015000.0
EMP-0077,2025-04,4910900.0
EMP-0077,2025-05,4883600.0
EMP-0077,2025-06,4865900.0
EMP-0077,2025-07,4864300.0
EMP-0077,2025-08,4815700.0
EMP-0077,2025-09,4787300.0
EMP-0077,2025-10,4838800.0
EMP-0077,2025-11,4952200.0
EMP-0077,2025-12,4763300.0
EMP-0078,2025-01,5160100.0
EMP-0078,2025-02,5212800.0
EMP-0078,2025-03,5129500.0
EMP-0078,2025-04,5253400.0
EMP-0078,2025-05,5308800.0
EMP-0078,2025-06,5165300.0
EMP-0078,2025-07,5048100.0
EMP-0078,2025-08,5082300.0
EMP-0078,2025-09,5146100.0
EMP-0078,2025-10,5159500.0
EMP-0078,2025-11,5178100.0
EMP-0078,2025-12,5159800.0
EMP-0079,2025-01,5016900.0
EMP-0079,2025-02,4879900.0
EMP-0079,2025-03,5022700.0
EMP-0079,2025-04,4914100.0
EMP-0079,2025-05,4843300.0
EMP-0079,2025-06,4960300.0
EMP-0079,2025-07,4858700.0
EMP-0079,2025-08,4894800.0
EMP-0079,2025-09,4778700.0
EMP-0079,2025-10,4766100.0
EMP-0079,2025-11,4916900.0
EMP-0079,2025-12,4957200.0
EMP-0080,2025-01,5040500.0
EMP-0080,2025-02,5086600.0
EMP-0080,2025-03,5109200.0
EMP-0080,2025-04,4988400.0
EMP-0080,2025-05,5168900.0
EMP-0080,2025-06,5123400.0
EMP-0080,2025-07,5193500.0
EMP-0080,2025-08,5023200.0
EMP-0080,2025-09,5082400.0
EMP-0080,2025-10,5077900.0
EMP-0080,2025-11,5095000.0
EMP-0080,2025-12,4964200.0
EMP-0081,2025-01,4993800.0
EMP-0081,2025-02,5184100.0
EMP-0081,2025-03,5037900.0
EMP-0081,2025-04,5170900.0
EMP-0081,2025-05,5166400.0
EMP-0081,2025-06,5114000.0
EMP-0081,2025-07,5079600.0
EMP-0081,2025-08,5118100.0
EMP-0081,2025-09,5133100.0
EMP-0081,2025-10,5149000.0
EMP-0081,2025-11,5167300.0
EMP-0081,2025-12,5204500.0
EMP-0082,2025-01,5336900.0
EMP-0082,2025-02,5254800.0
EMP-0082,2025-03,5479700.0
EMP-0082,2025-04,5220200.0
EMP-0082,2025-05,5405800.0
EMP-0082,2025-06,5263100.0
EMP-0082,2025-07,5137200.0
EMP-0082,2025-08,5306100.0
EMP-0082,2025-09,5292800.0
EMP-0082,2025-10,5184900.0
EMP-0082,2025-11,5195100.0
EMP-0082,2025-12,5266000.0
EMP-0083,2025-01,5152500.0
EMP-0083,2025-02,5058300.0
EMP-0083,2025-03,5037400.0
EMP-0083,2025-04,5007600.0
EMP-0083,2025-05,5090900.0
EMP-0083,2025-06,5134400.0
EMP-0083,2025-07,5113600.0
EMP-0083,2025-08,5017600.0
EMP-0083,2025-09,4979000.0
EMP-0083,2025-10,4749200.0
EMP-0083,2025-11,4982200.0
EMP-0083,2025-12,5025700.0
EMP-0084,2025-01,5064100.0
EMP-0084,2025-02,5007300.0
EMP-0084,2025-03,5020700.0
EMP-0084,2025-04,5100200.0
EMP-0084,2025-05,5009600.0
EMP-0084,2025-06,5019300.0
EMP-0084,2025-07,4973000.0
EMP-0084,2025-08,5050600.0
EMP-0084,2025-09,5044500.0
EMP-0084,2025-10,5086000.0
EMP-0084,2025-11,4974600.0
EMP-0084,2025-12,4983700.0
EMP-0085,2025-01,5194800.0
EMP-0085,2025-02,5213500.0
EMP-0085,2025-03,5251900.0
EMP-0085,2025-04,5034600.0
EMP-0085,2025-05,5222700.0
EMP-0085,2025-06,5281800.0
EMP-0085,2025-07,5318800.0
EMP-0085,2025-08,5077300.0
EMP-0085,2025-09,5161100.0
EMP-0085,2025-10,5168600.0
EMP-0085,2025-11,5224800.0
EMP-0085,2025-12,5159600.0
EMP-0086,2025-01,5101500.0
EMP-0086,2025-02,5108400.0
EMP-0086,2025-03,5222100.0
EMP-0086,2025-04,5039300.0
EMP-0086,2025-05,5126400.0
EMP-0086,2025-06,5407600.0
EMP-0086,2025-07,5096600.0
EMP-0086,2025-08,5260700.0
EMP-0086,2025-09,5126200.0
EMP-0086,2025-10,5211200.0
EMP-0086,2025-11,5222500.0
EMP-0086,2025-12,5259300.0
EMP-0087,2025-01,5362700.0
EMP-0087,2025-02,5182900.0
EMP-0087,2025-03,5324000.0
EMP-0087,2025-04,5240300.0
EMP-0087,2025-05,5206600.0
EMP-0087,2025-06,5227100.0
EMP-0087,2025-07,5333200.0
EMP-0087,2025-08,5190500.0
EMP-0087,2025-09,5194400.0
EMP-0087,2025-10,5039600.0
EMP-0087,2025-11,5189300.0
EMP-0087,2025-12,5221400.0
EMP-0088,2025-01,4931900.0
EMP-0088,2025-02,4837400.0
EMP-0088,2025-03,4895700.0
EMP-0088,2025-04,4860000.0
EMP-0088,2025-05,5070900.0
EMP-0088,2025-06,5016700.0
EMP-0088,2025-07,5029200.0
EMP-0088,2025-08,5014500.0
EMP-0088,2025-09,4983000.0
EMP-0088,2025-10,5079500.0
EMP-0088,2025-11,4925000.0
EMP-0088,2025-12,4978500.0
EMP-0089,2025-01,5053600.0
EMP-0089,2025-02,5009700.0
EMP-0089,2025-03,4982300.0
EMP-0089,2025-04,5045900.0
EMP-0089,2025-05,5075600.0
EMP-0089,2025-06,4995000.0
EMP-0089,2025-07,5078800.0
EMP-0089,2025-08,5197700.0
EMP-0089,2025-09,4987500.0
EMP-0089,2025-10,4989600.0
EMP-0089,2025-11,4975300.0
EMP-0089,2025-12,4992200.0
EMP-0090,2025-01,5076900.0
EMP-0090,2025-02,5159400.0
EMP-0090,2025-03,5153700.0
EMP-0090,2025-04,5213400.0
EMP-0090,2025-05,5110400.0
EMP-0090,2025-06,5013100.0
EMP-0090,2025-07,5200800.0
EMP-0090,2025-08,5229900.0
EMP-0090,2025-09,5188600.0
EMP-0090,2025-10,5107100.0
EMP-0090,2025-11,5199900.0
EMP-0090,2025-12,5383000.0
EMP-0091,2025-01,4986200.0
EMP-0091,2025-02,4893200.0
EMP-0091,2025-03,4894100.0
EMP-0091,2025-04,4774600.0
EMP-0091,2025-05,4941300.0
EMP-0091,2025-06,4826100.0
EMP-0091,2025-07,4965700.0
EMP-0091,2025-08,4898500.0
EMP-0091,2025-09,4905000.0
EMP-0091,2025-10,4940200.0
EMP-0091,2025-11,4911100.0
EMP-0091,2025-12,5009500.0
EMP-0092,2025-01,5101600.0
EMP-0092,2025-02,5067600.0
EMP-0092,2025-03,4917200.0
EMP-0092,2025-04,4989400.0
EMP-0092,2025-05,4959800.0
EMP-0092,2025-06,4895600.0
EMP-0092,2025-07,5048000.0
EMP-0092,2025-08,4987800.0
EMP-0092,2025-09,5247000.0
EMP-0092,2025-10,5035400.0
EMP-0092,2025-11,5146100.0
EMP-0092,2025-12,4929400.0
EMP-0093,2025-01,5308300.0
EMP-0093,2025-02,5343700.0
EMP-0093,2025-03,5221000.0
EMP-0093,2025-04,5400000.0
EMP-0093,2025-05,5307800.0
EMP-0093,2025-06,5373300.0
EMP-0093,2025-07,5370000.0
EMP-0093,2025-08,5342800.0
EMP-0093,2025-09,5325200.0
EMP-0093,2025-10,5319300.0
EMP-0093,2025-11,5295400.0
EMP-0093,2025-12,5338800.0
EMP-0094,2025-01,5311500.0
EMP-0094,2025-02,5350600.0
EMP-0094,2025-03,5429800.0
EMP-0094,2025-04,5427400.0
EMP-0094,2025-05,5317900.0
EMP-0094,2025-06,5398700.0
EMP-0094,2025-07,5321600.0
EMP-0094,2025-08,5339900.0
EMP-0094,2025-09,5299300.0
EMP-0094,2025-10,5322700.0
EMP-0094,2025-11,5444600.0
EMP-0094,2025-12,5344600.0
EMP-0095,2025-01,4850500.0
EMP-0095,2025-02,4967200.0
EMP-0095,2025-03,4959500.0
EMP-0095,2025-04,4879200.0
EMP-0095,2025-05,4969000.0
EMP-0095,2025-06,4900600.0
EMP-0095,2025-07,5120700.0
EMP-0095,2025-08,5046700.0
EMP-0095,2025-09,4962300.0
EMP-0095,2025-10,4925200.0
EMP-0095,2025-11,4994800.0
EMP-0095,2025-12,5014300.0
EMP-0096,2025-01,5044800.0
EMP-0096,2025-02,4986500.0
EMP-0096,2025-03,4959200.0
EMP-0096,2025-04,4972400.0
EMP-0096,2025-05,5025100.0
EMP-0096,2025-06,4998200.0
EMP-0096,2025-07,4960700.0
EMP-0096,2025-08,4997700.0
EMP-0096,2025-09,4839000.0
EMP-0096,2025-10,4808000.0
EMP-0096,2025-11,4930400.0
EMP-0096,2025-12,4923900.0
EMP-0097,2025-01,5178300.0
EMP-0097,2025-02,5075800.0
EMP-0097,2025-03,5125200.0
EMP-0097,2025-04,5141600.0
EMP-0097,2025-05,5058700.0
EMP-0097,2025-06,5125500.0
EMP-0097,2025-07,5301800.0
EMP-0097,2025-08,5250500.0
EMP-0097,2025-09,5136600.0
EMP-0097,2025-10,5158700.0
EMP-0097,2025-11,5308600.0
EMP-0097,2025-12,5306700.0
EMP-0098,2025-01,5498000.0
EMP-0098,2025-02,5344300.0
EMP-0098,2025-03,5300800.0
EMP-0098,2025-04,5243800.0
EMP-0098,2025-05,5252800.0
EMP-0098,2025-06,5246300.0
EMP-0098,2025-07,5421300.0
EMP-0098,2025-08,5313500.0
EMP-0098,2025-09,5357100.0
EMP-0098,2025-10,5432700.0
EMP-0098,2025-11,5124100.0
EMP-0098,2025-12,5414000.0
EMP-0099,2025-01,5220100.0
EMP-0099,2025-02,5380100.0
EMP-0099,2025-03,5393500.0
EMP-0099,2025-04,5239800.0
EMP-0099,2025-05,5329400.0
EMP-0099,2025-06,5349500.0
EMP-0099,2025-07,5391100.0
EMP-0099,2025-08,5417300.0
EMP-0099,2025-09,5305600.0
EMP-0099,2025-10,5364800.0
EMP-0099,2025-11,5394700.0
EMP-0099,2025-12,5334000.0
EMP-0100,2025-01,5230400.0
EMP-0100,2025-02,5253600.0
EMP-0100,2025-03,5129400.0
EMP-0100,2025-04,5234800.0
EMP-0100,2025-05,5247900.0
EMP-0100,2025-06,5278500.0
EMP-0100,2025-07,5302800.0
EMP-0100,2025-08,5321200.0
EMP-0100,2025-09,5291200.0
EMP-0100,2025-10,5246200.0
EMP-0100,2025-11,5136500.0
EMP-0100,2025-12,5246700.0
EMP-0101,2025-01,5381900.0
EMP-0101,2025-02,5422800.0
EMP-0101,2025-03,5381500.0
EMP-0101,2025-04,5282500.0
EMP-0101,2025-05,5297800.0
EMP-0101,2025-06,5471600.0
EMP-0101,2025-07,5326600.0
EMP-0101,2025-08,5333300.0
EMP-0101,2025-09,5381800.0
EMP-0101,2025-10,5440100.0
EMP-0101,2025-11,5268700.0
EMP-0101,2025-12,5301200.0
EMP-0102,2025-01,4859600.0
EMP-0102,2025-02,4781300.0
EMP-0102,2025-03,4811900.0
EMP-0102,2025-04,4809000.0
EMP-0102,2025-05,4875500.0
EMP-0102,2025-06,4950400.0
EMP-0102,2025-07,4846900.0
EMP-0102,2025-08,4707700.0
EMP-0102,2025-09,4858500.0
EMP-0102,2025-10,4860900.0
EMP-0102,2025-11,4855900.0
EMP-0102,2025-12,4826500.0
EMP-0103,2025-01,4080300.0
EMP-0103,2025-02,4025300.0
EMP-0103,2025-03,3990300.0
EMP-0103,2025-04,4059700.0
EMP-0103,2025-05,4079600.0
EMP-0103,2025-06,4055900.0
EMP-0103,2025-07,4078600.0
EMP-0103,2025-08,4113600.0
EMP-0103,2025-09,4113300.0
EMP-0103,2025-10,4118500.0
EMP-0103,2025-11,4127500.0
EMP-0103,2025-12,4096500.0
EMP-0104,2025-01,3866300.0
EMP-0104,2025-02,3972200.0
EMP-0104,2025-03,3949200.0
EMP-0104,2025-04,4059700.0
EMP-0104,2025-05,4015200.0
EMP-0104,2025-06,3922600.0
EMP-0104,2025-07,3982200.0
EMP-0104,2025-08,3970000.0
EMP-0104,2025-09,3987100.0
EMP-0104,2025-10,3899600.0
EMP-0104,2025-11,3981500.0
EMP-0104,2025-12,3946500.0
EMP-0105,2025-01,3795800.0
EMP-0105,2025-02,3766400.0
EMP-0105,2025-03,3755600.0
EMP-0105,2025-04,3724900.0
EMP-0105,2025-05,3706500.0
EMP-0105,2025-06,3776300.0
EMP-0105,2025-07,3764900.0
EMP-0105,2025-08,3714000.0
EMP-0105,2025-09,3874600.0
EMP-0105,2025-10,3647800.0
EMP-0105,2025-11,3719300.0
EMP-0105,2025-12,3689100.0
EMP-0106,2025-01,3934500.0
EMP-0106,2025-02,3843200.0
EMP-0106,2025-03,3774100.0
EMP-0106,2025-04,3840800.0
EMP-0106,2025-05,3849400.0
EMP-0106,2025-06,3873800.0
EMP-0106,2025-07,3809600.0
EMP-0106,2025-08,3872800.0
EMP-0106,2025-09,3700200.0
EMP-0106,2025-10,3756400.0
EMP-0106,2025-11,3826300.0
EMP-0106,2025-12,3835800.0
EMP-0107,2025-01,4082900.0
EMP-0107,2025-02,4131700.0
EMP-0107,2025-03,4033200.0
EMP-0107,2025-04,4015300.0
EMP-0107,2025-05,4071200.0
EMP-0107,2025-06,4021900.0
EMP-0107,2025-07,3999100.0
EMP-0107,2025-08,4114900.0
EMP-0107,2025-09,4037000.0
EMP-0107,2025-10,3940900.0
EMP-0107,2025-11,4106000.0
EMP-0107,2025-12,4027900.0
EMP-0108,2025-01,3929600.0
EMP-0108,2025-02,4075800.0
EMP-0108,2025-03,3836200.0
EMP-0108,2025-04,4055800.0
EMP-0108,2025-05,4061800.0
EMP-0108,2025-06,3979700.0
EMP-0108,2025-07,4082100.0
EMP-0108,2025-08,4001900.0
EMP-0108,2025-09,4009400.0
EMP-0108,2025-10,4026100.0
EMP-0108,2025-11,4197100.0
EMP-0108,2025-12,4086400.0
EMP-0109,2025-01,3752100.0
EMP-0109,2025-02,3790600.0
EMP-0109,2025-03,3876500.0
EMP-0109,2025-04,3880100.0
EMP-0109,2025-05,3780400.0
EMP-0109,2025-06,3826100.0
EMP-0109,2025-07,3789500.0
EMP-0109,2025-08,3716400.0
EMP-0109,2025-09,3778100.0
EMP-0109,2025-10,3748700.0
EMP-0109,2025-11,3773700.0
EMP-0109,2025-12,3729000.0
EMP-0110,2025-01,4032500.0
EMP-0110,2025-02,4068700.0
EMP-0110,2025-03,4098700.0
EMP-0110,2025-04,3989000.0
EMP-0110,2025-05,4072200.0
EMP-0110,2025-06,4136500.0
EMP-0110,2025-07,4091200.0
EMP-0110,2025-08,4059800.0
EMP-0110,2025-09,4095300.0
EMP-0110,2025-10,4083900.0
EMP-0110,2025-11,4102200.0
EMP-0110,2025-12,3933200.0
EMP-0111,2025-01,3975200.0
EMP-0111,2025-02,3825400.0
EMP-0111,2025-03,3899900.0
EMP-0111,2025-04,3908600.0
EMP-0111,2025-05,4014700.0
EMP-0111,2025-06,3889800.0
EMP-0111,2025-07,3927800.0
EMP-0111,2025-08,3982400.0
EMP-0111,2025-09,3887100.0
EMP-0111,2025-10,3949300.0
EMP-0111,2025-11,3941600.0
EMP-0111,2025-12,3984600.0
EMP-0112,2025-01,3957400.0
EMP-0112,2025-02,4044900.0
EMP-0112,2025-03,4030900.0
EMP-0112,2025-04,3999100.0
EMP-0112,2025-05,4013000.0
EMP-0112,2025-06,3961200.0
EMP-0112,2025-07,3947500.0
EMP-0112,2025-08,4042500.0
EMP-0112,2025-09,3983600.0
EMP-0112,2025-10,3992200.0
EMP-0112,2025-11,4013800.0
EMP-0112,2025-12,4012900.0
EMP-0113,2025-01,3902700.0
EMP-0113,2025-02,3926700.0
EMP-0113,2025-03,3988600.0
EMP-0113,2025-04,3994400.0
EMP-0113,2025-05,3953300.0
EMP-0113,2025-06,3964100.0
EMP-0113,2025-07,3971000.0
EMP-0113,2025-08,3981600.0
EMP-0113,2025-09,3876300.0
EMP-0113,2025-10,4052900.0
EMP-0113,2025-11,3955800.0
EMP-0113,2025-12,3982700.0
EMP-0114,2025-01,2441200.0
EMP-0114,2025-02,2444900.0
EMP-0114,2025-03,2400000.0
EMP-0114,2025-04,2453400.0
EMP-0114,2025-05,2435300.0
EMP-0114,2025-06,2400900.0
EMP-0114,2025-07,2470200.0
EMP-0114,2025-08,2542000.0
EMP-0114,2025-09,2438200.0
EMP-0114,2025-10,2462700.0
EMP-0114,2025-11,2554900.0
EMP-0114,2025-12,2493900.0
EMP-0115,2025-01,3887000.0
EMP-0115,2025-02,3891800.0
EMP-0115,2025-03,3885000.0
EMP-0115,2025-04,3777000.0
EMP-0115,2025-05,3857900.0
EMP-0115,2025-06,3887600.0
EMP-0115,2025-07,3908100.0
EMP-0115,2025-08,3889400.0
EMP-0115,2025-09,3908800.0
EMP-0115,2025-10,3914700.0
EMP-0115,2025-11,3859100.0
EMP-0115,2025-12,3881900.0
EMP-0116,2025-01,3967000.0
EMP-0116,2025-02,3994400.0
EMP-0116,2025-03,3888600.0
EMP-0116,2025-04,3986900.0
EMP-0116,2025-05,3881600.0
EMP-0116,2025-06,3919300.0
EMP-0116,2025-07,3758800.0
EMP-0116,2025-08,3964700.0
EMP-0116,2025-09,3902900.0
EMP-0116,2025-10,4006700.0
EMP-0116,2025-11,3964100.0
EMP-0116,2025-12,4007400.0
EMP-0117,2025-01,3990000.0
EMP-0117,2025-02,3857200.0
EMP-0117,2025-03,4034700.0
EMP-0117,2025-04,4070000.0
EMP-0117,2025-05,3965300.0
EMP-0117,2025-06,3966500.0
EMP-0117,2025-07,3933900.0
EMP-0117,2025-08,3867600.0
EMP-0117,2025-09,3931200.0
EMP-0117,2025-10,4063300.0
EMP-0117,2025-11,4028800.0
EMP-0117,2025-12,3918600.0
EMP-0118,2025-01,4020300.0
EMP-0118,2025-02,4027500.0
EMP-0118,2025-03,3903600.0
EMP-0118,2025-04,3994800.0
EMP-0118,2025-05,3976200.0
EMP-0118,2025-06,3977600.0
EMP-0118,2025-07,4053400.0
EMP-0118,2025-08,3965400.0
EMP-0118,2025-09,3980800.0
EMP-0118,2025-10,3891500.0
EMP-0118,2025-11,3999500.0
EMP-0118,2025-12,3951700.0
EMP-0119,2025-01,3682000.0
EMP-0119,2025-02,3738000.0
EMP-0119,2025-03,3751700.0
EMP-0119,2025-04,3812300.0
EMP-0119,2025-05,3700800.0
EMP-0119,2025-06,3824300.0
EMP-0119,2025-07,3688500.0
EMP-0119,2025-08,3720400.0
EMP-0119,2025-09,3832600.0
EMP-0119,2025-10,3896300.0
EMP-0119,2025-11,3828100.0
EMP-0119,2025-12,3721200.0
EMP-0120,2025-01,3980700.0
EMP-0120,2025-02,4043000.0
EMP-0120,2025-03,3974800.0
EMP-0120,2025-04,4029600.0
EMP-0120,2025-05,3961800.0
EMP-0120,2025-06,4108600.0
EMP-0120,2025-07,3922700.0
EMP-0120,2025-08,4091500.0
EMP-0120,2025-09,4019600.0
EMP-0120,2025-10,3987800.0
EMP-0120,2025-11,4027300.0
EMP-0120,2025-12,4061500.0
EMP-0121,2025-01,4083800.0
EMP-0121,2025-02,4005500.0
EMP-0121,2025-03,4078800.0
EMP-0121,2025-04,4158600.0
EMP-0121,2025-05,4081700.0
EMP-0121,2025-06,4020500.0
EMP-0121,2025-07,4161600.0
EMP-0121,2025-08,4115400.0
EMP-0121,2025-09,4118300.0
EMP-0121,2025-10,4116600.0
EMP-0121,2025-11,4002600.0
EMP-0121,2025-12,4110900.0
EMP-0122,2025-01,3854800.0
EMP-0122,2025-02,3803500.0
EMP-0122,2025-03,3789800.0
EMP-0122,2025-04,3809200.0
EMP-0122,2025-05,3994300.0
EMP-0122,2025-06,3858600.0
EMP-0122,2025-07,3871700.0
EMP-0122,2025-08,3780200.0
EMP-0122,2025-09,3744300.0
EMP-0122,2025-10,3803500.0
EMP-0122,2025-11,3933800.0
EMP-0122,2025-12,3870100.0
EMP-0123,2025-01,3748000.0
EMP-0123,2025-02,3746400.0
EMP-0123,2025-03,3781200.0
EMP-0123,2025-04,3667900.0
EMP-0123,2025-05,3748800.0
EMP-0123,2025-06,3689400.0
EMP-0123,2025-07,3671700.0
EMP-0123,2025-08,3654500.0
EMP-0123,2025-09,3596900.0
EMP-0123,2025-10,3732600.0
EMP-0123,2025-11,3687400.0
EMP-0123,2025-12,3550900.0
EMP-0124,2025-01,3892000.0
EMP-0124,2025-02,4049200.0
EMP-0124,2025-03,3994100.0
EMP-0124,2025-04,3936900.0
EMP-0124,2025-05,4127900.0
EMP-0124,2025-06,4033000.0
EMP-0124,2025-07,4008800.0
EMP-0124,2025-08,4002400.0
EMP-0124,2025-09,3935200.0
EMP-0124,2025-10,3947800.0
EMP-0124,2025-11,4104200.0
EMP-0124,2025-12,3997900.0
EMP-0125,2025-01,3955000.0
EMP-0125,2025-02,3821700.0
EMP-0125,2025-03,3863600.0
EMP-0125,2025-04,3765700.0
EMP-0125,2025-05,3699800.0
EMP-0125,2025-06,3925700.0
EMP-0125,2025-07,3785500.0
EMP-0125,2025-08,3860800.0
EMP-0125,2025-09,3828700.0
EMP-0125,2025-10,3876600.0
EMP-0125,2025-11,3874300.0
EMP-0125,2025-12,3835500.0
EMP-0126,2025-01,4098400.0
EMP-0126,2025-02,4046400.0
EMP-0126,2025-03,4105300.0
EMP-0126,2025-04,3879500.0
EMP-0126,2025-05,4039200.0
EMP-0126,2025-06,3980500.0
EMP-0126,2025-07,4117200.0
EMP-0126,2025-08,4104500.0
EMP-0126,2025-09,4013500.0
EMP-0126,2025-10,4103900.0
EMP-0126,2025-11,4118800.0
EMP-0126,2025-12,4016000.0
EMP-0127,2025-01,3936900.0
EMP-0127,2025-02,3900900.0
EMP-0127,2025-03,3790700.0
EMP-0127,2025-04,3804500.0
EMP-0127,2025-05,3887700.0
EMP-0127,2025-06,3858600.0
EMP-0127,2025-07,3900600.0
EMP-0127,2025-08,3967500.0
EMP-0127,2025-09,3937900.0
EMP-0127,2025-10,3846900.0
EMP-0127,2025-11,3941400.0
EMP-0127,2025-12,3834200.0
EMP-0128,2025-01,3984400.0
EMP-0128,2025-02,3995200.0
EMP-0128,2025-03,3891400.0
EMP-0128,2025-04,3978300.0
EMP-0128,2025-05,4046900.0
EMP-0128,2025-06,3890300.0
EMP-0128,2025-07,4037000.0
EMP-0128,2025-08,3898500.0
EMP-0128,2025-09,3880600.0
EMP-0128,2025-10,3948300.0
EMP-0128,2025-11,3973100.0
EMP-0128,2025-12,3984600.0
EMP-0129,2025-01,3920200.0
EMP-0129,2025-02,3906300.0
EMP-0129,2025-03,3858500.0
EMP-0129,2025-04,3904900.0
EMP-0129,2025-05,3988200.0
EMP-0129,2025-06,3913300.0
EMP-0129,2025-07,4003800.0
EMP-0129,2025-08,4065100.0
EMP-0129,2025-09,3950100.0
EMP-0129,2025-10,3947600.0
EMP-0129,2025-11,3981100.0
EMP-0129,2025-12,3914600.0
EMP-0130,2025-01,3997600.0
EMP-0130,2025-02,4107800.0
EMP-0130,2025-03,4031400.0
EMP-0130,2025-04,4005300.0
EMP-0130,2025-05,4118300.0
EMP-0130,2025-06,4033600.0
EMP-0130,2025-07,4050200.0
EMP-0130,2025-08,3933900.0
EMP-0130,2025-09,4127200.0
EMP-0130,2025-10,4119600.0
EMP-0130,2025-11,4069800.0
EMP-0130,2025-12,3976200.0
EMP-0131,2025-01,3863700.0
EMP-0131,2025-02,3905100.0
EMP-0131,2025-03,3916800.0
EMP-0131,2025-04,3822300.0
EMP-0131,2025-05,3874000.0
EMP-0131,2025-06,3783600.0
EMP-0131,2025-07,3804300.0
EMP-0131,2025-08,3908300.0
EMP-0131,2025-09,3827500.0
EMP-0131,2025-10,3838900.0
EMP-0131,2025-11,3770400.0
EMP-0131,2025-12,3854000.0
EMP-0132,2025-01,4137200.0
EMP-0132,2025-02,4125100.0
EMP-0132,2025-03,4117500.0
EMP-0132,2025-04,4143100.0
EMP-0132,2025-05,4069100.0
EMP-0132,2025-06,3960600.0
EMP-0132,2025-07,4070400.0
EMP-0132,2025-08,4014200.0
EMP-0132,2025-09,4030100.0
EMP-0132,2025-10,3998900.0
EMP-0132,2025-11,4045600.0
EMP-0132,2025-12,4038300.0
EMP-0133,2025-01,3726700.0
EMP-0133,2025-02,3769600.0
EMP-0133,2025-03,3767700.0
EMP-0133,2025-04,3592800.0
EMP-0133,2025-05,3761300.0
EMP-0133,2025-06,3734900.0
EMP-0133,2025-07,3692100.0
EMP-0133,2025-08,3674200.0
EMP-0133,2025-09,3719900.0
EMP-0133,2025-10,3736200.0
EMP-0133,2025-11,3744500.0
EMP-0133,2025-12,3712400.0
EMP-0134,2025-01,4055000.0
EMP-0134,2025-02,4086300.0
EMP-0134,2025-03,4078500.0
EMP-0134,2025-04,4029300.0
EMP-0134,2025-05,4183800.0
EMP-0134,2025-06,3989800.0
EMP-0134,2025-07,4124800.0
EMP-0134,2025-08,4074600.0
EMP-0134,2025-09,4197200.0
EMP-0134,2025-10,4101700.0
EMP-0134,2025-11,4058800.0
EMP-0134,2025-12,4065600.0
EMP-0135,2025-01,3634300.0
EMP-0135,2025-02,3755900.0
EMP-0135,2025-03,3764800.0
EMP-0135,2025-04,3745200.0
EMP-0135,2025-05,3756000.0
EMP-0135,2025-06,3680100.0
EMP-0135,2025-07,3731400.0
EMP-0135,2025-08,3711400.0
EMP-0135,2025-09,3785300.0
EMP-0135,2025-10,3750200.0
EMP-0135,2025-11,3711900.0
EMP-0135,2025-12,3738900.0
EMP-0136,2025-01,3820700.0
EMP-0136,2025-02,3813300.0
EMP-0136,2025-03,3807800.0
EMP-0136,2025-04,3854500.0
EMP-0136,2025-05,3977600.0
EMP-0136,2025-06,3801600.0
EMP-0136,2025-07,3826200.0
EMP-0136,2025-08,3841500.0
EMP-0136,2025-09,3804900.0
EMP-0136,2025-10,3907800.0
EMP-0136,2025-11,3707800.0
EMP-0136,2025-12,3813900.0
EMP-0137,2025-01,4155400.0
EMP-0137,2025-02,4150300.0
EMP-0137,2025-03,4178200.0
EMP-0137,2025-04,4199800.0
EMP-0137,2025-05,4174800.0
EMP-0137,2025-06,4090000.0
EMP-0137,2025-07,4177700.0
EMP-0137,2025-08,4197100.0
EMP-0137,2025-09,4130800.0
EMP-0137,2025-10,4042300.0
EMP-0137,2025-11,4231300.0
EMP-0137,2025-12,4163000.0
EMP-0138,2025-01,4413700.0
EMP-0138,2025-02,4291600.0
EMP-0138,2025-03,4567700.0
EMP-0138,2025-04,4375400.0
EMP-0138,2025-05,4455600.0
EMP-0138,2025-06,4404000.0
EMP-0138,2025-07,4353200.0
EMP-0138,2025-08,4345400.0
EMP-0138,2025-09,4511100.0
EMP-0138,2025-10,4469500.0
EMP-0138,2025-11,4534800.0
EMP-0138,2025-12,4410000.0
EMP-0139,2025-01,4041700.0
EMP-0139,2025-02,4075500.0
EMP-0139,2025-03,4206900.0
EMP-0139,2025-04,4118000.0
EMP-0139,2025-05,4131500.0
EMP-0139,2025-06,4090100.0
EMP-0139,2025-07,4251000.0
EMP-0139,2025-08,4027600.0
EMP-0139,2025-09,3989000.0
EMP-0139,2025-10,4189100.0
EMP-0139,2025-11,4062400.0
EMP-0139,2025-12,4110900.0
EMP-0140,2025-01,4278900.0
EMP-0140,2025-02,4264700.0
EMP-0140,2025-03,4248700.0
EMP-0140,2025-04,4312600.0
EMP-0140,2025-05,4170200.0
EMP-0140,2025-06,4351300.0
EMP-0140,2025-07,4304600.0
EMP-0140,2025-08,4242700.0
EMP-0140,2025-09,4237700.0
EMP-0140,2025-10,4277800.0
EMP-0140,2025-11,4344100.0
EMP-0140,2025-12,4253600.0
EMP-0141,2025-01,4249100.0
EMP-0141,2025-02,4262300.0
EMP-0141,2025-03,4308600.0
EMP-0141,2025-04,4292900.0
EMP-0141,2025-05,4324200.0
EMP-0141,2025-06,4249000.0
EMP-0141,2025-07,4106700.0
EMP-0141,2025-08,4325200.0
EMP-0141,2025-09,4235000.0
EMP-0141,2025-10,4194200.0
EMP-0141,2025-11,4271600.0
EMP-0141,2025-12,4262100.0
EMP-0142,2025-01,4058000.0
EMP-0142,2025-02,4093500.0
EMP-0142,2025-03,4126100.0
EMP-0142,2025-04,4122000.0
EMP-0142,2025-05,4198200.0
EMP-0142,2025-06,4214400.0
EMP-0142,2025-07,4066200.0
EMP-0142,2025-08,4126000.0
EMP-0142,2025-09,4160800.0
EMP-0142,2025-10,4212800.0
EMP-0142,2025-11,4163500.0
EMP-0142,2025-12,4137100.0
EMP-0143,2025-01,4345700.0
EMP-0143,2025-02,4354500.0
EMP-0143,2025-03,4337300.0
EMP-0143,2025-04,4280400.0
EMP-0143,2025-05,4344500.0
EMP-0143,2025-06,4458400.0
EMP-0143,2025-07,4290800.0
EMP-0143,2025-08,4326300.0
EMP-0143,2025-09,4285800.0
EMP-0143,2025-10,4419400.0
EMP-0143,2025-11,4398000.0
EMP-0143,2025-12,4260700.0
EMP-0144,2025-01,4337000.0
EMP-0144,2025-02,4163200.0
EMP-0144,2025-03,4303400.0
EMP-0144,2025-04,4206700.0
EMP-0144,2025-05,4211800.0
EMP-0144,2025-06,4219500.0
EMP-0144,2025-07,4293900.0
EMP-0144,2025-08,4310100.0
EMP-0144,2025-09,4242700.0
EMP-0144,2025-10,4243800.0
EMP-0144,2025-11,4278500.0
EMP-0144,2025-12,4285100.0
EMP-0145,2025-01,4099200.0
EMP-0145,2025-02,4172800.0
EMP-0145,2025-03,4126700.0
EMP-0145,2025-04,4151400.0
EMP-0145,2025-05,4107400.0
EMP-0145,2025-06,4139900.0
EMP-0145,2025-07,3991500.0
EMP-0145,2025-08,4100400.0
EMP-0145,2025-09,4114400.0
EMP-0145,2025-10,4146600.0
EMP-0145,2025-11,4231600.0
EMP-0145,2025-12,4107600.0
EMP-0146,2025-01,4114900.0
EMP-0146,2025-02,4257200.0
EMP-0146,2025-03,4270200.0
EMP-0146,2025-04,4046600.0
EMP-0146,2025-05,4174400.0
EMP-0146,2025-06,4143600.0
EMP-0146,2025-07,3986600.0
EMP-0146,2025-08,4078300.0
EMP-0146,2025-09,4217100.0
EMP-0146,2025-10,4294900.0
EMP-0146,2025-11,4225100.0
EMP-0146,2025-12,4188900.0
EMP-0147,2025-01,4120600.0
EMP-0147,2025-02,4311100.0
EMP-0147,2025-03,4284500.0
EMP-0147,2025-04,4465200.0
EMP-0147,2025-05,4305900.0
EMP-0147,2025-06,4326100.0
EMP-0147,2025-07,4325100.0
EMP-0147,2025-08,4243200.0
EMP-0147,2025-09,4291700.0
EMP-0147,2025-10,4381100.0
EMP-0147,2025-11,4189600.0
EMP-0147,2025-12,4348300.0
EMP-0148,2025-01,4069700.0
EMP-0148,2025-02,4032800.0
EMP-0148,2025-03,3993900.0
EMP-0148,2025-04,4009300.0
EMP-0148,2025-05,4130600.0
EMP-0148,2025-06,4072000.0
EMP-0148,2025-07,4094300.0
EMP-0148,2025-08,4002400.0
EMP-0148,2025-09,3877300.0
EMP-0148,2025-10,4025200.0
EMP-0148,2025-11,4004300.0
EMP-0148,2025-12,4078300.0
EMP-0149,2025-01,4319600.0
EMP-0149,2025-02,4414400.0
EMP-0149,2025-03,4205700.0
EMP-0149,2025-04,4229600.0
EMP-0149,2025-05,4291000.0
EMP-0149,2025-06,4290600.0
EMP-0149,2025-07,4237900.0
EMP-0149,2025-08,4164700.0
EMP-0149,2025-09,4341900.0
EMP-0149,2025-10,4269800.0
EMP-0149,2025-11,4240600.0
EMP-0149,2025-12,4180800.0
EMP-0150,2025-01,4227700.0
EMP-0150,2025-02,4133900.0
EMP-0150,2025-03,4090000.0
EMP-0150,2025-04,4153700.0
EMP-0150,2025-05,4157300.0
EMP-0150,2025-06,4136400.0
EMP-0150,2025-07,4142500.0
EMP-0150,2025-08,4120600.0
EMP-0150,2025-09,4193100.0
EMP-0150,2025-10,4177000.0
EMP-0150,2025-11,4070500.0
EMP-0150,2025-12,4068800.0
EMP-0151,2025-01,4358700.0
EMP-0151,2025-02,4383700.0
EMP-0151,2025-03,4331500.0
EMP-0151,2025-04,4412700.0
EMP-0151,2025-05,4432300.0
EMP-0151,2025-06,4472600.0
EMP-0151,2025-07,4415100.0
EMP-0151,2025-08,4421300.0
EMP-0151,2025-09,4377800.0
EMP-0151,2025-10,4337900.0
EMP-0151,2025-11,4367200.0
EMP-0151,2025-12,4489700.0
EMP-0152,2025-01,4451900.0
EMP-0152,2025-02,4380100.0
EMP-0152,2025-03,4430800.0
EMP-0152,2025-04,4497000.0
EMP-0152,2025-05,4361400.0
EMP-0152,2025-06,4335300.0
EMP-0152,2025-07,4337800.0
EMP-0152,2025-08,4345900.0
EMP-0152,2025-09,4463000.0
EMP-0152,2025-10,4330200.0
EMP-0152,2025-11,4403800.0
EMP-0152,2025-12,4464600.0
EMP-0153,2025-01,4122200.0
EMP-0153,2025-02,4134500.0
EMP-0153,2025-03,4099900.0
EMP-0153,2025-04,4021200.0
EMP-0153,2025-05,4066300.0
EMP-0153,2025-06,4237800.0
EMP-0153,2025-07,4017300.0
EMP-0153,2025-08,4114700.0
EMP-0153,2025-09,4221800.0
EMP-0153,2025-10,4074900.0
EMP-0153,2025-11,4204200.0
EMP-0153,2025-12,4049500.0
EMP-0154,2025-01,4125000.0
EMP-0154,2025-02,4137000.0
EMP-0154,2025-03,4181900.0
EMP-0154,2025-04,4199400.0
EMP-0154,2025-05,4261600.0
EMP-0154,2025-06,4231800.0
EMP-0154,2025-07,4177100.0
EMP-0154,2025-08,4195000.0
EMP-0154,2025-09,4183300.0
EMP-0154,2025-10,4145700.0
EMP-0154,2025-11,4147400.0
EMP-0154,2025-12,4268200.0
EMP-0155,2025-01,4193900.0
EMP-0155,2025-02,4241900.0
EMP-0155,2025-03,4332700.0
EMP-0155,2025-04,4197300.0
EMP-0155,2025-05,4196500.0
EMP-0155,2025-06,4272900.0
EMP-0155,2025-07,4283200.0
EMP-0155,2025-08,4189400.0
EMP-0155,2025-09,4222200.0
EMP-0155,2025-10,4324900.0
EMP-0155,2025-11,4180200.0
EMP-0155,2025-12,4277400.0
EMP-0156,2025-01,4220500.0
EMP-0156,2025-02,4120500.0
EMP-0156,2025-03,4196900.0
EMP-0156,2025-04,4177600.0
EMP-0156,2025-05,4090700.0
EMP-0156,2025-06,4107800.0
EMP-0156,2025-07,4224800.0
EMP-0156,2025-08,4096100.0
EMP-0156,2025-09,4152100.0
EMP-0156,2025-10,4095700.0
EMP-0156,2025-11,4124800.0
EMP-0156,2025-12,4141500.0
EMP-0157,2025-01,4075200.0
EMP-0157,2025-02,4091800.0
EMP-0157,2025-03,4031200.0
EMP-0157,2025-04,4154000.0
EMP-0157,2025-05,4145100.0
EMP-0157,2025-06,4094200.0
EMP-0157,2025-07,3968500.0
EMP-0157,2025-08,4068600.0
EMP-0157,2025-09,4140900.0
EMP-0157,2025-10,4128000.0
EMP-0157,2025-11,4109600.0
EMP-0157,2025-12,4086300.0
EMP-0158,2025-01,4340200.0
EMP-0158,2025-02,4224600.0
EMP-0158,2025-03,4215000.0
EMP-0158,2025-04,4223100.0
EMP-0158,2025-05,4267400.0
EMP-0158,2025-06,4307900.0
EMP-0158,2025-07,4313700.0
EMP-0158,2025-08,4210300.0
EMP-0158,2025-09,4207400.0
EMP-0158,2025-10,4212100.0
EMP-0158,2025-11,4263700.0
EMP-0158,2025-12,4257300.0
EMP-0159,2025-01,4264100.0
EMP-0159,2025-02,4201600.0
EMP-0159,2025-03,4334800.0
EMP-0159,2025-04,4293100.0
EMP-0159,2025-05,4310800.0
EMP-0159,2025-06,4233700.0
EMP-0159,2025-07,4316900.0
EMP-0159,2025-08,4197600.0
EMP-0159,2025-09,4206800.0
EMP-0159,2025-10,4258000.0
EMP-0159,2025-11,4209300.0
EMP-0159,2025-12,4314600.0
EMP-0160,2025-01,4171600.0
EMP-0160,2025-02,4009600.0
EMP-0160,2025-03,4046500.0
EMP-0160,2025-04,4053000.0
EMP-0160,2025-05,4086400.0
EMP-0160,2025-06,4070800.0
EMP-0160,2025-07,3996000.0
EMP-0160,2025-08,4062900.0
EMP-0160,2025-09,4081300.0
EMP-0160,2025-10,4048900.0
EMP-0160,2025-11,4129500.0
EMP-0160,2025-12,4143800.0
EMP-0161,2025-01,4363900.0
EMP-0161,2025-02,4267500.0
EMP-0161,2025-03,4289400.0
EMP-0161,2025-04,4288300.0
EMP-0161,2025-05,4408000.0
EMP-0161,2025-06,4420400.0
EMP-0161,2025-07,4318700.0
EMP-0161,2025-08,4371200.0
EMP-0161,2025-09,4376900.0
EMP-0161,2025-10,4381500.0
EMP-0161,2025-11,4326400.0
EMP-0161,2025-12,4483900.0
EMP-0162,2025-01,4194000.0
EMP-0162,2025-02,4214200.0
EMP-0162,2025-03,4229100.0
EMP-0162,2025-04,4213000.0
EMP-0162,2025-05,4081800.0
EMP-0162,2025-06,4268700.0
EMP-0162,2025-07,4278800.0
EMP-0162,2025-08,4346100.0
EMP-0162,2025-09,4194000.0
EMP-0162,2025-10,4188800.0
EMP-0162,2025-11,4073500.0
EMP-0162,2025-12,4225500.0
EMP-0163,2025-01,4130600.0
EMP-0163,2025-02,4222000.0
EMP-0163,2025-03,4068700.0
EMP-0163,2025-04,4169200.0
EMP-0163,2025-05,4014200.0
EMP-0163,2025-06,4158200.0
EMP-0163,2025-07,4229300.0
EMP-0163,2025-08,4144600.0
EMP-0163,2025-09,4094400.0
EMP-0163,2025-10,4212300.0
EMP-0163,2025-11,4157500.0
EMP-0163,2025-12,4145300.0
EMP-0164,2025-01,4305500.0
EMP-0164,2025-02,4221600.0
EMP-0164,2025-03,4123600.0
EMP-0164,2025-04,4299300.0
EMP-0164,2025-05,4267300.0
EMP-0164,2025-06,4240700.0
EMP-0164,2025-07,4326100.0
EMP-0164,2025-08,4274200.0
EMP-0164,2025-09,4192400.0
EMP-0164,2025-10,4153200.0
EMP-0164,2025-11,4204700.0
EMP-0164,2025-12,4430600.0
EMP-0165,2025-01,4087100.0
EMP-0165,2025-02,4070700.0
EMP-0165,2025-03,4050100.0
EMP-0165,2025-04,4008500.0
EMP-0165,2025-05,4046600.0
EMP-0165,2025-06,4134100.0
EMP-0165,2025-07,4089700.0
EMP-0165,2025-08,4125400.0
EMP-0165,2025-09,4010300.0
EMP-0165,2025-10,4172500.0
EMP-0165,2025-11,4049600.0
EMP-0165,2025-12,4113100.0
EMP-0166,2025-01,4097500.0
EMP-0166,2025-02,4014500.0
EMP-0166,2025-03,4040100.0
EMP-0166,2025-04,4132400.0
EMP-0166,2025-05,3970400.0
EMP-0166,2025-06,4045800.0
EMP-0166,2025-07,4060000.0
EMP-0166,2025-08,4064900.0
EMP-0166,2025-09,4006200.0
EMP-0166,2025-10,4159700.0
EMP-0166,2025-11,3955100.0
EMP-0166,2025-12,4121700.0
EMP-0167,2025-01,4152700.0
EMP-0167,2025-02,4360300.0
EMP-0167,2025-03,4222700.0
EMP-0167,2025-04,4167600.0
EMP-0167,2025-05,4161500.0
EMP-0167,2025-06,4389400.0
EMP-0167,2025-07,4330100.0
EMP-0167,2025-08,4222900.0
EMP-0167,2025-09,4225500.0
EMP-0167,2025-10,4277400.0
EMP-0167,2025-11,4328900.0
EMP-0167,2025-12,4255000.0
EMP-0168,2025-01,4360500.0
EMP-0168,2025-02,4320200.0
EMP-0168,2025-03,4204800.0
EMP-0168,2025-04,4272200.0
EMP-0168,2025-05,4424100.0
EMP-0168,2025-06,4344000.0
EMP-0168,2025-07,4310900.0
EMP-0168,2025-08,4404500.0
EMP-0168,2025-09,4258400.0
EMP-0168,2025-10,4317200.0
EMP-0168,2025-11,4340800.0
EMP-0168,2025-12,4303100.0
EMP-0169,2025-01,4057300.0
EMP-0169,2025-02,4143300.0
EMP-0169,2025-03,4051100.0
EMP-0169,2025-04,3955200.0
EMP-0169,2025-05,4024800.0
EMP-0169,2025-06,3961300.0
EMP-0169,2025-07,4029200.0
EMP-0169,2025-08,4125400.0
EMP-0169,2025-09,4067800.0
EMP-0169,2025-10,3996300.0
EMP-0169,2025-11,4075900.0
EMP-0169,2025-12,3992900.0
EMP-0170,2025-01,4288800.0
EMP-0170,2025-02,4205600.0
EMP-0170,2025-03,4260500.0
EMP-0170,2025-04,4190400.0
EMP-0170,2025-05,4217400.0
EMP-0170,2025-06,4192400.0
EMP-0170,2025-07,4263700.0
EMP-0170,2025-08,4305900.0
EMP-0170,2025-09,4265800.0
EMP-0170,2025-10,4273600.0
EMP-0170,2025-11,4273600.0
EMP-0170,2025-12,4250100.0
EMP-0171,2025-01,5818800.0
EMP-0171,2025-02,5666400.0
EMP-0171,2025-03,5937800.0
EMP-0171,2025-04,5913500.0
EMP-0171,2025-05,5803200.0
EMP-0171,2025-06,5769100.0
EMP-0171,2025-07,5892000.0
EMP-0171,2025-08,5943700.0
EMP-0171,2025-09,5926300.0
EMP-0171,2025-10,5790500.0
EMP-0171,2025-11,5810300.0
EMP-0171,2025-12,5939500.0
EMP-0172,2025-01,6103700.0
EMP-0172,2025-02,6020000.0
EMP-0172,2025-03,5972100.0
EMP-0172,2025-04,5997700.0
EMP-0172,2025-05,5856500.0
EMP-0172,2025-06,5997600.0
EMP-0172,2025-07,6076100.0
EMP-0172,2025-08,6044700.0
EMP-0172,2025-09,6151200.0
EMP-0172,2025-10,5990300.0
EMP-0172,2025-11,6058000.0
EMP-0172,2025-12,6085500.0
EMP-0173,2025-01,5927900.0
EMP-0173,2025-02,5880500.0
EMP-0173,2025-03,5866200.0
EMP-0173,2025-04,5748100.0
EMP-0173,2025-05,5796200.0
EMP-0173,2025-06,5855800.0
EMP-0173,2025-07,5892000.0
EMP-0173,2025-08,5878100.0
EMP-0173,2025-09,5851100.0
EMP-0173,2025-10,5974600.0
EMP-0173,2025-11,5788700.0
EMP-0173,2025-12,5888700.0
EMP-0174,2025-01,5579700.0
EMP-0174,2025-02,5617100.0
EMP-0174,2025-03,5569400.0
EMP-0174,2025-04,5510000.0
EMP-0174,2025-05,5587800.0
EMP-0174,2025-06,5613100.0
EMP-0174,2025-07,5573200.0
EMP-0174,2025-08,5472100.0
EMP-0174,2025-09,5526500.0
EMP-0174,2025-10,5620400.0
EMP-0174,2025-11,5426700.0
EMP-0174,2025-12,5367600.0
EMP-0175,2025-01,5490200.0
EMP-0175,2025-02,5607700.0
EMP-0175,2025-03,5653200.0
EMP-0175,2025-04,5665000.0
EMP-0175,2025-05,5581900.0
EMP-0175,2025-06,5644200.0
EMP-0175,2025-07,5507000.0
EMP-0175,2025-08,5541300.0
EMP-0175,2025-09,5456700.0
EMP-0175,2025-10,5654400.0
EMP-0175,2025-11,5717700.0
EMP-0175,2025-12,5524800.0
EMP-0176,2025-01,6017100.0
EMP-0176,2025-02,6150400.0
EMP-0176,2025-03,5909400.0
EMP-0176,2025-04,5980600.0
EMP-0176,2025-05,5957700.0
EMP-0176,2025-06,6009400.0
EMP-0176,2025-07,6040800.0
EMP-0176,2025-08,6073600.0
EMP-0176,2025-09,6003300.0
EMP-0176,2025-10,5955200.0
EMP-0176,2025-11,6187300.0
EMP-0176,2025-12,6253000.0
EMP-0177,2025-01,5438300.0
EMP-0177,2025-02,5546400.0
EMP-0177,2025-03,5517000.0
EMP-0177,2025-04,5489600.0
EMP-0177,2025-05,5455100.0
EMP-0177,2025-06,5549400.0
EMP-0177,2025-07,5463500.0
EMP-0177,2025-08,5383100.0
EMP-0177,2025-09,5528600.0
EMP-0177,2025-10,5424100.0
EMP-0177,2025-11,5390300.0
EMP-0177,2025-12,5537500.0
EMP-0178,2025-01,5629000.0
EMP-0178,2025-02,5549100.0
EMP-0178,2025-03,5630300.0
EMP-0178,2025-04,5610300.0
EMP-0178,2025-05,5609200.0
EMP-0178,2025-06,5677300.0
EMP-0178,2025-07,5468100.0
EMP-0178,2025-08,5522000.0
EMP-0178,2025-09,5708600.0
EMP-0178,2025-10,5540000.0
EMP-0178,2025-11,5326600.0
EMP-0178,2025-12,5544500.0
EMP-0179,2025-01,5545900.0
EMP-0179,2025-02,5750900.0
EMP-0179,2025-03,5790900.0
EMP-0179,2025-04,5775200.0
EMP-0179,2025-05,5719100.0
EMP-0179,2025-06,5779000.0
EMP-0179,2025-07,5718500.0
EMP-0179,2025-08,5807800.0
EMP-0179,2025-09,5839400.0
EMP-0179,2025-10,5663800.0
EMP-0179,2025-11,5719200.0
EMP-0179,2025-12,5733200.0
EMP-0180,2025-01,5642500.0
EMP-0180,2025-02,5825400.0
EMP-0180,2025-03,5848400.0
EMP-0180,2025-04,5824400.0
EMP-0180,2025-05,5765000.0
EMP-0180,2025-06,5747600.0
EMP-0180,2025-07,5618400.0
EMP-0180,2025-08,5701600.0
EMP-0180,2025-09,5664000.0
EMP-0180,2025-10,5566000.0
EMP-0180,2025-11,5813500.0
EMP-0180,2025-12,5663000.0
EMP-0181,2025-01,5966300.0
EMP-0181,2025-02,5948000.0
EMP-0181,2025-03,5955200.0
EMP-0181,2025-04,5988500.0
EMP-0181,2025-05,5923100.0
EMP-0181,2025-06,5891500.0
EMP-0181,2025-07,5774000.0
EMP-0181,2025-08,5923200.0
EMP-0181,2025-09,5986000.0
EMP-0181,2025-10,5797700.0
EMP-0181,2025-11,5874800.0
EMP-0181,2025-12,5932600.0
EMP-0182,2025-01,5615800.0
EMP-0182,2025-02,5827600.0
EMP-0182,2025-03,5672200.0
EMP-0182,2025-04,5695800.0
EMP-0182,2025-05,5849400.0
EMP-0182,2025-06,5628500.0
EMP-0182,2025-07,5662400.0
EMP-0182,2025-08,5658900.0
EMP-0182,2025-09,5863800.0
EMP-0182,2025-10,5896100.0
EMP-0182,2025-11,5789400.0
EMP-0182,2025-12,5792100.0
EMP-0183,2025-01,5980600.0
EMP-0183,2025-02,5883800.0
EMP-0183,2025-03,5959100.0
EMP-0183,2025-04,5734900.0
EMP-0183,2025-05,5929700.0
EMP-0183,2025-06,6048100.0
EMP-0183,2025-07,5833400.0
EMP-0183,2025-08,5975900.0
EMP-0183,2025-09,6051700.0
EMP-0183,2025-10,5955900.0
EMP-0183,2025-11,5985600.0
EMP-0183,2025-12,5756200.0
EMP-0184,2025-01,5561000.0
EMP-0184,2025-02,5487600.0
EMP-0184,2025-03,5656900.0
EMP-0184,2025-04,5443700.0
EMP-0184,2025-05,5558200.0
EMP-0184,2025-06,5556900.0
EMP-0184,2025-07,5531900.0
EMP-0184,2025-08,5428700.0
EMP-0184,2025-09,5608700.0
EMP-0184,2025-10,5598200.0
EMP-0184,2025-11,5480300.0
EMP-0184,2025-12,5595200.0
EMP-0185,2025-01,5746500.0
EMP-0185,2025-02,5665800.0
EMP-0185,2025-03,5560500.0
EMP-0185,2025-04,5591600.0
EMP-0185,2025-05,5534700.0
EMP-0185,2025-06,5707700.0
EMP-0185,2025-07,5596600.0
EMP-0185,2025-08,5597700.0
EMP-0185,2025-09,5688700.0
EMP-0185,2025-10,5476300.0
EMP-0185,2025-11,5614700.0
EMP-0185,2025-12,5616900.0
EMP-0186,2025-01,5643400.0
EMP-0186,2025-02,5456100.0
EMP-0186,2025-03,5573700.0
EMP-0186,2025-04,5487100.0
EMP-0186,2025-05,5540500.0
EMP-0186,2025-06,5533600.0
EMP-0186,2025-07,5526700.0
EMP-0186,2025-08,5729500.0
EMP-0186,2025-09,5525600.0
EMP-0186,2025-10,5494900.0
EMP-0186,2025-11,5498700.0
EMP-0186,2025-12,5649500.0
EMP-0187,2025-01,5700500.0
EMP-0187,2025-02,5722900.0
EMP-0187,2025-03,5749600.0
EMP-0187,2025-04,5803000.0
EMP-0187,2025-05,5796700.0
EMP-0187,2025-06,5840700.0
EMP-0187,2025-07,5666500.0
EMP-0187,2025-08,5745600.0
EMP-0187,2025-09,5656800.0
EMP-0187,2025-10,5778600.0
EMP-0187,2025-11,5898300.0
EMP-0187,2025-12,5639900.0
EMP-0188,2025-01,6060100.0
EMP-0188,2025-02,6068000.0
EMP-0188,2025-03,5922600.0
EMP-0188,2025-04,5875100.0
EMP-0188,2025-05,5955000.0
EMP-0188,2025-06,5881600.0
EMP-0188,2025-07,5974300.0
EMP-0188,2025-08,6060800.0
EMP-0188,2025-09,5944500.0
EMP-0188,2025-10,5973000.0
EMP-0188,2025-11,5951200.0
EMP-0188,2025-12,6031300.0
EMP-0189,2025-01,5828900.0
EMP-0189,2025-02,5709300.0
EMP-0189,2025-03,5680700.0
EMP-0189,2025-04,5736600.0
EMP-0189,2025-05,5785000.0
EMP-0189,2025-06,5835800.0
EMP-0189,2025-07,5683000.0
EMP-0189,2025-08,5685000.0
EMP-0189,2025-09,5702600.0
EMP-0189,2025-10,5810100.0
EMP-0189,2025-11,5726600.0
EMP-0189,2025-12,5907600.0
EMP-0190,2025-01,5764600.0
EMP-0190,2025-02,5911800.0
EMP-0190,2025-03,6013100.0
EMP-0190,2025-04,5895300.0
EMP-0190,2025-05,5796600.0
EMP-0190,2025-06,5913100.0
EMP-0190,2025-07,5851600.0
EMP-0190,2025-08,5971500.0
EMP-0190,2025-09,5996500.0
EMP-0190,2025-10,5833900.0
EMP-0190,2025-11,5865000.0
EMP-0190,2025-12,5995100.0
EMP-0191,2025-01,5725500.0
EMP-0191,2025-02,5516700.0
EMP-0191,2025-03,5746700.0
EMP-0191,2025-04,5713800.0
EMP-0191,2025-05,5461700.0
EMP-0191,2025-06,5656500.0
EMP-0191,2025-07,5487300.0
EMP-0191,2025-08,5552900.0
EMP-0191,2025-09,5612500.0
EMP-0191,2025-10,5547600.0
EMP-0191,2025-11,5843300.0
EMP-0191,2025-12,5728400.0
EMP-0192,2025-01,5828100.0
EMP-0192,2025-02,5836200.0
EMP-0192,2025-03,5879200.0
EMP-0192,2025-04,5779000.0
EMP-0192,2025-05,5846600.0
EMP-0192,2025-06,5839800.0
EMP-0192,2025-07,5824300.0
EMP-0192,2025-08,5749700.0
EMP-0192,2025-09,5792500.0
EMP-0192,2025-10,5726600.0
EMP-0192,2025-11,5778700.0
EMP-0192,2025-12,5676300.0
EMP-0193,2025-01,5475800.0
EMP-0193,2025-02,5708000.0
EMP-0193,2025-03,5570300.0
EMP-0193,2025-04,5538200.0
EMP-0193,2025-05,5500300.0
EMP-0193,2025-06,5492200.0
EMP-0193,2025-07,5633100.0
EMP-0193,2025-08,5680700.0
EMP-0193,2025-09,5672300.0
EMP-0193,2025-10,5713700.0
EMP-0193,2025-11,5743200.0
EMP-0193,2025-12,5676900.0
EMP-0194,2025-01,3930900.0
EMP-0194,2025-02,4010300.0
EMP-0194,2025-03,3977100.0
EMP-0194,2025-04,4026900.0
EMP-0194,2025-05,3963300.0
EMP-0194,2025-06,3956400.0
EMP-0194,2025-07,3987400.0
EMP-0194,2025-08,3893200.0
EMP-0194,2025-09,3971500.0
EMP-0194,2025-10,4068400.0
EMP-0194,2025-11,3785500.0
EMP-0194,2025-12,3970000.0
EMP-0195,2025-01,5814200.0
EMP-0195,2025-02,5683200.0
EMP-0195,2025-03,5746300.0
EMP-0195,2025-04,5727100.0
EMP-0195,2025-05,5671200.0
EMP-0195,2025-06,5734400.0
EMP-0195,2025-07,5685800.0
EMP-0195,2025-08,5808000.0
EMP-0195,2025-09,5705700.0
EMP-0195,2025-10,5929100.0
EMP-0195,2025-11,5717100.0
EMP-0195,2025-12,5733500.0
EMP-0196,2025-01,5914400.0
EMP-0196,2025-02,6000500.0
EMP-0196,2025-03,6136000.0
EMP-0196,2025-04,6065200.0
EMP-0196,2025-05,5942300.0
EMP-0196,2025-06,5867400.0
EMP-0196,2025-07,5836800.0
EMP-0196,2025-08,6106100.0
EMP-0196,2025-09,5902100.0
EMP-0196,2025-10,5958600.0
EMP-0196,2025-11,6106500.0
EMP-0196,2025-12,5842900.0
EMP-0197,2025-01,5735300.0
EMP-0197,2025-02,5892800.0
EMP-0197,2025-03,5838600.0
EMP-0197,2025-04,5685700.0
EMP-0197,2025-05,5732400.0
EMP-0197,2025-06,5693100.0
EMP-0197,2025-07,5652300.0
EMP-0197,2025-08,5746700.0
EMP-0197,2025-09,5664900.0
EMP-0197,2025-10,5753500.0
EMP-0197,2025-11,5935900.0
EMP-0197,2025-12,5828900.0
EMP-0198,2025-01,5524700.0
EMP-0198,2025-02,5563200.0
EMP-0198,2025-03,5598900.0
EMP-0198,2025-04,5446100.0
EMP-0198,2025-05,5537000.0
EMP-0198,2025-06,5265600.0
EMP-0198,2025-07,5562900.0
EMP-0198,2025-08,5517400.0
EMP-0198,2025-09,5460600.0
EMP-0198,2025-10,5568600.0
EMP-0198,2025-11,5639900.0
EMP-0198,2025-12,5502800.0
EMP-0199,2025-01,5811700.0
EMP-0199,2025-02,5762100.0
EMP-0199,2025-03,5845300.0
EMP-0199,2025-04,5693500.0
EMP-0199,2025-05,5816500.0
EMP-0199,2025-06,5938700.0
EMP-0199,2025-07,5912200.0
EMP-0199,2025-08,5823000.0
EMP-0199,2025-09,5980900.0
EMP-0199,2025-10,6002800.0
EMP-0199,2025-11,5893700.0
EMP-0199,2025-12,5707100.0
EMP-0200,2025-01,5869000.0
EMP-0200,2025-02,5884400.0
EMP-0200,2025-03,5653100.0
EMP-0200,2025-04,6023900.0
EMP-0200,2025-05,5789600.0
EMP-0200,2025-06,5758200.0
EMP-0200,2025-07,5817600.0
EMP-0200,2025-08,5972400.0
EMP-0200,2025-09,6033400.0
EMP-0200,2025-10,5851000.0
EMP-0200,2025-11,5927400.0
EMP-0200,2025-12,5843800.0
EMP-0201,2025-01,6115100.0
EMP-0201,2025-02,6007500.0
EMP-0201,2025-03,6207000.0
EMP-0201,2025-04,6010300.0
EMP-0201,2025-05,6236700.0
EMP-0201,2025-06,5963500.0
EMP-0201,2025-07,6104600.0
EMP-0201,2025-08,6218900.0
EMP-0201,2025-09,6000700.0
EMP-0201,2025-10,6087300.0
EMP-0201,2025-11,6185300.0
EMP-0201,2025-12,5874100.0
EMP-0202,2025-01,5735900.0
EMP-0202,2025-02,5872300.0
EMP-0202,2025-03,5709800.0
EMP-0202,2025-04,5907200.0
EMP-0202,2025-05,5713300.0
EMP-0202,2025-06,5670700.0
EMP-0202,2025-07,5755900.0
EMP-0202,2025-08,5727900.0
EMP-0202,2025-09,5825600.0
EMP-0202,2025-10,5769500.0
EMP-0202,2025-11,5828300.0
EMP-0202,2025-12,5748800.0
EMP-0203,2025-01,5646000.0
EMP-0203,2025-02,5522000.0
EMP-0203,2025-03,5613400.0
EMP-0203,2025-04,5648500.0
EMP-0203,2025-05,5618800.0
EMP-0203,2025-06,5512600.0
EMP-0203,2025-07,5742300.0
EMP-0203,2025-08,5556600.0
EMP-0203,2025-09,5533800.0
EMP-0203,2025-10,5642300.0
EMP-0203,2025-11,5612100.0
EMP-0203,2025-12,5689700.0
EMP-0204,2025-01,6145100.0
EMP-0204,2025-02,5927200.0
EMP-0204,2025-03,6040800.0
EMP-0204,2025-04,5827200.0
EMP-0204,2025-05,5716600.0
EMP-0204,2025-06,5804700.0
EMP-0204,2025-07,5640800.0
EMP-0204,2025-08,6117800.0
EMP-0204,2025-09,5949000.0
EMP-0204,2025-10,5847700.0
EMP-0204,2025-11,5970200.0
EMP-0204,2025-12,5946800.0
EMP-0205,2025-01,4111200.0
EMP-0205,2025-02,4183100.0
EMP-0205,2025-03,4102500.0
EMP-0205,2025-04,4142200.0
EMP-0205,2025-05,4184300.0
EMP-0205,2025-06,4195300.0
EMP-0205,2025-07,4209000.0
EMP-0205,2025-08,4240500.0
EMP-0205,2025-09,4088900.0
EMP-0205,2025-10,4165000.0
EMP-0205,2025-11,4110400.0
EMP-0205,2025-12,4138600.0
EMP-0206,2025-01,4171900.0
EMP-0206,2025-02,4089300.0
EMP-0206,2025-03,4116200.0
EMP-0206,2025-04,4258500.0
EMP-0206,2025-05,4115900.0
EMP-0206,2025-06,4091500.0
EMP-0206,2025-07,4213800.0
EMP-0206,2025-08,4075800.0
EMP-0206,2025-09,4098000.0
EMP-0206,2025-10,4176900.0
EMP-0206,2025-11,4199400.0
EMP-0206,2025-12,4216900.0
EMP-0207,2025-01,4124800.0
EMP-0207,2025-02,4127100.0
EMP-0207,2025-03,4109600.0
EMP-0207,2025-04,4070100.0
EMP-0207,2025-05,4192000.0
EMP-0207,2025-06,4201700.0
EMP-0207,2025-07,4092800.0
EMP-0207,2025-08,4073800.0
EMP-0207,2025-09,4092200.0
EMP-0207,2025-10,4157400.0
EMP-0207,2025-11,4064500.0
EMP-0207,2025-12,4220700.0
EMP-0208,2025-01,4081800.0
EMP-0208,2025-02,4126000.0
EMP-0208,2025-03,4107100.0
EMP-0208,2025-04,4150700.0
EMP-0208,2025-05,4010300.0
EMP-0208,2025-06,4205400.0
EMP-0208,2025-07,4136100.0
EMP-0208,2025-08,4187400.0
EMP-0208,2025-09,4157600.0
EMP-0208,2025-10,4103000.0
EMP-0208,2025-11,4024700.0
EMP-0208,2025-12,4069100.0
EMP-0209,2025-01,4032400.0
EMP-0209,2025-02,4218800.0
EMP-0209,2025-03,4129300.0
EMP-0209,2025-04,4092700.0
EMP-0209,2025-05,4060900.0
EMP-0209,2025-06,4113400.0
EMP-0209,2025-07,4119300.0
EMP-0209,2025-08,4107700.0
EMP-0209,2025-09,4159400.0
EMP-0209,2025-10,4040600.0
EMP-0209,2025-11,4032300.0
EMP-0209,2025-12,4157800.0
EMP-0210,2025-01,4049700.0
EMP-0210,2025-02,4211300.0
EMP-0210,2025-03,4093400.0
EMP-0210,2025-04,4093000.0
EMP-0210,2025-05,4092500.0
EMP-0210,2025-06,4095900.0
EMP-0210,2025-07,3925100.0
EMP-0210,2025-08,4056000.0
EMP-0210,2025-09,4068300.0
EMP-0210,2025-10,4148800.0
EMP-0210,2025-11,4073500.0
EMP-0210,2025-12,3970000.0
EMP-0211,2025-01,3841900.0
EMP-0211,2025-02,3978500.0
EMP-0211,2025-03,3945000.0
EMP-0211,2025-04,3943600.0
EMP-0211,2025-05,3967800.0
EMP-0211,2025-06,3927900.0
EMP-0211,2025-07,3937000.0
EMP-0211,2025-08,3989000.0
EMP-0211,2025-09,3897100.0
EMP-0211,2025-10,3940400.0
EMP-0211,2025-11,3843300.0
EMP-0211,2025-12,3909600.0
EMP-0212,2025-11,4137200.0
EMP-0212,2025-12,4057300.0
EMP-0213,2025-01,3966400.0
EMP-0213,2025-02,3935500.0
EMP-0213,2025-03,3943400.0
EMP-0213,2025-04,3955200.0
EMP-0213,2025-05,3904000.0
EMP-0213,2025-06,3963800.0
EMP-0213,2025-07,3981200.0
EMP-0213,2025-08,4021600.0
EMP-0213,2025-09,3953900.0
EMP-0213,2025-10,3902300.0
EMP-0213,2025-11,3929000.0
EMP-0213,2025-12,3867600.0
EMP-0214,2025-01,4099700.0
EMP-0214,2025-02,4018400.0
EMP-0214,2025-03,4002100.0
EMP-0214,2025-04,4111000.0
EMP-0214,2025-05,3852200.0
EMP-0214,2025-06,3943300.0
EMP-0214,2025-07,3968100.0
EMP-0214,2025-08,4043500.0
EMP-0214,2025-09,4044500.0
EMP-0214,2025-10,3940200.0
EMP-0214,2025-11,4051800.0
EMP-0214,2025-12,3967900.0
EMP-0215,2025-01,3972900.0
EMP-0215,2025-02,3983600.0
EMP-0215,2025-03,3886500.0
EMP-0215,2025-04,3911800.0
EMP-0215,2025-05,4057500.0
EMP-0215,2025-06,3971000.0
EMP-0215,2025-07,3998200.0
EMP-0215,2025-08,4088100.0
EMP-0215,2025-09,3972700.0
EMP-0215,2025-10,3969300.0
EMP-0215,2025-11,4052300.0
EMP-0215,2025-12,3981000.0
EMP-0216,2025-01,4238600.0
EMP-0216,2025-02,4208000.0
EMP-0216,2025-03,4259700.0
EMP-0216,2025-04,4196600.0
EMP-0216,2025-05,4087200.0
EMP-0216,2025-06,4174000.0
EMP-0216,2025-07,4184000.0
EMP-0216,2025-08,4243400.0
EMP-0216,2025-09,4066300.0
EMP-0216,2025-10,4199200.0
EMP-0216,2025-11,4228900.0
EMP-0216,2025-12,4155000.0
EMP-0217,2025-01,3764000.0
EMP-0217,2025-02,3895100.0
EMP-0217,2025-03,3888900.0
EMP-0217,2025-04,3839800.0
EMP-0217,2025-05,3828700.0
EMP-0217,2025-06,3827800.0
EMP-0217,2025-07,3903700.0
EMP-0217,2025-08,3775500.0
EMP-0217,2025-09,3844300.0
EMP-0217,2025-10,3779300.0
EMP-0217,2025-11,3912600.0
EMP-0217,2025-12,3848500.0
EMP-0218,2025-01,4073400.0
EMP-0218,2025-02,4238900.0
EMP-0218,2025-03,4218100.0
EMP-0218,2025-04,4196600.0
EMP-0218,2025-05,4251300.0
EMP-0218,2025-06,4194800.0
EMP-0218,2025-07,4194600.0
EMP-0218,2025-08,4263900.0
EMP-0218,2025-09,4235300.0
EMP-0218,2025-10,4113900.0
EMP-0218,2025-11,4206100.0
EMP-0218,2025-12,4125000.0
EMP-0219,2025-01,4166400.0
EMP-0219,2025-02,4255700.0
EMP-0219,2025-03,4205300.0
EMP-0219,2025-04,4193500.0
EMP-0219,2025-05,4114800.0
EMP-0219,2025-06,4198100.0
EMP-0219,2025-07,4297200.0
EMP-0219,2025-08,4086300.0
EMP-0219,2025-09,4219000.0
EMP-0219,2025-10,4226900.0
EMP-0219,2025-11,4281400.0
EMP-0219,2025-12,4218800.0
EMP-0220,2025-01,4289000.0
EMP-0220,2025-02,4210900.0
EMP-0220,2025-03,4093300.0
EMP-0220,2025-04,4100700.0
EMP-0220,2025-05,4254400.0
EMP-0220,2025-06,4172000.0
EMP-0220,2025-07,4235600.0
EMP-0220,2025-08,4215200.0
EMP-0220,2025-09,4197500.0
EMP-0220,2025-10,4201900.0
EMP-0220,2025-11,4153400.0
EMP-0220,2025-12,4207000.0
EMP-0221,2025-01,3934500.0
EMP-0221,2025-02,3927700.0
EMP-0221,2025-03,3927700.0
EMP-0221,2025-04,3851800.0
EMP-0221,2025-05,3971300.0
EMP-0221,2025-06,3993500.0
EMP-0221,2025-07,4042400.0
EMP-0221,2025-08,4004500.0
EMP-0221,2025-09,4001500.0
EMP-0221,2025-10,3971100.0
EMP-0221,2025-11,3849000.0
EMP-0221,2025-12,3970100.0
EMP-0222,2025-01,2498100.0
EMP-0222,2025-02,2462800.0
EMP-0222,2025-03,2460900.0
EMP-0222,2025-04,2522900.0
EMP-0222,2025-05,2530000.0
EMP-0222,2025-06,2443400.0
EMP-0222,2025-07,2519100.0
EMP-0222,2025-08,2542200.0
EMP-0222,2025-09,2476400.0
EMP-0222,2025-10,2482300.0
EMP-0222,2025-11,2496500.0
EMP-0222,2025-12,2435300.0
EMP-0223,2025-01,3970900.0
EMP-0223,2025-02,4030400.0
EMP-0223,2025-03,3904200.0
EMP-0223,2025-04,3972100.0
EMP-0223,2025-05,3964400.0
EMP-0223,2025-06,4010400.0
EMP-0223,2025-07,4030600.0
EMP-0223,2025-08,3964600.0
EMP-0223,2025-09,3968900.0
EMP-0223,2025-10,3962500.0
EMP-0223,2025-11,3979900.0
EMP-0223,2025-12,4000300.0
EMP-0224,2025-01,3955200.0
EMP-0224,2025-02,4003900.0
EMP-0224,2025-03,3957900.0
EMP-0224,2025-04,3973300.0
EMP-0224,2025-05,3900300.0
EMP-0224,2025-06,4055700.0
EMP-0224,2025-07,4018500.0
EMP-0224,2025-08,4035400.0
EMP-0224,2025-09,4065100.0
EMP-0224,2025-10,3938600.0
EMP-0224,2025-11,3966500.0
EMP-0224,2025-12,3874600.0
EMP-0225,2025-01,3936600.0
EMP-0225,2025-02,4073000.0
EMP-0225,2025-03,4121000.0
EMP-0225,2025-04,4132000.0
EMP-0225,2025-05,3991100.0
EMP-0225,2025-06,4060900.0
EMP-0225,2025-07,3916000.0
EMP-0225,2025-08,4027800.0
EMP-0225,2025-09,4099200.0
EMP-0225,2025-10,4048100.0
EMP-0225,2025-11,4029000.0
EMP-0225,2025-12,4048400.0
EMP-0226,2025-01,4057100.0
EMP-0226,2025-02,4061700.0
EMP-0226,2025-03,3925000.0
EMP-0226,2025-04,4030600.0
EMP-0226,2025-05,4172300.0
EMP-0226,2025-06,3944600.0
EMP-0226,2025-07,4020100.0
EMP-0226,2025-08,4142500.0
EMP-0226,2025-09,4091900.0
EMP-0226,2025-10,3994200.0
EMP-0226,2025-11,4037700.0
EMP-0226,2025-12,4025100.0
EMP-0227,2025-01,4044500.0
EMP-0227,2025-02,4004400.0
EMP-0227,2025-03,4111100.0
EMP-0227,2025-04,3984700.0
EMP-0227,2025-05,4003300.0
EMP-0227,2025-06,4032300.0
EMP-0227,2025-07,3951700.0
EMP-0227,2025-08,4139400.0
EMP-0227,2025-09,4032600.0
EMP-0227,2025-10,4082500.0
EMP-0227,2025-11,3974700.0
EMP-0227,2025-12,4075700.0
EMP-0228,2025-01,4187100.0
EMP-0228,2025-02,4172800.0
EMP-0228,2025-03,4152200.0
EMP-0228,2025-04,4124400.0
EMP-0228,2025-05,4115900.0
EMP-0228,2025-06,4173300.0
EMP-0228,2025-07,4194900.0
EMP-0228,2025-08,4147800.0
EMP-0228,2025-09,4173600.0
EMP-0228,2025-10,4153300.0
EMP-0228,2025-11,4161800.0
EMP-0228,2025-12,4143200.0
EMP-0229,2025-01,4112800.0
EMP-0229,2025-02,4082800.0
EMP-0229,2025-03,4016000.0
EMP-0229,2025-04,4135900.0
EMP-0229,2025-05,4073200.0
EMP-0229,2025-06,4137300.0
EMP-0229,2025-07,4056800.0
EMP-0229,2025-08,4156300.0
EMP-0229,2025-09,4106500.0
EMP-0229,2025-10,4143600.0
EMP-0229,2025-11,4106400.0
EMP-0229,2025-12,4026100.0
EMP-0230,2025-01,3854700.0
EMP-0230,2025-02,3906200.0
EMP-0230,2025-03,3840700.0
EMP-0230,2025-04,4091300.0
EMP-0230,2025-05,3827600.0
EMP-0230,2025-06,3925600.0
EMP-0230,2025-07,3992300.0
EMP-0230,2025-08,3986000.0
EMP-0230,2025-09,3975100.0
EMP-0230,2025-10,3906300.0
EMP-0230,2025-11,4004500.0
EMP-0230,2025-12,3978800.0
EMP-0231,2025-01,3951700.0
EMP-0231,2025-02,3966800.0
EMP-0231,2025-03,4048300.0
EMP-0231,2025-04,3890700.0
EMP-0231,2025-05,4014100.0
EMP-0231,2025-06,3982700.0
EMP-0231,2025-07,3947200.0
EMP-0231,2025-08,3894800.0
EMP-0231,2025-09,3946500.0
EMP-0231,2025-10,3911200.0
EMP-0231,2025-11,4030300.0
EMP-0231,2025-12,3965300.0
EMP-0232,2025-01,3828400.0
EMP-0232,2025-02,3822600.0
EMP-0232,2025-03,3943600.0
EMP-0232,2025-04,3844900.0
EMP-0232,2025-05,3798400.0
EMP-0232,2025-06,3843600.0
EMP-0232,2025-07,3852600.0
EMP-0232,2025-08,3962100.0
EMP-0232,2025-09,3925500.0
EMP-0232,2025-10,3938400.0
EMP-0232,2025-11,3919400.0
EMP-0232,2025-12,3926700.0
EMP-0233,2025-01,3974600.0
EMP-0233,2025-02,3913500.0
EMP-0233,2025-03,4012200.0
EMP-0233,2025-04,4054300.0
EMP-0233,2025-05,3989200.0
EMP-0233,2025-06,4032800.0
EMP-0233,2025-07,3937800.0
EMP-0233,2025-08,4038300.0
EMP-0233,2025-09,3943300.0
EMP-0233,2025-10,4018900.0
EMP-0233,2025-11,4046700.0
EMP-0233,2025-12,4006500.0
EMP-0234,2025-01,3925400.0
EMP-0234,2025-02,3883300.0
EMP-0234,2025-03,4016000.0
EMP-0234,2025-04,4086900.0
EMP-0234,2025-05,3923200.0
EMP-0234,2025-06,4055700.0
EMP-0234,2025-07,3985300.0
EMP-0234,2025-08,3902900.0
EMP-0234,2025-09,3915100.0
EMP-0234,2025-10,3983600.0
EMP-0234,2025-11,3958500.0
EMP-0234,2025-12,3904300.0
EMP-0235,2025-01,3961500.0
EMP-0235,2025-02,3986300.0
EMP-0235,2025-03,4011500.0
EMP-0235,2025-04,4054600.0
EMP-0235,2025-05,4026400.0
EMP-0235,2025-06,4055600.0
EMP-0235,2025-07,3976100.0
EMP-0235,2025-08,4008800.0
EMP-0235,2025-09,3991200.0
EMP-0235,2025-10,3936800.0
EMP-0235,2025-11,3894200.0
EMP-0235,2025-12,3972800.0
EMP-0236,2025-01,4152700.0
EMP-0236,2025-02,3980100.0
EMP-0236,2025-03,4132900.0
EMP-0236,2025-04,4039200.0
EMP-0236,2025-05,4071100.0
EMP-0236,2025-06,4007300.0
EMP-0236,2025-07,4049500.0
EMP-0236,2025-08,4076300.0
EMP-0236,2025-09,4077100.0
EMP-0236,2025-10,4083800.0
EMP-0236,2025-11,4014600.0
EMP-0236,2025-12,4007800.0
EMP-0237,2025-01,4133200.0
EMP-0237,2025-02,4005600.0
EMP-0237,2025-03,4027500.0
EMP-0237,2025-04,4096100.0
EMP-0237,2025-05,4117800.0
EMP-0237,2025-06,4094700.0
EMP-0237,2025-07,4101200.0
EMP-0237,2025-08,4011700.0
EMP-0237,2025-09,4049200.0
EMP-0237,2025-10,3955700.0
EMP-0237,2025-11,4025000.0
EMP-0237,2025-12,3999100.0
EMP-0238,2025-01,3861300.0
EMP-0238,2025-02,3867200.0
EMP-0238,2025-03,3719400.0
EMP-0238,2025-04,3860100.0
EMP-0238,2025-05,3730100.0
EMP-0238,2025-06,3901600.0
EMP-0238,2025-07,3827100.0
EMP-0238,2025-08,3734300.0
EMP-0238,2025-09,3812100.0
EMP-0238,2025-10,3826200.0
EMP-0238,2025-11,3928100.0
EMP-0238,2025-12,3870600.0
EMP-0239,2025-01,4169800.0
EMP-0239,2025-02,4136200.0
EMP-0239,2025-03,4147000.0
EMP-0239,2025-04,4124300.0
EMP-0239,2025-05,4063800.0
EMP-0239,2025-06,4077300.0
EMP-0239,2025-07,4044700.0
EMP-0239,2025-08,4219400.0
EMP-0239,2025-09,4035600.0
EMP-0239,2025-10,4185500.0
EMP-0239,2025-11,4036200.0
EMP-0239,2025-12,4174100.0
EMP-0240,2025-01,4119900.0
EMP-0240,2025-02,4197100.0
EMP-0240,2025-03,4070000.0
EMP-0240,2025-04,4067300.0
EMP-0240,2025-05,4120400.0
EMP-0240,2025-06,4062900.0
EMP-0240,2025-07,4194400.0
EMP-0240,2025-08,4094800.0
EMP-0240,2025-09,4063400.0
EMP-0240,2025-10,4050000.0
EMP-0240,2025-11,4025900.0
EMP-0240,2025-12,4044600.0
EMP-0241,2025-01,4157700.0
EMP-0241,2025-02,4039200.0
EMP-0241,2025-03,4249700.0
EMP-0241,2025-04,4005800.0
EMP-0241,2025-05,4130500.0
EMP-0241,2025-06,4098800.0
EMP-0241,2025-07,4076400.0
EMP-0241,2025-08,4105600.0
EMP-0241,2025-09,4157900.0
EMP-0241,2025-10,4167500.0
EMP-0241,2025-11,4103000.0
EMP-0241,2025-12,4136900.0
EMP-0242,2025-01,4226400.0
EMP-0242,2025-02,4183100.0
EMP-0242,2025-03,4213700.0
EMP-0242,2025-04,4258400.0
EMP-0242,2025-05,4279200.0
EMP-0242,2025-06,4370000.0
EMP-0242,2025-07,4222000.0
EMP-0242,2025-08,4305800.0
EMP-0242,2025-09,4275900.0
EMP-0242,2025-10,4339100.0
EMP-0242,2025-11,4293100.0
EMP-0242,2025-12,4191900.0
EMP-0243,2025-01,4367700.0
EMP-0243,2025-02,4387000.0
EMP-0243,2025-03,4425900.0
EMP-0243,2025-04,4291400.0
EMP-0243,2025-05,4397000.0
EMP-0243,2025-06,4236900.0
EMP-0243,2025-07,4422400.0
EMP-0243,2025-08,4340800.0
EMP-0243,2025-09,4360300.0
EMP-0243,2025-10,4329600.0
EMP-0243,2025-11,4363300.0
EMP-0243,2025-12,4382700.0
EMP-0244,2025-01,4381100.0
EMP-0244,2025-02,4516800.0
EMP-0244,2025-03,4394200.0
EMP-0244,2025-04,4469000.0
EMP-0244,2025-05,4444700.0
EMP-0244,2025-06,4527400.0
EMP-0244,2025-07,4396600.0
EMP-0244,2025-08,4493700.0
EMP-0244,2025-09,4411300.0
EMP-0244,2025-10,4433300.0
EMP-0244,2025-11,4223900.0
EMP-0244,2025-12,4607700.0
EMP-0245,2025-01,4086500.0
EMP-0245,2025-02,4219600.0
EMP-0245,2025-03,4101900.0
EMP-0245,2025-04,4072200.0
EMP-0245,2025-05,4239800.0
EMP-0245,2025-06,4165200.0
EMP-0245,2025-07,4304600.0
EMP-0245,2025-08,4016800.0
EMP-0245,2025-09,4148900.0
EMP-0245,2025-10,4166200.0
EMP-0245,2025-11,4137800.0
EMP-0245,2025-12,4113600.0
EMP-0246,2025-01,4338400.0
EMP-0246,2025-02,4363100.0
EMP-0246,2025-03,4304200.0
EMP-0246,2025-04,4414700.0
EMP-0246,2025-05,4304300.0
EMP-0246,2025-06,4203000.0
EMP-0246,2025-07,4304800.0
EMP-0246,2025-08,4267400.0
EMP-0246,2025-09,4312000.0
EMP-0246,2025-10,4313400.0
EMP-0246,2025-11,4408000.0
EMP-0246,2025-12,4375400.0
EMP-0247,2025-01,4237800.0
EMP-0247,2025-02,4183100.0
EMP-0247,2025-03,4324200.0
EMP-0247,2025-04,4266500.0
EMP-0247,2025-05,4235400.0
EMP-0247,2025-06,4277600.0
EMP-0247,2025-07,4171100.0
EMP-0247,2025-08,4160600.0
EMP-0247,2025-09,4278600.0
EMP-0247,2025-10,4300500.0
EMP-0247,2025-11,4362000.0
EMP-0247,2025-12,4329500.0
EMP-0248,2025-01,4305500.0
EMP-0248,2025-02,4434100.0
EMP-0248,2025-03,4415200.0
EMP-0248,2025-04,4430400.0
EMP-0248,2025-05,4422900.0
EMP-0248,2025-06,4420300.0
EMP-0248,2025-07,4568300.0
EMP-0248,2025-08,4385400.0
EMP-0248,2025-09,4452100.0
EMP-0248,2025-10,4359400.0
EMP-0248,2025-11,4442500.0
EMP-0248,2025-12,4452300.0
EMP-0249,2025-01,4546700.0
EMP-0249,2025-02,4427000.0
EMP-0249,2025-03,4361200.0
EMP-0249,2025-04,4522300.0
EMP-0249,2025-05,4568200.0
EMP-0249,2025-06,4511200.0
EMP-0249,2025-07,4387500.0
EMP-0249,2025-08,4503700.0
EMP-0249,2025-09,4411800.0
EMP-0249,2025-10,4383700.0
EMP-0249,2025-11,4487000.0
EMP-0249,2025-12,4498500.0
EMP-0250,2025-01,4450500.0
EMP-0250,2025-02,4468300.0
EMP-0250,2025-03,4475200.0
EMP-0250,2025-04,4452800.0
EMP-0250,2025-05,4459600.0
EMP-0250,2025-06,4446200.0
EMP-0250,2025-07,4530800.0
EMP-0250,2025-08,4486300.0
EMP-0250,2025-09,4624700.0
EMP-0250,2025-10,4484100.0
EMP-0250,2025-11,4436300.0
EMP-0250,2025-12,4652500.0
EMP-0251,2025-01,4498800.0
EMP-0251,2025-02,4459300.0
EMP-0251,2025-03,4382600.0
EMP-0251,2025-04,4460200.0
EMP-0251,2025-05,4348000.0
EMP-0251,2025-06,4460300.0
EMP-0251,2025-07,4539100.0
EMP-0251,2025-08,4477500.0
EMP-0251,2025-09,4502300.0
EMP-0251,2025-10,4397800.0
EMP-0251,2025-11,4454800.0
EMP-0251,2025-12,4469200.0
EMP-0252,2025-01,4404200.0
EMP-0252,2025-02,4427300.0
EMP-0252,2025-03,4506000.0
EMP-0252,2025-04,4515900.0
EMP-0252,2025-05,4368200.0
EMP-0252,2025-06,4342600.0
EMP-0252,2025-07,4396200.0
EMP-0252,2025-08,4514300.0
EMP-0252,2025-09,4525700.0
EMP-0252,2025-10,4383000.0
EMP-0252,2025-11,4465200.0
EMP-0252,2025-12,4567000.0
EMP-0253,2025-01,4284500.0
EMP-0253,2025-02,4435000.0
EMP-0253,2025-03,4432600.0
EMP-0253,2025-04,4496000.0
EMP-0253,2025-05,4464900.0
EMP-0253,2025-06,4402400.0
EMP-0253,2025-07,4384100.0
EMP-0253,2025-08,4459700.0
EMP-0253,2025-09,4218600.0
EMP-0253,2025-10,4409500.0
EMP-0253,2025-11,4455900.0
EMP-0253,2025-12,4385600.0
EMP-0254,2025-01,4416900.0
EMP-0254,2025-02,4334900.0
EMP-0254,2025-03,4442700.0
EMP-0254,2025-04,4445400.0
EMP-0254,2025-05,4315400.0
EMP-0254,2025-06,4301500.0
EMP-0254,2025-07,4398200.0
EMP-0254,2025-08,4516400.0
EMP-0254,2025-09,4510300.0
EMP-0254,2025-10,4435400.0
EMP-0254,2025-11,4350000.0
EMP-0254,2025-12,4456700.0
EMP-0255,2025-01,4128200.0
EMP-0255,2025-02,4008300.0
EMP-0255,2025-03,4174800.0
EMP-0255,2025-04,4006700.0
EMP-0255,2025-05,4124900.0
EMP-0255,2025-06,4082500.0
EMP-0255,2025-07,4159800.0
EMP-0255,2025-08,3987700.0
EMP-0255,2025-09,4021200.0
EMP-0255,2025-10,4087100.0
EMP-0255,2025-11,4156100.0
EMP-0255,2025-12,4137700.0
EMP-0256,2025-01,4092300.0
EMP-0256,2025-02,4262700.0
EMP-0256,2025-03,4290100.0
EMP-0256,2025-04,4278900.0
EMP-0256,2025-05,4385300.0
EMP-0256,2025-06,4219200.0
EMP-0256,2025-07,4251500.0
EMP-0256,2025-08,4168200.0
EMP-0256,2025-09,4388800.0
EMP-0256,2025-10,4275700.0
EMP-0256,2025-11,4263300.0
EMP-0256,2025-12,4288200.0
EMP-0257,2025-01,4367200.0
EMP-0257,2025-02,4431700.0
EMP-0257,2025-03,4287800.0
EMP-0257,2025-04,4383400.0
EMP-0257,2025-05,4318700.0
EMP-0257,2025-06,4316200.0
EMP-0257,2025-07,4413600.0
EMP-0257,2025-08,4356900.0
EMP-0257,2025-09,4274100.0
EMP-0257,2025-10,4371200.0
EMP-0257,2025-11,4317900.0
EMP-0257,2025-12,4270300.0
EMP-0258,2025-01,4193500.0
EMP-0258,2025-02,4252900.0
EMP-0258,2025-03,4227700.0
EMP-0258,2025-04,4352800.0
EMP-0258,2025-05,4304300.0
EMP-0258,2025-06,4313400.0
EMP-0258,2025-07,4402500.0
EMP-0258,2025-08,4282800.0
EMP-0258,2025-09,4378000.0
EMP-0258,2025-10,4425800.0
EMP-0258,2025-11,4298100.0
EMP-0258,2025-12,4375500.0
EMP-0259,2025-01,4334600.0
EMP-0259,2025-02,4332900.0
EMP-0259,2025-03,4382900.0
EMP-0259,2025-04,4426300.0
EMP-0259,2025-05,4354200.0
EMP-0259,2025-06,4364400.0
EMP-0259,2025-07,4414400.0
EMP-0259,2025-08,4497200.0
EMP-0259,2025-09,4461900.0
EMP-0259,2025-10,4382100.0
EMP-0259,2025-11,4442700.0
EMP-0259,2025-12,4351100.0
EMP-0260,2025-01,4128200.0
EMP-0260,2025-02,4224100.0
EMP-0260,2025-03,4073300.0
EMP-0260,2025-04,4129800.0
EMP-0260,2025-05,4276900.0
EMP-0260,2025-06,4105000.0
EMP-0260,2025-07,4148900.0
EMP-0260,2025-08,4087800.0
EMP-0260,2025-09,4079500.0
EMP-0260,2025-10,4260300.0
EMP-0260,2025-11,4174400.0
EMP-0260,2025-12,4172100.0
EMP-0261,2025-11,4501800.0
EMP-0261,2025-12,4592900.0
EMP-0262,2025-01,4248900.0
EMP-0262,2025-02,4248400.0
EMP-0262,2025-03,4218200.0
EMP-0262,2025-04,4105600.0
EMP-0262,2025-05,4196000.0
EMP-0262,2025-06,4218200.0
EMP-0262,2025-07,4064000.0
EMP-0262,2025-08,4106100.0
EMP-0262,2025-09,4232000.0
EMP-0262,2025-10,4231200.0
EMP-0262,2025-11,4079400.0
EMP-0262,2025-12,4226200.0
EMP-0263,2025-01,4552300.0
EMP-0263,2025-02,4473800.0
EMP-0263,2025-03,4414800.0
EMP-0263,2025-04,4379900.0
EMP-0263,2025-05,4260800.0
EMP-0263,2025-06,4588700.0
EMP-0263,2025-07,4400800.0
EMP-0263,2025-08,4521200.0
EMP-0263,2025-09,4395200.0
EMP-0263,2025-10,4467900.0
EMP-0263,2025-11,4486800.0
EMP-0263,2025-12,4373900.0
EMP-0264,2025-01,4260500.0
EMP-0264,2025-02,4270500.0
EMP-0264,2025-03,4234700.0
EMP-0264,2025-04,4242100.0
EMP-0264,2025-05,4231400.0
EMP-0264,2025-06,4305600.0
EMP-0264,2025-07,4240400.0
EMP-0264,2025-08,4289600.0
EMP-0264,2025-09,4213300.0
EMP-0264,2025-10,4253300.0
EMP-0264,2025-11,4189700.0
EMP-0264,2025-12,4318200.0
EMP-0265,2025-01,4176400.0
EMP-0265,2025-02,4147400.0
EMP-0265,2025-03,4193900.0
EMP-0265,2025-04,4263600.0
EMP-0265,2025-05,4185600.0
EMP-0265,2025-06,4225400.0
EMP-0265,2025-07,4179500.0
EMP-0265,2025-08,4372200.0
EMP-0265,2025-09,4306700.0
EMP-0265,2025-10,4195800.0
EMP-0265,2025-11,4228700.0
EMP-0265,2025-12,4126800.0
EMP-0266,2025-01,4019700.0
EMP-0266,2025-02,4052500.0
EMP-0266,2025-03,4088100.0
EMP-0266,2025-04,4204600.0
EMP-0266,2025-05,4099300.0
EMP-0266,2025-06,4194700.0
EMP-0266,2025-07,4106700.0
EMP-0266,2025-08,4069400.0
EMP-0266,2025-09,4187700.0
EMP-0266,2025-10,4120000.0
EMP-0266,2025-11,4053700.0
EMP-0266,2025-12,4122000.0
EMP-0267,2025-01,4118600.0
EMP-0267,2025-02,4100800.0
EMP-0267,2025-03,4138000.0
EMP-0267,2025-04,4131100.0
EMP-0267,2025-05,4234000.0
EMP-0267,2025-06,4100200.0
EMP-0267,2025-07,4070300.0
EMP-0267,2025-08,4171500.0
EMP-0267,2025-09,4135900.0
EMP-0267,2025-10,4088900.0
EMP-0267,2025-11,4179900.0
EMP-0267,2025-12,4114200.0
EMP-0268,2025-01,4278400.0
EMP-0268,2025-02,4328300.0
EMP-0268,2025-03,4221700.0
EMP-0268,2025-04,4214000.0
EMP-0268,2025-05,4179200.0
EMP-0268,2025-06,4258600.0
EMP-0268,2025-07,4126400.0
EMP-0268,2025-08,4273700.0
EMP-0268,2025-09,4261800.0
EMP-0268,2025-10,4261600.0
EMP-0268,2025-11,4233300.0
EMP-0268,2025-12,4321700.0
EMP-0269,2025-01,4151200.0
EMP-0269,2025-02,4214200.0
EMP-0269,2025-03,4128100.0
EMP-0269,2025-04,4146400.0
EMP-0269,2025-05,4258100.0
EMP-0269,2025-06,4253200.0
EMP-0269,2025-07,4120500.0
EMP-0269,2025-08,4295600.0
EMP-0269,2025-09,4020900.0
EMP-0269,2025-10,4196400.0
EMP-0269,2025-11,4102300.0
EMP-0269,2025-12,4206200.0
EMP-0270,2025-01,4031400.0
EMP-0270,2025-02,4087900.0
EMP-0270,2025-03,4144300.0
EMP-0270,2025-04,4100700.0
EMP-0270,2025-05,4022500.0
EMP-0270,2025-06,4295400.0
EMP-0270,2025-07,4134400.0
EMP-0270,2025-08,4124800.0
EMP-0270,2025-09,4050100.0
EMP-0270,2025-10,4134000.0
EMP-0270,2025-11,4107800.0
EMP-0270,2025-12,4001300.0
EMP-0271,2025-01,4370900.0
EMP-0271,2025-02,4251900.0
EMP-0271,2025-03,4322500.0
EMP-0271,2025-04,4480100.0
EMP-0271,2025-05,4387000.0
EMP-0271,2025-06,4354900.0
EMP-0271,2025-07,4447800.0
EMP-0271,2025-08,4249200.0
EMP-0271,2025-09,4329600.0
EMP-0271,2025-10,4505400.0
EMP-0271,2025-11,4353500.0
EMP-0271,2025-12,4353000.0
EMP-0272,2025-01,4451300.0
EMP-0272,2025-02,4480000.0
EMP-0272,2025-03,4492100.0
EMP-0272,2025-04,4537500.0
EMP-0272,2025-05,4403700.0
EMP-0272,2025-06,4335000.0
EMP-0272,2025-07,4449300.0
EMP-0272,2025-08,4550600.0
EMP-0272,2025-09,4393900.0
EMP-0272,2025-10,4471100.0
EMP-0272,2025-11,4471700.0
EMP-0272,2025-12,4438300.0
EMP-0273,2025-11,4149500.0
EMP-0273,2025-12,4366800.0
EMP-0274,2025-01,4469000.0
EMP-0274,2025-02,4569300.0
EMP-0274,2025-03,4488300.0
EMP-0274,2025-04,4460300.0
EMP-0274,2025-05,4435200.0
EMP-0274,2025-06,4539600.0
EMP-0274,2025-07,4586900.0
EMP-0274,2025-08,4567000.0
EMP-0274,2025-09,4536100.0
EMP-0274,2025-10,4395800.0
EMP-0274,2025-11,4471600.0
EMP-0274,2025-12,4626600.0
EMP-0275,2025-01,4477900.0
EMP-0275,2025-02,4465900.0
EMP-0275,2025-03,4333500.0
EMP-0275,2025-04,4375100.0
EMP-0275,2025-05,4408300.0
EMP-0275,2025-06,4457400.0
EMP-0275,2025-07,4332500.0
EMP-0275,2025-08,4502100.0
EMP-0275,2025-09,4455700.0
EMP-0275,2025-10,4392100.0
EMP-0275,2025-11,4474900.0
EMP-0275,2025-12,4365600.0
EMP-0276,2025-01,4245300.0
EMP-0276,2025-02,4416000.0
EMP-0276,2025-03,4496400.0
EMP-0276,2025-04,4364800.0
EMP-0276,2025-05,4482900.0
EMP-0276,2025-06,4512200.0
EMP-0276,2025-07,4215200.0
EMP-0276,2025-08,4425200.0
EMP-0276,2025-09,4244000.0
EMP-0276,2025-10,4427400.0
EMP-0276,2025-11,4434800.0
EMP-0276,2025-12,4270100.0
EMP-0277,2025-01,4624600.0
EMP-0277,2025-02,4617700.0
EMP-0277,2025-03,4462500.0
EMP-0277,2025-04,4426600.0
EMP-0277,2025-05,4592800.0
EMP-0277,2025-06,4397400.0
EMP-0277,2025-07,4615600.0
EMP-0277,2025-08,4540900.0
EMP-0277,2025-09,4591000.0
EMP-0277,2025-10,4569600.0
EMP-0277,2025-11,4573300.0
EMP-0277,2025-12,4556100.0
EMP-0278,2025-01,4388000.0
EMP-0278,2025-02,4341000.0
EMP-0278,2025-03,4377900.0
EMP-0278,2025-04,4398900.0
EMP-0278,2025-05,4388200.0
EMP-0278,2025-06,4283800.0
EMP-0278,2025-07,4292600.0
EMP-0278,2025-08,4452100.0
EMP-0278,2025-09,4360800.0
EMP-0278,2025-10,4419400.0
EMP-0278,2025-11,4309200.0
EMP-0278,2025-12,4284100.0
EMP-0279,2025-01,4503900.0
EMP-0279,2025-02,4464200.0
EMP-0279,2025-03,4547100.0
EMP-0279,2025-04,4467300.0
EMP-0279,2025-05,4326400.0
EMP-0279,2025-06,4518000.0
EMP-0279,2025-07,4351500.0
EMP-0279,2025-08,4502600.0
EMP-0279,2025-09,4436200.0
EMP-0279,2025-10,4503800.0
EMP-0279,2025-11,4391000.0
EMP-0279,2025-12,4540600.0
EMP-0280,2025-01,4456000.0
EMP-0280,2025-02,4410400.0
EMP-0280,2025-03,4269200.0
EMP-0280,2025-04,4309000.0
EMP-0280,2025-05,4333000.0
EMP-0280,2025-06,4373100.0
EMP-0280,2025-07,4319100.0
EMP-0280,2025-08,4250800.0
EMP-0280,2025-09,4270700.0
EMP-0280,2025-10,4316900.0
EMP-0280,2025-11,4397100.0
EMP-0280,2025-12,4344900.0
EMP-0281,2025-01,4676500.0
EMP-0281,2025-02,4626400.0
EMP-0281,2025-03,4679700.0
EMP-0281,2025-04,4638100.0
EMP-0281,2025-05,4647200.0
EMP-0281,2025-06,4594200.0
EMP-0281,2025-07,4546900.0
EMP-0281,2025-08,4688200.0
EMP-0281,2025-09,4691200.0
EMP-0281,2025-10,4739400.0
EMP-0281,2025-11,4652300.0
EMP-0281,2025-12,4633900.0
EMP-0282,2025-01,4511300.0
EMP-0282,2025-02,4572000.0
EMP-0282,2025-03,4400900.0
EMP-0282,2025-04,4561500.0
EMP-0282,2025-05,4609800.0
EMP-0282,2025-06,4496300.0
EMP-0282,2025-07,4361500.0
EMP-0282,2025-08,4529500.0
EMP-0282,2025-09,4533300.0
EMP-0282,2025-10,4581400.0
EMP-0282,2025-11,4668800.0
EMP-0282,2025-12,4506300.0
EMP-0283,2025-01,4460300.0
EMP-0283,2025-02,4414500.0
EMP-0283,2025-03,4491000.0
EMP-0283,2025-04,4462300.0
EMP-0283,2025-05,4449500.0
EMP-0283,2025-06,4313700.0
EMP-0283,2025-07,4430300.0
EMP-0283,2025-08,4345200.0
EMP-0283,2025-09,4354900.0
EMP-0283,2025-10,4403700.0
EMP-0283,2025-11,4524900.0
EMP-0283,2025-12,4452000.0
EMP-0284,2025-01,4691100.0
EMP-0284,2025-02,4702300.0
EMP-0284,2025-03,4599900.0
EMP-0284,2025-04,4657700.0
EMP-0284,2025-05,4702400.0
EMP-0284,2025-06,4647000.0
EMP-0284,2025-07,4759500.0
EMP-0284,2025-08,4652400.0
EMP-0284,2025-09,4714100.0
EMP-0284,2025-10,4707100.0
EMP-0284,2025-11,4751500.0
EMP-0284,2025-12,4762400.0
EMP-0285,2025-01,4610100.0
EMP-0285,2025-02,4513800.0
EMP-0285,2025-03,4572800.0
EMP-0285,2025-04,4531600.0
EMP-0285,2025-05,4457600.0
EMP-0285,2025-06,4428400.0
EMP-0285,2025-07,4364800.0
EMP-0285,2025-08,4443100.0
EMP-0285,2025-09,4457100.0
EMP-0285,2025-10,4458600.0
EMP-0285,2025-11,4465400.0
EMP-0285,2025-12,4319100.0
EMP-0286,2025-01,4287700.0
EMP-0286,2025-02,4373100.0
EMP-0286,2025-03,4382100.0
EMP-0286,2025-04,4492600.0
EMP-0286,2025-05,4411000.0
EMP-0286,2025-06,4353600.0
EMP-0286,2025-07,4297400.0
EMP-0286,2025-08,4356900.0
EMP-0286,2025-09,4359000.0
EMP-0286,2025-10,4304400.0
EMP-0286,2025-11,4388800.0
EMP-0286,2025-12,4246800.0
EMP-0287,2025-01,4650700.0
EMP-0287,2025-02,4676900.0
EMP-0287,2025-03,4595500.0
EMP-0287,2025-04,4676100.0
EMP-0287,2025-05,4775600.0
EMP-0287,2025-06,4753400.0
EMP-0287,2025-07,4736700.0
EMP-0287,2025-08,4830500.0
EMP-0287,2025-09,4746900.0
EMP-0287,2025-10,4684400.0
EMP-0287,2025-11,4675700.0
EMP-0287,2025-12,4708900.0
EMP-0288,2025-01,4611200.0
EMP-0288,2025-02,4645300.0
EMP-0288,2025-03,4605200.0
EMP-0288,2025-04,4595800.0
EMP-0288,2025-05,4803300.0
EMP-0288,2025-06,4729500.0
EMP-0288,2025-07,4701200.0
EMP-0288,2025-08,4645100.0
EMP-0288,2025-09,4755200.0
EMP-0288,2025-10,4633300.0
EMP-0288,2025-11,4747200.0
EMP-0288,2025-12,4629900.0
EMP-0289,2025-01,4729000.0
EMP-0289,2025-02,4602800.0
EMP-0289,2025-03,4635400.0
EMP-0289,2025-04,4749400.0
EMP-0289,2025-05,4695900.0
EMP-0289,2025-06,4674800.0
EMP-0289,2025-07,4653300.0
EMP-0289,2025-08,4759700.0
EMP-0289,2025-09,4546900.0
EMP-0289,2025-10,4691500.0
EMP-0289,2025-11,4666200.0
EMP-0289,2025-12,4583200.0
EMP-0290,2025-01,4561800.0
EMP-0290,2025-02,4521500.0
EMP-0290,2025-03,4626100.0
EMP-0290,2025-04,4624200.0
EMP-0290,2025-05,4548800.0
EMP-0290,2025-06,4540700.0
EMP-0290,2025-07,4523900.0
EMP-0290,2025-08,4339500.0
EMP-0290,2025-09,4424900.0
EMP-0290,2025-10,4526300.0
EMP-0290,2025-11,4561200.0
EMP-0290,2025-12,4539100.0
EMP-0291,2025-11,4397600.0
EMP-0291,2025-12,4358900.0
EMP-0292,2025-01,4531700.0
EMP-0292,2025-02,4495500.0
EMP-0292,2025-03,4498900.0
EMP-0292,2025-04,4395900.0
EMP-0292,2025-05,4504700.0
EMP-0292,2025-06,4442800.0
EMP-0292,2025-07,4467100.0
EMP-0292,2025-08,4457400.0
EMP-0292,2025-09,4425000.0
EMP-0292,2025-10,4375900.0
EMP-0292,2025-11,4427700.0
EMP-0292,2025-12,4498700.0
EMP-0293,2025-01,4611600.0
EMP-0293,2025-02,4605100.0
EMP-0293,2025-03,4682500.0
EMP-0293,2025-04,4759100.0
EMP-0293,2025-05,4647800.0
EMP-0293,2025-06,4746200.0
EMP-0293,2025-07,4701700.0
EMP-0293,2025-08,4737300.0
EMP-0293,2025-09,4674200.0
EMP-0293,2025-10,4707500.0
EMP-0293,2025-11,4760700.0
EMP-0293,2025-12,4693400.0
EMP-0294,2025-01,4700800.0
EMP-0294,2025-02,4692600.0
EMP-0294,2025-03,4618200.0
EMP-0294,2025-04,4691700.0
EMP-0294,2025-05,4650300.0
EMP-0294,2025-06,4748400.0
EMP-0294,2025-07,4799300.0
EMP-0294,2025-08,4620400.0
EMP-0294,2025-09,4827900.0
EMP-0294,2025-10,4697900.0
EMP-0294,2025-11,4638200.0
EMP-0294,2025-12,4760500.0
EMP-0295,2025-01,4420900.0
EMP-0295,2025-02,4410200.0
EMP-0295,2025-03,4515400.0
EMP-0295,2025-04,4527300.0
EMP-0295,2025-05,4502400.0
EMP-0295,2025-06,4522200.0
EMP-0295,2025-07,4445500.0
EMP-0295,2025-08,4419700.0
EMP-0295,2025-09,4419300.0
EMP-0295,2025-10,4416300.0
EMP-0295,2025-11,4521400.0
EMP-0295,2025-12,4633000.0
EMP-0296,2025-01,4463600.0
EMP-0296,2025-02,4469400.0
EMP-0296,2025-03,4462900.0
EMP-0296,2025-04,4499600.0
EMP-0296,2025-05,4433400.0
EMP-0296,2025-06,4583300.0
EMP-0296,2025-07,4384700.0
EMP-0296,2025-08,4514000.0
EMP-0296,2025-09,4527200.0
EMP-0296,2025-10,4432900.0
EMP-0296,2025-11,4415200.0
EMP-0296,2025-12,4552400.0
EMP-0297,2025-01,4309500.0
EMP-0297,2025-02,4390700.0
EMP-0297,2025-03,4342200.0
EMP-0297,2025-04,4245900.0
EMP-0297,2025-05,4363800.0
EMP-0297,2025-06,4434300.0
EMP-0297,2025-07,4439400.0
EMP-0297,2025-08,4306200.0
EMP-0297,2025-09,4292000.0
EMP-0297,2025-10,4460800.0
EMP-0297,2025-11,4439300.0
EMP-0297,2025-12,4367700.0
EMP-0298,2025-01,4650300.0
EMP-0298,2025-02,4714900.0
EMP-0298,2025-03,4725200.0
EMP-0298,2025-04,4563300.0
EMP-0298,2025-05,4782200.0
EMP-0298,2025-06,4550900.0
EMP-0298,2025-07,4580500.0
EMP-0298,2025-08,4641500.0
EMP-0298,2025-09,4794400.0
EMP-0298,2025-10,4638300.0
EMP-0298,2025-11,4657600.0
EMP-0298,2025-12,4759900.0
EMP-0299,2025-01,4474600.0
EMP-0299,2025-02,4357200.0
EMP-0299,2025-03,4494600.0
EMP-0299,2025-04,4335200.0
EMP-0299,2025-05,4277500.0
EMP-0299,2025-06,4387100.0
EMP-0299,2025-07,4288100.0
EMP-0299,2025-08,4392400.0
EMP-0299,2025-09,4384500.0
EMP-0299,2025-10,4334200.0
EMP-0299,2025-11,4507700.0
EMP-0299,2025-12,4383900.0
EMP-0300,2025-01,4603600.0
EMP-0300,2025-02,4756400.0
EMP-0300,2025-03,4723700.0
EMP-0300,2025-04,4778200.0
EMP-0300,2025-05,4774800.0
EMP-0300,2025-06,4543900.0
EMP-0300,2025-07,4569700.0
EMP-0300,2025-08,4577000.0
EMP-0300,2025-09,4581200.0
EMP-0300,2025-10,4669600.0
EMP-0300,2025-11,4607500.0
EMP-0300,2025-12,4791500.0
EMP-0301,2025-01,4732200.0
EMP-0301,2025-02,4823700.0
EMP-0301,2025-03,4773700.0
EMP-0301,2025-04,4857000.0
EMP-0301,2025-05,4608700.0
EMP-0301,2025-06,4796800.0
EMP-0301,2025-07,4674800.0
EMP-0301,2025-08,4727200.0
EMP-0301,2025-09,4830100.0
EMP-0301,2025-10,4661200.0
EMP-0301,2025-11,4882600.0
EMP-0301,2025-12,4810900.0
EMP-0302,2025-01,4364500.0
EMP-0302,2025-02,4406600.0
EMP-0302,2025-03,4456500.0
EMP-0302,2025-04,4312800.0
EMP-0302,2025-05,4374900.0
EMP-0302,2025-06,4385600.0
EMP-0302,2025-07,4359600.0
EMP-0302,2025-08,4452700.0
EMP-0302,2025-09,4346000.0
EMP-0302,2025-10,4356800.0
EMP-0302,2025-11,4346700.0
EMP-0302,2025-12,4465400.0
EMP-0303,2025-01,4672200.0
EMP-0303,2025-02,4582600.0
EMP-0303,2025-03,4749300.0
EMP-0303,2025-04,4767200.0
EMP-0303,2025-05,4724400.0
EMP-0303,2025-06,4686200.0
EMP-0303,2025-07,4671700.0
EMP-0303,2025-08,4564700.0
EMP-0303,2025-09,4579200.0
EMP-0303,2025-10,4726800.0
EMP-0303,2025-11,4661500.0
EMP-0303,2025-12,4578900.0
EMP-0304,2025-01,4530600.0
EMP-0304,2025-02,4515700.0
EMP-0304,2025-03,4626100.0
EMP-0304,2025-04,4597300.0
EMP-0304,2025-05,4662300.0
EMP-0304,2025-06,4633700.0
EMP-0304,2025-07,4492500.0
EMP-0304,2025-08,4532000.0
EMP-0304,2025-09,4681500.0
EMP-0304,2025-10,4573500.0
EMP-0304,2025-11,4669200.0
EMP-0304,2025-12,4577200.0
EMP-0305,2025-01,4733100.0
EMP-0305,2025-02,4683000.0
EMP-0305,2025-03,4802500.0
EMP-0305,2025-04,4776100.0
EMP-0305,2025-05,4757500.0
EMP-0305,2025-06,4791800.0
EMP-0305,2025-07,4708300.0
EMP-0305,2025-08,4714900.0
EMP-0305,2025-09,4809600.0
EMP-0305,2025-10,4688700.0
EMP-0305,2025-11,4873000.0
EMP-0305,2025-12,4845400.0
EMP-0306,2025-01,4692700.0
EMP-0306,2025-02,4576700.0
EMP-0306,2025-03,4544400.0
EMP-0306,2025-04,4616600.0
EMP-0306,2025-05,4600600.0
EMP-0306,2025-06,4568900.0
EMP-0306,2025-07,4529600.0
EMP-0306,2025-08,4608100.0
EMP-0306,2025-09,4583000.0
EMP-0306,2025-10,4658600.0
EMP-0306,2025-11,4657000.0
EMP-0306,2025-12,4687100.0
EMP-0307,2025-01,3567800.0
EMP-0307,2025-02,3564600.0
EMP-0307,2025-03,3653300.0
EMP-0307,2025-04,3573700.0
EMP-0307,2025-05,3670100.0
EMP-0307,2025-06,3561600.0
EMP-0307,2025-07,3676600.0
EMP-0307,2025-08,3582400.0
EMP-0307,2025-09,3616800.0
EMP-0307,2025-10,3652000.0
EMP-0307,2025-11,3626600.0
EMP-0307,2025-12,3656700.0
EMP-0308,2025-01,3550700.0
EMP-0308,2025-02,3537900.0
EMP-0308,2025-03,3491500.0
EMP-0308,2025-04,3599500.0
EMP-0308,2025-05,3564300.0
EMP-0308,2025-06,3570300.0
EMP-0308,2025-07,3510000.0
EMP-0308,2025-08,3581100.0
EMP-0308,2025-09,3585300.0
EMP-0308,2025-10,3501400.0
EMP-0308,2025-11,3461700.0
EMP-0308,2025-12,3567700.0
EMP-0309,2025-01,3609900.0
EMP-0309,2025-02,3541400.0
EMP-0309,2025-03,3633200.0
EMP-0309,2025-04,3552800.0
EMP-0309,2025-05,3634500.0
EMP-0309,2025-06,3550800.0
EMP-0309,2025-07,3536300.0
EMP-0309,2025-08,3470400.0
EMP-0309,2025-09,3537800.0
EMP-0309,2025-10,3582700.0
EMP-0309,2025-11,3578600.0
EMP-0309,2025-12,3606000.0
EMP-0310,2025-01,3570300.0
EMP-0310,2025-02,3570100.0
EMP-0310,2025-03,3609000.0
EMP-0310,2025-04,3569000.0
EMP-0310,2025-05,3475400.0
EMP-0310,2025-06,3627400.0
EMP-0310,2025-07,3459600.0
EMP-0310,2025-08,3544500.0
EMP-0310,2025-09,3631400.0
EMP-0310,2025-10,3547700.0
EMP-0310,2025-11,3529700.0
EMP-0310,2025-12,3613800.0
EMP-0311,2025-01,3529200.0
EMP-0311,2025-02,3456500.0
EMP-0311,2025-03,3493400.0
EMP-0311,2025-04,3518800.0
EMP-0311,2025-05,3443100.0
EMP-0311,2025-06,3444100.0
EMP-0311,2025-07,3453600.0
EMP-0311,2025-08,3398900.0
EMP-0311,2025-09,3505400.0
EMP-0311,2025-10,3511400.0
EMP-0311,2025-11,3484200.0
EMP-0311,2025-12,3551000.0
EMP-0312,2025-01,3659900.0
EMP-0312,2025-02,3684900.0
EMP-0312,2025-03,3729800.0
EMP-0312,2025-04,3811900.0
EMP-0312,2025-05,3683700.0
EMP-0312,2025-06,3755500.0
EMP-0312,2025-07,3692400.0
EMP-0312,2025-08,3716800.0
EMP-0312,2025-09,3795000.0
EMP-0312,2025-10,3753200.0
EMP-0312,2025-11,3641600.0
EMP-0312,2025-12,3678800.0
EMP-0313,2025-01,3550700.0
EMP-0313,2025-02,3627800.0
EMP-0313,2025-03,3531600.0
EMP-0313,2025-04,3526200.0
EMP-0313,2025-05,3569500.0
EMP-0313,2025-06,3602600.0
EMP-0313,2025-07,3538300.0
EMP-0313,2025-08,3598400.0
EMP-0313,2025-09,3579300.0
EMP-0313,2025-10,3585800.0
EMP-0313,2025-11,3448400.0
EMP-0313,2025-12,3578300.0
EMP-0314,2025-01,3660700.0
EMP-0314,2025-02,3651900.0
EMP-0314,2025-03,3724700.0
EMP-0314,2025-04,3678900.0
EMP-0314,2025-05,3799100.0
EMP-0314,2025-06,3787600.0
EMP-0314,2025-07,3741300.0
EMP-0314,2025-08,3640500.0
EMP-0314,2025-09,3668700.0
EMP-0314,2025-10,3775900.0
EMP-0314,2025-11,3674800.0
EMP-0314,2025-12,3768500.0
EMP-0315,2025-01,3659000.0
EMP-0315,2025-02,3628400.0
EMP-0315,2025-03,3630700.0
EMP-0315,2025-04,3561600.0
EMP-0315,2025-05,3547900.0
EMP-0315,2025-06,3720500.0
EMP-0315,2025-07,3557300.0
EMP-0315,2025-08,3669700.0
EMP-0315,2025-09,3584800.0
EMP-0315,2025-10,3609500.0
EMP-0315,2025-11,3693500.0
EMP-0315,2025-12,3664900.0
EMP-0316,2025-01,3762300.0
EMP-0316,2025-02,3682500.0
EMP-0316,2025-03,3605400.0
EMP-0316,2025-04,3664500.0
EMP-0316,2025-05,3712100.0
EMP-0316,2025-06,3661600.0
EMP-0316,2025-07,3692200.0
EMP-0316,2025-08,3732100.0
EMP-0316,2025-09,3679900.0
EMP-0316,2025-10,3639200.0
EMP-0316,2025-11,3674600.0
EMP-0316,2025-12,3769500.0
EMP-0317,2025-01,3650500.0
EMP-0317,2025-02,3616800.0
EMP-0317,2025-03,3516600.0
EMP-0317,2025-04,3582800.0
EMP-0317,2025-05,3553600.0
EMP-0317,2025-06,3607200.0
EMP-0317,2025-07,3482900.0
EMP-0317,2025-08,3484400.0
EMP-0317,2025-09,3609800.0
EMP-0317,2025-10,3460500.0
EMP-0317,2025-11,3543400.0
EMP-0317,2025-12,3537400.0
EMP-0318,2025-01,3626700.0
EMP-0318,2025-02,3568000.0
EMP-0318,2025-03,3586900.0
EMP-0318,2025-04,3563200.0
EMP-0318,2025-05,3579400.0
EMP-0318,2025-06,3538600.0
EMP-0318,2025-07,3611700.0
EMP-0318,2025-08,3648600.0
EMP-0318,2025-09,3546700.0
EMP-0318,2025-10,3659700.0
EMP-0318,2025-11,3596800.0
EMP-0318,2025-12,3603700.0
EMP-0319,2025-01,3578200.0
EMP-0319,2025-02,3528700.0
EMP-0319,2025-03,3626300.0
EMP-0319,2025-04,3569500.0
EMP-0319,2025-05,3460800.0
EMP-0319,2025-06,3513500.0
EMP-0319,2025-07,3574700.0
EMP-0319,2025-08,3616100.0
EMP-0319,2025-09,3661400.0
EMP-0319,2025-10,3537500.0
EMP-0319,2025-11,3568800.0
EMP-0319,2025-12,3503700.0
EMP-0320,2025-01,3705700.0
EMP-0320,2025-02,3763200.0
EMP-0320,2025-03,3794500.0
EMP-0320,2025-04,3702200.0
EMP-0320,2025-05,3786200.0
EMP-0320,2025-06,3847800.0
EMP-0320,2025-07,3727400.0
EMP-0320,2025-08,3767600.0
EMP-0320,2025-09,3690700.0
EMP-0320,2025-10,3724800.0
EMP-0320,2025-11,3713900.0
EMP-0320,2025-12,3768200.0
EMP-0321,2025-01,3571000.0
EMP-0321,2025-02,3610500.0
EMP-0321,2025-03,3470300.0
EMP-0321,2025-04,3597200.0
EMP-0321,2025-05,3534800.0
EMP-0321,2025-06,3570700.0
EMP-0321,2025-07,3503800.0
EMP-0321,2025-08,3500500.0
EMP-0321,2025-09,3493900.0
EMP-0321,2025-10,3588400.0
EMP-0321,2025-11,3519500.0
EMP-0321,2025-12,3567200.0
EMP-0322,2025-01,3480700.0
EMP-0322,2025-02,3439200.0
EMP-0322,2025-03,3507000.0
EMP-0322,2025-04,3497100.0
EMP-0322,2025-05,3512300.0
EMP-0322,2025-06,3513600.0
EMP-0322,2025-07,3445700.0
EMP-0322,2025-08,3378500.0
EMP-0322,2025-09,3384000.0
EMP-0322,2025-10,3330600.0
EMP-0322,2025-11,3382400.0
EMP-0322,2025-12,3441800.0
EMP-0323,2025-01,3495900.0
EMP-0323,2025-02,3485500.0
EMP-0323,2025-03,3511600.0
EMP-0323,2025-04,3566000.0
EMP-0323,2025-05,3497400.0
EMP-0323,2025-06,3461900.0
EMP-0323,2025-07,3503500.0
EMP-0323,2025-08,3500600.0
EMP-0323,2025-09,3509400.0
EMP-0323,2025-10,3480800.0
EMP-0323,2025-11,3533000.0
EMP-0323,2025-12,3582100.0
EMP-0324,2025-01,3570600.0
EMP-0324,2025-02,3541900.0
EMP-0324,2025-03,3599100.0
EMP-0324,2025-04,3664200.0
EMP-0324,2025-05,3575400.0
EMP-0324,2025-06,3651000.0
EMP-0324,2025-07,3667200.0
EMP-0324,2025-08,3560100.0
EMP-0324,2025-09,3565400.0
EMP-0324,2025-10,3640400.0
EMP-0324,2025-11,3610100.0
EMP-0324,2025-12,3564800.0
EMP-0325,2025-01,3637900.0
EMP-0325,2025-02,3669700.0
EMP-0325,2025-03,3647300.0
EMP-0325,2025-04,3625200.0
EMP-0325,2025-05,3613400.0
EMP-0325,2025-06,3549200.0
EMP-0325,2025-07,3602800.0
EMP-0325,2025-08,3642300.0
EMP-0325,2025-09,3495500.0
EMP-0325,2025-10,3615200.0
EMP-0325,2025-11,3693700.0
EMP-0325,2025-12,3716800.0
EMP-0326,2025-01,3417600.0
EMP-0326,2025-02,3411500.0
EMP-0326,2025-03,3478200.0
EMP-0326,2025-04,3397900.0
EMP-0326,2025-05,3376400.0
EMP-0326,2025-06,3541200.0
EMP-0326,2025-07,3481800.0
EMP-0326,2025-08,3438100.0
EMP-0326,2025-09,3451600.0
EMP-0326,2025-10,3478000.0
EMP-0326,2025-11,3502200.0
EMP-0326,2025-12,3412700.0
EMP-0327,2025-01,3467200.0
EMP-0327,2025-02,3461400.0
EMP-0327,2025-03,3348200.0
EMP-0327,2025-04,3431700.0
EMP-0327,2025-05,3345700.0
EMP-0327,2025-06,3522400.0
EMP-0327,2025-07,3414700.0
EMP-0327,2025-08,3362600.0
EMP-0327,2025-09,3405000.0
EMP-0327,2025-10,3443700.0
EMP-0327,2025-11,3470800.0
EMP-0327,2025-12,3500000.0
EMP-0328,2025-01,3479700.0
EMP-0328,2025-02,3431400.0
EMP-0328,2025-03,3367100.0
EMP-0328,2025-04,3548900.0
EMP-0328,2025-05,3412200.0
EMP-0328,2025-06,3378600.0
EMP-0328,2025-07,3480300.0
EMP-0328,2025-08,3384200.0
EMP-0328,2025-09,3493100.0
EMP-0328,2025-10,3363600.0
EMP-0328,2025-11,3481200.0
EMP-0328,2025-12,3418400.0
EMP-0329,2025-01,3700100.0
EMP-0329,2025-02,3643500.0
EMP-0329,2025-03,3537900.0
EMP-0329,2025-04,3527400.0
EMP-0329,2025-05,3664900.0
EMP-0329,2025-06,3549400.0
EMP-0329,2025-07,3636600.0
EMP-0329,2025-08,3610600.0
EMP-0329,2025-09,3674600.0
EMP-0329,2025-10,3630900.0
EMP-0329,2025-11,3601700.0
EMP-0329,2025-12,3714800.0
EMP-0330,2025-01,3613400.0
EMP-0330,2025-02,3675400.0
EMP-0330,2025-03,3579300.0
EMP-0330,2025-04,3604800.0
EMP-0330,2025-05,3696400.0
EMP-0330,2025-06,3635100.0
EMP-0330,2025-07,3575800.0
EMP-0330,2025-08,3560500.0
EMP-0330,2025-09,3644500.0
EMP-0330,2025-10,3704200.0
EMP-0330,2025-11,3703500.0
EMP-0330,2025-12,3647900.0
EMP-0331,2025-01,3529700.0
EMP-0331,2025-02,3574200.0
EMP-0331,2025-03,3541400.0
EMP-0331,2025-04,3495900.0
EMP-0331,2025-05,3589100.0
EMP-0331,2025-06,3560300.0
EMP-0331,2025-07,3564300.0
EMP-0331,2025-08,3559200.0
EMP-0331,2025-09,3512700.0
EMP-0331,2025-10,3645500.0
EMP-0331,2025-11,3573900.0
EMP-0331,2025-12,3546400.0
EMP-0332,2025-01,3616500.0
EMP-0332,2025-02,3492000.0
EMP-0332,2025-03,3629300.0
EMP-0332,2025-04,3657200.0
EMP-0332,2025-05,3564500.0
EMP-0332,2025-06,3602100.0
EMP-0332,2025-07,3553200.0
EMP-0332,2025-08,3476500.0
EMP-0332,2025-09,3671600.0
EMP-0332,2025-10,3615700.0
EMP-0332,2025-11,3702500.0
EMP-0332,2025-12,3662400.0
EMP-0333,2025-01,3570800.0
EMP-0333,2025-02,3549400.0
EMP-0333,2025-03,3471000.0
EMP-0333,2025-04,3539300.0
EMP-0333,2025-05,3543400.0
EMP-0333,2025-06,3520300.0
EMP-0333,2025-07,3571700.0
EMP-0333,2025-08,3505500.0
EMP-0333,2025-09,3510200.0
EMP-0333,2025-10,3489400.0
EMP-0333,2025-11,3500700.0
EMP-0333,2025-12,3516700.0
EMP-0334,2025-01,3451300.0
EMP-0334,2025-02,3407300.0
EMP-0334,2025-03,3419700.0
EMP-0334,2025-04,3409700.0
EMP-0334,2025-05,3506400.0
EMP-0334,2025-06,3493100.0
EMP-0334,2025-07,3364600.0
EMP-0334,2025-08,3400800.0
EMP-0334,2025-09,3472000.0
EMP-0334,2025-10,3459200.0
EMP-0334,2025-11,3426100.0
EMP-0334,2025-12,3369700.0
EMP-0335,2025-01,3501800.0
EMP-0335,2025-02,3435600.0
EMP-0335,2025-03,3397300.0
EMP-0335,2025-04,3484800.0
EMP-0335,2025-05,3589500.0
EMP-0335,2025-06,3437300.0
EMP-0335,2025-07,3438600.0
EMP-0335,2025-08,3464000.0
EMP-0335,2025-09,3556300.0
EMP-0335,2025-10,3388300.0
EMP-0335,2025-11,3514600.0
EMP-0335,2025-12,3449900.0
EMP-0336,2025-01,3393200.0
EMP-0336,2025-02,3423200.0
EMP-0336,2025-03,3414500.0
EMP-0336,2025-04,3434500.0
EMP-0336,2025-05,3405100.0
EMP-0336,2025-06,3360500.0
EMP-0336,2025-07,3580400.0
EMP-0336,2025-08,3369300.0
EMP-0336,2025-09,3449000.0
EMP-0336,2025-10,3348200.0
EMP-0336,2025-11,3336600.0
EMP-0336,2025-12,3444700.0
EMP-0337,2025-01,3572100.0
EMP-0337,2025-02,3711500.0
EMP-0337,2025-03,3601500.0
EMP-0337,2025-04,3637100.0
EMP-0337,2025-05,3730600.0
EMP-0337,2025-06,3697900.0
EMP-0337,2025-07,3630400.0
EMP-0337,2025-08,3587400.0
EMP-0337,2025-09,3693400.0
EMP-0337,2025-10,3700200.0
EMP-0337,2025-11,3764700.0
EMP-0337,2025-12,3544100.0
EMP-0338,2025-01,3616200.0
EMP-0338,2025-02,3725900.0
EMP-0338,2025-03,3745600.0
EMP-0338,2025-04,3553600.0
EMP-0338,2025-05,3720700.0
EMP-0338,2025-06,3683600.0
EMP-0338,2025-07,3694500.0
EMP-0338,2025-08,3656300.0
EMP-0338,2025-09,3698500.0
EMP-0338,2025-10,3784100.0
EMP-0338,2025-11,3681900.0
EMP-0338,2025-12,3760400.0
EMP-0339,2025-01,3747500.0
EMP-0339,2025-02,3757200.0
EMP-0339,2025-03,3763000.0
EMP-0339,2025-04,3727300.0
EMP-0339,2025-05,3540900.0
EMP-0339,2025-06,3760400.0
EMP-0339,2025-07,3616900.0
EMP-0339,2025-08,3693200.0
EMP-0339,2025-09,3593400.0
EMP-0339,2025-10,3822100.0
EMP-0339,2025-11,3750400.0
EMP-0339,2025-12,3708900.0
EMP-0340,2025-01,3547500.0
EMP-0340,2025-02,3568200.0
EMP-0340,2025-03,3559800.0
EMP-0340,2025-04,3468500.0
EMP-0340,2025-05,3606900.0
EMP-0340,2025-06,3649700.0
EMP-0340,2025-07,3654100.0
EMP-0340,2025-08,3552200.0
EMP-0340,2025-09,3531700.0
EMP-0340,2025-10,3600400.0
EMP-0340,2025-11,3644000.0
EMP-0340,2025-12,3607600.0
EMP-0341,2025-01,4398400.0
EMP-0341,2025-02,4605400.0
EMP-0341,2025-03,4515400.0
EMP-0341,2025-04,4461000.0
EMP-0341,2025-05,4470900.0
EMP-0341,2025-06,4607700.0
EMP-0341,2025-07,4551700.0
EMP-0341,2025-08,4594100.0
EMP-0341,2025-09,4536400.0
EMP-0341,2025-10,4463000.0
EMP-0341,2025-11,4640800.0
EMP-0341,2025-12,4493200.0
EMP-0342,2025-01,4596500.0
EMP-0342,2025-02,4515000.0
EMP-0342,2025-03,4507700.0
EMP-0342,2025-04,4588500.0
EMP-0342,2025-05,4665000.0
EMP-0342,2025-06,4561800.0
EMP-0342,2025-07,4590100.0
EMP-0342,2025-08,4539000.0
EMP-0342,2025-09,4455400.0
EMP-0342,2025-10,4627200.0
EMP-0342,2025-11,4623200.0
EMP-0342,2025-12,4609700.0
EMP-0343,2025-01,4658400.0
EMP-0343,2025-02,4489400.0
EMP-0343,2025-03,4600300.0
EMP-0343,2025-04,4725200.0
EMP-0343,2025-05,4581000.0
EMP-0343,2025-06,4438000.0
EMP-0343,2025-07,4537300.0
EMP-0343,2025-08,4708400.0
EMP-0343,2025-09,4545400.0
EMP-0343,2025-10,4650400.0
EMP-0343,2025-11,4494200.0
EMP-0343,2025-12,4535300.0
EMP-0344,2025-01,4325500.0
EMP-0344,2025-02,4439400.0
EMP-0344,2025-03,4355600.0
EMP-0344,2025-04,4442100.0
EMP-0344,2025-05,4455200.0
EMP-0344,2025-06,4527600.0
EMP-0344,2025-07,4352200.0
EMP-0344,2025-08,4513600.0
EMP-0344,2025-09,4459400.0
EMP-0344,2025-10,4521600.0
EMP-0344,2025-11,4424100.0
EMP-0344,2025-12,4363900.0
EMP-0345,2025-01,4375800.0
EMP-0345,2025-02,4250900.0
EMP-0345,2025-03,4265900.0
EMP-0345,2025-04,4303500.0
EMP-0345,2025-05,4273700.0
EMP-0345,2025-06,4342200.0
EMP-0345,2025-07,4309000.0
EMP-0345,2025-08,4200500.0
EMP-0345,2025-09,4250300.0
EMP-0345,2025-10,4243300.0
EMP-0345,2025-11,4267800.0
EMP-0345,2025-12,4304900.0
EMP-0346,2025-01,4561200.0
EMP-0346,2025-02,4624300.0
EMP-0346,2025-03,4373800.0
EMP-0346,2025-04,4666800.0
EMP-0346,2025-05,4599400.0
EMP-0346,2025-06,4624300.0
EMP-0346,2025-07,4546800.0
EMP-0346,2025-08,4456900.0
EMP-0346,2025-09,4611800.0
EMP-0346,2025-10,4569500.0
EMP-0346,2025-11,4577400.0
EMP-0346,2025-12,4649800.0
EMP-0347,2025-01,4390700.0
EMP-0347,2025-02,4447000.0
EMP-0347,2025-03,4427700.0
EMP-0347,2025-04,4442200.0
EMP-0347,2025-05,4472400.0
EMP-0347,2025-06,4426600.0
EMP-0347,2025-07,4463400.0
EMP-0347,2025-08,4429300.0
EMP-0347,2025-09,4385100.0
EMP-0347,2025-10,4366100.0
EMP-0347,2025-11,4527700.0
EMP-0347,2025-12,4482900.0
EMP-0348,2025-01,4354900.0
EMP-0348,2025-02,4431600.0
EMP-0348,2025-03,4402900.0
EMP-0348,2025-04,4433300.0
EMP-0348,2025-05,4317500.0
EMP-0348,2025-06,4317800.0
EMP-0348,2025-07,4371900.0
EMP-0348,2025-08,4270200.0
EMP-0348,2025-09,4352900.0
EMP-0348,2025-10,4387200.0
EMP-0348,2025-11,4487600.0
EMP-0348,2025-12,4397000.0
EMP-0349,2025-01,4470900.0
EMP-0349,2025-02,4658200.0
EMP-0349,2025-03,4550500.0
EMP-0349,2025-04,4485200.0
EMP-0349,2025-05,4527400.0
EMP-0349,2025-06,4502500.0
EMP-0349,2025-07,4632400.0
EMP-0349,2025-08,4591000.0
EMP-0349,2025-09,4558400.0
EMP-0349,2025-10,4644200.0
EMP-0349,2025-11,4457100.0
EMP-0349,2025-12,4580300.0
EMP-0350,2025-01,4261700.0
EMP-0350,2025-02,4286100.0
EMP-0350,2025-03,4368700.0
EMP-0350,2025-04,4409400.0
EMP-0350,2025-05,4382300.0
EMP-0350,2025-06,4347700.0
EMP-0350,2025-07,4227700.0
EMP-0350,2025-08,4266000.0
EMP-0350,2025-09,4305900.0
EMP-0350,2025-10,4251600.0
EMP-0350,2025-11,4329500.0
EMP-0350,2025-12,4338700.0
EMP-0351,2025-01,4590700.0
EMP-0351,2025-02,4566400.0
EMP-0351,2025-03,4472400.0
EMP-0351,2025-04,4468500.0
EMP-0351,2025-05,4532600.0
EMP-0351,2025-06,4663400.0
EMP-0351,2025-07,4498400.0
EMP-0351,2025-08,4533100.0
EMP-0351,2025-09,4569000.0
EMP-0351,2025-10,4480200.0
EMP-0351,2025-11,4562500.0
EMP-0351,2025-12,4509500.0
EMP-0352,2025-01,4289400.0
EMP-0352,2025-02,4416200.0
EMP-0352,2025-03,4303900.0
EMP-0352,2025-04,4449600.0
EMP-0352,2025-05,4321400.0
EMP-0352,2025-06,4284900.0
EMP-0352,2025-07,4240700.0
EMP-0352,2025-08,4205600.0
EMP-0352,2025-09,4234800.0
EMP-0352,2025-10,4242000.0
EMP-0352,2025-11,4324100.0
EMP-0352,2025-12,4264800.0
EMP-0353,2025-01,4684900.0
EMP-0353,2025-02,4588200.0
EMP-0353,2025-03,4681800.0
EMP-0353,2025-04,4545800.0
EMP-0353,2025-05,4547200.0
EMP-0353,2025-06,4516000.0
EMP-0353,2025-07,4571100.0
EMP-0353,2025-08,4528300.0
EMP-0353,2025-09,4518500.0
EMP-0353,2025-10,4420800.0
EMP-0353,2025-11,4650600.0
EMP-0353,2025-12,4524300.0
EMP-0354,2025-01,4376500.0
EMP-0354,2025-02,4273300.0
EMP-0354,2025-03,4283400.0
EMP-0354,2025-04,4471200.0
EMP-0354,2025-05,4321100.0
EMP-0354,2025-06,4300100.0
EMP-0354,2025-07,4458400.0
EMP-0354,2025-08,4427900.0
EMP-0354,2025-09,4445100.0
EMP-0354,2025-10,4299600.0
EMP-0354,2025-11,4262000.0
EMP-0354,2025-12,4370500.0
EMP-0355,2025-01,4494600.0
EMP-0355,2025-02,4603000.0
EMP-0355,2025-03,4417700.0
EMP-0355,2025-04,4559200.0
EMP-0355,2025-05,4445600.0
EMP-0355,2025-06,4596500.0
EMP-0355,2025-07,4492000.0
EMP-0355,2025-08,4557000.0
EMP-0355,2025-09,4523800.0
EMP-0355,2025-10,4427300.0
EMP-0355,2025-11,4564700.0
EMP-0355,2025-12,4472400.0
EMP-0356,2025-01,4297800.0
EMP-0356,2025-02,4364800.0
EMP-0356,2025-03,4280400.0
EMP-0356,2025-04,4290200.0
EMP-0356,2025-05,4346400.0
EMP-0356,2025-06,4216900.0
EMP-0356,2025-07,4161900.0
EMP-0356,2025-08,4269800.0
EMP-0356,2025-09,4166100.0
EMP-0356,2025-10,4413700.0
EMP-0356,2025-11,4349900.0
EMP-0356,2025-12,4395200.0
EMP-0357,2025-01,4652000.0
EMP-0357,2025-02,4583300.0
EMP-0357,2025-03,4527300.0
EMP-0357,2025-04,4443700.0
EMP-0357,2025-05,4449000.0
EMP-0357,2025-06,4554700.0
EMP-0357,2025-07,4665000.0
EMP-0357,2025-08,4456400.0
EMP-0357,2025-09,4697900.0
EMP-0357,2025-10,4645600.0
EMP-0357,2025-11,4478600.0
EMP-0357,2025-12,4496700.0
EMP-0358,2025-01,4392900.0
EMP-0358,2025-02,4380300.0
EMP-0358,2025-03,4468400.0
EMP-0358,2025-04,4337300.0
EMP-0358,2025-05,4412200.0
EMP-0358,2025-06,4373300.0
EMP-0358,2025-07,4450200.0
EMP-0358,2025-08,4404400.0
EMP-0358,2025-09,4383300.0
EMP-0358,2025-10,4404600.0
EMP-0358,2025-11,4553700.0
EMP-0358,2025-12,4391100.0
EMP-0359,2025-01,4408000.0
EMP-0359,2025-02,4407300.0
EMP-0359,2025-03,4503100.0
EMP-0359,2025-04,4440500.0
EMP-0359,2025-05,4442500.0
EMP-0359,2025-06,4398500.0
EMP-0359,2025-07,4538800.0
EMP-0359,2025-08,4514200.0
EMP-0359,2025-09,4436900.0
EMP-0359,2025-10,4401800.0
EMP-0359,2025-11,4398800.0
EMP-0359,2025-12,4453700.0
EMP-0360,2025-01,4228000.0
EMP-0360,2025-02,4342400.0
EMP-0360,2025-03,4218700.0
EMP-0360,2025-04,4132500.0
EMP-0360,2025-05,4171500.0
EMP-0360,2025-06,4223600.0
EMP-0360,2025-07,4294600.0
EMP-0360,2025-08,4189100.0
EMP-0360,2025-09,4262700.0
EMP-0360,2025-10,4119900.0
EMP-0360,2025-11,4119400.0
EMP-0360,2025-12,4180000.0
EMP-0361,2025-01,4409300.0
EMP-0361,2025-02,4405800.0
EMP-0361,2025-03,4347500.0
EMP-0361,2025-04,4437900.0
EMP-0361,2025-05,4335500.0
EMP-0361,2025-06,4417700.0
EMP-0361,2025-07,4373900.0
EMP-0361,2025-08,4357600.0
EMP-0361,2025-09,4464400.0
EMP-0361,2025-10,4440800.0
EMP-0361,2025-11,4303500.0
EMP-0361,2025-12,4401200.0
EMP-0362,2025-01,3011500.0
EMP-0362,2025-02,2979200.0
EMP-0362,2025-03,3056300.0
EMP-0362,2025-04,3023700.0
EMP-0362,2025-05,3074300.0
EMP-0362,2025-06,3025000.0
EMP-0362,2025-07,3067500.0
EMP-0362,2025-08,3078800.0
EMP-0362,2025-09,2983000.0
EMP-0362,2025-10,2919700.0
EMP-0362,2025-11,3023200.0
EMP-0362,2025-12,3002600.0
EMP-0363,2025-01,4408000.0
EMP-0363,2025-02,4378800.0
EMP-0363,2025-03,4419000.0
EMP-0363,2025-04,4333000.0
EMP-0363,2025-05,4365800.0
EMP-0363,2025-06,4267900.0
EMP-0363,2025-07,4426000.0
EMP-0363,2025-08,4375100.0
EMP-0363,2025-09,4438100.0
EMP-0363,2025-10,4405200.0
EMP-0363,2025-11,4330600.0
EMP-0363,2025-12,4410500.0
EMP-0364,2025-01,4231600.0
EMP-0364,2025-02,4214200.0
EMP-0364,2025-03,4119300.0
EMP-0364,2025-04,4177500.0
EMP-0364,2025-05,4241700.0
EMP-0364,2025-06,4210400.0
EMP-0364,2025-07,4216300.0
EMP-0364,2025-08,4205700.0
EMP-0364,2025-09,4171400.0
EMP-0364,2025-10,4194900.0
EMP-0364,2025-11,4206700.0
EMP-0364,2025-12,4226500.0
EMP-0365,2025-01,4271000.0
EMP-0365,2025-02,4310700.0
EMP-0365,2025-03,4255800.0
EMP-0365,2025-04,4141500.0
EMP-0365,2025-05,4368700.0
EMP-0365,2025-06,4300200.0
EMP-0365,2025-07,4300900.0
EMP-0365,2025-08,4268100.0
EMP-0365,2025-09,4335100.0
EMP-0365,2025-10,4343300.0
EMP-0365,2025-11,4349700.0
EMP-0365,2025-12,4300300.0
EMP-0366,2025-11,4405400.0
EMP-0366,2025-12,4405900.0
EMP-0367,2025-01,4403600.0
EMP-0367,2025-02,4493500.0
EMP-0367,2025-03,4452200.0
EMP-0367,2025-04,4431100.0
EMP-0367,2025-05,4569000.0
EMP-0367,2025-06,4502100.0
EMP-0367,2025-07,4486300.0
EMP-0367,2025-08,4538700.0
EMP-0367,2025-09,4479300.0
EMP-0367,2025-10,4410100.0
EMP-0367,2025-11,4431200.0
EMP-0367,2025-12,4506200.0
EMP-0368,2025-01,4509300.0
EMP-0368,2025-02,4538100.0
EMP-0368,2025-03,4407600.0
EMP-0368,2025-04,4470000.0
EMP-0368,2025-05,4499800.0
EMP-0368,2025-06,4426100.0
EMP-0368,2025-07,4420500.0
EMP-0368,2025-08,4470500.0
EMP-0368,2025-09,4533500.0
EMP-0368,2025-10,4522800.0
EMP-0368,2025-11,4421700.0
EMP-0368,2025-12,4523400.0
EMP-0369,2025-01,4529300.0
EMP-0369,2025-02,4429900.0
EMP-0369,2025-03,4451900.0
EMP-0369,2025-04,4305400.0
EMP-0369,2025-05,4421900.0
EMP-0369,2025-06,4421500.0
EMP-0369,2025-07,4483000.0
EMP-0369,2025-08,4417900.0
EMP-0369,2025-09,4344600.0
EMP-0369,2025-10,4469200.0
EMP-0369,2025-11,4436200.0
EMP-0369,2025-12,4404300.0
EMP-0370,2025-01,4297600.0
EMP-0370,2025-02,4271900.0
EMP-0370,2025-03,4251500.0
EMP-0370,2025-04,4212900.0
EMP-0370,2025-05,4372400.0
EMP-0370,2025-06,4217600.0
EMP-0370,2025-07,4287400.0
EMP-0370,2025-08,4240100.0
EMP-0370,2025-09,4273700.0
EMP-0370,2025-10,4300600.0
EMP-0370,2025-11,4183500.0
EMP-0370,2025-12,4270900.0
EMP-0371,2025-01,4544900.0
EMP-0371,2025-02,4497700.0
EMP-0371,2025-03,4431500.0
EMP-0371,2025-04,4399400.0
EMP-0371,2025-05,4340400.0
EMP-0371,2025-06,4457100.0
EMP-0371,2025-07,4383600.0
EMP-0371,2025-08,4370000.0
EMP-0371,2025-09,4480000.0
EMP-0371,2025-10,4531100.0
EMP-0371,2025-11,4396800.0
EMP-0371,2025-12,4482000.0
EMP-0372,2025-01,4507100.0
EMP-0372,2025-02,4649900.0
EMP-0372,2025-03,4533200.0
EMP-0372,2025-04,4522000.0
EMP-0372,2025-05,4544600.0
EMP-0372,2025-06,4563200.0
EMP-0372,2025-07,4479700.0
EMP-0372,2025-08,4511500.0
EMP-0372,2025-09,4507900.0
EMP-0372,2025-10,4607800.0
EMP-0372,2025-11,4489600.0
EMP-0372,2025-12,4430200.0
EMP-0373,2025-01,2913800.0
EMP-0373,2025-02,2901600.0
EMP-0373,2025-03,2867800.0
EMP-0373,2025-04,2970500.0
EMP-0373,2025-05,2943900.0
EMP-0373,2025-06,2939400.0
EMP-0373,2025-07,2955900.0
EMP-0373,2025-08,2960000.0
EMP-0373,2025-09,2945000.0
EMP-0373,2025-10,2968600.0
EMP-0373,2025-11,2980200.0
EMP-0373,2025-12,2979400.0
EMP-0374,2025-01,4439700.0
EMP-0374,2025-02,4447800.0
EMP-0374,2025-03,4432300.0
EMP-0374,2025-04,4563000.0
EMP-0374,2025-05,4454000.0
EMP-0374,2025-06,4427500.0
EMP-0374,2025-07,4502700.0
EMP-0374,2025-08,4474700.0
EMP-0374,2025-09,4501000.0
EMP-0374,2025-10,4608200.0
EMP-0374,2025-11,4542600.0
EMP-0374,2025-12,4483000.0
EMP-0375,2025-01,4168500.0
EMP-0375,2025-02,4168200.0
EMP-0375,2025-03,4216200.0
EMP-0375,2025-04,4349400.0
EMP-0375,2025-05,4296500.0
EMP-0375,2025-06,4284700.0
EMP-0375,2025-07,4128500.0
EMP-0375,2025-08,4224400.0
EMP-0375,2025-09,4267200.0
EMP-0375,2025-10,4347100.0
EMP-0375,2025-11,4108800.0
EMP-0375,2025-12,4261500.0
EMP-0376,2025-01,4328800.0
EMP-0376,2025-02,4393800.0
EMP-0376,2025-03,4353900.0
EMP-0376,2025-04,4250600.0
EMP-0376,2025-05,4273400.0
EMP-0376,2025-06,4286300.0
EMP-0376,2025-07,4276500.0
EMP-0376,2025-08,4414500.0
EMP-0376,2025-09,4191200.0
EMP-0376,2025-10,4358000.0
EMP-0376,2025-11,4231900.0
EMP-0376,2025-12,4253300.0
EMP-0377,2025-01,4274300.0
EMP-0377,2025-02,4110300.0
EMP-0377,2025-03,4282000.0
EMP-0377,2025-04,4307500.0
EMP-0377,2025-05,4253600.0
EMP-0377,2025-06,4119000.0
EMP-0377,2025-07,4243800.0
EMP-0377,2025-08,4186400.0
EMP-0377,2025-09,4160700.0
EMP-0377,2025-10,4273900.0
EMP-0377,2025-11,4285800.0
EMP-0377,2025-12,4318800.0
EMP-0378,2025-01,4470700.0
EMP-0378,2025-02,4390600.0
EMP-0378,2025-03,4444700.0
EMP-0378,2025-04,4381800.0
EMP-0378,2025-05,4293300.0
EMP-0378,2025-06,4502600.0
EMP-0378,2025-07,4336200.0
EMP-0378,2025-08,4443300.0
EMP-0378,2025-09,4458300.0
EMP-0378,2025-10,4457900.0
EMP-0378,2025-11,4417300.0
EMP-0378,2025-12,4454200.0
EMP-0379,2025-01,4327500.0
EMP-0379,2025-02,4425900.0
EMP-0379,2025-03,4281900.0
EMP-0379,2025-04,4328300.0
EMP-0379,2025-05,4192400.0
EMP-0379,2025-06,4327900.0
EMP-0379,2025-07,4325500.0
EMP-0379,2025-08,4319000.0
EMP-0379,2025-09,4358700.0
EMP-0379,2025-10,4293500.0
EMP-0379,2025-11,4387600.0
EMP-0379,2025-12,4254400.0
EMP-0380,2025-01,4364300.0
EMP-0380,2025-02,4288700.0
EMP-0380,2025-03,4316600.0
EMP-0380,2025-04,4395500.0
EMP-0380,2025-05,4516600.0
EMP-0380,2025-06,4334400.0
EMP-0380,2025-07,4386400.0
EMP-0380,2025-08,4320300.0
EMP-0380,2025-09,4293000.0
EMP-0380,2025-10,4312400.0
EMP-0380,2025-11,4220500.0
EMP-0380,2025-12,4445100.0
EMP-0381,2025-01,4431800.0
EMP-0381,2025-02,4504400.0
EMP-0381,2025-03,4342100.0
EMP-0381,2025-04,4360100.0
EMP-0381,2025-05,4456500.0
EMP-0381,2025-06,4321900.0
EMP-0381,2025-07,4394500.0
EMP-0381,2025-08,4500000.0
EMP-0381,2025-09,4427600.0
EMP-0381,2025-10,4343400.0
EMP-0381,2025-11,4447500.0
EMP-0381,2025-12,4407900.0
EMP-0382,2025-01,4141300.0
EMP-0382,2025-02,4261600.0
EMP-0382,2025-03,4243600.0
EMP-0382,2025-04,4324400.0
EMP-0382,2025-05,4286500.0
EMP-0382,2025-06,4301600.0
EMP-0382,2025-07,4285900.0
EMP-0382,2025-08,4204200.0
EMP-0382,2025-09,4341300.0
EMP-0382,2025-10,4314900.0
EMP-0382,2025-11,4322400.0
EMP-0382,2025-12,4344700.0
EMP-0383,2025-01,4265400.0
EMP-0383,2025-02,4401900.0
EMP-0383,2025-03,4459600.0
EMP-0383,2025-04,4316700.0
EMP-0383,2025-05,4343600.0
EMP-0383,2025-06,4365400.0
EMP-0383,2025-07,4381800.0
EMP-0383,2025-08,4332900.0
EMP-0383,2025-09,4373100.0
EMP-0383,2025-10,4402900.0
EMP-0383,2025-11,4237600.0
EMP-0383,2025-12,4374200.0
EMP-0384,2025-01,4066500.0
EMP-0384,2025-02,4138000.0
EMP-0384,2025-03,4167700.0
EMP-0384,2025-04,4123500.0
EMP-0384,2025-05,4118800.0
EMP-0384,2025-06,4161300.0
EMP-0384,2025-07,4121200.0
EMP-0384,2025-08,4171800.0
EMP-0384,2025-09,4221800.0
EMP-0384,2025-10,4194600.0
EMP-0384,2025-11,4207300.0
EMP-0384,2025-12,4220100.0
EMP-0385,2025-01,4136900.0
EMP-0385,2025-02,4192800.0
EMP-0385,2025-03,4164100.0
EMP-0385,2025-04,4143900.0
EMP-0385,2025-05,4188200.0
EMP-0385,2025-06,4133800.0
EMP-0385,2025-07,4221900.0
EMP-0385,2025-08,4232200.0
EMP-0385,2025-09,4120500.0
EMP-0385,2025-10,4144200.0
EMP-0385,2025-11,4131300.0
EMP-0385,2025-12,4178000.0
EMP-0386,2025-01,4174000.0
EMP-0386,2025-02,4358200.0
EMP-0386,2025-03,4177200.0
EMP-0386,2025-04,4181100.0
EMP-0386,2025-05,4189500.0
EMP-0386,2025-06,4192300.0
EMP-0386,2025-07,4152400.0
EMP-0386,2025-08,4210700.0
EMP-0386,2025-09,4269400.0
EMP-0386,2025-10,4221400.0
EMP-0386,2025-11,4131600.0
EMP-0386,2025-12,4179900.0
EMP-0387,2025-01,4126300.0
EMP-0387,2025-02,4185600.0
EMP-0387,2025-03,4115500.0
EMP-0387,2025-04,4083700.0
EMP-0387,2025-05,4153900.0
EMP-0387,2025-06,4168400.0
EMP-0387,2025-07,4188900.0
EMP-0387,2025-08,4115900.0
EMP-0387,2025-09,4147500.0
EMP-0387,2025-10,4167000.0
EMP-0387,2025-11,4129400.0
EMP-0387,2025-12,4199700.0
EMP-0388,2025-01,4201500.0
EMP-0388,2025-02,4384600.0
EMP-0388,2025-03,4227100.0
EMP-0388,2025-04,4359900.0
EMP-0388,2025-05,4219200.0
EMP-0388,2025-06,4300200.0
EMP-0388,2025-07,4306900.0
EMP-0388,2025-08,4280500.0
EMP-0388,2025-09,4307900.0
EMP-0388,2025-10,4397600.0
EMP-0388,2025-11,4284200.0
EMP-0388,2025-12,4366000.0
EMP-0389,2025-01,4315400.0
EMP-0389,2025-02,4323800.0
EMP-0389,2025-03,4215500.0
EMP-0389,2025-04,4130000.0
EMP-0389,2025-05,4210600.0
EMP-0389,2025-06,4238500.0
EMP-0389,2025-07,4183600.0
EMP-0389,2025-08,4372800.0
EMP-0389,2025-09,4339500.0
EMP-0389,2025-10,4113000.0
EMP-0389,2025-11,4150700.0
EMP-0389,2025-12,4252900.0
EMP-0390,2025-01,4375600.0
EMP-0390,2025-02,4364300.0
EMP-0390,2025-03,4201800.0
EMP-0390,2025-04,4304000.0
EMP-0390,2025-05,4244400.0
EMP-0390,2025-06,4291600.0
EMP-0390,2025-07,4350300.0
EMP-0390,2025-08,4419500.0
EMP-0390,2025-09,4330900.0
EMP-0390,2025-10,4301600.0
EMP-0390,2025-11,4260800.0
EMP-0390,2025-12,4294300.0
EMP-0391,2025-01,4061700.0
EMP-0391,2025-02,4140400.0
EMP-0391,2025-03,4029300.0
EMP-0391,2025-04,4122600.0
EMP-0391,2025-05,4161100.0
EMP-0391,2025-06,4014500.0
EMP-0391,2025-07,4084700.0
EMP-0391,2025-08,4089500.0
EMP-0391,2025-09,3998600.0
EMP-0391,2025-10,3980600.0
EMP-0391,2025-11,4008200.0
EMP-0391,2025-12,4060900.0
EMP-0392,2025-01,4140400.0
EMP-0392,2025-02,4197000.0
EMP-0392,2025-03,4055100.0
EMP-0392,2025-04,4156000.0
EMP-0392,2025-05,4136400.0
EMP-0392,2025-06,4135300.0
EMP-0392,2025-07,4179700.0
EMP-0392,2025-08,4128800.0
EMP-0392,2025-09,4155500.0
EMP-0392,2025-10,4170100.0
EMP-0392,2025-11,4094600.0
EMP-0392,2025-12,4144300.0
EMP-0393,2025-01,4069400.0
EMP-0393,2025-02,4191400.0
EMP-0393,2025-03,4063700.0
EMP-0393,2025-04,4157500.0
EMP-0393,2025-05,4132300.0
EMP-0393,2025-06,4172300.0
EMP-0393,2025-07,4231200.0
EMP-0393,2025-08,4242900.0
EMP-0393,2025-09,4202300.0
EMP-0393,2025-10,4110800.0
EMP-0393,2025-11,4157100.0
EMP-0393,2025-12,4104000.0
EMP-0394,2025-01,4020100.0
EMP-0394,2025-02,3988600.0
EMP-0394,2025-03,4076200.0
EMP-0394,2025-04,4010800.0
EMP-0394,2025-05,4057400.0
EMP-0394,2025-06,4072300.0
EMP-0394,2025-07,4011800.0
EMP-0394,2025-08,3974300.0
EMP-0394,2025-09,4194700.0
EMP-0394,2025-10,4015400.0
EMP-0394,2025-11,4085300.0
EMP-0394,2025-12,4165200.0
EMP-0395,2025-01,4288500.0
EMP-0395,2025-02,4181000.0
EMP-0395,2025-03,4202100.0
EMP-0395,2025-04,4172700.0
EMP-0395,2025-05,4225400.0
EMP-0395,2025-06,4257700.0
EMP-0395,2025-07,4117800.0
EMP-0395,2025-08,4148300.0
EMP-0395,2025-09,4199100.0
EMP-0395,2025-10,4212200.0
EMP-0395,2025-11,4218300.0
EMP-0395,2025-12,4180600.0
EMP-0396,2025-01,4304600.0
EMP-0396,2025-02,4262700.0
EMP-0396,2025-03,4421300.0
EMP-0396,2025-04,4361100.0
EMP-0396,2025-05,4417700.0
EMP-0396,2025-06,4333200.0
EMP-0396,2025-07,4342900.0
EMP-0396,2025-08,4405000.0
EMP-0396,2025-09,4406300.0
EMP-0396,2025-10,4410500.0
EMP-0396,2025-11,4339100.0
EMP-0396,2025-12,4398600.0
EMP-0397,2025-01,4263900.0
EMP-0397,2025-02,4270800.0
EMP-0397,2025-03,4310500.0
EMP-0397,2025-04,4220000.0
EMP-0397,2025-05,4198900.0
EMP-0397,2025-06,4183100.0
EMP-0397,2025-07,4050600.0
EMP-0397,2025-08,4215600.0
EMP-0397,2025-09,4417300.0
EMP-0397,2025-10,4322200.0
EMP-0397,2025-11,4178200.0
EMP-0397,2025-12,4208600.0
EMP-0398,2025-01,4380000.0
EMP-0398,2025-02,4204300.0
EMP-0398,2025-03,4416600.0
EMP-0398,2025-04,4386600.0
EMP-0398,2025-05,4367300.0
EMP-0398,2025-06,4371600.0
EMP-0398,2025-07,4402600.0
EMP-0398,2025-08,4368400.0
EMP-0398,2025-09,4247400.0
EMP-0398,2025-10,4514200.0
EMP-0398,2025-11,4449000.0
EMP-0398,2025-12,4286000.0
EMP-0399,2025-01,4092200.0
EMP-0399,2025-02,4043800.0
EMP-0399,2025-03,4029900.0
EMP-0399,2025-04,4168900.0
EMP-0399,2025-05,4083300.0
EMP-0399,2025-06,4132400.0
EMP-0399,2025-07,4239300.0
EMP-0399,2025-08,4164300.0
EMP-0399,2025-09,4109300.0
EMP-0399,2025-10,4068000.0
EMP-0399,2025-11,4168000.0
EMP-0399,2025-12,4133000.0
EMP-0400,2025-01,4072600.0
EMP-0400,2025-02,4234900.0
EMP-0400,2025-03,4229600.0
EMP-0400,2025-04,4214000.0
EMP-0400,2025-05,4200600.0
EMP-0400,2025-06,4048000.0
EMP-0400,2025-07,4182300.0
EMP-0400,2025-08,4323100.0
EMP-0400,2025-09,4210900.0
EMP-0400,2025-10,4190600.0
EMP-0400,2025-11,4211100.0
EMP-0400,2025-12,4232500.0
EMP-0401,2025-01,4119700.0
EMP-0401,2025-02,4117100.0
EMP-0401,2025-03,4249800.0
EMP-0401,2025-04,4203500.0
EMP-0401,2025-05,4233800.0
EMP-0401,2025-06,4142100.0
EMP-0401,2025-07,4231200.0
EMP-0401,2025-08,4067900.0
EMP-0401,2025-09,4098600.0
EMP-0401,2025-10,4085000.0
EMP-0401,2025-11,4090200.0
EMP-0401,2025-12,4123400.0
EMP-0402,2025-01,4390400.0
EMP-0402,2025-02,4548800.0
EMP-0402,2025-03,4345600.0
EMP-0402,2025-04,4566800.0
EMP-0402,2025-05,4504400.0
EMP-0402,2025-06,4431700.0
EMP-0402,2025-07,4410900.0
EMP-0402,2025-08,4404000.0
EMP-0402,2025-09,4428700.0
EMP-0402,2025-10,4434500.0
EMP-0402,2025-11,4521300.0
EMP-0402,2025-12,4568800.0
EMP-0403,2025-01,4049400.0
EMP-0403,2025-02,4155400.0
EMP-0403,2025-03,4074500.0
EMP-0403,2025-04,4063100.0
EMP-0403,2025-05,4100500.0
EMP-0403,2025-06,3961600.0
EMP-0403,2025-07,4158800.0
EMP-0403,2025-08,4132600.0
EMP-0403,2025-09,4035900.0
EMP-0403,2025-10,4015200.0
EMP-0403,2025-11,4022600.0
EMP-0403,2025-12,3998100.0
EMP-0404,2025-01,4414800.0
EMP-0404,2025-02,4579600.0
EMP-0404,2025-03,4451700.0
EMP-0404,2025-04,4305000.0
EMP-0404,2025-05,4549800.0
EMP-0404,2025-06,4448100.0
EMP-0404,2025-07,4344700.0
EMP-0404,2025-08,4447400.0
EMP-0404,2025-09,4503600.0
EMP-0404,2025-10,4495700.0
EMP-0404,2025-11,4589200.0
EMP-0404,2025-12,4411500.0
EMP-0405,2025-01,4031300.0
EMP-0405,2025-02,4070600.0
EMP-0405,2025-03,4073300.0
EMP-0405,2025-04,4046900.0
EMP-0405,2025-05,4133300.0
EMP-0405,2025-06,4015500.0
EMP-0405,2025-07,4075300.0
EMP-0405,2025-08,4177100.0
EMP-0405,2025-09,4087200.0
EMP-0405,2025-10,4019600.0
EMP-0405,2025-11,4089400.0
EMP-0405,2025-12,4216600.0
EMP-0406,2025-01,4455500.0
EMP-0406,2025-02,4438300.0
EMP-0406,2025-03,4369200.0
EMP-0406,2025-04,4439100.0
EMP-0406,2025-05,4348700.0
EMP-0406,2025-06,4429200.0
EMP-0406,2025-07,4546400.0
EMP-0406,2025-08,4492300.0
EMP-0406,2025-09,4376100.0
EMP-0406,2025-10,4432700.0
EMP-0406,2025-11,4382000.0
EMP-0406,2025-12,4433300.0
EMP-0407,2025-01,4340600.0
EMP-0407,2025-02,4257000.0
EMP-0407,2025-03,4384200.0
EMP-0407,2025-04,4341600.0
EMP-0407,2025-05,4268400.0
EMP-0407,2025-06,4356900.0
EMP-0407,2025-07,4459300.0
EMP-0407,2025-08,4281800.0
EMP-0407,2025-09,4382800.0
EMP-0407,2025-10,4360700.0
EMP-0407,2025-11,4359700.0
EMP-0407,2025-12,4392000.0
EMP-0408,2025-01,4260400.0
EMP-0408,2025-02,4371900.0
EMP-0408,2025-03,4345100.0
EMP-0408,2025-04,4428700.0
EMP-0408,2025-05,4423400.0
EMP-0408,2025-06,4442200.0
EMP-0408,2025-07,4283000.0
EMP-0408,2025-08,4304800.0
EMP-0408,2025-09,4428800.0
EMP-0408,2025-10,4317400.0
EMP-0408,2025-11,4256600.0
EMP-0408,2025-12,4390800.0
EMP-0409,2025-01,3358700.0
EMP-0409,2025-02,3337800.0
EMP-0409,2025-03,3435800.0
EMP-0409,2025-04,3330300.0
EMP-0409,2025-05,3357200.0
EMP-0409,2025-06,3360800.0
EMP-0409,2025-07,3293900.0
EMP-0409,2025-08,3342600.0
EMP-0409,2025-09,3343400.0
EMP-0409,2025-10,3421500.0
EMP-0409,2025-11,3362100.0
EMP-0409,2025-12,3333200.0
EMP-0410,2025-01,3095100.0
EMP-0410,2025-02,3174700.0
EMP-0410,2025-03,3210500.0
EMP-0410,2025-04,3197700.0
EMP-0410,2025-05,3147100.0
EMP-0410,2025-06,3212900.0
EMP-0410,2025-07,3139100.0
EMP-0410,2025-08,3180300.0
EMP-0410,2025-09,3212500.0
EMP-0410,2025-10,3203500.0
EMP-0410,2025-11,3149200.0
EMP-0410,2025-12,3238500.0
EMP-0411,2025-01,3417000.0
EMP-0411,2025-02,3355300.0
EMP-0411,2025-03,3346300.0
EMP-0411,2025-04,3406000.0
EMP-0411,2025-05,3326600.0
EMP-0411,2025-06,3362200.0
EMP-0411,2025-07,3319300.0
EMP-0411,2025-08,3352600.0
EMP-0411,2025-09,3368500.0
EMP-0411,2025-10,3363400.0
EMP-0411,2025-11,3235700.0
EMP-0411,2025-12,3290300.0
EMP-0412,2025-01,3363400.0
EMP-0412,2025-02,3280000.0
EMP-0412,2025-03,3303500.0
EMP-0412,2025-04,3319000.0
EMP-0412,2025-05,3320500.0
EMP-0412,2025-06,3221800.0
EMP-0412,2025-07,3332100.0
EMP-0412,2025-08,3306300.0
EMP-0412,2025-09,3260000.0
EMP-0412,2025-10,3254400.0
EMP-0412,2025-11,3274900.0
EMP-0412,2025-12,3227300.0
EMP-0413,2025-01,3201100.0
EMP-0413,2025-02,3316500.0
EMP-0413,2025-03,3218100.0
EMP-0413,2025-04,3179600.0
EMP-0413,2025-05,3328000.0
EMP-0413,2025-06,3340100.0
EMP-0413,2025-07,3213800.0
EMP-0413,2025-08,3189800.0
EMP-0413,2025-09,3218200.0
EMP-0413,2025-10,3243700.0
EMP-0413,2025-11,3372200.0
EMP-0413,2025-12,3257000.0
EMP-0414,2025-01,3298900.0
EMP-0414,2025-02,3391500.0
EMP-0414,2025-03,3400000.0
EMP-0414,2025-04,3322000.0
EMP-0414,2025-05,3305100.0
EMP-0414,2025-06,3440400.0
EMP-0414,2025-07,3363600.0
EMP-0414,2025-08,3340400.0
EMP-0414,2025-09,3395700.0
EMP-0414,2025-10,3342700.0
EMP-0414,2025-11,3302400.0
EMP-0414,2025-12,3331600.0
EMP-0415,2025-01,3274400.0
EMP-0415,2025-02,3222800.0
EMP-0415,2025-03,3234200.0
EMP-0415,2025-04,3204700.0
EMP-0415,2025-05,3252800.0
EMP-0415,2025-06,3166600.0
EMP-0415,2025-07,3186200.0
EMP-0415,2025-08,3080800.0
EMP-0415,2025-09,3178000.0
EMP-0415,2025-10,3253000.0
EMP-0415,2025-11,3210500.0
EMP-0415,2025-12,3163800.0
EMP-0416,2025-01,3264500.0
EMP-0416,2025-02,3228600.0
EMP-0416,2025-03,3264100.0
EMP-0416,2025-04,3270300.0
EMP-0416,2025-05,3197600.0
EMP-0416,2025-06,3262300.0
EMP-0416,2025-07,3323000.0
EMP-0416,2025-08,3170400.0
EMP-0416,2025-09,3298800.0
EMP-0416,2025-10,3325500.0
EMP-0416,2025-11,3231000.0
EMP-0416,2025-12,3341200.0
EMP-0417,2025-01,3313600.0
EMP-0417,2025-02,3313000.0
EMP-0417,2025-03,3313700.0
EMP-0417,2025-04,3244800.0
EMP-0417,2025-05,3331100.0
EMP-0417,2025-06,3362400.0
EMP-0417,2025-07,3289000.0
EMP-0417,2025-08,3277400.0
EMP-0417,2025-09,3316200.0
EMP-0417,2025-10,3362100.0
EMP-0417,2025-11,3269300.0
EMP-0417,2025-12,3439400.0
EMP-0418,2025-01,3243700.0
EMP-0418,2025-02,3158700.0
EMP-0418,2025-03,3162300.0
EMP-0418,2025-04,3255300.0
EMP-0418,2025-05,3231800.0
EMP-0418,2025-06,3227700.0
EMP-0418,2025-07,3247100.0
EMP-0418,2025-08,3189000.0
EMP-0418,2025-09,3191300.0
EMP-0418,2025-10,3248500.0
EMP-0418,2025-11,3144800.0
EMP-0418,2025-12,3106300.0
EMP-0419,2025-01,3399900.0
EMP-0419,2025-02,3346600.0
EMP-0419,2025-03,3389500.0
EMP-0419,2025-04,3479500.0
EMP-0419,2025-05,3304500.0
EMP-0419,2025-06,3322900.0
EMP-0419,2025-07,3316700.0
EMP-0419,2025-08,3468300.0
EMP-0419,2025-09,3361200.0
EMP-0419,2025-10,3406900.0
EMP-0419,2025-11,3228800.0
EMP-0419,2025-12,3381000.0
EMP-0420,2025-01,3261900.0
EMP-0420,2025-02,3316600.0
EMP-0420,2025-03,3356900.0
EMP-0420,2025-04,3395000.0
EMP-0420,2025-05,3429300.0
EMP-0420,2025-06,3414300.0
EMP-0420,2025-07,3294600.0
EMP-0420,2025-08,3399700.0
EMP-0420,2025-09,3362600.0
EMP-0420,2025-10,3310200.0
EMP-0420,2025-11,3332400.0
EMP-0420,2025-12,3307400.0
EMP-0421,2025-01,3206900.0
EMP-0421,2025-02,3121500.0
EMP-0421,2025-03,3087000.0
EMP-0421,2025-04,3055700.0
EMP-0421,2025-05,3102400.0
EMP-0421,2025-06,3141800.0
EMP-0421,2025-07,3113400.0
EMP-0421,2025-08,3104500.0
EMP-0421,2025-09,3126900.0
EMP-0421,2025-10,3125400.0
EMP-0421,2025-11,3139900.0
EMP-0421,2025-12,3141100.0
EMP-0422,2025-01,2995300.0
EMP-0422,2025-02,3113800.0
EMP-0422,2025-03,3027700.0
EMP-0422,2025-04,3056000.0
EMP-0422,2025-05,3050700.0
EMP-0422,2025-06,3064400.0
EMP-0422,2025-07,3087400.0
EMP-0422,2025-08,3090300.0
EMP-0422,2025-09,3144100.0
EMP-0422,2025-10,3123400.0
EMP-0422,2025-11,3024300.0
EMP-0422,2025-12,3116900.0
EMP-0423,2025-01,3076100.0
EMP-0423,2025-02,3093400.0
EMP-0423,2025-03,3202700.0
EMP-0423,2025-04,3162000.0
EMP-0423,2025-05,3239400.0
EMP-0423,2025-06,3103600.0
EMP-0423,2025-07,3209300.0
EMP-0423,2025-08,3104000.0
EMP-0423,2025-09,3114700.0
EMP-0423,2025-10,3266400.0
EMP-0423,2025-11,3099000.0
EMP-0423,2025-12,3213000.0
EMP-0424,2025-01,3272800.0
EMP-0424,2025-02,3053900.0
EMP-0424,2025-03,3105400.0
EMP-0424,2025-04,3061200.0
EMP-0424,2025-05,3133400.0
EMP-0424,2025-06,3071100.0
EMP-0424,2025-07,3122400.0
EMP-0424,2025-08,3036000.0
EMP-0424,2025-09,3156500.0
EMP-0424,2025-10,3184900.0
EMP-0424,2025-11,3109500.0
EMP-0424,2025-12,3121200.0
EMP-0425,2025-01,3261200.0
EMP-0425,2025-02,3353500.0
EMP-0425,2025-03,3396000.0
EMP-0425,2025-04,3385900.0
EMP-0425,2025-05,3304800.0
EMP-0425,2025-06,3279900.0
EMP-0425,2025-07,3407200.0
EMP-0425,2025-08,3361500.0
EMP-0425,2025-09,3313600.0
EMP-0425,2025-10,3409100.0
EMP-0425,2025-11,3339300.0
EMP-0425,2025-12,3334600.0
EMP-0426,2025-01,3205200.0
EMP-0426,2025-02,3116000.0
EMP-0426,2025-03,3159500.0
EMP-0426,2025-04,3129100.0
EMP-0426,2025-05,3102900.0
EMP-0426,2025-06,3213600.0
EMP-0426,2025-07,3147400.0
EMP-0426,2025-08,3181100.0
EMP-0426,2025-09,3100400.0
EMP-0426,2025-10,3136900.0
EMP-0426,2025-11,3208200.0
EMP-0426,2025-12,3295300.0
EMP-0427,2025-01,3203600.0
EMP-0427,2025-02,3222700.0
EMP-0427,2025-03,3269300.0
EMP-0427,2025-04,3259700.0
EMP-0427,2025-05,3285900.0
EMP-0427,2025-06,3288500.0
EMP-0427,2025-07,3172700.0
EMP-0427,2025-08,3304600.0
EMP-0427,2025-09,3267700.0
EMP-0427,2025-10,3261300.0
EMP-0427,2025-11,3263400.0
EMP-0427,2025-12,3134300.0
EMP-0428,2025-01,3039300.0
EMP-0428,2025-02,3073700.0
EMP-0428,2025-03,3142600.0
EMP-0428,2025-04,3078300.0
EMP-0428,2025-05,3099200.0
EMP-0428,2025-06,3147800.0
EMP-0428,2025-07,3097500.0
EMP-0428,2025-08,3163300.0
EMP-0428,2025-09,3134800.0
EMP-0428,2025-10,3145100.0
EMP-0428,2025-11,3182900.0
EMP-0428,2025-12,3139700.0
EMP-0429,2025-01,3372500.0
EMP-0429,2025-02,3342500.0
EMP-0429,2025-03,3333400.0
EMP-0429,2025-04,3382800.0
EMP-0429,2025-05,3323200.0
EMP-0429,2025-06,3353800.0
EMP-0429,2025-07,3396100.0
EMP-0429,2025-08,3388800.0
EMP-0429,2025-09,3308000.0
EMP-0429,2025-10,3381600.0
EMP-0429,2025-11,3469100.0
EMP-0429,2025-12,3400600.0
EMP-0430,2025-01,3299200.0
EMP-0430,2025-02,3341700.0
EMP-0430,2025-03,3354400.0
EMP-0430,2025-04,3385800.0
EMP-0430,2025-05,3382800.0
EMP-0430,2025-06,3359300.0
EMP-0430,2025-07,3356800.0
EMP-0430,2025-08,3387000.0
EMP-0430,2025-09,3307600.0
EMP-0430,2025-10,3436000.0
EMP-0430,2025-11,3247900.0
EMP-0430,2025-12,3423900.0
EMP-0431,2025-01,3441800.0
EMP-0431,2025-02,3371600.0
EMP-0431,2025-03,3392500.0
EMP-0431,2025-04,3393400.0
EMP-0431,2025-05,3411300.0
EMP-0431,2025-06,3397800.0
EMP-0431,2025-07,3329600.0
EMP-0431,2025-08,3361800.0
EMP-0431,2025-09,3374800.0
EMP-0431,2025-10,3437500.0
EMP-0431,2025-11,3399700.0
EMP-0431,2025-12,3341900.0
EMP-0432,2025-01,3340400.0
EMP-0432,2025-02,3297900.0
EMP-0432,2025-03,3362100.0
EMP-0432,2025-04,3284200.0
EMP-0432,2025-05,3404700.0
EMP-0432,2025-06,3313300.0
EMP-0432,2025-07,3240900.0
EMP-0432,2025-08,3258100.0
EMP-0432,2025-09,3319700.0
EMP-0432,2025-10,3324500.0
EMP-0432,2025-11,3415500.0
EMP-0432,2025-12,3265800.0
EMP-0433,2025-01,3142600.0
EMP-0433,2025-02,3126900.0
EMP-0433,2025-03,3163100.0
EMP-0433,2025-04,3082800.0
EMP-0433,2025-05,3217100.0
EMP-0433,2025-06,3087800.0
EMP-0433,2025-07,3119700.0
EMP-0433,2025-08,3059000.0
EMP-0433,2025-09,3175500.0
EMP-0433,2025-10,3215000.0
EMP-0433,2025-11,3220600.0
EMP-0433,2025-12,3179600.0
EMP-0434,2025-01,3230300.0
EMP-0434,2025-02,3269200.0
EMP-0434,2025-03,3319500.0
EMP-0434,2025-04,3227400.0
EMP-0434,2025-05,3182400.0
EMP-0434,2025-06,3171200.0
EMP-0434,2025-07,3350200.0
EMP-0434,2025-08,3223900.0
EMP-0434,2025-09,3240700.0
EMP-0434,2025-10,3195500.0
EMP-0434,2025-11,3296000.0
EMP-0434,2025-12,3211600.0
EMP-0435,2025-01,3132200.0
EMP-0435,2025-02,3140000.0
EMP-0435,2025-03,3114300.0
EMP-0435,2025-04,3077000.0
EMP-0435,2025-05,3163400.0
EMP-0435,2025-06,3038600.0
EMP-0435,2025-07,3157800.0
EMP-0435,2025-08,3174800.0
EMP-0435,2025-09,3230600.0
EMP-0435,2025-10,3085900.0
EMP-0435,2025-11,3095000.0
EMP-0435,2025-12,3123700.0
EMP-0436,2025-01,3441400.0
EMP-0436,2025-02,3383800.0
EMP-0436,2025-03,3400200.0
EMP-0436,2025-04,3402100.0
EMP-0436,2025-05,3270000.0
EMP-0436,2025-06,3304700.0
EMP-0436,2025-07,3354700.0
EMP-0436,2025-08,3356900.0
EMP-0436,2025-09,3324500.0
EMP-0436,2025-10,3423500.0
EMP-0436,2025-11,3385500.0
EMP-0436,2025-12,3374500.0
EMP-0437,2025-01,3244100.0
EMP-0437,2025-02,3183900.0
EMP-0437,2025-03,3289900.0
EMP-0437,2025-04,3235000.0
EMP-0437,2025-05,3194700.0
EMP-0437,2025-06,3263100.0
EMP-0437,2025-07,3247600.0
EMP-0437,2025-08,3215300.0
EMP-0437,2025-09,3207700.0
EMP-0437,2025-10,3195200.0
EMP-0437,2025-11,3280900.0
EMP-0437,2025-12,3184400.0
EMP-0438,2025-01,3268900.0
EMP-0438,2025-02,3226400.0
EMP-0438,2025-03,3275600.0
EMP-0438,2025-04,3312400.0
EMP-0438,2025-05,3296800.0
EMP-0438,2025-06,3400800.0
EMP-0438,2025-07,3231300.0
EMP-0438,2025-08,3278700.0
EMP-0438,2025-09,3342300.0
EMP-0438,2025-10,3339200.0
EMP-0438,2025-11,3170800.0
EMP-0438,2025-12,3266200.0
EMP-0439,2025-01,3240000.0
EMP-0439,2025-02,3260000.0
EMP-0439,2025-03,3252400.0
EMP-0439,2025-04,3256000.0
EMP-0439,2025-05,3273300.0
EMP-0439,2025-06,3284200.0
EMP-0439,2025-07,3272000.0
EMP-0439,2025-08,3305800.0
EMP-0439,2025-09,3186200.0
EMP-0439,2025-10,3247000.0
EMP-0439,2025-11,3280500.0
EMP-0439,2025-12,3271800.0
EMP-0440,2025-01,3188800.0
EMP-0440,2025-02,3120300.0
EMP-0440,2025-03,3133900.0
EMP-0440,2025-04,3084600.0
EMP-0440,2025-05,3212300.0
EMP-0440,2025-06,3146800.0
EMP-0440,2025-07,3185100.0
EMP-0440,2025-08,3230500.0
EMP-0440,2025-09,3173400.0
EMP-0440,2025-10,3157600.0
EMP-0440,2025-11,3172200.0
EMP-0440,2025-12,3166000.0
EMP-0441,2025-01,3297600.0
EMP-0441,2025-02,3298200.0
EMP-0441,2025-03,3287000.0
EMP-0441,2025-04,3270800.0
EMP-0441,2025-05,3271100.0
EMP-0441,2025-06,3286300.0
EMP-0441,2025-07,3315600.0
EMP-0441,2025-08,3371500.0
EMP-0441,2025-09,3301000.0
EMP-0441,2025-10,3293600.0
EMP-0441,2025-11,3334700.0
EMP-0441,2025-12,3294500.0
EMP-0442,2025-01,3170000.0
EMP-0442,2025-02,3117500.0
EMP-0442,2025-03,3140300.0
EMP-0442,2025-04,3215100.0
EMP-0442,2025-05,3142800.0
EMP-0442,2025-06,3265000.0
EMP-0442,2025-07,3244900.0
EMP-0442,2025-08,3251800.0
EMP-0442,2025-09,3194000.0
EMP-0442,2025-10,3200300.0
EMP-0442,2025-11,3130900.0
EMP-0442,2025-12,3235600.0
EMP-0443,2025-01,3521300.0
EMP-0443,2025-02,3629000.0
EMP-0443,2025-03,3584000.0
EMP-0443,2025-04,3568000.0
EMP-0443,2025-05,3503800.0
EMP-0443,2025-06,3451300.0
EMP-0443,2025-07,3530900.0
EMP-0443,2025-08,3522400.0
EMP-0443,2025-09,3530000.0
EMP-0443,2025-10,3591800.0
EMP-0443,2025-11,3627700.0
EMP-0443,2025-12,3605500.0
EMP-0444,2025-01,3486400.0
EMP-0444,2025-02,3467600.0
EMP-0444,2025-03,3406700.0
EMP-0444,2025-04,3474400.0
EMP-0444,2025-05,3571600.0
EMP-0444,2025-06,3513400.0
EMP-0444,2025-07,3577700.0
EMP-0444,2025-08,3483700.0
EMP-0444,2025-09,3553700.0
EMP-0444,2025-10,3478500.0
EMP-0444,2025-11,3465500.0
EMP-0444,2025-12,3510700.0
EMP-0445,2025-01,3416200.0
EMP-0445,2025-02,3313500.0
EMP-0445,2025-03,3353100.0
EMP-0445,2025-04,3313900.0
EMP-0445,2025-05,3388800.0
EMP-0445,2025-06,3407500.0
EMP-0445,2025-07,3308600.0
EMP-0445,2025-08,3369800.0
EMP-0445,2025-09,3374500.0
EMP-0445,2025-10,3348800.0
EMP-0445,2025-11,3418900.0
EMP-0445,2025-12,3418600.0
EMP-0446,2025-01,3566000.0
EMP-0446,2025-02,3446700.0
EMP-0446,2025-03,3483700.0
EMP-0446,2025-04,3523400.0
EMP-0446,2025-05,3561800.0
EMP-0446,2025-06,3493200.0
EMP-0446,2025-07,3496500.0
EMP-0446,2025-08,3536900.0
EMP-0446,2025-09,3441700.0
EMP-0446,2025-10,3585300.0
EMP-0446,2025-11,3454700.0
EMP-0446,2025-12,3400100.0
EMP-0447,2025-01,3574800.0
EMP-0447,2025-02,3503500.0
EMP-0447,2025-03,3451900.0
EMP-0447,2025-04,3608300.0
EMP-0447,2025-05,3572400.0
EMP-0447,2025-06,3493700.0
EMP-0447,2025-07,3555500.0
EMP-0447,2025-08,3509600.0
EMP-0447,2025-09,3526100.0
EMP-0447,2025-10,3595700.0
EMP-0447,2025-11,3423300.0
EMP-0447,2025-12,3484300.0
EMP-0448,2025-01,3694400.0
EMP-0448,2025-02,3613900.0
EMP-0448,2025-03,3534900.0
EMP-0448,2025-04,3522600.0
EMP-0448,2025-05,3653000.0
EMP-0448,2025-06,3529800.0
EMP-0448,2025-07,3685300.0
EMP-0448,2025-08,3437400.0
EMP-0448,2025-09,3662100.0
EMP-0448,2025-10,3611800.0
EMP-0448,2025-11,3592000.0
EMP-0448,2025-12,3576200.0
EMP-0449,2025-01,3378700.0
EMP-0449,2025-02,3503300.0
EMP-0449,2025-03,3368000.0
EMP-0449,2025-04,3416800.0
EMP-0449,2025-05,3441500.0
EMP-0449,2025-06,3462900.0
EMP-0449,2025-07,3441400.0
EMP-0449,2025-08,3450700.0
EMP-0449,2025-09,3443700.0
EMP-0449,2025-10,3363100.0
EMP-0449,2025-11,3471300.0
EMP-0449,2025-12,3483500.0
EMP-0450,2025-01,3504700.0
EMP-0450,2025-02,3420100.0
EMP-0450,2025-03,3476700.0
EMP-0450,2025-04,3460800.0
EMP-0450,2025-05,3388500.0
EMP-0450,2025-06,3478200.0
EMP-0450,2025-07,3553900.0
EMP-0450,2025-08,3459200.0
EMP-0450,2025-09,3374900.0
EMP-0450,2025-10,3459100.0
EMP-0450,2025-11,3394600.0
EMP-0450,2025-12,3502400.0
EMP-0451,2025-01,3484400.0
EMP-0451,2025-02,3374600.0
EMP-0451,2025-03,3432000.0
EMP-0451,2025-04,3315500.0
EMP-0451,2025-05,3361800.0
EMP-0451,2025-06,3398800.0
EMP-0451,2025-07,3445300.0
EMP-0451,2025-08,3340500.0
EMP-0451,2025-09,3350600.0
EMP-0451,2025-10,3330900.0
EMP-0451,2025-11,3364800.0
EMP-0451,2025-12,3319400.0
EMP-0452,2025-01,3398900.0
EMP-0452,2025-02,3535600.0
EMP-0452,2025-03,3435500.0
EMP-0452,2025-04,3401400.0
EMP-0452,2025-05,3498100.0
EMP-0452,2025-06,3440600.0
EMP-0452,2025-07,3419800.0
EMP-0452,2025-08,3447700.0
EMP-0452,2025-09,3403800.0
EMP-0452,2025-10,3385300.0
EMP-0452,2025-11,3431900.0
EMP-0452,2025-12,3385700.0
EMP-0453,2025-01,3677000.0
EMP-0453,2025-02,3591200.0
EMP-0453,2025-03,3632000.0
EMP-0453,2025-04,3609900.0
EMP-0453,2025-05,3623000.0
EMP-0453,2025-06,3543800.0
EMP-0453,2025-07,3596500.0
EMP-0453,2025-08,3582100.0
EMP-0453,2025-09,3547100.0
EMP-0453,2025-10,3635400.0
EMP-0453,2025-11,3477200.0
EMP-0453,2025-12,3658100.0
EMP-0454,2025-01,3348100.0
EMP-0454,2025-02,3371600.0
EMP-0454,2025-03,3472800.0
EMP-0454,2025-04,3451800.0
EMP-0454,2025-05,3388200.0
EMP-0454,2025-06,3453900.0
EMP-0454,2025-07,3462100.0
EMP-0454,2025-08,3408300.0
EMP-0454,2025-09,3345600.0
EMP-0454,2025-10,3405900.0
EMP-0454,2025-11,3411600.0
EMP-0454,2025-12,3353400.0
EMP-0455,2025-01,3528400.0
EMP-0455,2025-02,3538000.0
EMP-0455,2025-03,3501200.0
EMP-0455,2025-04,3545700.0
EMP-0455,2025-05,3561900.0
EMP-0455,2025-06,3557400.0
EMP-0455,2025-07,3563300.0
EMP-0455,2025-08,3400200.0
EMP-0455,2025-09,3448100.0
EMP-0455,2025-10,3482700.0
EMP-0455,2025-11,3467900.0
EMP-0455,2025-12,3471900.0
EMP-0456,2025-01,3394600.0
EMP-0456,2025-02,3392900.0
EMP-0456,2025-03,3425300.0
EMP-0456,2025-04,3395200.0
EMP-0456,2025-05,3519200.0
EMP-0456,2025-06,3529300.0
EMP-0456,2025-07,3332500.0
EMP-0456,2025-08,3464800.0
EMP-0456,2025-09,3481000.0
EMP-0456,2025-10,3464700.0
EMP-0456,2025-11,3402800.0
EMP-0456,2025-12,3424100.0
EMP-0457,2025-01,3345300.0
EMP-0457,2025-02,3294000.0
EMP-0457,2025-03,3343800.0
EMP-0457,2025-04,3289700.0
EMP-0457,2025-05,3386700.0
EMP-0457,2025-06,3307900.0
EMP-0457,2025-07,3352900.0
EMP-0457,2025-08,3328000.0
EMP-0457,2025-09,3369500.0
EMP-0457,2025-10,3391700.0
EMP-0457,2025-11,3364700.0
EMP-0457,2025-12,3315200.0
EMP-0458,2025-01,3327000.0
EMP-0458,2025-02,3414900.0
EMP-0458,2025-03,3442500.0
EMP-0458,2025-04,3482100.0
EMP-0458,2025-05,3372600.0
EMP-0458,2025-06,3407200.0
EMP-0458,2025-07,3464900.0
EMP-0458,2025-08,3462600.0
EMP-0458,2025-09,3477800.0
EMP-0458,2025-10,3481200.0
EMP-0458,2025-11,3475700.0
EMP-0458,2025-12,3468200.0
EMP-0459,2025-01,3540100.0
EMP-0459,2025-02,3552100.0
EMP-0459,2025-03,3552600.0
EMP-0459,2025-04,3537000.0
EMP-0459,2025-05,3464800.0
EMP-0459,2025-06,3436500.0
EMP-0459,2025-07,3591700.0
EMP-0459,2025-08,3541600.0
EMP-0459,2025-09,3602400.0
EMP-0459,2025-10,3531100.0
EMP-0459,2025-11,3551200.0
EMP-0459,2025-12,3600800.0
EMP-0460,2025-01,3442300.0
EMP-0460,2025-02,3452600.0
EMP-0460,2025-03,3366300.0
EMP-0460,2025-04,3386500.0
EMP-0460,2025-05,3370400.0
EMP-0460,2025-06,3381800.0
EMP-0460,2025-07,3349200.0
EMP-0460,2025-08,3356500.0
EMP-0460,2025-09,3424000.0
EMP-0460,2025-10,3408600.0
EMP-0460,2025-11,3426900.0
EMP-0460,2025-12,3412800.0
EMP-0461,2025-01,3485600.0
EMP-0461,2025-02,3600900.0
EMP-0461,2025-03,3564600.0
EMP-0461,2025-04,3493200.0
EMP-0461,2025-05,3511600.0
EMP-0461,2025-06,3564400.0
EMP-0461,2025-07,3521400.0
EMP-0461,2025-08,3591100.0
EMP-0461,2025-09,3547000.0
EMP-0461,2025-10,3530500.0
EMP-0461,2025-11,3530100.0
EMP-0461,2025-12,3683300.0
EMP-0462,2025-01,3397600.0
EMP-0462,2025-02,3316100.0
EMP-0462,2025-03,3286800.0
EMP-0462,2025-04,3339100.0
EMP-0462,2025-05,3345400.0
EMP-0462,2025-06,3302800.0
EMP-0462,2025-07,3453700.0
EMP-0462,2025-08,3324400.0
EMP-0462,2025-09,3290500.0
EMP-0462,2025-10,3343700.0
EMP-0462,2025-11,3394000.0
EMP-0462,2025-12,3349300.0
EMP-0463,2025-01,3344300.0
EMP-0463,2025-02,3385900.0
EMP-0463,2025-03,3271900.0
EMP-0463,2025-04,3326000.0
EMP-0463,2025-05,3311300.0
EMP-0463,2025-06,3331900.0
EMP-0463,2025-07,3280800.0
EMP-0463,2025-08,3334700.0
EMP-0463,2025-09,3345100.0
EMP-0463,2025-10,3338900.0
EMP-0463,2025-11,3223100.0
EMP-0463,2025-12,3232500.0
EMP-0464,2025-01,3487000.0
EMP-0464,2025-02,3451500.0
EMP-0464,2025-03,3437600.0
EMP-0464,2025-04,3488800.0
EMP-0464,2025-05,3533400.0
EMP-0464,2025-06,3497500.0
EMP-0464,2025-07,3457300.0
EMP-0464,2025-08,3500800.0
EMP-0464,2025-09,3455200.0
EMP-0464,2025-10,3495400.0
EMP-0464,2025-11,3546700.0
EMP-0464,2025-12,3365700.0
EMP-0465,2025-01,3408700.0
EMP-0465,2025-02,3557400.0
EMP-0465,2025-03,3527700.0
EMP-0465,2025-04,3555700.0
EMP-0465,2025-05,3463900.0
EMP-0465,2025-06,3471200.0
EMP-0465,2025-07,3450600.0
EMP-0465,2025-08,3604100.0
EMP-0465,2025-09,3466900.0
EMP-0465,2025-10,3443100.0
EMP-0465,2025-11,3459300.0
EMP-0465,2025-12,3476100.0
EMP-0466,2025-01,3458000.0
EMP-0466,2025-02,3512800.0
EMP-0466,2025-03,3428400.0
EMP-0466,2025-04,3442800.0
EMP-0466,2025-05,3540100.0
EMP-0466,2025-06,3374800.0
EMP-0466,2025-07,3497400.0
EMP-0466,2025-08,3491200.0
EMP-0466,2025-09,3480100.0
EMP-0466,2025-10,3502600.0
EMP-0466,2025-11,3450500.0
EMP-0466,2025-12,3406000.0
EMP-0467,2025-01,3505100.0
EMP-0467,2025-02,3600500.0
EMP-0467,2025-03,3524800.0
EMP-0467,2025-04,3566200.0
EMP-0467,2025-05,3507400.0
EMP-0467,2025-06,3477400.0
EMP-0467,2025-07,3547700.0
EMP-0467,2025-08,3535400.0
EMP-0467,2025-09,3515000.0
EMP-0467,2025-10,3452500.0
EMP-0467,2025-11,3549900.0
EMP-0467,2025-12,3455300.0
EMP-0468,2025-01,3273800.0
EMP-0468,2025-02,3382700.0
EMP-0468,2025-03,3347300.0
EMP-0468,2025-04,3292200.0
EMP-0468,2025-05,3365800.0
EMP-0468,2025-06,3301700.0
EMP-0468,2025-07,3368700.0
EMP-0468,2025-08,3317500.0
EMP-0468,2025-09,3245200.0
EMP-0468,2025-10,3282100.0
EMP-0468,2025-11,3309700.0
EMP-0468,2025-12,3399600.0
EMP-0469,2025-01,3500000.0
EMP-0469,2025-02,3486800.0
EMP-0469,2025-03,3477200.0
EMP-0469,2025-04,3518800.0
EMP-0469,2025-05,3524400.0
EMP-0469,2025-06,3511100.0
EMP-0469,2025-07,3427500.0
EMP-0469,2025-08,3421900.0
EMP-0469,2025-09,3418800.0
EMP-0469,2025-10,3470400.0
EMP-0469,2025-11,3593600.0
EMP-0469,2025-12,3480600.0
EMP-0470,2025-01,3393000.0
EMP-0470,2025-02,3429100.0
EMP-0470,2025-03,3465600.0
EMP-0470,2025-04,3433500.0
EMP-0470,2025-05,3434100.0
EMP-0470,2025-06,3400500.0
EMP-0470,2025-07,3407200.0
EMP-0470,2025-08,3369900.0
EMP-0470,2025-09,3462500.0
EMP-0470,2025-10,3329800.0
EMP-0470,2025-11,3468900.0
EMP-0470,2025-12,3347100.0
EMP-0471,2025-01,3392700.0
EMP-0471,2025-02,3423200.0
EMP-0471,2025-03,3341900.0
EMP-0471,2025-04,3317800.0
EMP-0471,2025-05,3357000.0
EMP-0471,2025-06,3428500.0
EMP-0471,2025-07,3481700.0
EMP-0471,2025-08,3400400.0
EMP-0471,2025-09,3308000.0
EMP-0471,2025-10,3325400.0
EMP-0471,2025-11,3299300.0
EMP-0471,2025-12,3368100.0
EMP-0472,2025-01,3337900.0
EMP-0472,2025-02,3327600.0
EMP-0472,2025-03,3355200.0
EMP-0472,2025-04,3342700.0
EMP-0472,2025-05,3414400.0
EMP-0472,2025-06,3367500.0
EMP-0472,2025-07,3369200.0
EMP-0472,2025-08,3404700.0
EMP-0472,2025-09,3326700.0
EMP-0472,2025-10,3282900.0
EMP-0472,2025-11,3406800.0
EMP-0472,2025-12,3353000.0
EMP-0473,2025-01,2113100.0
EMP-0473,2025-02,2079500.0
EMP-0473,2025-03,2110700.0
EMP-0473,2025-04,2094900.0
EMP-0473,2025-05,2100800.0
EMP-0473,2025-06,2115700.0
EMP-0473,2025-07,2107600.0
EMP-0473,2025-08,2059700.0
EMP-0473,2025-09,2127200.0
EMP-0473,2025-10,2108600.0
EMP-0473,2025-11,2107400.0
EMP-0473,2025-12,2132200.0
EMP-0474,2025-01,3444400.0
EMP-0474,2025-02,3466400.0
EMP-0474,2025-03,3436800.0
EMP-0474,2025-04,3520400.0
EMP-0474,2025-05,3408400.0
EMP-0474,2025-06,3483900.0
EMP-0474,2025-07,3485700.0
EMP-0474,2025-08,3384300.0
EMP-0474,2025-09,3455800.0
EMP-0474,2025-10,3492100.0
EMP-0474,2025-11,3501100.0
EMP-0474,2025-12,3468100.0
EMP-0475,2025-01,3302600.0
EMP-0475,2025-02,3407500.0
EMP-0475,2025-03,3370100.0
EMP-0475,2025-04,3417700.0
EMP-0475,2025-05,3436500.0
EMP-0475,2025-06,3360300.0
EMP-0475,2025-07,3326000.0
EMP-0475,2025-08,3380300.0
EMP-0475,2025-09,3461300.0
EMP-0475,2025-10,3438300.0
EMP-0475,2025-11,3376500.0
EMP-0475,2025-12,3363400.0
EMP-0476,2025-01,3391700.0
EMP-0476,2025-02,3294100.0
EMP-0476,2025-03,3372300.0
EMP-0476,2025-04,3387300.0
EMP-0476,2025-05,3288100.0
EMP-0476,2025-06,3280300.0
EMP-0476,2025-07,3310900.0
EMP-0476,2025-08,3270400.0
EMP-0476,2025-09,3330700.0
EMP-0476,2025-10,3314400.0
EMP-0476,2025-11,3342700.0
EMP-0476,2025-12,3394300.0
EMP-0477,2025-01,3626400.0
EMP-0477,2025-02,3541000.0
EMP-0477,2025-03,3599200.0
EMP-0477,2025-04,3657000.0
EMP-0477,2025-05,3578400.0
EMP-0477,2025-06,3482900.0
EMP-0477,2025-07,3456000.0
EMP-0477,2025-08,3608400.0
EMP-0477,2025-09,3597400.0
EMP-0477,2025-10,3601700.0
EMP-0477,2025-11,3618000.0
EMP-0477,2025-12,3511900.0
EMP-0478,2025-01,3794700.0
EMP-0478,2025-02,3761900.0
EMP-0478,2025-03,3824200.0
EMP-0478,2025-04,3865900.0
EMP-0478,2025-05,3793800.0
EMP-0478,2025-06,3799300.0
EMP-0478,2025-07,3977500.0
EMP-0478,2025-08,3877700.0
EMP-0478,2025-09,3881800.0
EMP-0478,2025-10,3732400.0
EMP-0478,2025-11,3775500.0
EMP-0478,2025-12,3820200.0
EMP-0479,2025-01,3912300.0
EMP-0479,2025-02,3837800.0
EMP-0479,2025-03,3800700.0
EMP-0479,2025-04,3793300.0
EMP-0479,2025-05,3887800.0
EMP-0479,2025-06,3980900.0
EMP-0479,2025-07,3890300.0
EMP-0479,2025-08,3991900.0
EMP-0479,2025-09,3972400.0
EMP-0479,2025-10,3918100.0
EMP-0479,2025-11,3979800.0
EMP-0479,2025-12,3973200.0
EMP-0480,2025-01,3845400.0
EMP-0480,2025-02,3883300.0
EMP-0480,2025-03,3806400.0
EMP-0480,2025-04,3862400.0
EMP-0480,2025-05,3789500.0
EMP-0480,2025-06,3750700.0
EMP-0480,2025-07,3856500.0
EMP-0480,2025-08,3926600.0
EMP-0480,2025-09,3907100.0
EMP-0480,2025-10,3848900.0
EMP-0480,2025-11,3954600.0
EMP-0480,2025-12,3820700.0
EMP-0481,2025-01,3839900.0
EMP-0481,2025-02,3701900.0
EMP-0481,2025-03,3775700.0
EMP-0481,2025-04,3681900.0
EMP-0481,2025-05,3709900.0
EMP-0481,2025-06,3667400.0
EMP-0481,2025-07,3785300.0
EMP-0481,2025-08,3755300.0
EMP-0481,2025-09,3766000.0
EMP-0481,2025-10,3777900.0
EMP-0481,2025-11,3679600.0
EMP-0481,2025-12,3710100.0
EMP-0482,2025-01,3754500.0
EMP-0482,2025-02,3667800.0
EMP-0482,2025-03,3689700.0
EMP-0482,2025-04,3713200.0
EMP-0482,2025-05,3603700.0
EMP-0482,2025-06,3707500.0
EMP-0482,2025-07,3611800.0
EMP-0482,2025-08,3609500.0
EMP-0482,2025-09,3624400.0
EMP-0482,2025-10,3605300.0
EMP-0482,2025-11,3684100.0
EMP-0482,2025-12,3653800.0
EMP-0483,2025-01,3838600.0
EMP-0483,2025-02,3849600.0
EMP-0483,2025-03,3796100.0
EMP-0483,2025-04,3884400.0
EMP-0483,2025-05,3852600.0
EMP-0483,2025-06,3937100.0
EMP-0483,2025-07,3856500.0
EMP-0483,2025-08,3899100.0
EMP-0483,2025-09,3879200.0
EMP-0483,2025-10,3728300.0
EMP-0483,2025-11,3789100.0
EMP-0483,2025-12,3894800.0
EMP-0484,2025-01,3713000.0
EMP-0484,2025-02,3726200.0
EMP-0484,2025-03,3694500.0
EMP-0484,2025-04,3791100.0
EMP-0484,2025-05,3570800.0
EMP-0484,2025-06,3771400.0
EMP-0484,2025-07,3753100.0
EMP-0484,2025-08,3734500.0
EMP-0484,2025-09,3523500.0
EMP-0484,2025-10,3780500.0
EMP-0484,2025-11,3652000.0
EMP-0484,2025-12,3680800.0
EMP-0485,2025-01,3969000.0
EMP-0485,2025-02,3873600.0
EMP-0485,2025-03,3963400.0
EMP-0485,2025-04,3949500.0
EMP-0485,2025-05,3919700.0
EMP-0485,2025-06,3944900.0
EMP-0485,2025-07,3985700.0
EMP-0485,2025-08,3945100.0
EMP-0485,2025-09,3964300.0
EMP-0485,2025-10,3858100.0
EMP-0485,2025-11,3943900.0
EMP-0485,2025-12,3938500.0
EMP-0486,2025-01,3611200.0
EMP-0486,2025-02,3734600.0
EMP-0486,2025-03,3660800.0
EMP-0486,2025-04,3768000.0
EMP-0486,2025-05,3591300.0
EMP-0486,2025-06,3772400.0
EMP-0486,2025-07,3655300.0
EMP-0486,2025-08,3654300.0
EMP-0486,2025-09,3685900.0
EMP-0486,2025-10,3636800.0
EMP-0486,2025-11,3671200.0
EMP-0486,2025-12,3634500.0
EMP-0487,2025-01,3806100.0
EMP-0487,2025-02,3792100.0
EMP-0487,2025-03,3804000.0
EMP-0487,2025-04,3754000.0
EMP-0487,2025-05,3797000.0
EMP-0487,2025-06,3764700.0
EMP-0487,2025-07,3875700.0
EMP-0487,2025-08,3919400.0
EMP-0487,2025-09,3847100.0
EMP-0487,2025-10,3795600.0
EMP-0487,2025-11,3877100.0
EMP-0487,2025-12,3832100.0
EMP-0488,2025-01,3718300.0
EMP-0488,2025-02,3717200.0
EMP-0488,2025-03,3679200.0
EMP-0488,2025-04,3657500.0
EMP-0488,2025-05,3777700.0
EMP-0488,2025-06,3660900.0
EMP-0488,2025-07,3642100.0
EMP-0488,2025-08,3630800.0
EMP-0488,2025-09,3571400.0
EMP-0488,2025-10,3711600.0
EMP-0488,2025-11,3537200.0
EMP-0488,2025-12,3666100.0
EMP-0489,2025-01,3787200.0
EMP-0489,2025-02,3797600.0
EMP-0489,2025-03,3743100.0
EMP-0489,2025-04,3903300.0
EMP-0489,2025-05,3758500.0
EMP-0489,2025-06,3782600.0
EMP-0489,2025-07,3758600.0
EMP-0489,2025-08,3758200.0
EMP-0489,2025-09,3791700.0
EMP-0489,2025-10,3838000.0
EMP-0489,2025-11,3807000.0
EMP-0489,2025-12,3754700.0
EMP-0490,2025-01,3501600.0
EMP-0490,2025-02,3626500.0
EMP-0490,2025-03,3595200.0
EMP-0490,2025-04,3683200.0
EMP-0490,2025-05,3723400.0
EMP-0490,2025-06,3609900.0
EMP-0490,2025-07,3703600.0
EMP-0490,2025-08,3610700.0
EMP-0490,2025-09,3575300.0
EMP-0490,2025-10,3722900.0
EMP-0490,2025-11,3656300.0
EMP-0490,2025-12,3628200.0
EMP-0491,2025-01,3856900.0
EMP-0491,2025-02,3803700.0
EMP-0491,2025-03,3761700.0
EMP-0491,2025-04,3800100.0
EMP-0491,2025-05,3786300.0
EMP-0491,2025-06,3835700.0
EMP-0491,2025-07,3800300.0
EMP-0491,2025-08,3749300.0
EMP-0491,2025-09,3838200.0
EMP-0491,2025-10,3763600.0
EMP-0491,2025-11,3787800.0
EMP-0491,2025-12,3779300.0
EMP-0492,2025-01,3688900.0
EMP-0492,2025-02,3639600.0
EMP-0492,2025-03,3593300.0
EMP-0492,2025-04,3632500.0
EMP-0492,2025-05,3706700.0
EMP-0492,2025-06,3647600.0
EMP-0492,2025-07,3663900.0
EMP-0492,2025-08,3590600.0
EMP-0492,2025-09,3687500.0
EMP-0492,2025-10,3757900.0
EMP-0492,2025-11,3588500.0
EMP-0492,2025-12,3567200.0
EMP-0493,2025-01,3940700.0
EMP-0493,2025-02,3906300.0
EMP-0493,2025-03,3861000.0
EMP-0493,2025-04,3932300.0
EMP-0493,2025-05,3957900.0
EMP-0493,2025-06,3917000.0
EMP-0493,2025-07,3982100.0
EMP-0493,2025-08,3905800.0
EMP-0493,2025-09,3946800.0
EMP-0493,2025-10,3826800.0
EMP-0493,2025-11,4051600.0
EMP-0493,2025-12,3906400.0
EMP-0494,2025-01,3513400.0
EMP-0494,2025-02,3508200.0
EMP-0494,2025-03,3544900.0
EMP-0494,2025-04,3532900.0
EMP-0494,2025-05,3516200.0
EMP-0494,2025-06,3656900.0
EMP-0494,2025-07,3675100.0
EMP-0494,2025-08,3540200.0
EMP-0494,2025-09,3564000.0
EMP-0494,2025-10,3549100.0
EMP-0494,2025-11,3618300.0
EMP-0494,2025-12,3628800.0
EMP-0495,2025-01,3814900.0
EMP-0495,2025-02,3682400.0
EMP-0495,2025-03,3704800.0
EMP-0495,2025-04,3750500.0
EMP-0495,2025-05,3723000.0
EMP-0495,2025-06,3788100.0
EMP-0495,2025-07,3794100.0
EMP-0495,2025-08,3738700.0
EMP-0495,2025-09,3833300.0
EMP-0495,2025-10,3848200.0
EMP-0495,2025-11,3663700.0
EMP-0495,2025-12,3685300.0
EMP-0496,2025-01,3820700.0
EMP-0496,2025-02,3914500.0
EMP-0496,2025-03,3887100.0
EMP-0496,2025-04,3797300.0
EMP-0496,2025-05,3863200.0
EMP-0496,2025-06,3988100.0
EMP-0496,2025-07,3822600.0
EMP-0496,2025-08,3780300.0
EMP-0496,2025-09,3826400.0
EMP-0496,2025-10,3830700.0
EMP-0496,2025-11,3786500.0
EMP-0496,2025-12,3841800.0
EMP-0497,2025-01,3650900.0
EMP-0497,2025-02,3632200.0
EMP-0497,2025-03,3589500.0
EMP-0497,2025-04,3752700.0
EMP-0497,2025-05,3587800.0
EMP-0497,2025-06,3795400.0
EMP-0497,2025-07,3663000.0
EMP-0497,2025-08,3676800.0
EMP-0497,2025-09,3608400.0
EMP-0497,2025-10,3713600.0
EMP-0497,2025-11,3677800.0
EMP-0497,2025-12,3695600.0
EMP-0498,2025-01,3964300.0
EMP-0498,2025-02,3878800.0
EMP-0498,2025-03,3938400.0
EMP-0498,2025-04,3859400.0
EMP-0498,2025-05,3935000.0
EMP-0498,2025-06,3922500.0
EMP-0498,2025-07,3882700.0
EMP-0498,2025-08,3939900.0
EMP-0498,2025-09,3939500.0
EMP-0498,2025-10,3999500.0
EMP-0498,2025-11,3835500.0
EMP-0498,2025-12,3925700.0
EMP-0499,2025-01,3898400.0
EMP-0499,2025-02,3792200.0
EMP-0499,2025-03,3872600.0
EMP-0499,2025-04,3877500.0
EMP-0499,2025-05,3807500.0
EMP-0499,2025-06,3757300.0
EMP-0499,2025-07,3831000.0
EMP-0499,2025-08,3694500.0
EMP-0499,2025-09,3836000.0
EMP-0499,2025-10,3774300.0
EMP-0499,2025-11,4025900.0
EMP-0499,2025-12,3907400.0
EMP-0500,2025-01,3774200.0
EMP-0500,2025-02,3870900.0
EMP-0500,2025-03,3928400.0
EMP-0500,2025-04,3899800.0
EMP-0500,2025-05,3928800.0
EMP-0500,2025-06,3785900.0
EMP-0500,2025-07,3841100.0
EMP-0500,2025-08,3811500.0
EMP-0500,2025-09,3964700.0
EMP-0500,2025-10,3902200.0
EMP-0500,2025-11,4030200.0
EMP-0500,2025-12,3838000.0
EMP-0501,2025-01,3706300.0
EMP-0501,2025-02,3672700.0
EMP-0501,2025-03,3747100.0
EMP-0501,2025-04,3745500.0
EMP-0501,2025-05,3659300.0
EMP-0501,2025-06,3717400.0
EMP-0501,2025-07,3715800.0
EMP-0501,2025-08,3712100.0
EMP-0501,2025-09,3804200.0
EMP-0501,2025-10,3712600.0
EMP-0501,2025-11,3706400.0
EMP-0501,2025-12,3675800.0
EMP-0502,2025-01,3788100.0
EMP-0502,2025-02,3763400.0
EMP-0502,2025-03,3821200.0
EMP-0502,2025-04,3779800.0
EMP-0502,2025-05,3824200.0
EMP-0502,2025-06,3873600.0
EMP-0502,2025-07,3666200.0
EMP-0502,2025-08,3838600.0
EMP-0502,2025-09,3784200.0
EMP-0502,2025-10,3836900.0
EMP-0502,2025-11,3759300.0
EMP-0502,2025-12,3878900.0
EMP-0503,2025-01,3786900.0
EMP-0503,2025-02,3859900.0
EMP-0503,2025-03,3858100.0
EMP-0503,2025-04,3853800.0
EMP-0503,2025-05,3785600.0
EMP-0503,2025-06,3785900.0
EMP-0503,2025-07,3826900.0
EMP-0503,2025-08,3804900.0
EMP-0503,2025-09,3870300.0
EMP-0503,2025-10,3803500.0
EMP-0503,2025-11,3801800.0
EMP-0503,2025-12,3726200.0
EMP-0504,2025-01,3801300.0
EMP-0504,2025-02,3857400.0
EMP-0504,2025-03,3851500.0
EMP-0504,2025-04,3778700.0
EMP-0504,2025-05,3767900.0
EMP-0504,2025-06,3784100.0
EMP-0504,2025-07,3879800.0
EMP-0504,2025-08,3781400.0
EMP-0504,2025-09,3801800.0
EMP-0504,2025-10,3773000.0
EMP-0504,2025-11,3837500.0
EMP-0504,2025-12,3806200.0
EMP-0505,2025-01,3640100.0
EMP-0505,2025-02,3571500.0
EMP-0505,2025-03,3737800.0
EMP-0505,2025-04,3621400.0
EMP-0505,2025-05,3735300.0
EMP-0505,2025-06,3703600.0
EMP-0505,2025-07,3681100.0
EMP-0505,2025-08,3663100.0
EMP-0505,2025-09,3703900.0
EMP-0505,2025-10,3614200.0
EMP-0505,2025-11,3738700.0
EMP-0505,2025-12,3673200.0
EMP-0506,2025-01,3785600.0
EMP-0506,2025-02,3777800.0
EMP-0506,2025-03,3623800.0
EMP-0506,2025-04,3788700.0
EMP-0506,2025-05,3729400.0
EMP-0506,2025-06,3711700.0
EMP-0506,2025-07,3653500.0
EMP-0506,2025-08,3736300.0
EMP-0506,2025-09,3738500.0
EMP-0506,2025-10,3663500.0
EMP-0506,2025-11,3654000.0
EMP-0506,2025-12,3763900.0
EMP-0507,2025-01,3774500.0
EMP-0507,2025-02,3831100.0
EMP-0507,2025-03,3920600.0
EMP-0507,2025-04,3739200.0
EMP-0507,2025-05,3675100.0
EMP-0507,2025-06,3734100.0
EMP-0507,2025-07,3734300.0
EMP-0507,2025-08,3734800.0
EMP-0507,2025-09,3829400.0
EMP-0507,2025-10,3797400.0
EMP-0507,2025-11,3714100.0
EMP-0507,2025-12,3858300.0
EMP-0508,2025-01,3907700.0
EMP-0508,2025-02,3972000.0
EMP-0508,2025-03,3944200.0
EMP-0508,2025-04,3921200.0
EMP-0508,2025-05,3914800.0
EMP-0508,2025-06,3937200.0
EMP-0508,2025-07,3889400.0
EMP-0508,2025-08,3965200.0
EMP-0508,2025-09,3853700.0
EMP-0508,2025-10,3892800.0
EMP-0508,2025-11,3952800.0
EMP-0508,2025-12,3850400.0
EMP-0509,2025-01,3720800.0
EMP-0509,2025-02,3670200.0
EMP-0509,2025-03,3730700.0
EMP-0509,2025-04,3807900.0
EMP-0509,2025-05,3735400.0
EMP-0509,2025-06,3786000.0
EMP-0509,2025-07,3758900.0
EMP-0509,2025-08,3752800.0
EMP-0509,2025-09,3838600.0
EMP-0509,2025-10,3694900.0
EMP-0509,2025-11,3690800.0
EMP-0509,2025-12,3698200.0
EMP-0510,2025-01,3770900.0
EMP-0510,2025-02,3794900.0
EMP-0510,2025-03,3739700.0
EMP-0510,2025-04,3689300.0
EMP-0510,2025-05,3788800.0
EMP-0510,2025-06,3898200.0
EMP-0510,2025-07,3751200.0
EMP-0510,2025-08,3861900.0
EMP-0510,2025-09,3730500.0
EMP-0510,2025-10,3785300.0
EMP-0510,2025-11,3816700.0
EMP-0510,2025-12,3772600.0
EMP-0511,2025-01,8118600.0
EMP-0511,2025-02,7820500.0
EMP-0511,2025-03,7944900.0
EMP-0511,2025-04,8225100.0
EMP-0511,2025-05,8071500.0
EMP-0511,2025-06,7980100.0
EMP-0511,2025-07,8064800.0
EMP-0511,2025-08,8062700.0
EMP-0511,2025-09,8138300.0
EMP-0511,2025-10,7819100.0
EMP-0511,2025-11,7944900.0
EMP-0511,2025-12,7954800.0
EMP-0512,2025-01,8047400.0
EMP-0512,2025-02,7907900.0
EMP-0512,2025-03,8065300.0
EMP-0512,2025-04,8107300.0
EMP-0512,2025-05,7984600.0
EMP-0512,2025-06,8253300.0
EMP-0512,2025-07,7948100.0
EMP-0512,2025-08,8083400.0
EMP-0512,2025-09,8151600.0
EMP-0512,2025-10,8039900.0
EMP-0512,2025-11,8026500.0
EMP-0512,2025-12,7876700.0
EMP-0513,2025-01,7787100.0
EMP-0513,2025-02,7784700.0
EMP-0513,2025-03,7654000.0
EMP-0513,2025-04,7883300.0
EMP-0513,2025-05,7708300.0
EMP-0513,2025-06,7664100.0
EMP-0513,2025-07,7868100.0
EMP-0513,2025-08,7852800.0
EMP-0513,2025-09,7726300.0
EMP-0513,2025-10,7792300.0
EMP-0513,2025-11,7807000.0
EMP-0513,2025-12,7984600.0
EMP-0514,2025-01,7739400.0
EMP-0514,2025-02,7276600.0
EMP-0514,2025-03,7475400.0
EMP-0514,2025-04,7544800.0
EMP-0514,2025-05,7495100.0
EMP-0514,2025-06,7534200.0
EMP-0514,2025-07,7410600.0
EMP-0514,2025-08,7423900.0
EMP-0514,2025-09,7474600.0
EMP-0514,2025-10,7364300.0
EMP-0514,2025-11,7486300.0
EMP-0514,2025-12,7447600.0
EMP-0515,2025-01,8282700.0
EMP-0515,2025-02,8234000.0
EMP-0515,2025-03,8132700.0
EMP-0515,2025-04,8015200.0
EMP-0515,2025-05,8212500.0
EMP-0515,2025-06,8103200.0
EMP-0515,2025-07,8120800.0
EMP-0515,2025-08,7980600.0
EMP-0515,2025-09,8192100.0
EMP-0515,2025-10,8458300.0
EMP-0515,2025-11,8079800.0
EMP-0515,2025-12,8217700.0
EMP-0516,2025-01,4689200.0
EMP-0516,2025-02,4765400.0
EMP-0516,2025-03,4734200.0
EMP-0516,2025-04,4726000.0
EMP-0516,2025-05,4712100.0
EMP-0516,2025-06,4655300.0
EMP-0516,2025-07,4789500.0
EMP-0516,2025-08,4825600.0
EMP-0516,2025-09,4682800.0
EMP-0516,2025-10,4777500.0
EMP-0516,2025-11,4675500.0
EMP-0516,2025-12,4618300.0
EMP-0517,2025-01,7719800.0
EMP-0517,2025-02,7589300.0
EMP-0517,2025-03,7468800.0
EMP-0517,2025-04,7519000.0
EMP-0517,2025-05,7518100.0
EMP-0517,2025-06,7592500.0
EMP-0517,2025-07,7501900.0
EMP-0517,2025-08,7759100.0
EMP-0517,2025-09,7620700.0
EMP-0517,2025-10,7437900.0
EMP-0517,2025-11,7772000.0
EMP-0517,2025-12,7591700.0
EMP-0518,2025-01,7927100.0
EMP-0518,2025-02,7973100.0
EMP-0518,2025-03,7895500.0
EMP-0518,2025-04,8039500.0
EMP-0518,2025-05,7933700.0
EMP-0518,2025-06,7973300.0
EMP-0518,2025-07,7966000.0
EMP-0518,2025-08,7944700.0
EMP-0518,2025-09,8297100.0
EMP-0518,2025-10,7867400.0
EMP-0518,2025-11,7866300.0
EMP-0518,2025-12,8029600.0
EMP-0519,2025-01,7640100.0
EMP-0519,2025-02,7524500.0
EMP-0519,2025-03,7544700.0
EMP-0519,2025-04,7524200.0
EMP-0519,2025-05,7572100.0
EMP-0519,2025-06,7693600.0
EMP-0519,2025-07,7382400.0
EMP-0519,2025-08,7757300.0
EMP-0519,2025-09,7586300.0
EMP-0519,2025-10,7537200.0
EMP-0519,2025-11,7710900.0
EMP-0519,2025-12,7586000.0
EMP-0520,2025-01,7772900.0
EMP-0520,2025-02,7563600.0
EMP-0520,2025-03,7710100.0
EMP-0520,2025-04,7699000.0
EMP-0520,2025-05,7765600.0
EMP-0520,2025-06,7586200.0
EMP-0520,2025-07,7420500.0
EMP-0520,2025-08,7634300.0
EMP-0520,2025-09,7510300.0
EMP-0520,2025-10,7543500.0
EMP-0520,2025-11,7591800.0
EMP-0520,2025-12,7587500.0
EMP-0521,2025-01,7551600.0
EMP-0521,2025-02,7456100.0
EMP-0521,2025-03,7338900.0
EMP-0521,2025-04,7424700.0
EMP-0521,2025-05,7375800.0
EMP-0521,2025-06,7333900.0
EMP-0521,2025-07,7414500.0
EMP-0521,2025-08,7402200.0
EMP-0521,2025-09,7338200.0
EMP-0521,2025-10,7337000.0
EMP-0521,2025-11,7514100.0
EMP-0521,2025-12,7470600.0
EMP-0522,2025-01,7634200.0
EMP-0522,2025-02,7770200.0
EMP-0522,2025-03,7606800.0
EMP-0522,2025-04,7553800.0
EMP-0522,2025-05,7491200.0
EMP-0522,2025-06,7826000.0
EMP-0522,2025-07,7543900.0
EMP-0522,2025-08,7760800.0
EMP-0522,2025-09,7559700.0
EMP-0522,2025-10,7826500.0
EMP-0522,2025-11,7928900.0
EMP-0522,2025-12,7480700.0
EMP-0523,2025-01,7982200.0
EMP-0523,2025-02,7848600.0
EMP-0523,2025-03,7796700.0
EMP-0523,2025-04,7999200.0
EMP-0523,2025-05,7764400.0
EMP-0523,2025-06,7887200.0
EMP-0523,2025-07,7758700.0
EMP-0523,2025-08,7921800.0
EMP-0523,2025-09,7679700.0
EMP-0523,2025-10,7731500.0
EMP-0523,2025-11,7805100.0
EMP-0523,2025-12,7980000.0
EMP-0524,2025-01,7938400.0
EMP-0524,2025-02,7782800.0
EMP-0524,2025-03,8084200.0
EMP-0524,2025-04,8168500.0
EMP-0524,2025-05,7902300.0
EMP-0524,2025-06,7826600.0
EMP-0524,2025-07,8108900.0
EMP-0524,2025-08,7814500.0
EMP-0524,2025-09,8158900.0
EMP-0524,2025-10,7903700.0
EMP-0524,2025-11,7879800.0
EMP-0524,2025-12,8042200.0
EMP-0525,2025-01,7555300.0
EMP-0525,2025-02,7463000.0
EMP-0525,2025-03,7778400.0
EMP-0525,2025-04,8000900.0
EMP-0525,2025-05,7532500.0
EMP-0525,2025-06,7682900.0
EMP-0525,2025-07,7597500.0
EMP-0525,2025-08,7665700.0
EMP-0525,2025-09,7736300.0
EMP-0525,2025-10,7484600.0
EMP-0525,2025-11,7560600.0
EMP-0525,2025-12,7752700.0
EMP-0526,2025-01,7989500.0
EMP-0526,2025-02,8005000.0
EMP-0526,2025-03,8037100.0
EMP-0526,2025-04,8088600.0
EMP-0526,2025-05,7868500.0
EMP-0526,2025-06,7940500.0
EMP-0526,2025-07,7881300.0
EMP-0526,2025-08,7947800.0
EMP-0526,2025-09,8037400.0
EMP-0526,2025-10,7756800.0
EMP-0526,2025-11,8086500.0
EMP-0526,2025-12,7818200.0
EMP-0527,2025-01,8118800.0
EMP-0527,2025-02,7991300.0
EMP-0527,2025-03,7950700.0
EMP-0527,2025-04,8126500.0
EMP-0527,2025-05,7885200.0
EMP-0527,2025-06,7881000.0
EMP-0527,2025-07,8066300.0
EMP-0527,2025-08,8063000.0
EMP-0527,2025-09,8124200.0
EMP-0527,2025-10,7806900.0
EMP-0527,2025-11,8000700.0
EMP-0527,2025-12,7876600.0
EMP-0528,2025-01,5652800.0
EMP-0528,2025-02,5615900.0
EMP-0528,2025-03,5602500.0
EMP-0528,2025-04,5570200.0
EMP-0528,2025-05,5732200.0
EMP-0528,2025-06,5507100.0
EMP-0528,2025-07,5379300.0
EMP-0528,2025-08,5603400.0
EMP-0528,2025-09,5676200.0
EMP-0528,2025-10,5571400.0
EMP-0528,2025-11,5701700.0
EMP-0528,2025-12,5755300.0
EMP-0529,2025-01,8193300.0
EMP-0529,2025-02,7937700.0
EMP-0529,2025-03,7763100.0
EMP-0529,2025-04,8087300.0
EMP-0529,2025-05,8100800.0
EMP-0529,2025-06,8126500.0
EMP-0529,2025-07,8165900.0
EMP-0529,2025-08,8167600.0
EMP-0529,2025-09,7872500.0
EMP-0529,2025-10,8175100.0
EMP-0529,2025-11,7950300.0
EMP-0529,2025-12,8085300.0
EMP-0530,2025-01,7284900.0
EMP-0530,2025-02,7621900.0
EMP-0530,2025-03,7439700.0
EMP-0530,2025-04,7616200.0
EMP-0530,2025-05,7333400.0
EMP-0530,2025-06,7592800.0
EMP-0530,2025-07,7416000.0
EMP-0530,2025-08,7327500.0
EMP-0530,2025-09,7653800.0
EMP-0530,2025-10,7595500.0
EMP-0530,2025-11,7495200.0
EMP-0530,2025-12,7475200.0
EMP-0531,2025-01,7890700.0
EMP-0531,2025-02,7864200.0
EMP-0531,2025-03,7920300.0
EMP-0531,2025-04,7777600.0
EMP-0531,2025-05,8225100.0
EMP-0531,2025-06,7990300.0
EMP-0531,2025-07,7766000.0
EMP-0531,2025-08,7815100.0
EMP-0531,2025-09,7932100.0
EMP-0531,2025-10,7757200.0
EMP-0531,2025-11,7732300.0
EMP-0531,2025-12,7945700.0
EMP-0532,2025-01,8033200.0
EMP-0532,2025-02,7898600.0
EMP-0532,2025-03,7671000.0
EMP-0532,2025-04,7961100.0
EMP-0532,2025-05,7826900.0
EMP-0532,2025-06,7830900.0
EMP-0532,2025-07,7897200.0
EMP-0532,2025-08,7867700.0
EMP-0532,2025-09,7922900.0
EMP-0532,2025-10,7917200.0
EMP-0532,2025-11,7703900.0
EMP-0532,2025-12,8107800.0
EMP-0533,2025-01,7691900.0
EMP-0533,2025-02,7519200.0
EMP-0533,2025-03,7588800.0
EMP-0533,2025-04,7608100.0
EMP-0533,2025-05,7629500.0
EMP-0533,2025-06,7771700.0
EMP-0533,2025-07,7672600.0
EMP-0533,2025-08,7707100.0
EMP-0533,2025-09,7579000.0
EMP-0533,2025-10,7761300.0
EMP-0533,2025-11,7601600.0
EMP-0533,2025-12,7370800.0
EMP-0534,2025-01,7623900.0
EMP-0534,2025-02,7813400.0
EMP-0534,2025-03,7697600.0
EMP-0534,2025-04,8002600.0
EMP-0534,2025-05,7606400.0
EMP-0534,2025-06,7836900.0
EMP-0534,2025-07,7600200.0
EMP-0534,2025-08,7727000.0
EMP-0534,2025-09,7760100.0
EMP-0534,2025-10,7888700.0
EMP-0534,2025-11,7638700.0
EMP-0534,2025-12,7841400.0
EMP-0535,2025-01,7920100.0
EMP-0535,2025-02,8178100.0
EMP-0535,2025-03,7987700.0
EMP-0535,2025-04,8251100.0
EMP-0535,2025-05,8074700.0
EMP-0535,2025-06,8255800.0
EMP-0535,2025-07,8144300.0
EMP-0535,2025-08,8150500.0
EMP-0535,2025-09,8298400.0
EMP-0535,2025-10,8043000.0
EMP-0535,2025-11,8008700.0
EMP-0535,2025-12,8210400.0
EMP-0536,2025-01,7730500.0
EMP-0536,2025-02,7484600.0
EMP-0536,2025-03,7501100.0
EMP-0536,2025-04,7528900.0
EMP-0536,2025-05,7603200.0
EMP-0536,2025-06,7497500.0
EMP-0536,2025-07,7428400.0
EMP-0536,2025-08,7520600.0
EMP-0536,2025-09,7724600.0
EMP-0536,2025-10,7505000.0
EMP-0536,2025-11,7611800.0
EMP-0536,2025-12,7874300.0
EMP-0537,2025-01,7636600.0
EMP-0537,2025-02,7284800.0
EMP-0537,2025-03,7203800.0
EMP-0537,2025-04,7358000.0
EMP-0537,2025-05,7408300.0
EMP-0537,2025-06,7328400.0
EMP-0537,2025-07,7526300.0
EMP-0537,2025-08,7441100.0
EMP-0537,2025-09,7350400.0
EMP-0537,2025-10,7357600.0
EMP-0537,2025-11,7334600.0
EMP-0537,2025-12,7509900.0
EMP-0538,2025-01,7365300.0
EMP-0538,2025-02,7343900.0
EMP-0538,2025-03,7556900.0
EMP-0538,2025-04,7629300.0
EMP-0538,2025-05,7621700.0
EMP-0538,2025-06,7254600.0
EMP-0538,2025-07,7495700.0
EMP-0538,2025-08,7399000.0
EMP-0538,2025-09,7539600.0
EMP-0538,2025-10,7476300.0
EMP-0538,2025-11,7590200.0
EMP-0538,2025-12,7521200.0
EMP-0539,2025-01,7444900.0
EMP-0539,2025-02,7772500.0
EMP-0539,2025-03,7563900.0
EMP-0539,2025-04,7652600.0
EMP-0539,2025-05,7378600.0
EMP-0539,2025-06,7771100.0
EMP-0539,2025-07,7620100.0
EMP-0539,2025-08,7647900.0
EMP-0539,2025-09,7716200.0
EMP-0539,2025-10,7477900.0
EMP-0539,2025-11,7712800.0
EMP-0539,2025-12,7780600.0
EMP-0540,2025-01,7381300.0
EMP-0540,2025-02,7442300.0
EMP-0540,2025-03,7521400.0
EMP-0540,2025-04,7517100.0
EMP-0540,2025-05,7567100.0
EMP-0540,2025-06,7517000.0
EMP-0540,2025-07,7450200.0
EMP-0540,2025-08,7375400.0
EMP-0540,2025-09,7380400.0
EMP-0540,2025-10,7325900.0
EMP-0540,2025-11,7424100.0
EMP-0540,2025-12,7501300.0
EMP-0541,2025-01,8119500.0
EMP-0541,2025-02,8018000.0
EMP-0541,2025-03,8146300.0
EMP-0541,2025-04,8054900.0
EMP-0541,2025-05,8231300.0
EMP-0541,2025-06,8022600.0
EMP-0541,2025-07,8158100.0
EMP-0541,2025-08,8093600.0
EMP-0541,2025-09,8157800.0
EMP-0541,2025-10,8118200.0
EMP-0541,2025-11,8025600.0
EMP-0541,2025-12,8258700.0
EMP-0542,2025-01,7908900.0
EMP-0542,2025-02,7764000.0
EMP-0542,2025-03,7889900.0
EMP-0542,2025-04,7731300.0
EMP-0542,2025-05,8020000.0
EMP-0542,2025-06,8022400.0
EMP-0542,2025-07,8024500.0
EMP-0542,2025-08,7934600.0
EMP-0542,2025-09,7826500.0
EMP-0542,2025-10,7836000.0
EMP-0542,2025-11,8113200.0
EMP-0542,2025-12,8102000.0
EMP-0543,2025-01,7233100.0
EMP-0543,2025-02,7562800.0
EMP-0543,2025-03,7494600.0
EMP-0543,2025-04,7478000.0
EMP-0543,2025-05,7557200.0
EMP-0543,2025-06,7490900.0
EMP-0543,2025-07,7384900.0
EMP-0543,2025-08,7229100.0
EMP-0543,2025-09,7334800.0
EMP-0543,2025-10,7338000.0
EMP-0543,2025-11,7479300.0
EMP-0543,2025-12,7419500.0
EMP-0544,2025-01,7962800.0
EMP-0544,2025-02,7682300.0
EMP-0544,2025-03,8001800.0
EMP-0544,2025-04,8046400.0
EMP-0544,2025-05,7895100.0
EMP-0544,2025-06,7724700.0
EMP-0544,2025-07,7808300.0
EMP-0544,2025-08,7841300.0
EMP-0544,2025-09,7878700.0
EMP-0544,2025-10,7849500.0
EMP-0544,2025-11,7880000.0
EMP-0544,2025-12,7836200.0
EMP-0545,2025-01,7137300.0
EMP-0545,2025-02,7233200.0
EMP-0545,2025-03,7252800.0
EMP-0545,2025-04,7019200.0
EMP-0545,2025-05,7348000.0
EMP-0545,2025-06,7248000.0
EMP-0545,2025-07,7347100.0
EMP-0545,2025-08,7381800.0
EMP-0545,2025-09,7186400.0
EMP-0545,2025-10,7289700.0
EMP-0545,2025-11,7135000.0
EMP-0545,2025-12,7146700.0
EMP-0546,2025-01,7259500.0
EMP-0546,2025-02,7479900.0
EMP-0546,2025-03,7461100.0
EMP-0546,2025-04,7295000.0
EMP-0546,2025-05,7341900.0
EMP-0546,2025-06,7554300.0
EMP-0546,2025-07,7327200.0
EMP-0546,2025-08,7444000.0
EMP-0546,2025-09,7403900.0
EMP-0546,2025-10,7481400.0
EMP-0546,2025-11,7329600.0
EMP-0546,2025-12,7435000.0
EMP-0547,2025-01,7853900.0
EMP-0547,2025-02,8077800.0
EMP-0547,2025-03,7516800.0
EMP-0547,2025-04,7843100.0
EMP-0547,2025-05,8054200.0
EMP-0547,2025-06,7736700.0
EMP-0547,2025-07,7813900.0
EMP-0547,2025-08,7875500.0
EMP-0547,2025-09,7544200.0
EMP-0547,2025-10,7827500.0
EMP-0547,2025-11,7703500.0
EMP-0547,2025-12,8035800.0
EMP-0548,2025-01,7196700.0
EMP-0548,2025-02,7161700.0
EMP-0548,2025-03,7232900.0
EMP-0548,2025-04,7293500.0
EMP-0548,2025-05,7371800.0
EMP-0548,2025-06,7248500.0
EMP-0548,2025-07,7094200.0
EMP-0548,2025-08,7170200.0
EMP-0548,2025-09,7178000.0
EMP-0548,2025-10,7241600.0
EMP-0548,2025-11,7227900.0
EMP-0548,2025-12,7407100.0
EMP-0549,2025-01,7144500.0
EMP-0549,2025-02,7349700.0
EMP-0549,2025-03,7073100.0
EMP-0549,2025-04,7192300.0
EMP-0549,2025-05,7083700.0
EMP-0549,2025-06,7177700.0
EMP-0549,2025-07,7396200.0
EMP-0549,2025-08,7362000.0
EMP-0549,2025-09,7206700.0
EMP-0549,2025-10,7233700.0
EMP-0549,2025-11,7216700.0
EMP-0549,2025-12,7133300.0
EMP-0550,2025-01,7424900.0
EMP-0550,2025-02,7596700.0
EMP-0550,2025-03,7642600.0
EMP-0550,2025-04,7507000.0
EMP-0550,2025-05,7412300.0
EMP-0550,2025-06,7550200.0
EMP-0550,2025-07,7694100.0
EMP-0550,2025-08,7682500.0
EMP-0550,2025-09,7506400.0
EMP-0550,2025-10,7409500.0
EMP-0550,2025-11,7506100.0
EMP-0550,2025-12,7501800.0
EMP-0551,2025-01,7453100.0
EMP-0551,2025-02,7404800.0
EMP-0551,2025-03,7347600.0
EMP-0551,2025-04,7650600.0
EMP-0551,2025-05,7148000.0
EMP-0551,2025-06,7322500.0
EMP-0551,2025-07,7354400.0
EMP-0551,2025-08,7267400.0
EMP-0551,2025-09,7669800.0
EMP-0551,2025-10,7668600.0
EMP-0551,2025-11,7342400.0
EMP-0551,2025-12,7559700.0
EMP-0552,2025-01,7720500.0
EMP-0552,2025-02,7672400.0
EMP-0552,2025-03,7756600.0
EMP-0552,2025-04,7635700.0
EMP-0552,2025-05,7717000.0
EMP-0552,2025-06,7789300.0
EMP-0552,2025-07,7587800.0
EMP-0552,2025-08,7690400.0
EMP-0552,2025-09,7445600.0
EMP-0552,2025-10,7743300.0
EMP-0552,2025-11,7887300.0
EMP-0552,2025-12,7519600.0
EMP-0553,2025-01,7840500.0
EMP-0553,2025-02,7803700.0
EMP-0553,2025-03,7672800.0
EMP-0553,2025-04,7843200.0
EMP-0553,2025-05,7877500.0
EMP-0553,2025-06,7705000.0
EMP-0553,2025-07,7803300.0
EMP-0553,2025-08,7730700.0
EMP-0553,2025-09,7781400.0
EMP-0553,2025-10,7673700.0
EMP-0553,2025-11,7775200.0
EMP-0553,2025-12,7997200.0
EMP-0554,2025-01,7169900.0
EMP-0554,2025-02,7102100.0
EMP-0554,2025-03,7262700.0
EMP-0554,2025-04,7170400.0
EMP-0554,2025-05,7179700.0
EMP-0554,2025-06,7264300.0
EMP-0554,2025-07,7080900.0
EMP-0554,2025-08,7058300.0
EMP-0554,2025-09,7320500.0
EMP-0554,2025-10,7037700.0
EMP-0554,2025-11,7141400.0
EMP-0554,2025-12,7051900.0
EMP-0555,2025-01,7767600.0
EMP-0555,2025-02,7597000.0
EMP-0555,2025-03,7498400.0
EMP-0555,2025-04,7729600.0
EMP-0555,2025-05,7767600.0
EMP-0555,2025-06,7920500.0
EMP-0555,2025-07,7962200.0
EMP-0555,2025-08,7690900.0
EMP-0555,2025-09,7828800.0
EMP-0555,2025-10,7759600.0
EMP-0555,2025-11,7723400.0
EMP-0555,2025-12,7718800.0
EMP-0556,2025-01,7293800.0
EMP-0556,2025-02,7187200.0
EMP-0556,2025-03,7227100.0
EMP-0556,2025-04,7451600.0
EMP-0556,2025-05,7272300.0
EMP-0556,2025-06,7512300.0
EMP-0556,2025-07,7095700.0
EMP-0556,2025-08,7228900.0
EMP-0556,2025-09,7116900.0
EMP-0556,2025-10,7153800.0
EMP-0556,2025-11,7195500.0
EMP-0556,2025-12,7320400.0
EMP-0557,2025-01,7257400.0
EMP-0557,2025-02,7411800.0
EMP-0557,2025-03,7070400.0
EMP-0557,2025-04,7169600.0
EMP-0557,2025-05,7340500.0
EMP-0557,2025-06,7149600.0
EMP-0557,2025-07,7230300.0
EMP-0557,2025-08,7263500.0
EMP-0557,2025-09,7213200.0
EMP-0557,2025-10,7146100.0
EMP-0557,2025-11,7110200.0
EMP-0557,2025-12,7076300.0
EMP-0558,2025-01,5286100.0
EMP-0558,2025-02,5297200.0
EMP-0558,2025-03,5192200.0
EMP-0558,2025-04,5214800.0
EMP-0558,2025-05,5392500.0
EMP-0558,2025-06,5198900.0
EMP-0558,2025-07,5158500.0
EMP-0558,2025-08,5349500.0
EMP-0558,2025-09,5342700.0
EMP-0558,2025-10,5299100.0
EMP-0558,2025-11,5363800.0
EMP-0558,2025-12,5100000.0
EMP-0559,2025-01,7700900.0
EMP-0559,2025-02,7620400.0
EMP-0559,2025-03,7689000.0
EMP-0559,2025-04,7515100.0
EMP-0559,2025-05,7487200.0
EMP-0559,2025-06,7660500.0
EMP-0559,2025-07,7585600.0
EMP-0559,2025-08,7581700.0
EMP-0559,2025-09,7690000.0
EMP-0559,2025-10,7456600.0
EMP-0559,2025-11,7765700.0
EMP-0559,2025-12,7641300.0
EMP-0560,2025-01,4520100.0
EMP-0560,2025-02,4496400.0
EMP-0560,2025-03,4729300.0
EMP-0560,2025-04,4562800.0
EMP-0560,2025-05,4595600.0
EMP-0560,2025-06,4675700.0
EMP-0560,2025-07,4509600.0
EMP-0560,2025-08,4531500.0
EMP-0560,2025-09,4534400.0
EMP-0560,2025-10,4513400.0
EMP-0560,2025-11,4629700.0
EMP-0560,2025-12,4743600.0
EMP-0561,2025-01,7441300.0
EMP-0561,2025-02,7643900.0
EMP-0561,2025-03,7546700.0
EMP-0561,2025-04,7688400.0
EMP-0561,2025-05,7743200.0
EMP-0561,2025-06,7581100.0
EMP-0561,2025-07,7629200.0
EMP-0561,2025-08,7696700.0
EMP-0561,2025-09,7672000.0
EMP-0561,2025-10,7701300.0
EMP-0561,2025-11,7525000.0
EMP-0561,2025-12,7500200.0
EMP-0562,2025-01,7109700.0
EMP-0562,2025-02,7012300.0
EMP-0562,2025-03,7206000.0
EMP-0562,2025-04,7068900.0
EMP-0562,2025-05,6969100.0
EMP-0562,2025-06,7071600.0
EMP-0562,2025-07,7043800.0
EMP-0562,2025-08,7239300.0
EMP-0562,2025-09,7145600.0
EMP-0562,2025-10,7277100.0
EMP-0562,2025-11,7058000.0
EMP-0562,2025-12,7222700.0
EMP-0563,2025-01,7580100.0
EMP-0563,2025-02,7516700.0
EMP-0563,2025-03,7525600.0
EMP-0563,2025-04,7495500.0
EMP-0563,2025-05,7576400.0
EMP-0563,2025-06,7599000.0
EMP-0563,2025-07,7560500.0
EMP-0563,2025-08,7654300.0
EMP-0563,2025-09,7425000.0
EMP-0563,2025-10,7439300.0
EMP-0563,2025-11,7551800.0
EMP-0563,2025-12,7580500.0
EMP-0564,2025-01,7178600.0
EMP-0564,2025-02,7518100.0
EMP-0564,2025-03,7297400.0
EMP-0564,2025-04,7151200.0
EMP-0564,2025-05,7228700.0
EMP-0564,2025-06,7254500.0
EMP-0564,2025-07,7548500.0
EMP-0564,2025-08,7188200.0
EMP-0564,2025-09,7272200.0
EMP-0564,2025-10,7226100.0
EMP-0564,2025-11,7339500.0
EMP-0564,2025-12,7227900.0
EMP-0565,2025-01,7560700.0
EMP-0565,2025-02,7382700.0
EMP-0565,2025-03,7338600.0
EMP-0565,2025-04,7408400.0
EMP-0565,2025-05,7591800.0
EMP-0565,2025-06,7216700.0
EMP-0565,2025-07,7464000.0
EMP-0565,2025-08,7420200.0
EMP-0565,2025-09,7588600.0
EMP-0565,2025-10,7564300.0
EMP-0565,2025-11,7290500.0
EMP-0565,2025-12,7588400.0
EMP-0566,2025-01,7695400.0
EMP-0566,2025-02,7424800.0
EMP-0566,2025-03,7433900.0
EMP-0566,2025-04,7539800.0
EMP-0566,2025-05,7677700.0
EMP-0566,2025-06,7641000.0
EMP-0566,2025-07,7624500.0
EMP-0566,2025-08,7487000.0
EMP-0566,2025-09,7485200.0
EMP-0566,2025-10,7561200.0
EMP-0566,2025-11,7507500.0
EMP-0566,2025-12,7622500.0
EMP-0567,2025-01,7670400.0
EMP-0567,2025-02,7824600.0
EMP-0567,2025-03,7756300.0
EMP-0567,2025-04,7646300.0
EMP-0567,2025-05,7580400.0
EMP-0567,2025-06,7571000.0
EMP-0567,2025-07,7777500.0
EMP-0567,2025-08,7625600.0
EMP-0567,2025-09,7621000.0
EMP-0567,2025-10,7738200.0
EMP-0567,2025-11,7677100.0
EMP-0567,2025-12,7712600.0
EMP-0568,2025-01,7191800.0
EMP-0568,2025-02,7058600.0
EMP-0568,2025-03,7281800.0
EMP-0568,2025-04,7237400.0
EMP-0568,2025-05,7162100.0
EMP-0568,2025-06,7107500.0
EMP-0568,2025-07,7221500.0
EMP-0568,2025-08,7172300.0
EMP-0568,2025-09,7155800.0
EMP-0568,2025-10,7241900.0
EMP-0568,2025-11,7282900.0
EMP-0568,2025-12,6996400.0
EMP-0569,2025-01,7346200.0
EMP-0569,2025-02,7177000.0
EMP-0569,2025-03,7344700.0
EMP-0569,2025-04,7188800.0
EMP-0569,2025-05,7476500.0
EMP-0569,2025-06,7297400.0
EMP-0569,2025-07,7239400.0
EMP-0569,2025-08,7427100.0
EMP-0569,2025-09,7349600.0
EMP-0569,2025-10,7411600.0
EMP-0569,2025-11,7341700.0
EMP-0569,2025-12,7481800.0
EMP-0570,2025-01,7849000.0
EMP-0570,2025-02,7509200.0
EMP-0570,2025-03,7679800.0
EMP-0570,2025-04,7547200.0
EMP-0570,2025-05,7748600.0
EMP-0570,2025-06,7565900.0
EMP-0570,2025-07,7653900.0
EMP-0570,2025-08,7546300.0
EMP-0570,2025-09,7727700.0
EMP-0570,2025-10,7545700.0
EMP-0570,2025-11,7813000.0
EMP-0570,2025-12,7506800.0
EMP-0571,2025-01,7903700.0
EMP-0571,2025-02,7969700.0
EMP-0571,2025-03,7819800.0
EMP-0571,2025-04,7605400.0
EMP-0571,2025-05,7966600.0
EMP-0571,2025-06,7793900.0
EMP-0571,2025-07,8126200.0
EMP-0571,2025-08,7755000.0
EMP-0571,2025-09,7781000.0
EMP-0571,2025-10,7913100.0
EMP-0571,2025-11,7915100.0
EMP-0571,2025-12,7875300.0
EMP-0572,2025-01,7262700.0
EMP-0572,2025-02,7250000.0
EMP-0572,2025-03,7145900.0
EMP-0572,2025-04,7049800.0
EMP-0572,2025-05,7366200.0
EMP-0572,2025-06,7303500.0
EMP-0572,2025-07,7375400.0
EMP-0572,2025-08,7229200.0
EMP-0572,2025-09,7199200.0
EMP-0572,2025-10,7277700.0
EMP-0572,2025-11,7370200.0
EMP-0572,2025-12,7251700.0
EMP-0573,2025-01,7192500.0
EMP-0573,2025-02,7424500.0
EMP-0573,2025-03,7314100.0
EMP-0573,2025-04,7242200.0
EMP-0573,2025-05,7271500.0
EMP-0573,2025-06,7434100.0
EMP-0573,2025-07,7395800.0
EMP-0573,2025-08,7332400.0
EMP-0573,2025-09,7240300.0
EMP-0573,2025-10,7368400.0
EMP-0573,2025-11,7307700.0
EMP-0573,2025-12,7497400.0
EMP-0574,2025-01,7559200.0
EMP-0574,2025-02,7682600.0
EMP-0574,2025-03,7648400.0
EMP-0574,2025-04,8005300.0
EMP-0574,2025-05,7805500.0
EMP-0574,2025-06,7690200.0
EMP-0574,2025-07,7671600.0
EMP-0574,2025-08,7794100.0
EMP-0574,2025-09,7799600.0
EMP-0574,2025-10,7348900.0
EMP-0574,2025-11,7758600.0
EMP-0574,2025-12,7687700.0
EMP-0575,2025-01,7640700.0
EMP-0575,2025-02,7409900.0
EMP-0575,2025-03,7778600.0
EMP-0575,2025-04,7763700.0
EMP-0575,2025-05,7471500.0
EMP-0575,2025-06,7649200.0
EMP-0575,2025-07,7603700.0
EMP-0575,2025-08,7587900.0
EMP-0575,2025-09,7534500.0
EMP-0575,2025-10,7599200.0
EMP-0575,2025-11,7551900.0
EMP-0575,2025-12,7733600.0
EMP-0576,2025-01,7649200.0
EMP-0576,2025-02,7801100.0
EMP-0576,2025-03,7895500.0
EMP-0576,2025-04,7792800.0
EMP-0576,2025-05,7718000.0
EMP-0576,2025-06,7784000.0
EMP-0576,2025-07,7807900.0
EMP-0576,2025-08,7584200.0
EMP-0576,2025-09,7793500.0
EMP-0576,2025-10,7652700.0
EMP-0576,2025-11,7887400.0
EMP-0576,2025-12,7627300.0
EMP-0577,2025-01,7449500.0
EMP-0577,2025-02,7481100.0
EMP-0577,2025-03,7423600.0
EMP-0577,2025-04,7306400.0
EMP-0577,2025-05,7360600.0
EMP-0577,2025-06,7340200.0
EMP-0577,2025-07,7349500.0
EMP-0577,2025-08,7350200.0
EMP-0577,2025-09,7518300.0
EMP-0577,2025-10,7620000.0
EMP-0577,2025-11,7299000.0
EMP-0577,2025-12,7377000.0
EMP-0578,2025-01,7250900.0
EMP-0578,2025-02,7221600.0
EMP-0578,2025-03,7281200.0
EMP-0578,2025-04,7226000.0
EMP-0578,2025-05,6998200.0
EMP-0578,2025-06,7026300.0
EMP-0578,2025-07,7424100.0
EMP-0578,2025-08,7215400.0
EMP-0578,2025-09,7318300.0
EMP-0578,2025-10,7178000.0
EMP-0578,2025-11,7209100.0
EMP-0578,2025-12,7166400.0
EMP-0579,2025-01,7807800.0
EMP-0579,2025-02,8075300.0
EMP-0579,2025-03,7919700.0
EMP-0579,2025-04,7665000.0
EMP-0579,2025-05,8115700.0
EMP-0579,2025-06,8075500.0
EMP-0579,2025-07,7889400.0
EMP-0579,2025-08,8138000.0
EMP-0579,2025-09,7893900.0
EMP-0579,2025-10,7914100.0
EMP-0579,2025-11,7930600.0
EMP-0579,2025-12,7761600.0
EMP-0580,2025-01,8324200.0
EMP-0580,2025-02,8310900.0
EMP-0580,2025-03,8339000.0
EMP-0580,2025-04,8067100.0
EMP-0580,2025-05,8187400.0
EMP-0580,2025-06,8219700.0
EMP-0580,2025-07,8156900.0
EMP-0580,2025-08,8313100.0
EMP-0580,2025-09,8407000.0
EMP-0580,2025-10,8426600.0
EMP-0580,2025-11,8217900.0
EMP-0580,2025-12,8296100.0
EMP-0581,2025-01,8301600.0
EMP-0581,2025-02,8354400.0
EMP-0581,2025-03,8404000.0
EMP-0581,2025-04,8139100.0
EMP-0581,2025-05,8307000.0
EMP-0581,2025-06,8378000.0
EMP-0581,2025-07,8176300.0
EMP-0581,2025-08,8379200.0
EMP-0581,2025-09,8225800.0
EMP-0581,2025-10,8080800.0
EMP-0581,2025-11,8118800.0
EMP-0581,2025-12,8028500.0
EMP-0582,2025-01,7732100.0
EMP-0582,2025-02,7542800.0
EMP-0582,2025-03,7566200.0
EMP-0582,2025-04,7597400.0
EMP-0582,2025-05,7385300.0
EMP-0582,2025-06,7564600.0
EMP-0582,2025-07,7311700.0
EMP-0582,2025-08,7528200.0
EMP-0582,2025-09,7692300.0
EMP-0582,2025-10,7645900.0
EMP-0582,2025-11,7527100.0
EMP-0582,2025-12,7599500.0
EMP-0583,2025-01,7983500.0
EMP-0583,2025-02,7857900.0
EMP-0583,2025-03,8036600.0
EMP-0583,2025-04,7981900.0
EMP-0583,2025-05,7824300.0
EMP-0583,2025-06,8092600.0
EMP-0583,2025-07,7917800.0
EMP-0583,2025-08,7936400.0
EMP-0583,2025-09,8074900.0
EMP-0583,2025-10,8107800.0
EMP-0583,2025-11,7923600.0
EMP-0583,2025-12,7992700.0
EMP-0584,2025-01,8230600.0
EMP-0584,2025-02,8202200.0
EMP-0584,2025-03,7983300.0
EMP-0584,2025-04,8281600.0
EMP-0584,2025-05,8049200.0
EMP-0584,2025-06,8138400.0
EMP-0584,2025-07,8307600.0
EMP-0584,2025-08,8316200.0
EMP-0584,2025-09,8132400.0
EMP-0584,2025-10,8139500.0
EMP-0584,2025-11,8103800.0
EMP-0584,2025-12,8042600.0
EMP-0585,2025-01,7995700.0
EMP-0585,2025-02,7727800.0
EMP-0585,2025-03,7781000.0
EMP-0585,2025-04,7832600.0
EMP-0585,2025-05,7679600.0
EMP-0585,2025-06,7963200.0
EMP-0585,2025-07,7805700.0
EMP-0585,2025-08,7777200.0
EMP-0585,2025-09,7929900.0
EMP-0585,2025-10,7911600.0
EMP-0585,2025-11,8035100.0
EMP-0585,2025-12,7753700.0
EMP-0586,2025-01,8163000.0
EMP-0586,2025-02,8215200.0
EMP-0586,2025-03,7881400.0
EMP-0586,2025-04,8081800.0
EMP-0586,2025-05,7958600.0
EMP-0586,2025-06,7810600.0
EMP-0586,2025-07,8190300.0
EMP-0586,2025-08,7975200.0
EMP-0586,2025-09,7883700.0
EMP-0586,2025-10,7960700.0
EMP-0586,2025-11,7914800.0
EMP-0586,2025-12,7927200.0
EMP-0587,2025-01,8390300.0
EMP-0587,2025-02,8132800.0
EMP-0587,2025-03,8278800.0
EMP-0587,2025-04,8140400.0
EMP-0587,2025-05,8167900.0
EMP-0587,2025-06,8302900.0
EMP-0587,2025-07,8193000.0
EMP-0587,2025-08,8347800.0
EMP-0587,2025-09,8068900.0
EMP-0587,2025-10,8005800.0
EMP-0587,2025-11,7950600.0
EMP-0587,2025-12,8318600.0
EMP-0588,2025-01,7707700.0
EMP-0588,2025-02,7968800.0
EMP-0588,2025-03,7594900.0
EMP-0588,2025-04,7810700.0
EMP-0588,2025-05,7799000.0
EMP-0588,2025-06,7856200.0
EMP-0588,2025-07,7669900.0
EMP-0588,2025-08,7937400.0
EMP-0588,2025-09,7738900.0
EMP-0588,2025-10,8023600.0
EMP-0588,2025-11,7816000.0
EMP-0588,2025-12,7878300.0
EMP-0589,2025-01,5424700.0
EMP-0589,2025-02,5606900.0
EMP-0589,2025-03,5161700.0
EMP-0589,2025-04,5294400.0
EMP-0589,2025-05,5496900.0
EMP-0589,2025-06,5467300.0
EMP-0589,2025-07,5329700.0
EMP-0589,2025-08,5378900.0
EMP-0589,2025-09,5636100.0
EMP-0589,2025-10,5533800.0
EMP-0589,2025-11,5149400.0
EMP-0589,2025-12,5353000.0
EMP-0590,2025-01,7811500.0
EMP-0590,2025-02,7884200.0
EMP-0590,2025-03,8099100.0
EMP-0590,2025-04,7888700.0
EMP-0590,2025-05,7637700.0
EMP-0590,2025-06,7684800.0
EMP-0590,2025-07,8039900.0
EMP-0590,2025-08,7749200.0
EMP-0590,2025-09,7779800.0
EMP-0590,2025-10,7662200.0
EMP-0590,2025-11,7956700.0
EMP-0590,2025-12,7832600.0
EMP-0591,2025-01,7836100.0
EMP-0591,2025-02,7567200.0
EMP-0591,2025-03,7731600.0
EMP-0591,2025-04,7751800.0
EMP-0591,2025-05,7782200.0
EMP-0591,2025-06,7764700.0
EMP-0591,2025-07,7785600.0
EMP-0591,2025-08,7659400.0
EMP-0591,2025-09,7730500.0
EMP-0591,2025-10,7737400.0
EMP-0591,2025-11,7903600.0
EMP-0591,2025-12,7687100.0
EMP-0592,2025-01,7675600.0
EMP-0592,2025-02,7714600.0
EMP-0592,2025-03,7769400.0
EMP-0592,2025-04,7816100.0
EMP-0592,2025-05,7698900.0
EMP-0592,2025-06,7543100.0
EMP-0592,2025-07,7635100.0
EMP-0592,2025-08,7550600.0
EMP-0592,2025-09,7861200.0
EMP-0592,2025-10,7894600.0
EMP-0592,2025-11,7740900.0
EMP-0592,2025-12,7764800.0
EMP-0593,2025-01,7636700.0
EMP-0593,2025-02,7453500.0
EMP-0593,2025-03,7717600.0
EMP-0593,2025-04,7493200.0
EMP-0593,2025-05,7669900.0
EMP-0593,2025-06,7594200.0
EMP-0593,2025-07,7921700.0
EMP-0593,2025-08,7632400.0
EMP-0593,2025-09,7686500.0
EMP-0593,2025-10,7709800.0
EMP-0593,2025-11,7685000.0
EMP-0593,2025-12,7643200.0
EMP-0594,2025-01,7950100.0
EMP-0594,2025-02,7896900.0
EMP-0594,2025-03,7949400.0
EMP-0594,2025-04,7711300.0
EMP-0594,2025-05,7760600.0
EMP-0594,2025-06,7986800.0
EMP-0594,2025-07,8132000.0
EMP-0594,2025-08,7986600.0
EMP-0594,2025-09,7859200.0
EMP-0594,2025-10,7773100.0
EMP-0594,2025-11,8038600.0
EMP-0594,2025-12,7877500.0
EMP-0595,2025-01,8146200.0
EMP-0595,2025-02,8174600.0
EMP-0595,2025-03,8174300.0
EMP-0595,2025-04,8008600.0
EMP-0595,2025-05,8150600.0
EMP-0595,2025-06,8189100.0
EMP-0595,2025-07,8148700.0
EMP-0595,2025-08,7923900.0
EMP-0595,2025-09,8347500.0
EMP-0595,2025-10,8025700.0
EMP-0595,2025-11,8168400.0
EMP-0595,2025-12,8198900.0
EMP-0596,2025-01,5766900.0
EMP-0596,2025-02,5778700.0
EMP-0596,2025-03,5663500.0
EMP-0596,2025-04,5802900.0
EMP-0596,2025-05,5801400.0
EMP-0596,2025-06,5602200.0
EMP-0596,2025-07,5602200.0
EMP-0596,2025-08,5792900.0
EMP-0596,2025-09,5636500.0
EMP-0596,2025-10,5894800.0
EMP-0596,2025-11,5695800.0
EMP-0596,2025-12,5826100.0
EMP-0597,2025-01,8309500.0
EMP-0597,2025-02,7943400.0
EMP-0597,2025-03,8096800.0
EMP-0597,2025-04,7831800.0
EMP-0597,2025-05,7730000.0
EMP-0597,2025-06,7985600.0
EMP-0597,2025-07,8047400.0
EMP-0597,2025-08,8075700.0
EMP-0597,2025-09,8111200.0
EMP-0597,2025-10,7942400.0
EMP-0597,2025-11,7990600.0
EMP-0597,2025-12,8080300.0
EMP-0598,2025-01,7737300.0
EMP-0598,2025-02,7712600.0
EMP-0598,2025-03,7793600.0
EMP-0598,2025-04,7774600.0
EMP-0598,2025-05,7805700.0
EMP-0598,2025-06,7768700.0
EMP-0598,2025-07,7801100.0
EMP-0598,2025-08,7763400.0
EMP-0598,2025-09,7675800.0
EMP-0598,2025-10,7753000.0
EMP-0598,2025-11,7669500.0
EMP-0598,2025-12,7661800.0
EMP-0599,2025-01,8093100.0
EMP-0599,2025-02,7872700.0
EMP-0599,2025-03,7961100.0
EMP-0599,2025-04,7875300.0
EMP-0599,2025-05,7974300.0
EMP-0599,2025-06,7859900.0
EMP-0599,2025-07,7919700.0
EMP-0599,2025-08,7720000.0
EMP-0599,2025-09,7642800.0
EMP-0599,2025-10,7794500.0
EMP-0599,2025-11,7682700.0
EMP-0599,2025-12,7601300.0
EMP-0600,2025-01,8269900.0
EMP-0600,2025-02,8239600.0
EMP-0600,2025-03,8540900.0
EMP-0600,2025-04,8351800.0
EMP-0600,2025-05,8376100.0
EMP-0600,2025-06,8327900.0
EMP-0600,2025-07,8341300.0
EMP-0600,2025-08,8481900.0
EMP-0600,2025-09,8276400.0
EMP-0600,2025-10,8126100.0
EMP-0600,2025-11,8415800.0
EMP-0600,2025-12,8369500.0
EMP-0601,2025-01,8423300.0
EMP-0601,2025-02,8646500.0
EMP-0601,2025-03,8136900.0
EMP-0601,2025-04,8219300.0
EMP-0601,2025-05,8417500.0
EMP-0601,2025-06,8618900.0
EMP-0601,2025-07,8257800.0
EMP-0601,2025-08,8651800.0
EMP-0601,2025-09,8363400.0
EMP-0601,2025-10,8100600.0
EMP-0601,2025-11,8546000.0
EMP-0601,2025-12,8288800.0
EMP-0602,2025-01,5415100.0
EMP-0602,2025-02,5815200.0
EMP-0602,2025-03,5514300.0
EMP-0602,2025-04,5341800.0
EMP-0602,2025-05,5576200.0
EMP-0602,2025-06,5604400.0
EMP-0602,2025-07,5322600.0
EMP-0602,2025-08,5481800.0
EMP-0602,2025-09,5623000.0
EMP-0602,2025-10,5602100.0
EMP-0602,2025-11,5504600.0
EMP-0602,2025-12,5425500.0
EMP-0603,2025-01,8396900.0
EMP-0603,2025-02,8543400.0
EMP-0603,2025-03,8420300.0
EMP-0603,2025-04,8399500.0
EMP-0603,2025-05,8644900.0
EMP-0603,2025-06,8313900.0
EMP-0603,2025-07,8646800.0
EMP-0603,2025-08,8526600.0
EMP-0603,2025-09,8311000.0
EMP-0603,2025-10,8449100.0
EMP-0603,2025-11,8321300.0
EMP-0603,2025-12,8168400.0
EMP-0604,2025-01,7854700.0
EMP-0604,2025-02,7746600.0
EMP-0604,2025-03,7865800.0
EMP-0604,2025-04,7786300.0
EMP-0604,2025-05,7700200.0
EMP-0604,2025-06,7757200.0
EMP-0604,2025-07,7801900.0
EMP-0604,2025-08,7763200.0
EMP-0604,2025-09,7764600.0
EMP-0604,2025-10,7657700.0
EMP-0604,2025-11,7696700.0
EMP-0604,2025-12,8009500.0
EMP-0605,2025-01,7796900.0
EMP-0605,2025-02,7875300.0
EMP-0605,2025-03,7862600.0
EMP-0605,2025-04,7628000.0
EMP-0605,2025-05,7682100.0
EMP-0605,2025-06,7745600.0
EMP-0605,2025-07,7865500.0
EMP-0605,2025-08,7984500.0
EMP-0605,2025-09,7668900.0
EMP-0605,2025-10,7778700.0
EMP-0605,2025-11,7852200.0
EMP-0605,2025-12,7748100.0
EMP-0606,2025-01,8574800.0
EMP-0606,2025-02,8422900.0
EMP-0606,2025-03,8414800.0
EMP-0606,2025-04,8330000.0
EMP-0606,2025-05,8445500.0
EMP-0606,2025-06,8295800.0
EMP-0606,2025-07,8371500.0
EMP-0606,2025-08,8221600.0
EMP-0606,2025-09,8466100.0
EMP-0606,2025-10,8372500.0
EMP-0606,2025-11,8584000.0
EMP-0606,2025-12,8635300.0
EMP-0607,2025-01,8261400.0
EMP-0607,2025-02,8334200.0
EMP-0607,2025-03,8274300.0
EMP-0607,2025-04,8292300.0
EMP-0607,2025-05,8287100.0
EMP-0607,2025-06,8236600.0
EMP-0607,2025-07,8142800.0
EMP-0607,2025-08,8472300.0
EMP-0607,2025-09,8142400.0
EMP-0607,2025-10,8459400.0
EMP-0607,2025-11,8296800.0
EMP-0607,2025-12,8180100.0
EMP-0608,2025-01,8127900.0
EMP-0608,2025-02,8332100.0
EMP-0608,2025-03,8090200.0
EMP-0608,2025-04,8135100.0
EMP-0608,2025-05,8224400.0
EMP-0608,2025-06,8170200.0
EMP-0608,2025-07,8348600.0
EMP-0608,2025-08,8274000.0
EMP-0608,2025-09,8456800.0
EMP-0608,2025-10,8208100.0
EMP-0608,2025-11,8223500.0
EMP-0608,2025-12,8388200.0
EMP-0609,2025-01,7912200.0
EMP-0609,2025-02,8162400.0
EMP-0609,2025-03,8455100.0
EMP-0609,2025-04,8244200.0
EMP-0609,2025-05,8103800.0
EMP-0609,2025-06,8371700.0
EMP-0609,2025-07,8311500.0
EMP-0609,2025-08,8225600.0
EMP-0609,2025-09,8279500.0
EMP-0609,2025-10,8082200.0
EMP-0609,2025-11,8162900.0
EMP-0609,2025-12,8199500.0
EMP-0610,2025-01,7922900.0
EMP-0610,2025-02,7924900.0
EMP-0610,2025-03,7464700.0
EMP-0610,2025-04,7781600.0
EMP-0610,2025-05,7691300.0
EMP-0610,2025-06,7905000.0
EMP-0610,2025-07,7823700.0
EMP-0610,2025-08,7859600.0
EMP-0610,2025-09,7612800.0
EMP-0610,2025-10,7821300.0
EMP-0610,2025-11,7989200.0
EMP-0610,2025-12,8023900.0
EMP-0611,2025-01,7810000.0
EMP-0611,2025-02,7908300.0
EMP-0611,2025-03,7919800.0
EMP-0611,2025-04,7791800.0
EMP-0611,2025-05,7791900.0
EMP-0611,2025-06,8018200.0
EMP-0611,2025-07,7965000.0
EMP-0611,2025-08,7883100.0
EMP-0611,2025-09,7868700.0
EMP-0611,2025-10,7922400.0
EMP-0611,2025-11,7930100.0
EMP-0611,2025-12,8034100.0
EMP-0612,2025-01,8552300.0
EMP-0612,2025-02,8343700.0
EMP-0612,2025-03,8357500.0
EMP-0612,2025-04,8557400.0
EMP-0612,2025-05,8276900.0
EMP-0612,2025-06,8461500.0
EMP-0612,2025-07,8334500.0
EMP-0612,2025-08,8233700.0
EMP-0612,2025-09,8359600.0
EMP-0612,2025-10,8446200.0
EMP-0612,2025-11,8529200.0
EMP-0612,2025-12,8544400.0
EMP-0613,2025-01,5986900.0
EMP-0613,2025-02,5780200.0
EMP-0613,2025-03,5777600.0
EMP-0613,2025-04,5835400.0
EMP-0613,2025-05,5795100.0
EMP-0613,2025-06,5733300.0
EMP-0613,2025-07,5716500.0
EMP-0613,2025-08,5872200.0
EMP-0613,2025-09,5914600.0
EMP-0613,2025-10,5790200.0
EMP-0613,2025-11,5845600.0
EMP-0613,2025-12,5868000.0
EMP-0614,2025-01,6210200.0
EMP-0614,2025-02,6177300.0
EMP-0614,2025-03,6286000.0
EMP-0614,2025-04,6244500.0
EMP-0614,2025-05,6200500.0
EMP-0614,2025-06,6137700.0
EMP-0614,2025-07,6017200.0
EMP-0614,2025-08,6212100.0
EMP-0614,2025-09,6238500.0
EMP-0614,2025-10,6043000.0
EMP-0614,2025-11,6074700.0
EMP-0614,2025-12,6212600.0
EMP-0615,2025-01,5725200.0
EMP-0615,2025-02,5942000.0
EMP-0615,2025-03,5679900.0
EMP-0615,2025-04,5781900.0
EMP-0615,2025-05,5818600.0
EMP-0615,2025-06,6044800.0
EMP-0615,2025-07,5847700.0
EMP-0615,2025-08,5884300.0
EMP-0615,2025-09,5779400.0
EMP-0615,2025-10,5932800.0
EMP-0615,2025-11,6115800.0
EMP-0615,2025-12,5899700.0
EMP-0616,2025-01,5811300.0
EMP-0616,2025-02,5950700.0
EMP-0616,2025-03,6061800.0
EMP-0616,2025-04,6038100.0
EMP-0616,2025-05,5911700.0
EMP-0616,2025-06,5828900.0
EMP-0616,2025-07,6016800.0
EMP-0616,2025-08,6091400.0
EMP-0616,2025-09,5911900.0
EMP-0616,2025-10,5899200.0
EMP-0616,2025-11,5924200.0
EMP-0616,2025-12,6022400.0
EMP-0617,2025-01,6038200.0
EMP-0617,2025-02,6146200.0
EMP-0617,2025-03,6057700.0
EMP-0617,2025-04,5966100.0
EMP-0617,2025-05,6038500.0
EMP-0617,2025-06,5899700.0
EMP-0617,2025-07,6007300.0
EMP-0617,2025-08,5877000.0
EMP-0617,2025-09,5963300.0
EMP-0617,2025-10,6070600.0
EMP-0617,2025-11,6047000.0
EMP-0617,2025-12,6025200.0
EMP-0618,2025-01,5894700.0
EMP-0618,2025-02,5873900.0
EMP-0618,2025-03,5741100.0
EMP-0618,2025-04,5881300.0
EMP-0618,2025-05,5821000.0
EMP-0618,2025-06,5802900.0
EMP-0618,2025-07,5856700.0
EMP-0618,2025-08,5769500.0
EMP-0618,2025-09,5754200.0
EMP-0618,2025-10,5624200.0
EMP-0618,2025-11,6007300.0
EMP-0618,2025-12,5902700.0
EMP-0619,2025-01,5753400.0
EMP-0619,2025-02,5792100.0
EMP-0619,2025-03,5728700.0
EMP-0619,2025-04,5863200.0
EMP-0619,2025-05,5798000.0
EMP-0619,2025-06,5862400.0
EMP-0619,2025-07,5927800.0
EMP-0619,2025-08,5775500.0
EMP-0619,2025-09,5867200.0
EMP-0619,2025-10,5933600.0
EMP-0619,2025-11,5789200.0
EMP-0619,2025-12,5860100.0
EMP-0620,2025-01,6364400.0
EMP-0620,2025-02,6226300.0
EMP-0620,2025-03,6179700.0
EMP-0620,2025-04,6168000.0
EMP-0620,2025-05,6162400.0
EMP-0620,2025-06,6324300.0
EMP-0620,2025-07,6192700.0
EMP-0620,2025-08,6165400.0
EMP-0620,2025-09,6329500.0
EMP-0620,2025-10,6293200.0
EMP-0620,2025-11,6352900.0
EMP-0620,2025-12,6310600.0
EMP-0621,2025-01,5925300.0
EMP-0621,2025-02,6157100.0
EMP-0621,2025-03,6084800.0
EMP-0621,2025-04,5963700.0
EMP-0621,2025-05,6002500.0
EMP-0621,2025-06,6244700.0
EMP-0621,2025-07,6159300.0
EMP-0621,2025-08,6174900.0
EMP-0621,2025-09,6189200.0
EMP-0621,2025-10,5977300.0
EMP-0621,2025-11,6124000.0
EMP-0621,2025-12,6202000.0
EMP-0622,2025-01,6411500.0
EMP-0622,2025-02,6099000.0
EMP-0622,2025-03,6283500.0
EMP-0622,2025-04,6277400.0
EMP-0622,2025-05,6163100.0
EMP-0622,2025-06,6305200.0
EMP-0622,2025-07,6111200.0
EMP-0622,2025-08,6189500.0
EMP-0622,2025-09,6063400.0
EMP-0622,2025-10,6397000.0
EMP-0622,2025-11,6229200.0
EMP-0622,2025-12,6454000.0
EMP-0623,2025-01,3841900.0
EMP-0623,2025-02,3861100.0
EMP-0623,2025-03,3813900.0
EMP-0623,2025-04,3646700.0
EMP-0623,2025-05,3753500.0
EMP-0623,2025-06,3796900.0
EMP-0623,2025-07,3714400.0
EMP-0623,2025-08,3648600.0
EMP-0623,2025-09,3885900.0
EMP-0623,2025-10,3748600.0
EMP-0623,2025-11,3851500.0
EMP-0623,2025-12,3915900.0
EMP-0624,2025-01,6176700.0
EMP-0624,2025-02,6131900.0
EMP-0624,2025-03,6076600.0
EMP-0624,2025-04,6290100.0
EMP-0624,2025-05,6336200.0
EMP-0624,2025-06,6080400.0
EMP-0624,2025-07,6155300.0
EMP-0624,2025-08,6121400.0
EMP-0624,2025-09,6124100.0
EMP-0624,2025-10,6272600.0
EMP-0624,2025-11,6041700.0
EMP-0624,2025-12,6206100.0
EMP-0625,2025-01,6034800.0
EMP-0625,2025-02,6092200.0
EMP-0625,2025-03,6009700.0
EMP-0625,2025-04,5981400.0
EMP-0625,2025-05,5901400.0
EMP-0625,2025-06,6176200.0
EMP-0625,2025-07,6022300.0
EMP-0625,2025-08,5983400.0
EMP-0625,2025-09,6165500.0
EMP-0625,2025-10,5992500.0
EMP-0625,2025-11,5942000.0
EMP-0625,2025-12,5960100.0
EMP-0626,2025-01,5999400.0
EMP-0626,2025-02,5782900.0
EMP-0626,2025-03,5742600.0
EMP-0626,2025-04,5894600.0
EMP-0626,2025-05,5798000.0
EMP-0626,2025-06,5801400.0
EMP-0626,2025-07,5977700.0
EMP-0626,2025-08,6004600.0
EMP-0626,2025-09,5996900.0
EMP-0626,2025-10,6025300.0
EMP-0626,2025-11,6037100.0
EMP-0626,2025-12,5737500.0
EMP-0627,2025-01,5986500.0
EMP-0627,2025-02,5998100.0
EMP-0627,2025-03,5898100.0
EMP-0627,2025-04,5814200.0
EMP-0627,2025-05,6058400.0
EMP-0627,2025-06,5885500.0
EMP-0627,2025-07,6061100.0
EMP-0627,2025-08,5957800.0
EMP-0627,2025-09,5882100.0
EMP-0627,2025-10,5960100.0
EMP-0627,2025-11,6027400.0
EMP-0627,2025-12,5932400.0
EMP-0628,2025-01,6083500.0
EMP-0628,2025-02,5935500.0
EMP-0628,2025-03,5942400.0
EMP-0628,2025-04,5950300.0
EMP-0628,2025-05,5989300.0
EMP-0628,2025-06,5912800.0
EMP-0628,2025-07,5705800.0
EMP-0628,2025-08,6071500.0
EMP-0628,2025-09,6125300.0
EMP-0628,2025-10,5910000.0
EMP-0628,2025-11,5869300.0
EMP-0628,2025-12,5952500.0
EMP-0629,2025-01,6234600.0
EMP-0629,2025-02,6294000.0
EMP-0629,2025-03,6509400.0
EMP-0629,2025-04,6346500.0
EMP-0629,2025-05,6387300.0
EMP-0629,2025-06,6245200.0
EMP-0629,2025-07,6417500.0
EMP-0629,2025-08,6431900.0
EMP-0629,2025-09,6353400.0
EMP-0629,2025-10,6297800.0
EMP-0629,2025-11,6358900.0
EMP-0629,2025-12,6152200.0
EMP-0630,2025-01,5788300.0
EMP-0630,2025-02,5888400.0
EMP-0630,2025-03,6098500.0
EMP-0630,2025-04,6033300.0
EMP-0630,2025-05,5910200.0
EMP-0630,2025-06,5912600.0
EMP-0630,2025-07,5968000.0
EMP-0630,2025-08,6005000.0
EMP-0630,2025-09,6070900.0
EMP-0630,2025-10,5918200.0
EMP-0630,2025-11,5814900.0
EMP-0630,2025-12,5973000.0
EMP-0631,2025-01,5988300.0
EMP-0631,2025-02,5870600.0
EMP-0631,2025-03,5787100.0
EMP-0631,2025-04,5946500.0
EMP-0631,2025-05,5756000.0
EMP-0631,2025-06,6024400.0
EMP-0631,2025-07,5913100.0
EMP-0631,2025-08,5818100.0
EMP-0631,2025-09,5998100.0
EMP-0631,2025-10,5999700.0
EMP-0631,2025-11,5897200.0
EMP-0631,2025-12,6098100.0
EMP-0632,2025-01,6216500.0
EMP-0632,2025-02,6179300.0
EMP-0632,2025-03,6177800.0
EMP-0632,2025-04,6248800.0
EMP-0632,2025-05,6048500.0
EMP-0632,2025-06,6041300.0
EMP-0632,2025-07,6116000.0
EMP-0632,2025-08,6070100.0
EMP-0632,2025-09,6115900.0
EMP-0632,2025-10,6229500.0
EMP-0632,2025-11,6043200.0
EMP-0632,2025-12,6059000.0
EMP-0633,2025-01,4338500.0
EMP-0633,2025-02,4380800.0
EMP-0633,2025-03,4402600.0
EMP-0633,2025-04,4360700.0
EMP-0633,2025-05,4287300.0
EMP-0633,2025-06,4349800.0
EMP-0633,2025-07,4374300.0
EMP-0633,2025-08,4355900.0
EMP-0633,2025-09,4398200.0
EMP-0633,2025-10,4396300.0
EMP-0633,2025-11,4356700.0
EMP-0633,2025-12,4312800.0
EMP-0634,2025-01,6165300.0
EMP-0634,2025-02,5971500.0
EMP-0634,2025-03,6191000.0
EMP-0634,2025-04,6142100.0
EMP-0634,2025-05,5982600.0
EMP-0634,2025-06,5944100.0
EMP-0634,2025-07,6023700.0
EMP-0634,2025-08,6031700.0
EMP-0634,2025-09,6072600.0
EMP-0634,2025-10,5970800.0
EMP-0634,2025-11,6108800.0
EMP-0634,2025-12,6065300.0
EMP-0635,2025-01,5788000.0
EMP-0635,2025-02,5816800.0
EMP-0635,2025-03,5910900.0
EMP-0635,2025-04,5824600.0
EMP-0635,2025-05,5903100.0
EMP-0635,2025-06,5919500.0
EMP-0635,2025-07,5929800.0
EMP-0635,2025-08,5848200.0
EMP-0635,2025-09,5738500.0
EMP-0635,2025-10,5825800.0
EMP-0635,2025-11,5796000.0
EMP-0635,2025-12,5908600.0
EMP-0636,2025-01,5828200.0
EMP-0636,2025-02,5720300.0
EMP-0636,2025-03,5676300.0
EMP-0636,2025-04,5860800.0
EMP-0636,2025-05,5882000.0
EMP-0636,2025-06,5868700.0
EMP-0636,2025-07,5817300.0
EMP-0636,2025-08,5870600.0
EMP-0636,2025-09,5865900.0
EMP-0636,2025-10,5872400.0
EMP-0636,2025-11,5729000.0
EMP-0636,2025-12,5708300.0
EMP-0637,2025-01,5972800.0
EMP-0637,2025-02,6056000.0
EMP-0637,2025-03,6052400.0
EMP-0637,2025-04,5965100.0
EMP-0637,2025-05,6130200.0
EMP-0637,2025-06,6109200.0
EMP-0637,2025-07,5931400.0
EMP-0637,2025-08,6301400.0
EMP-0637,2025-09,5951500.0
EMP-0637,2025-10,6020300.0
EMP-0637,2025-11,6096100.0
EMP-0637,2025-12,6020600.0
EMP-0638,2025-01,6114900.0
EMP-0638,2025-02,6140700.0
EMP-0638,2025-03,6058000.0
EMP-0638,2025-04,5926700.0
EMP-0638,2025-05,5864900.0
EMP-0638,2025-06,5914900.0
EMP-0638,2025-07,6086400.0
EMP-0638,2025-08,6056600.0
EMP-0638,2025-09,6034700.0
EMP-0638,2025-10,6020300.0
EMP-0638,2025-11,6236400.0
EMP-0638,2025-12,5979000.0
EMP-0639,2025-01,6096400.0
EMP-0639,2025-02,6055600.0
EMP-0639,2025-03,5818100.0
EMP-0639,2025-04,5974700.0
EMP-0639,2025-05,6063400.0
EMP-0639,2025-06,6084000.0
EMP-0639,2025-07,6106800.0
EMP-0639,2025-08,6145500.0
EMP-0639,2025-09,5993000.0
EMP-0639,2025-10,6079200.0
EMP-0639,2025-11,6030300.0
EMP-0639,2025-12,5990000.0
EMP-0640,2025-01,5783300.0
EMP-0640,2025-02,5913000.0
EMP-0640,2025-03,5825800.0
EMP-0640,2025-04,5720600.0
EMP-0640,2025-05,5770800.0
EMP-0640,2025-06,5554200.0
EMP-0640,2025-07,5790900.0
EMP-0640,2025-08,5837500.0
EMP-0640,2025-09,5822200.0
EMP-0640,2025-10,6007400.0
EMP-0640,2025-11,5884500.0
EMP-0640,2025-12,5880600.0
EMP-0641,2025-01,5918400.0
EMP-0641,2025-02,5895400.0
EMP-0641,2025-03,5907400.0
EMP-0641,2025-04,5946200.0
EMP-0641,2025-05,5850300.0
EMP-0641,2025-06,5868600.0
EMP-0641,2025-07,5824600.0
EMP-0641,2025-08,5804200.0
EMP-0641,2025-09,6075300.0
EMP-0641,2025-10,5830900.0
EMP-0641,2025-11,5999800.0
EMP-0641,2025-12,5879700.0
EMP-0642,2025-01,6074400.0
EMP-0642,2025-02,6123200.0
EMP-0642,2025-03,5996900.0
EMP-0642,2025-04,6017600.0
EMP-0642,2025-05,6106200.0
EMP-0642,2025-06,6246400.0
EMP-0642,2025-07,6204300.0
EMP-0642,2025-08,6127100.0
EMP-0642,2025-09,6087800.0
EMP-0642,2025-10,6201600.0
EMP-0642,2025-11,6146400.0
EMP-0642,2025-12,5865000.0
EMP-0643,2025-01,6119100.0
EMP-0643,2025-02,6040500.0
EMP-0643,2025-03,6031600.0
EMP-0643,2025-04,6020600.0
EMP-0643,2025-05,6106400.0
EMP-0643,2025-06,6044900.0
EMP-0643,2025-07,6129300.0
EMP-0643,2025-08,6162100.0
EMP-0643,2025-09,5984800.0
EMP-0643,2025-10,6072800.0
EMP-0643,2025-11,6090000.0
EMP-0643,2025-12,6087400.0
EMP-0644,2025-01,6270500.0
EMP-0644,2025-02,6394900.0
EMP-0644,2025-03,6301100.0
EMP-0644,2025-04,6324200.0
EMP-0644,2025-05,6399200.0
EMP-0644,2025-06,6343300.0
EMP-0644,2025-07,6595500.0
EMP-0644,2025-08,6367300.0
EMP-0644,2025-09,6433600.0
EMP-0644,2025-10,6188800.0
EMP-0644,2025-11,6292200.0
EMP-0644,2025-12,6270500.0
EMP-0645,2025-01,6199900.0
EMP-0645,2025-02,6070700.0
EMP-0645,2025-03,6275800.0
EMP-0645,2025-04,6019500.0
EMP-0645,2025-05,6084900.0
EMP-0645,2025-06,6179600.0
EMP-0645,2025-07,6233300.0
EMP-0645,2025-08,6176100.0
EMP-0645,2025-09,6213300.0
EMP-0645,2025-10,6116700.0
EMP-0645,2025-11,6066500.0
EMP-0645,2025-12,6303000.0
EMP-0646,2025-01,5921900.0
EMP-0646,2025-02,5994000.0
EMP-0646,2025-03,5814700.0
EMP-0646,2025-04,5707400.0
EMP-0646,2025-05,5843000.0
EMP-0646,2025-06,5976200.0
EMP-0646,2025-07,5747100.0
EMP-0646,2025-08,5783000.0
EMP-0646,2025-09,5900700.0
EMP-0646,2025-10,5876700.0
EMP-0646,2025-11,5939500.0
EMP-0646,2025-12,5778500.0
EMP-0647,2025-01,7031400.0
EMP-0647,2025-02,6749400.0
EMP-0647,2025-03,7001500.0
EMP-0647,2025-04,6753300.0
EMP-0647,2025-05,6810700.0
EMP-0647,2025-06,6891100.0
EMP-0647,2025-07,6972400.0
EMP-0647,2025-08,6810800.0
EMP-0647,2025-09,6891600.0
EMP-0647,2025-10,6818900.0
EMP-0647,2025-11,6615400.0
EMP-0647,2025-12,6847400.0
EMP-0648,2025-01,6580800.0
EMP-0648,2025-02,6575900.0
EMP-0648,2025-03,6616700.0
EMP-0648,2025-04,6818300.0
EMP-0648,2025-05,6763600.0
EMP-0648,2025-06,6652400.0
EMP-0648,2025-07,6706100.0
EMP-0648,2025-08,6848500.0
EMP-0648,2025-09,6899200.0
EMP-0648,2025-10,6733300.0
EMP-0648,2025-11,6439700.0
EMP-0648,2025-12,6737100.0
EMP-0649,2025-01,6956400.0
EMP-0649,2025-02,6813600.0
EMP-0649,2025-03,6962200.0
EMP-0649,2025-04,6999900.0
EMP-0649,2025-05,6891100.0
EMP-0649,2025-06,7009300.0
EMP-0649,2025-07,7000000.0
EMP-0649,2025-08,6879000.0
EMP-0649,2025-09,7087900.0
EMP-0649,2025-10,6845200.0
EMP-0649,2025-11,6972100.0
EMP-0649,2025-12,6864100.0
EMP-0650,2025-01,6628200.0
EMP-0650,2025-02,6457800.0
EMP-0650,2025-03,6696700.0
EMP-0650,2025-04,6845000.0
EMP-0650,2025-05,6703200.0
EMP-0650,2025-06,6554000.0
EMP-0650,2025-07,6524700.0
EMP-0650,2025-08,6537500.0
EMP-0650,2025-09,6831600.0
EMP-0650,2025-10,6599800.0
EMP-0650,2025-11,6566400.0
EMP-0650,2025-12,6616600.0
EMP-0651,2025-01,6952300.0
EMP-0651,2025-02,6724700.0
EMP-0651,2025-03,6861800.0
EMP-0651,2025-04,6723600.0
EMP-0651,2025-05,6839800.0
EMP-0651,2025-06,6776100.0
EMP-0651,2025-07,6773500.0
EMP-0651,2025-08,6686700.0
EMP-0651,2025-09,6824300.0
EMP-0651,2025-10,6913300.0
EMP-0651,2025-11,6665600.0
EMP-0651,2025-12,6686100.0
EMP-0652,2025-01,6744000.0
EMP-0652,2025-02,6614800.0
EMP-0652,2025-03,6475600.0
EMP-0652,2025-04,6386100.0
EMP-0652,2025-05,6360400.0
EMP-0652,2025-06,6666700.0
EMP-0652,2025-07,6529300.0
EMP-0652,2025-08,6545600.0
EMP-0652,2025-09,6638800.0
EMP-0652,2025-10,6539500.0
EMP-0652,2025-11,6644600.0
EMP-0652,2025-12,6600000.0
EMP-0653,2025-01,6464000.0
EMP-0653,2025-02,6421500.0
EMP-0653,2025-03,6475400.0
EMP-0653,2025-04,6497900.0
EMP-0653,2025-05,6478400.0
EMP-0653,2025-06,6358500.0
EMP-0653,2025-07,6463700.0
EMP-0653,2025-08,6218600.0
EMP-0653,2025-09,6570500.0
EMP-0653,2025-10,6570300.0
EMP-0653,2025-11,6508400.0
EMP-0653,2025-12,6542800.0
EMP-0654,2025-01,6505800.0
EMP-0654,2025-02,6265500.0
EMP-0654,2025-03,6216700.0
EMP-0654,2025-04,6207700.0
EMP-0654,2025-05,6294500.0
EMP-0654,2025-06,6220100.0
EMP-0654,2025-07,6473700.0
EMP-0654,2025-08,6335600.0
EMP-0654,2025-09,6407200.0
EMP-0654,2025-10,6286800.0
EMP-0654,2025-11,6207100.0
EMP-0654,2025-12,6191100.0
EMP-0655,2025-01,6848400.0
EMP-0655,2025-02,6808000.0
EMP-0655,2025-03,6829500.0
EMP-0655,2025-04,6986200.0
EMP-0655,2025-05,6888100.0
EMP-0655,2025-06,6704400.0
EMP-0655,2025-07,6791400.0
EMP-0655,2025-08,6787300.0
EMP-0655,2025-09,6851700.0
EMP-0655,2025-10,6922600.0
EMP-0655,2025-11,6832800.0
EMP-0655,2025-12,6829800.0
EMP-0656,2025-01,6714300.0
EMP-0656,2025-02,6615100.0
EMP-0656,2025-03,6599800.0
EMP-0656,2025-04,6610500.0
EMP-0656,2025-05,6555600.0
EMP-0656,2025-06,6656400.0
EMP-0656,2025-07,6518000.0
EMP-0656,2025-08,6443300.0
EMP-0656,2025-09,6653100.0
EMP-0656,2025-10,6633400.0
EMP-0656,2025-11,6574500.0
EMP-0656,2025-12,6503700.0
EMP-0657,2025-01,6500100.0
EMP-0657,2025-02,6424800.0
EMP-0657,2025-03,6201100.0
EMP-0657,2025-04,6346300.0
EMP-0657,2025-05,6426100.0
EMP-0657,2025-06,6569600.0
EMP-0657,2025-07,6324900.0
EMP-0657,2025-08,6244300.0
EMP-0657,2025-09,6388000.0
EMP-0657,2025-10,6353200.0
EMP-0657,2025-11,6401500.0
EMP-0657,2025-12,6423100.0
EMP-0658,2025-01,6902900.0
EMP-0658,2025-02,6883600.0
EMP-0658,2025-03,6849900.0
EMP-0658,2025-04,6788500.0
EMP-0658,2025-05,6909700.0
EMP-0658,2025-06,7013900.0
EMP-0658,2025-07,6805000.0
EMP-0658,2025-08,6751600.0
EMP-0658,2025-09,6739800.0
EMP-0658,2025-10,6767500.0
EMP-0658,2025-11,6877400.0
EMP-0658,2025-12,6636500.0
EMP-0659,2025-01,6906700.0
EMP-0659,2025-02,6886500.0
EMP-0659,2025-03,6812700.0
EMP-0659,2025-04,6932700.0
EMP-0659,2025-05,6784700.0
EMP-0659,2025-06,6817000.0
EMP-0659,2025-07,6761700.0
EMP-0659,2025-08,6977800.0
EMP-0659,2025-09,6823200.0
EMP-0659,2025-10,6895500.0
EMP-0659,2025-11,6774600.0
EMP-0659,2025-12,6921000.0
EMP-0660,2025-01,6538700.0
EMP-0660,2025-02,6470300.0
EMP-0660,2025-03,6528900.0
EMP-0660,2025-04,6526900.0
EMP-0660,2025-05,6271500.0
EMP-0660,2025-06,6356800.0
EMP-0660,2025-07,6368400.0
EMP-0660,2025-08,6388200.0
EMP-0660,2025-09,6426600.0
EMP-0660,2025-10,6564300.0
EMP-0660,2025-11,6583700.0
EMP-0660,2025-12,6439000.0
EMP-0661,2025-01,6370800.0
EMP-0661,2025-02,6316600.0
EMP-0661,2025-03,6428600.0
EMP-0661,2025-04,6406900.0
EMP-0661,2025-05,6325800.0
EMP-0661,2025-06,6192800.0
EMP-0661,2025-07,6216000.0
EMP-0661,2025-08,6161400.0
EMP-0661,2025-09,6316700.0
EMP-0661,2025-10,6267300.0
EMP-0661,2025-11,6312600.0
EMP-0661,2025-12,6346300.0
EMP-0662,2025-01,6526600.0
EMP-0662,2025-02,6708300.0
EMP-0662,2025-03,6723800.0
EMP-0662,2025-04,6638700.0
EMP-0662,2025-05,6513900.0
EMP-0662,2025-06,6640400.0
EMP-0662,2025-07,6761200.0
EMP-0662,2025-08,6809500.0
EMP-0662,2025-09,6604500.0
EMP-0662,2025-10,6470800.0
EMP-0662,2025-11,6719700.0
EMP-0662,2025-12,6608600.0
EMP-0663,2025-01,6681600.0
EMP-0663,2025-02,6780100.0
EMP-0663,2025-03,6666100.0
EMP-0663,2025-04,6586100.0
EMP-0663,2025-05,6626500.0
EMP-0663,2025-06,6723900.0
EMP-0663,2025-07,6647200.0
EMP-0663,2025-08,6609700.0
EMP-0663,2025-09,6518100.0
EMP-0663,2025-10,6584600.0
EMP-0663,2025-11,6634200.0
EMP-0663,2025-12,6615800.0
EMP-0664,2025-01,6876900.0
EMP-0664,2025-02,6585500.0
EMP-0664,2025-03,6955300.0
EMP-0664,2025-04,6894200.0
EMP-0664,2025-05,6734500.0
EMP-0664,2025-06,6554200.0
EMP-0664,2025-07,6714700.0
EMP-0664,2025-08,6681300.0
EMP-0664,2025-09,6591900.0
EMP-0664,2025-10,6749600.0
EMP-0664,2025-11,6637300.0
EMP-0664,2025-12,6648200.0
EMP-0665,2025-01,6262600.0
EMP-0665,2025-02,6116600.0
EMP-0665,2025-03,6438400.0
EMP-0665,2025-04,6442100.0
EMP-0665,2025-05,6371700.0
EMP-0665,2025-06,6189800.0
EMP-0665,2025-07,6342900.0
EMP-0665,2025-08,6398600.0
EMP-0665,2025-09,6353400.0
EMP-0665,2025-10,6311900.0
EMP-0665,2025-11,6450200.0
EMP-0665,2025-12,6249400.0
EMP-0666,2025-01,6328000.0
EMP-0666,2025-02,6307100.0
EMP-0666,2025-03,6268100.0
EMP-0666,2025-04,6284700.0
EMP-0666,2025-05,6237800.0
EMP-0666,2025-06,6319600.0
EMP-0666,2025-07,6269200.0
EMP-0666,2025-08,6307100.0
EMP-0666,2025-09,6384500.0
EMP-0666,2025-10,6223100.0
EMP-0666,2025-11,6346400.0
EMP-0666,2025-12,6293200.0
EMP-0667,2025-01,6598600.0
EMP-0667,2025-02,6788500.0
EMP-0667,2025-03,6573900.0
EMP-0667,2025-04,6647100.0
EMP-0667,2025-05,6516500.0
EMP-0667,2025-06,6476800.0
EMP-0667,2025-07,6586800.0
EMP-0667,2025-08,6704200.0
EMP-0667,2025-09,6650100.0
EMP-0667,2025-10,6381300.0
EMP-0667,2025-11,6659900.0
EMP-0667,2025-12,6436200.0
EMP-0668,2025-01,6895100.0
EMP-0668,2025-02,6682900.0
EMP-0668,2025-03,6725200.0
EMP-0668,2025-04,6634100.0
EMP-0668,2025-05,6670600.0
EMP-0668,2025-06,6646000.0
EMP-0668,2025-07,6607600.0
EMP-0668,2025-08,6877800.0
EMP-0668,2025-09,6528200.0
EMP-0668,2025-10,6878200.0
EMP-0668,2025-11,6865700.0
EMP-0668,2025-12,6790200.0
EMP-0669,2025-01,6610000.0
EMP-0669,2025-02,6452900.0
EMP-0669,2025-03,6455800.0
EMP-0669,2025-04,6466300.0
EMP-0669,2025-05,6710300.0
EMP-0669,2025-06,6495900.0
EMP-0669,2025-07,6647300.0
EMP-0669,2025-08,6565500.0
EMP-0669,2025-09,6484000.0
EMP-0669,2025-10,6431200.0
EMP-0669,2025-11,6570100.0
EMP-0669,2025-12,6417600.0
EMP-0670,2025-01,6793900.0
EMP-0670,2025-02,6817800.0
EMP-0670,2025-03,6800100.0
EMP-0670,2025-04,6817400.0
EMP-0670,2025-05,6889500.0
EMP-0670,2025-06,6644000.0
EMP-0670,2025-07,6838400.0
EMP-0670,2025-08,6881900.0
EMP-0670,2025-09,6787400.0
EMP-0670,2025-10,6796800.0
EMP-0670,2025-11,6799800.0
EMP-0670,2025-12,6796800.0
EMP-0671,2025-01,7047800.0
EMP-0671,2025-02,6913900.0
EMP-0671,2025-03,6913400.0
EMP-0671,2025-04,6668100.0
EMP-0671,2025-05,6566800.0
EMP-0671,2025-06,6738600.0
EMP-0671,2025-07,6802900.0
EMP-0671,2025-08,6756600.0
EMP-0671,2025-09,6719300.0
EMP-0671,2025-10,6596200.0
EMP-0671,2025-11,6704800.0
EMP-0671,2025-12,6748400.0
EMP-0672,2025-01,6449400.0
EMP-0672,2025-02,6301800.0
EMP-0672,2025-03,6524100.0
EMP-0672,2025-04,6349200.0
EMP-0672,2025-05,6306500.0
EMP-0672,2025-06,6451200.0
EMP-0672,2025-07,6546900.0
EMP-0672,2025-08,6432600.0
EMP-0672,2025-09,6513600.0
EMP-0672,2025-10,6553500.0
EMP-0672,2025-11,6304300.0
EMP-0672,2025-12,6482700.0
EMP-0673,2025-01,6711100.0
EMP-0673,2025-02,6599000.0
EMP-0673,2025-03,6867700.0
EMP-0673,2025-04,6617500.0
EMP-0673,2025-05,6666800.0
EMP-0673,2025-06,6661900.0
EMP-0673,2025-07,6578400.0
EMP-0673,2025-08,6693000.0
EMP-0673,2025-09,6681500.0
EMP-0673,2025-10,6749400.0
EMP-0673,2025-11,6719300.0
EMP-0673,2025-12,6666100.0
EMP-0674,2025-01,6442100.0
EMP-0674,2025-02,6278700.0
EMP-0674,2025-03,6401800.0
EMP-0674,2025-04,6588600.0
EMP-0674,2025-05,6361900.0
EMP-0674,2025-06,6638300.0
EMP-0674,2025-07,6547400.0
EMP-0674,2025-08,6473000.0
EMP-0674,2025-09,6488400.0
EMP-0674,2025-10,6345700.0
EMP-0674,2025-11,6408600.0
EMP-0674,2025-12,6573300.0
EMP-0675,2025-01,6371900.0
EMP-0675,2025-02,6349000.0
EMP-0675,2025-03,6481800.0
EMP-0675,2025-04,6278000.0
EMP-0675,2025-05,6580600.0
EMP-0675,2025-06,6555800.0
EMP-0675,2025-07,6640800.0
EMP-0675,2025-08,6379600.0
EMP-0675,2025-09,6389200.0
EMP-0675,2025-10,6585700.0
EMP-0675,2025-11,6593000.0
EMP-0675,2025-12,6614500.0
EMP-0676,2025-01,6334200.0
EMP-0676,2025-02,6430600.0
EMP-0676,2025-03,6380300.0
EMP-0676,2025-04,6166300.0
EMP-0676,2025-05,6288700.0
EMP-0676,2025-06,6221000.0
EMP-0676,2025-07,6362600.0
EMP-0676,2025-08,6396200.0
EMP-0676,2025-09,6318500.0
EMP-0676,2025-10,6283500.0
EMP-0676,2025-11,6315400.0
EMP-0676,2025-12,6328600.0
EMP-0677,2025-01,6429300.0
EMP-0677,2025-02,6414700.0
EMP-0677,2025-03,6449700.0
EMP-0677,2025-04,6276200.0
EMP-0677,2025-05,6552900.0
EMP-0677,2025-06,6368100.0
EMP-0677,2025-07,6382000.0
EMP-0677,2025-08,6501400.0
EMP-0677,2025-09,6476900.0
EMP-0677,2025-10,6610500.0
EMP-0677,2025-11,6325200.0
EMP-0677,2025-12,6327800.0
EMP-0678,2025-01,6661200.0
EMP-0678,2025-02,6585700.0
EMP-0678,2025-03,6545300.0
EMP-0678,2025-04,6592400.0
EMP-0678,2025-05,6382900.0
EMP-0678,2025-06,6566700.0
EMP-0678,2025-07,6555500.0
EMP-0678,2025-08,6680900.0
EMP-0678,2025-09,6609800.0
EMP-0678,2025-10,6689000.0
EMP-0678,2025-11,6372100.0
EMP-0678,2025-12,6542100.0
EMP-0679,2025-01,6425600.0
EMP-0679,2025-02,6524800.0
EMP-0679,2025-03,6310300.0
EMP-0679,2025-04,6498900.0
EMP-0679,2025-05,6515600.0
EMP-0679,2025-06,6520700.0
EMP-0679,2025-07,6555400.0
EMP-0679,2025-08,6342700.0
EMP-0679,2025-09,6507600.0
EMP-0679,2025-10,6626100.0
EMP-0679,2025-11,6590700.0
EMP-0679,2025-12,6638400.0
EMP-0680,2025-01,6289900.0
EMP-0680,2025-02,6516500.0
EMP-0680,2025-03,6428800.0
EMP-0680,2025-04,6306100.0
EMP-0680,2025-05,6407300.0
EMP-0680,2025-06,6207100.0
EMP-0680,2025-07,6347800.0
EMP-0680,2025-08,6235100.0
EMP-0680,2025-09,6163800.0
EMP-0680,2025-10,6398500.0
EMP-0680,2025-11,6410200.0
EMP-0680,2025-12,6367400.0
EMP-0681,2025-01,10283500.0
EMP-0681,2025-02,10508200.0
EMP-0681,2025-03,10701200.0
EMP-0681,2025-04,10520300.0
EMP-0681,2025-05,10298700.0
EMP-0681,2025-06,10447300.0
EMP-0681,2025-07,10374600.0
EMP-0681,2025-08,10667000.0
EMP-0681,2025-09,10606800.0
EMP-0681,2025-10,10340200.0
EMP-0681,2025-11,10328000.0
EMP-0681,2025-12,10473100.0
EMP-0682,2025-01,10670800.0
EMP-0682,2025-02,10473500.0
EMP-0682,2025-03,10392100.0
EMP-0682,2025-04,10549400.0
EMP-0682,2025-05,10625800.0
EMP-0682,2025-06,10506200.0
EMP-0682,2025-07,10567800.0
EMP-0682,2025-08,10436800.0
EMP-0682,2025-09,10446800.0
EMP-0682,2025-10,10477400.0
EMP-0682,2025-11,10341500.0
EMP-0682,2025-12,10370500.0
EMP-0683,2025-01,10634600.0
EMP-0683,2025-02,10522600.0
EMP-0683,2025-03,10293600.0
EMP-0683,2025-04,10804000.0
EMP-0683,2025-05,10695900.0
EMP-0683,2025-06,10639000.0
EMP-0683,2025-07,10600200.0
EMP-0683,2025-08,10563900.0
EMP-0683,2025-09,10487900.0
EMP-0683,2025-10,10316300.0
EMP-0683,2025-11,10874400.0
EMP-0683,2025-12,10618600.0
EMP-0684,2025-01,10989500.0
EMP-0684,2025-02,10747200.0
EMP-0684,2025-03,10759500.0
EMP-0684,2025-04,10922000.0
EMP-0684,2025-05,10981800.0
EMP-0684,2025-06,10743300.0
EMP-0684,2025-07,10791800.0
EMP-0684,2025-08,10737900.0
EMP-0684,2025-09,10613600.0
EMP-0684,2025-10,10794200.0
EMP-0684,2025-11,10781800.0
EMP-0684,2025-12,10625100.0
EMP-0685,2025-01,11269200.0
EMP-0685,2025-02,11495800.0
EMP-0685,2025-03,11046900.0
EMP-0685,2025-04,11121500.0
EMP-0685,2025-05,11135800.0
EMP-0685,2025-06,10944700.0
EMP-0685,2025-07,11182600.0
EMP-0685,2025-08,11422600.0
EMP-0685,2025-09,11369000.0
EMP-0685,2025-10,11425700.0
EMP-0685,2025-11,11119900.0
EMP-0685,2025-12,11036500.0
EMP-0686,2025-01,11071300.0
EMP-0686,2025-02,11312400.0
EMP-0686,2025-03,10534700.0
EMP-0686,2025-04,10759200.0
EMP-0686,2025-05,10494000.0
EMP-0686,2025-06,10950000.0
EMP-0686,2025-07,11125200.0
EMP-0686,2025-08,10979700.0
EMP-0686,2025-09,11191300.0
EMP-0686,2025-10,11098900.0
EMP-0686,2025-11,11242300.0
EMP-0686,2025-12,11153100.0
EMP-0687,2025-01,11018400.0
EMP-0687,2025-02,10965300.0
EMP-0687,2025-03,10976400.0
EMP-0687,2025-04,11261100.0
EMP-0687,2025-05,10928000.0
EMP-0687,2025-06,11174000.0
EMP-0687,2025-07,10891500.0
EMP-0687,2025-08,10894500.0
EMP-0687,2025-09,11229800.0
EMP-0687,2025-10,11106000.0
EMP-0687,2025-11,10676300.0
EMP-0687,2025-12,10892500.0
EMP-0688,2025-01,11460300.0
EMP-0688,2025-02,11289400.0
EMP-0688,2025-03,11319100.0
EMP-0688,2025-04,11432900.0
EMP-0688,2025-05,11513100.0
EMP-0688,2025-06,11629600.0
EMP-0688,2025-07,11482400.0
EMP-0688,2025-08,11699100.0
EMP-0688,2025-09,11742600.0
EMP-0688,2025-10,11603300.0
EMP-0688,2025-11,11677200.0
EMP-0688,2025-12,11296100.0
EMP-0689,2025-01,11409400.0
EMP-0689,2025-02,11417300.0
EMP-0689,2025-03,11433600.0
EMP-0689,2025-04,11559000.0
EMP-0689,2025-05,11501300.0
EMP-0689,2025-06,11361000.0
EMP-0689,2025-07,11323000.0
EMP-0689,2025-08,11488300.0
EMP-0689,2025-09,11290600.0
EMP-0689,2025-10,11376500.0
EMP-0689,2025-11,11358500.0
EMP-0689,2025-12,11866500.0
EMP-0690,2025-01,10400900.0
EMP-0690,2025-02,10419100.0
EMP-0690,2025-03,10275000.0
EMP-0690,2025-04,10291800.0
EMP-0690,2025-05,10288700.0
EMP-0690,2025-06,10152400.0
EMP-0690,2025-07,10458600.0
EMP-0690,2025-08,10544900.0
EMP-0690,2025-09,10529600.0
EMP-0690,2025-10,10364300.0
EMP-0690,2025-11,10278700.0
EMP-0690,2025-12,10521500.0
EMP-0691,2025-01,11104200.0
EMP-0691,2025-02,11242200.0
EMP-0691,2025-03,10998700.0
EMP-0691,2025-04,11156400.0
EMP-0691,2025-05,11195900.0
EMP-0691,2025-06,10862200.0
EMP-0691,2025-07,10933400.0
EMP-0691,2025-08,10724800.0
EMP-0691,2025-09,11143100.0
EMP-0691,2025-10,11419400.0
EMP-0691,2025-11,10990100.0
EMP-0691,2025-12,11073300.0
EMP-0692,2025-01,11119500.0
EMP-0692,2025-02,11183900.0
EMP-0692,2025-03,10896600.0
EMP-0692,2025-04,11003600.0
EMP-0692,2025-05,11298400.0
EMP-0692,2025-06,10933900.0
EMP-0692,2025-07,11064600.0
EMP-0692,2025-08,10618500.0
EMP-0692,2025-09,10807900.0
EMP-0692,2025-10,11079700.0
EMP-0692,2025-11,11257200.0
EMP-0692,2025-12,10827800.0
EMP-0693,2025-01,10181600.0
EMP-0693,2025-02,10538200.0
EMP-0693,2025-03,10294200.0
EMP-0693,2025-04,10494800.0
EMP-0693,2025-05,10556700.0
EMP-0693,2025-06,10634900.0
EMP-0693,2025-07,10602100.0
EMP-0693,2025-08,10689600.0
EMP-0693,2025-09,10558000.0
EMP-0693,2025-10,10456700.0
EMP-0693,2025-11,10356500.0
EMP-0693,2025-12,10411700.0
EMP-0694,2025-01,11040500.0
EMP-0694,2025-02,11024500.0
EMP-0694,2025-03,10763300.0
EMP-0694,2025-04,10914000.0
EMP-0694,2025-05,11018900.0
EMP-0694,2025-06,10885700.0
EMP-0694,2025-07,10795100.0
EMP-0694,2025-08,10735500.0
EMP-0694,2025-09,11054200.0
EMP-0694,2025-10,11062100.0
EMP-0694,2025-11,10880300.0
EMP-0694,2025-12,11039800.0
EMP-0695,2025-01,11092300.0
EMP-0695,2025-02,10954200.0
EMP-0695,2025-03,11065300.0
EMP-0695,2025-04,11046300.0
EMP-0695,2025-05,11015900.0
EMP-0695,2025-06,10898700.0
EMP-0695,2025-07,10900500.0
EMP-0695,2025-08,10955100.0
EMP-0695,2025-09,10992200.0
EMP-0695,2025-10,10894300.0
EMP-0695,2025-11,11119100.0
EMP-0695,2025-12,10910100.0
EMP-0696,2025-01,11149200.0
EMP-0696,2025-02,10984600.0
EMP-0696,2025-03,11360900.0
EMP-0696,2025-04,11256800.0
EMP-0696,2025-05,11433300.0
EMP-0696,2025-06,11171900.0
EMP-0696,2025-07,11134000.0
EMP-0696,2025-08,11437800.0
EMP-0696,2025-09,11525800.0
EMP-0696,2025-10,11206100.0
EMP-0696,2025-11,11078000.0
EMP-0696,2025-12,11340700.0
EMP-0697,2025-01,11668600.0
EMP-0697,2025-02,11345500.0
EMP-0697,2025-03,11764400.0
EMP-0697,2025-04,11421400.0
EMP-0697,2025-05,11391700.0
EMP-0697,2025-06,11350700.0
EMP-0697,2025-07,11654900.0
EMP-0697,2025-08,11286200.0
EMP-0697,2025-09,11583600.0
EMP-0697,2025-10,11335800.0
EMP-0697,2025-11,11467200.0
EMP-0697,2025-12,11212400.0
EMP-0698,2025-01,10823900.0
EMP-0698,2025-02,10969500.0
EMP-0698,2025-03,10849600.0
EMP-0698,2025-04,10977600.0
EMP-0698,2025-05,10684700.0
EMP-0698,2025-06,10902800.0
EMP-0698,2025-07,11007100.0
EMP-0698,2025-08,10620300.0
EMP-0698,2025-09,11269900.0
EMP-0698,2025-10,11054500.0
EMP-0698,2025-11,10860700.0
EMP-0698,2025-12,10725500.0
EMP-0699,2025-01,11383700.0
EMP-0699,2025-02,11228400.0
EMP-0699,2025-03,11276500.0
EMP-0699,2025-04,11102300.0
EMP-0699,2025-05,11149100.0
EMP-0699,2025-06,11042800.0
EMP-0699,2025-07,11233200.0
EMP-0699,2025-08,11141300.0
EMP-0699,2025-09,11242500.0
EMP-0699,2025-10,11016900.0
EMP-0699,2025-11,11258600.0
EMP-0699,2025-12,11210400.0
EMP-0700,2025-01,11478700.0
EMP-0700,2025-02,11059000.0
EMP-0700,2025-03,11873900.0
EMP-0700,2025-04,11439500.0
EMP-0700,2025-05,11389200.0
EMP-0700,2025-06,11353200.0
EMP-0700,2025-07,11507500.0
EMP-0700,2025-08,11509200.0
EMP-0700,2025-09,11606100.0
EMP-0700,2025-10,11283900.0
EMP-0700,2025-11,11389300.0
EMP-0700,2025-12,11791400.0
EMP-0701,2025-01,10673700.0
EMP-0701,2025-02,10735900.0
EMP-0701,2025-03,10705000.0
EMP-0701,2025-04,10485600.0
EMP-0701,2025-05,10703200.0
EMP-0701,2025-06,10672300.0
EMP-0701,2025-07,10671900.0
EMP-0701,2025-08,10446500.0
EMP-0701,2025-09,10472300.0
EMP-0701,2025-10,10909900.0
EMP-0701,2025-11,10778300.0
EMP-0701,2025-12,10611100.0
EMP-0702,2025-01,10925600.0
EMP-0702,2025-02,11105600.0
EMP-0702,2025-03,11063100.0
EMP-0702,2025-04,11124400.0
EMP-0702,2025-05,11016300.0
EMP-0702,2025-06,11322100.0
EMP-0702,2025-07,11131700.0
EMP-0702,2025-08,10960600.0
EMP-0702,2025-09,11259900.0
EMP-0702,2025-10,10896400.0
EMP-0702,2025-11,11321100.0
EMP-0702,2025-12,11272200.0
EMP-0703,2025-01,11366100.0
EMP-0703,2025-02,11091800.0
EMP-0703,2025-03,11545600.0
EMP-0703,2025-04,11714400.0
EMP-0703,2025-05,11210700.0
EMP-0703,2025-06,11422800.0
EMP-0703,2025-07,11548700.0
EMP-0703,2025-08,11342200.0
EMP-0703,2025-09,11189400.0
EMP-0703,2025-10,11359000.0
EMP-0703,2025-11,11389100.0
EMP-0703,2025-12,11162200.0
EMP-0704,2025-01,11234900.0
EMP-0704,2025-02,11160100.0
EMP-0704,2025-03,10669500.0
EMP-0704,2025-04,11432300.0
EMP-0704,2025-05,11247200.0
EMP-0704,2025-06,11004700.0
EMP-0704,2025-07,11128200.0
EMP-0704,2025-08,10941000.0
EMP-0704,2025-09,11437900.0
EMP-0704,2025-10,10981400.0
EMP-0704,2025-11,11045600.0
EMP-0704,2025-12,11011100.0
EMP-0705,2025-01,10811100.0
EMP-0705,2025-02,11475300.0
EMP-0705,2025-03,11417700.0
EMP-0705,2025-04,11554800.0
EMP-0705,2025-05,11301800.0
EMP-0705,2025-06,11359700.0
EMP-0705,2025-07,11683600.0
EMP-0705,2025-08,10975700.0
EMP-0705,2025-09,11364500.0
EMP-0705,2025-10,11495400.0
EMP-0705,2025-11,11325200.0
EMP-0705,2025-12,11300400.0
EMP-0706,2025-01,11328900.0
EMP-0706,2025-02,10920400.0
EMP-0706,2025-03,11355700.0
EMP-0706,2025-04,11040200.0
EMP-0706,2025-05,11331000.0
EMP-0706,2025-06,11076800.0
EMP-0706,2025-07,11133700.0
EMP-0706,2025-08,11071900.0
EMP-0706,2025-09,10989200.0
EMP-0706,2025-10,11032700.0
EMP-0706,2025-11,11306800.0
EMP-0706,2025-12,10693100.0
EMP-0707,2025-01,10907000.0
EMP-0707,2025-02,10596700.0
EMP-0707,2025-03,11021700.0
EMP-0707,2025-04,10559400.0
EMP-0707,2025-05,10897400.0
EMP-0707,2025-06,10905300.0
EMP-0707,2025-07,10956400.0
EMP-0707,2025-08,10464000.0
EMP-0707,2025-09,10955300.0
EMP-0707,2025-10,10759400.0
EMP-0707,2025-11,10727700.0
EMP-0707,2025-12,10916200.0
EMP-0708,2025-01,10433400.0
EMP-0708,2025-02,10332000.0
EMP-0708,2025-03,10804300.0
EMP-0708,2025-04,10625300.0
EMP-0708,2025-05,10692500.0
EMP-0708,2025-06,10308300.0
EMP-0708,2025-07,10529500.0
EMP-0708,2025-08,10583100.0
EMP-0708,2025-09,10543700.0
EMP-0708,2025-10,10318300.0
EMP-0708,2025-11,10670400.0
EMP-0708,2025-12,10520200.0
EMP-0709,2025-01,11084200.0
EMP-0709,2025-02,10549800.0
EMP-0709,2025-03,11075100.0
EMP-0709,2025-04,10816600.0
EMP-0709,2025-05,10796200.0
EMP-0709,2025-06,10696500.0
EMP-0709,2025-07,10725200.0
EMP-0709,2025-08,10663600.0
EMP-0709,2025-09,10629900.0
EMP-0709,2025-10,10856800.0
EMP-0709,2025-11,10964100.0
EMP-0709,2025-12,10614600.0
EMP-0710,2025-01,11139600.0
EMP-0710,2025-02,10972800.0
EMP-0710,2025-03,11039300.0
EMP-0710,2025-04,11008000.0
EMP-0710,2025-05,10950200.0
EMP-0710,2025-06,11096100.0
EMP-0710,2025-07,11208900.0
EMP-0710,2025-08,11194800.0
EMP-0710,2025-09,11111700.0
EMP-0710,2025-10,11122600.0
EMP-0710,2025-11,11099500.0
EMP-0710,2025-12,10896900.0
EMP-0711,2025-01,10661300.0
EMP-0711,2025-02,10755500.0
EMP-0711,2025-03,10559400.0
EMP-0711,2025-04,10373800.0
EMP-0711,2025-05,10471400.0
EMP-0711,2025-06,10450800.0
EMP-0711,2025-07,10442700.0
EMP-0711,2025-08,10426400.0
EMP-0711,2025-09,10314700.0
EMP-0711,2025-10,10619500.0
EMP-0711,2025-11,10601400.0
EMP-0711,2025-12,10469900.0
EMP-0712,2025-01,10695300.0
EMP-0712,2025-02,10241800.0
EMP-0712,2025-03,10374200.0
EMP-0712,2025-04,10664800.0
EMP-0712,2025-05,10418200.0
EMP-0712,2025-06,10267200.0
EMP-0712,2025-07,10566800.0
EMP-0712,2025-08,10563200.0
EMP-0712,2025-09,10355600.0
EMP-0712,2025-10,10372600.0
EMP-0712,2025-11,10386700.0
EMP-0712,2025-12,10422500.0
EMP-0713,2025-01,10813300.0
EMP-0713,2025-02,10650600.0
EMP-0713,2025-03,10745700.0
EMP-0713,2025-04,11029800.0
EMP-0713,2025-05,11124500.0
EMP-0713,2025-06,10826800.0
EMP-0713,2025-07,10701500.0
EMP-0713,2025-08,11113300.0
EMP-0713,2025-09,11118200.0
EMP-0713,2025-10,11045300.0
EMP-0713,2025-11,10689000.0
EMP-0713,2025-12,11011300.0
EMP-0714,2025-01,10480400.0
EMP-0714,2025-02,10475500.0
EMP-0714,2025-03,10327300.0
EMP-0714,2025-04,10435200.0
EMP-0714,2025-05,10593800.0
EMP-0714,2025-06,10452100.0
EMP-0714,2025-07,10206100.0
EMP-0714,2025-08,10329700.0
EMP-0714,2025-09,10589500.0
EMP-0714,2025-10,10451500.0
EMP-0714,2025-11,10419400.0
EMP-0714,2025-12,10314400.0
EMP-0715,2025-01,7953000.0
EMP-0715,2025-02,7891600.0
EMP-0715,2025-03,7651500.0
EMP-0715,2025-04,7797900.0
EMP-0715,2025-05,7829800.0
EMP-0715,2025-06,7603100.0
EMP-0715,2025-07,7623100.0
EMP-0715,2025-08,7846100.0
EMP-0715,2025-09,7855300.0
EMP-0715,2025-10,8035200.0
EMP-0715,2025-11,7729200.0
EMP-0715,2025-12,7563600.0
EMP-0716,2025-01,8192100.0
EMP-0716,2025-02,7834100.0
EMP-0716,2025-03,7819000.0
EMP-0716,2025-04,7884000.0
EMP-0716,2025-05,7879500.0
EMP-0716,2025-06,8026200.0
EMP-0716,2025-07,7913000.0
EMP-0716,2025-08,7778500.0
EMP-0716,2025-09,8069900.0
EMP-0716,2025-10,7753100.0
EMP-0716,2025-11,7835400.0
EMP-0716,2025-12,7769500.0
EMP-0717,2025-01,7951900.0
EMP-0717,2025-02,8055000.0
EMP-0717,2025-03,8020800.0
EMP-0717,2025-04,8166000.0
EMP-0717,2025-05,7958500.0
EMP-0717,2025-06,8100300.0
EMP-0717,2025-07,7938900.0
EMP-0717,2025-08,7913400.0
EMP-0717,2025-09,8008300.0
EMP-0717,2025-10,7993300.0
EMP-0717,2025-11,7855300.0
EMP-0717,2025-12,7829600.0
EMP-0718,2025-01,7368300.0
EMP-0718,2025-02,7496500.0
EMP-0718,2025-03,7361400.0
EMP-0718,2025-04,7446000.0
EMP-0718,2025-05,7595200.0
EMP-0718,2025-06,7378100.0
EMP-0718,2025-07,7437100.0
EMP-0718,2025-08,7501800.0
EMP-0718,2025-09,7521500.0
EMP-0718,2025-10,7437600.0
EMP-0718,2025-11,7582200.0
EMP-0718,2025-12,7560100.0
EMP-0719,2025-01,7608600.0
EMP-0719,2025-02,7653700.0
EMP-0719,2025-03,7564600.0
EMP-0719,2025-04,7585300.0
EMP-0719,2025-05,7558500.0
EMP-0719,2025-06,7709000.0
EMP-0719,2025-07,7673400.0
EMP-0719,2025-08,7509800.0
EMP-0719,2025-09,7695100.0
EMP-0719,2025-10,7835500.0
EMP-0719,2025-11,7554700.0
EMP-0719,2025-12,7548200.0
EMP-0720,2025-01,8115300.0
EMP-0720,2025-02,7890000.0
EMP-0720,2025-03,7703200.0
EMP-0720,2025-04,7854600.0
EMP-0720,2025-05,7895300.0
EMP-0720,2025-06,7941000.0
EMP-0720,2025-07,7857400.0
EMP-0720,2025-08,7768200.0
EMP-0720,2025-09,7758300.0
EMP-0720,2025-10,7810600.0
EMP-0720,2025-11,7821900.0
EMP-0720,2025-12,7753600.0
EMP-0721,2025-01,7900200.0
EMP-0721,2025-02,7693000.0
EMP-0721,2025-03,7969600.0
EMP-0721,2025-04,8005000.0
EMP-0721,2025-05,7972900.0
EMP-0721,2025-06,7972700.0
EMP-0721,2025-07,7839900.0
EMP-0721,2025-08,7883300.0
EMP-0721,2025-09,7839300.0
EMP-0721,2025-10,7845300.0
EMP-0721,2025-11,7763100.0
EMP-0721,2025-12,7883800.0
EMP-0722,2025-01,7888500.0
EMP-0722,2025-02,7922600.0
EMP-0722,2025-03,7999200.0
EMP-0722,2025-04,7964700.0
EMP-0722,2025-05,7895300.0
EMP-0722,2025-06,7921100.0
EMP-0722,2025-07,7965900.0
EMP-0722,2025-08,7993700.0
EMP-0722,2025-09,7734100.0
EMP-0722,2025-10,7786600.0
EMP-0722,2025-11,8045900.0
EMP-0722,2025-12,7907200.0
EMP-0723,2025-01,7469500.0
EMP-0723,2025-02,7243000.0
EMP-0723,2025-03,7484400.0
EMP-0723,2025-04,7474500.0
EMP-0723,2025-05,7351600.0
EMP-0723,2025-06,7523500.0
EMP-0723,2025-07,7445300.0
EMP-0723,2025-08,7242000.0
EMP-0723,2025-09,7538100.0
EMP-0723,2025-10,7479900.0
EMP-0723,2025-11,7629700.0
EMP-0723,2025-12,7363500.0
EMP-0724,2025-01,8194300.0
EMP-0724,2025-02,7937300.0
EMP-0724,2025-03,7882800.0
EMP-0724,2025-04,7853600.0
EMP-0724,2025-05,8193900.0
EMP-0724,2025-06,7878100.0
EMP-0724,2025-07,7999400.0
EMP-0724,2025-08,7885400.0
EMP-0724,2025-09,7828800.0
EMP-0724,2025-10,7967600.0
EMP-0724,2025-11,7890100.0
EMP-0724,2025-12,7919600.0
EMP-0725,2025-01,7816200.0
EMP-0725,2025-02,7782900.0
EMP-0725,2025-03,7834300.0
EMP-0725,2025-04,7617000.0
EMP-0725,2025-05,7701600.0
EMP-0725,2025-06,7772500.0
EMP-0725,2025-07,7662600.0
EMP-0725,2025-08,7612400.0
EMP-0725,2025-09,7691500.0
EMP-0725,2025-10,7654100.0
EMP-0725,2025-11,7554400.0
EMP-0725,2025-12,7403600.0
EMP-0726,2025-01,7783500.0
EMP-0726,2025-02,7543300.0
EMP-0726,2025-03,7666700.0
EMP-0726,2025-04,7337000.0
EMP-0726,2025-05,7463800.0
EMP-0726,2025-06,7424500.0
EMP-0726,2025-07,7555500.0
EMP-0726,2025-08,7853800.0
EMP-0726,2025-09,7630800.0
EMP-0726,2025-10,7771200.0
EMP-0726,2025-11,7549500.0
EMP-0726,2025-12,7733600.0
EMP-0727,2025-01,7515300.0
EMP-0727,2025-02,7721100.0
EMP-0727,2025-03,7819400.0
EMP-0727,2025-04,7482100.0
EMP-0727,2025-05,7636300.0
EMP-0727,2025-06,7592000.0
EMP-0727,2025-07,7691000.0
EMP-0727,2025-08,7653300.0
EMP-0727,2025-09,7600500.0
EMP-0727,2025-10,7716400.0
EMP-0727,2025-11,7563900.0
EMP-0727,2025-12,7644400.0
EMP-0728,2025-01,7404000.0
EMP-0728,2025-02,7486500.0
EMP-0728,2025-03,7509000.0
EMP-0728,2025-04,7517500.0
EMP-0728,2025-05,7496100.0
EMP-0728,2025-06,7516600.0
EMP-0728,2025-07,7456800.0
EMP-0728,2025-08,7334600.0
EMP-0728,2025-09,7244700.0
EMP-0728,2025-10,7390600.0
EMP-0728,2025-11,7436600.0
EMP-0728,2025-12,7591800.0
EMP-0729,2025-01,7213800.0
EMP-0729,2025-02,7230800.0
EMP-0729,2025-03,7347400.0
EMP-0729,2025-04,7402400.0
EMP-0729,2025-05,7348500.0
EMP-0729,2025-06,7630300.0
EMP-0729,2025-07,7450600.0
EMP-0729,2025-08,7394300.0
EMP-0729,2025-09,7390300.0
EMP-0729,2025-10,7323100.0
EMP-0729,2025-11,7369000.0
EMP-0729,2025-12,7335300.0
EMP-0730,2025-01,7447900.0
EMP-0730,2025-02,7541600.0
EMP-0730,2025-03,7708300.0
EMP-0730,2025-04,7495300.0
EMP-0730,2025-05,7562400.0
EMP-0730,2025-06,7398000.0
EMP-0730,2025-07,7804900.0
EMP-0730,2025-08,7720500.0
EMP-0730,2025-09,7598300.0
EMP-0730,2025-10,7634600.0
EMP-0730,2025-11,7621900.0
EMP-0730,2025-12,7734300.0
EMP-0731,2025-01,7806200.0
EMP-0731,2025-02,7824600.0
EMP-0731,2025-03,7930300.0
EMP-0731,2025-04,7960600.0
EMP-0731,2025-05,7859600.0
EMP-0731,2025-06,8144100.0
EMP-0731,2025-07,8016800.0
EMP-0731,2025-08,7658100.0
EMP-0731,2025-09,7890600.0
EMP-0731,2025-10,7783100.0
EMP-0731,2025-11,8131200.0
EMP-0731,2025-12,7642000.0
EMP-0732,2025-01,7767100.0
EMP-0732,2025-02,7795300.0
EMP-0732,2025-03,7770100.0
EMP-0732,2025-04,7869000.0
EMP-0732,2025-05,7679500.0
EMP-0732,2025-06,7774700.0
EMP-0732,2025-07,7779500.0
EMP-0732,2025-08,7631300.0
EMP-0732,2025-09,7901500.0
EMP-0732,2025-10,7701200.0
EMP-0732,2025-11,7871400.0
EMP-0732,2025-12,7766400.0
EMP-0733,2025-01,7973200.0
EMP-0733,2025-02,7883700.0
EMP-0733,2025-03,7861000.0
EMP-0733,2025-04,8138900.0
EMP-0733,2025-05,8107100.0
EMP-0733,2025-06,7940200.0
EMP-0733,2025-07,7690500.0
EMP-0733,2025-08,8143500.0
EMP-0733,2025-09,7766500.0
EMP-0733,2025-10,8272600.0
EMP-0733,2025-11,7837600.0
EMP-0733,2025-12,8013000.0
EMP-0734,2025-01,8053800.0
EMP-0734,2025-02,8092400.0
EMP-0734,2025-03,7954100.0
EMP-0734,2025-04,7968900.0
EMP-0734,2025-05,7967700.0
EMP-0734,2025-06,7865200.0
EMP-0734,2025-07,8010400.0
EMP-0734,2025-08,7931200.0
EMP-0734,2025-09,8069900.0
EMP-0734,2025-10,7945300.0
EMP-0734,2025-11,7856100.0
EMP-0734,2025-12,7775500.0
EMP-0735,2025-01,8034300.0
EMP-0735,2025-02,7831100.0
EMP-0735,2025-03,8152900.0
EMP-0735,2025-04,7926600.0
EMP-0735,2025-05,7970700.0
EMP-0735,2025-06,7865800.0
EMP-0735,2025-07,7900000.0
EMP-0735,2025-08,8189100.0
EMP-0735,2025-09,8008600.0
EMP-0735,2025-10,7956500.0
EMP-0735,2025-11,7955800.0
EMP-0735,2025-12,7992300.0
EMP-0736,2025-01,7917900.0
EMP-0736,2025-02,7808200.0
EMP-0736,2025-03,7904400.0
EMP-0736,2025-04,7715500.0
EMP-0736,2025-05,7770900.0
EMP-0736,2025-06,7701200.0
EMP-0736,2025-07,7586400.0
EMP-0736,2025-08,7875900.0
EMP-0736,2025-09,7797900.0
EMP-0736,2025-10,7738300.0
EMP-0736,2025-11,7735900.0
EMP-0736,2025-12,7561400.0
EMP-0737,2025-01,7697600.0
EMP-0737,2025-02,7738500.0
EMP-0737,2025-03,7699200.0
EMP-0737,2025-04,7650100.0
EMP-0737,2025-05,7816600.0
EMP-0737,2025-06,7728000.0
EMP-0737,2025-07,7734800.0
EMP-0737,2025-08,7454500.0
EMP-0737,2025-09,7718900.0
EMP-0737,2025-10,7620200.0
EMP-0737,2025-11,7684500.0
EMP-0737,2025-12,7772700.0
EMP-0738,2025-01,7250600.0
EMP-0738,2025-02,7561100.0
EMP-0738,2025-03,7341700.0
EMP-0738,2025-04,7422000.0
EMP-0738,2025-05,7515200.0
EMP-0738,2025-06,7611700.0
EMP-0738,2025-07,7327800.0
EMP-0738,2025-08,7398600.0
EMP-0738,2025-09,7602900.0
EMP-0738,2025-10,7500200.0
EMP-0738,2025-11,7523400.0
EMP-0738,2025-12,7331000.0
EMP-0739,2025-01,8003000.0
EMP-0739,2025-02,7973800.0
EMP-0739,2025-03,8114500.0
EMP-0739,2025-04,8004000.0
EMP-0739,2025-05,8172200.0
EMP-0739,2025-06,7974500.0
EMP-0739,2025-07,7955500.0
EMP-0739,2025-08,8026200.0
EMP-0739,2025-09,8140300.0
EMP-0739,2025-10,8054200.0
EMP-0739,2025-11,8036600.0
EMP-0739,2025-12,7927000.0
EMP-0740,2025-01,8012000.0
EMP-0740,2025-02,7771500.0
EMP-0740,2025-03,8021100.0
EMP-0740,2025-04,8024700.0
EMP-0740,2025-05,7932400.0
EMP-0740,2025-06,7802500.0
EMP-0740,2025-07,7892600.0
EMP-0740,2025-08,7970500.0
EMP-0740,2025-09,7925900.0
EMP-0740,2025-10,7969300.0
EMP-0740,2025-11,8018000.0
EMP-0740,2025-12,7821300.0
EMP-0741,2025-01,7786700.0
EMP-0741,2025-02,7523000.0
EMP-0741,2025-03,7641200.0
EMP-0741,2025-04,7427200.0
EMP-0741,2025-05,7596900.0
EMP-0741,2025-06,7681900.0
EMP-0741,2025-07,7738200.0
EMP-0741,2025-08,7649000.0
EMP-0741,2025-09,7691900.0
EMP-0741,2025-10,7560600.0
EMP-0741,2025-11,7638900.0
EMP-0741,2025-12,7573500.0
EMP-0742,2025-01,7720500.0
EMP-0742,2025-02,7906900.0
EMP-0742,2025-03,7974300.0
EMP-0742,2025-04,7873700.0
EMP-0742,2025-05,8050300.0
EMP-0742,2025-06,7968600.0
EMP-0742,2025-07,7752800.0
EMP-0742,2025-08,7811600.0
EMP-0742,2025-09,7903400.0
EMP-0742,2025-10,7679900.0
EMP-0742,2025-11,7916500.0
EMP-0742,2025-12,7668600.0
EMP-0743,2025-01,7723000.0
EMP-0743,2025-02,7869100.0
EMP-0743,2025-03,7902700.0
EMP-0743,2025-04,7944900.0
EMP-0743,2025-05,7664300.0
EMP-0743,2025-06,7990900.0
EMP-0743,2025-07,7834000.0
EMP-0743,2025-08,8014300.0
EMP-0743,2025-09,7827200.0
EMP-0743,2025-10,7876500.0
EMP-0743,2025-11,7697800.0
EMP-0743,2025-12,7924300.0
EMP-0744,2025-01,7685100.0
EMP-0744,2025-02,7594800.0
EMP-0744,2025-03,7696900.0
EMP-0744,2025-04,7637800.0
EMP-0744,2025-05,7674400.0
EMP-0744,2025-06,7840900.0
EMP-0744,2025-07,7773100.0
EMP-0744,2025-08,7834700.0
EMP-0744,2025-09,7532800.0
EMP-0744,2025-10,7724800.0
EMP-0744,2025-11,7830000.0
EMP-0744,2025-12,7892500.0
EMP-0745,2025-01,7558500.0
EMP-0745,2025-02,7431200.0
EMP-0745,2025-03,7587200.0
EMP-0745,2025-04,7645600.0
EMP-0745,2025-05,7581200.0
EMP-0745,2025-06,7599300.0
EMP-0745,2025-07,7586200.0
EMP-0745,2025-08,7653400.0
EMP-0745,2025-09,7698300.0
EMP-0745,2025-10,7582900.0
EMP-0745,2025-11,7900300.0
EMP-0745,2025-12,7723600.0
EMP-0746,2025-01,7496200.0
EMP-0746,2025-02,7402000.0
EMP-0746,2025-03,7223500.0
EMP-0746,2025-04,7445200.0
EMP-0746,2025-05,7396300.0
EMP-0746,2025-06,7384900.0
EMP-0746,2025-07,7341600.0
EMP-0746,2025-08,7412000.0
EMP-0746,2025-09,7458900.0
EMP-0746,2025-10,7667800.0
EMP-0746,2025-11,7414800.0
EMP-0746,2025-12,7570100.0
EMP-0747,2025-01,7330100.0
EMP-0747,2025-02,7601900.0
EMP-0747,2025-03,7844000.0
EMP-0747,2025-04,7705000.0
EMP-0747,2025-05,7580300.0
EMP-0747,2025-06,7476300.0
EMP-0747,2025-07,7695300.0
EMP-0747,2025-08,7623000.0
EMP-0747,2025-09,7520700.0
EMP-0747,2025-10,7489900.0
EMP-0747,2025-11,7448300.0
EMP-0747,2025-12,7593400.0
EMP-0748,2025-01,7765800.0
EMP-0748,2025-02,7732300.0
EMP-0748,2025-03,7836700.0
EMP-0748,2025-04,7850100.0
EMP-0748,2025-05,7889900.0
EMP-0748,2025-06,7826500.0
EMP-0748,2025-07,7805900.0
EMP-0748,2025-08,8002400.0
EMP-0748,2025-09,7607800.0
EMP-0748,2025-10,7983900.0
EMP-0748,2025-11,7752000.0
EMP-0748,2025-12,7852500.0
EMP-0749,2025-01,5311100.0
EMP-0749,2025-02,5111100.0
EMP-0749,2025-03,5226400.0
EMP-0749,2025-04,5099500.0
EMP-0749,2025-05,5157900.0
EMP-0749,2025-06,5127200.0
EMP-0749,2025-07,5190700.0
EMP-0749,2025-08,5179900.0
EMP-0749,2025-09,5064600.0
EMP-0749,2025-10,5065200.0
EMP-0749,2025-11,5179800.0
EMP-0749,2025-12,5285600.0
EMP-0750,2025-01,7872900.0
EMP-0750,2025-02,7632200.0
EMP-0750,2025-03,7623100.0
EMP-0750,2025-04,7810000.0
EMP-0750,2025-05,7784400.0
EMP-0750,2025-06,7657800.0
EMP-0750,2025-07,7620500.0
EMP-0750,2025-08,7914400.0
EMP-0750,2025-09,7788800.0
EMP-0750,2025-10,7588800.0
EMP-0750,2025-11,7596900.0
EMP-0750,2025-12,7705300.0
EMP-0751,2025-01,8265500.0
EMP-0751,2025-02,8289200.0
EMP-0751,2025-03,8265600.0
EMP-0751,2025-04,8242400.0
EMP-0751,2025-05,8431500.0
EMP-0751,2025-06,8344300.0
EMP-0751,2025-07,8558500.0
EMP-0751,2025-08,8438300.0
EMP-0751,2025-09,8295600.0
EMP-0751,2025-10,8454600.0
EMP-0751,2025-11,8322500.0
EMP-0751,2025-12,8579000.0
EMP-0752,2025-01,8284000.0
EMP-0752,2025-02,8272200.0
EMP-0752,2025-03,8405100.0
EMP-0752,2025-04,8355600.0
EMP-0752,2025-05,8159800.0
EMP-0752,2025-06,8253200.0
EMP-0752,2025-07,8342200.0
EMP-0752,2025-08,8473700.0
EMP-0752,2025-09,8380200.0
EMP-0752,2025-10,8373200.0
EMP-0752,2025-11,8258100.0
EMP-0752,2025-12,8385100.0
EMP-0753,2025-01,8051800.0
EMP-0753,2025-02,8245300.0
EMP-0753,2025-03,7942100.0
EMP-0753,2025-04,7956100.0
EMP-0753,2025-05,7903500.0
EMP-0753,2025-06,8058300.0
EMP-0753,2025-07,7900000.0
EMP-0753,2025-08,7910200.0
EMP-0753,2025-09,8077500.0
EMP-0753,2025-10,8143600.0
EMP-0753,2025-11,7994600.0
EMP-0753,2025-12,8149300.0
EMP-0754,2025-01,8661100.0
EMP-0754,2025-02,8603300.0
EMP-0754,2025-03,8199800.0
EMP-0754,2025-04,8340000.0
EMP-0754,2025-05,8502100.0
EMP-0754,2025-06,8274500.0
EMP-0754,2025-07,8424900.0
EMP-0754,2025-08,8495600.0
EMP-0754,2025-09,8418200.0
EMP-0754,2025-10,8509800.0
EMP-0754,2025-11,8353800.0
EMP-0754,2025-12,8157400.0
EMP-0755,2025-01,8230500.0
EMP-0755,2025-02,8474200.0
EMP-0755,2025-03,8190300.0
EMP-0755,2025-04,8254200.0
EMP-0755,2025-05,8123400.0
EMP-0755,2025-06,8088800.0
EMP-0755,2025-07,8485100.0
EMP-0755,2025-08,8486800.0
EMP-0755,2025-09,8377600.0
EMP-0755,2025-10,8373500.0
EMP-0755,2025-11,8344600.0
EMP-0755,2025-12,8159700.0
EMP-0756,2025-01,7623300.0
EMP-0756,2025-02,7721700.0
EMP-0756,2025-03,7710800.0
EMP-0756,2025-04,7888200.0
EMP-0756,2025-05,7896400.0
EMP-0756,2025-06,7618200.0
EMP-0756,2025-07,7809100.0
EMP-0756,2025-08,7728000.0
EMP-0756,2025-09,7524200.0
EMP-0756,2025-10,7606800.0
EMP-0756,2025-11,7956500.0
EMP-0756,2025-12,7728300.0
EMP-0757,2025-01,8018400.0
EMP-0757,2025-02,8137700.0
EMP-0757,2025-03,8231400.0
EMP-0757,2025-04,7955300.0
EMP-0757,2025-05,8052800.0
EMP-0757,2025-06,7774200.0
EMP-0757,2025-07,7937500.0
EMP-0757,2025-08,8079700.0
EMP-0757,2025-09,7987400.0
EMP-0757,2025-10,8064800.0
EMP-0757,2025-11,8122200.0
EMP-0757,2025-12,8077800.0
EMP-0758,2025-01,8391800.0
EMP-0758,2025-02,8094300.0
EMP-0758,2025-03,8301100.0
EMP-0758,2025-04,8482400.0
EMP-0758,2025-05,8257200.0
EMP-0758,2025-06,8329500.0
EMP-0758,2025-07,8366300.0
EMP-0758,2025-08,8142300.0
EMP-0758,2025-09,8497000.0
EMP-0758,2025-10,8331500.0
EMP-0758,2025-11,8334000.0
EMP-0758,2025-12,8063400.0
EMP-0759,2025-01,8227500.0
EMP-0759,2025-02,8400400.0
EMP-0759,2025-03,8144600.0
EMP-0759,2025-04,8379100.0
EMP-0759,2025-05,8175000.0
EMP-0759,2025-06,8181100.0
EMP-0759,2025-07,8207600.0
EMP-0759,2025-08,8236300.0
EMP-0759,2025-09,8362000.0
EMP-0759,2025-10,8087400.0
EMP-0759,2025-11,8174000.0
EMP-0759,2025-12,8274800.0
EMP-0760,2025-01,7688100.0
EMP-0760,2025-02,7985800.0
EMP-0760,2025-03,8099400.0
EMP-0760,2025-04,7827800.0
EMP-0760,2025-05,7889500.0
EMP-0760,2025-06,7954800.0
EMP-0760,2025-07,8107800.0
EMP-0760,2025-08,7927000.0
EMP-0760,2025-09,7926500.0
EMP-0760,2025-10,7924600.0
EMP-0760,2025-11,7734400.0
EMP-0760,2025-12,7731800.0
EMP-0761,2025-01,8200200.0
EMP-0761,2025-02,8238400.0
EMP-0761,2025-03,8199600.0
EMP-0761,2025-04,8104200.0
EMP-0761,2025-05,8278500.0
EMP-0761,2025-06,8200500.0
EMP-0761,2025-07,8294600.0
EMP-0761,2025-08,8494700.0
EMP-0761,2025-09,8269300.0
EMP-0761,2025-10,8188600.0
EMP-0761,2025-11,8248600.0
EMP-0761,2025-12,8298400.0
EMP-0762,2025-11,7582800.0
EMP-0762,2025-12,7661600.0
EMP-0763,2025-01,8216700.0
EMP-0763,2025-02,8506200.0
EMP-0763,2025-03,8313200.0
EMP-0763,2025-04,8610900.0
EMP-0763,2025-05,8379500.0
EMP-0763,2025-06,8360800.0
EMP-0763,2025-07,8366500.0
EMP-0763,2025-08,8445100.0
EMP-0763,2025-09,8316600.0
EMP-0763,2025-10,8340700.0
EMP-0763,2025-11,8504700.0
EMP-0763,2025-12,8297500.0
EMP-0764,2025-01,8451100.0
EMP-0764,2025-02,8505500.0
EMP-0764,2025-03,8299900.0
EMP-0764,2025-04,8189600.0
EMP-0764,2025-05,8190400.0
EMP-0764,2025-06,8108200.0
EMP-0764,2025-07,8280700.0
EMP-0764,2025-08,8290000.0
EMP-0764,2025-09,8436600.0
EMP-0764,2025-10,8340200.0
EMP-0764,2025-11,8276800.0
EMP-0764,2025-12,8323600.0
EMP-0765,2025-01,8118000.0
EMP-0765,2025-02,8140300.0
EMP-0765,2025-03,8387500.0
EMP-0765,2025-04,8126800.0
EMP-0765,2025-05,8283800.0
EMP-0765,2025-06,8394700.0
EMP-0765,2025-07,8095400.0
EMP-0765,2025-08,8104700.0
EMP-0765,2025-09,8212900.0
EMP-0765,2025-10,8249800.0
EMP-0765,2025-11,8162200.0
EMP-0765,2025-12,8485200.0
EMP-0766,2025-01,8402700.0
EMP-0766,2025-02,8508900.0
EMP-0766,2025-03,8441600.0
EMP-0766,2025-04,8685600.0
EMP-0766,2025-05,8531000.0
EMP-0766,2025-06,8339500.0
EMP-0766,2025-07,8396000.0
EMP-0766,2025-08,8462700.0
EMP-0766,2025-09,8621400.0
EMP-0766,2025-10,8635600.0
EMP-0766,2025-11,8406300.0
EMP-0766,2025-12,8338200.0
EMP-0767,2025-01,8153500.0
EMP-0767,2025-02,8019700.0
EMP-0767,2025-03,7978500.0
EMP-0767,2025-04,8351300.0
EMP-0767,2025-05,8252800.0
EMP-0767,2025-06,8070300.0
EMP-0767,2025-07,8124600.0
EMP-0767,2025-08,8105600.0
EMP-0767,2025-09,8006900.0
EMP-0767,2025-10,8078300.0
EMP-0767,2025-11,8240100.0
EMP-0767,2025-12,8075200.0
EMP-0768,2025-01,7882700.0
EMP-0768,2025-02,7930600.0
EMP-0768,2025-03,7864200.0
EMP-0768,2025-04,7574100.0
EMP-0768,2025-05,7679100.0
EMP-0768,2025-06,7784400.0
EMP-0768,2025-07,7820100.0
EMP-0768,2025-08,7903700.0
EMP-0768,2025-09,7807900.0
EMP-0768,2025-10,7808800.0
EMP-0768,2025-11,7830700.0
EMP-0768,2025-12,7773000.0
EMP-0769,2025-01,8247300.0
EMP-0769,2025-02,8376200.0
EMP-0769,2025-03,8400100.0
EMP-0769,2025-04,8329900.0
EMP-0769,2025-05,8648700.0
EMP-0769,2025-06,8350900.0
EMP-0769,2025-07,8146300.0
EMP-0769,2025-08,8240900.0
EMP-0769,2025-09,8456000.0
EMP-0769,2025-10,8277000.0
EMP-0769,2025-11,8242900.0
EMP-0769,2025-12,8542800.0
EMP-0770,2025-01,7963600.0
EMP-0770,2025-02,8209400.0
EMP-0770,2025-03,8078800.0
EMP-0770,2025-04,7901000.0
EMP-0770,2025-05,7642800.0
EMP-0770,2025-06,7940300.0
EMP-0770,2025-07,7973600.0
EMP-0770,2025-08,7885000.0
EMP-0770,2025-09,7829400.0
EMP-0770,2025-10,7949500.0
EMP-0770,2025-11,7818500.0
EMP-0770,2025-12,8153300.0
EMP-0771,2025-01,8348900.0
EMP-0771,2025-02,8420200.0
EMP-0771,2025-03,8521700.0
EMP-0771,2025-04,8372500.0
EMP-0771,2025-05,8649600.0
EMP-0771,2025-06,8315300.0
EMP-0771,2025-07,8363100.0
EMP-0771,2025-08,8249200.0
EMP-0771,2025-09,8366700.0
EMP-0771,2025-10,8363600.0
EMP-0771,2025-11,8457000.0
EMP-0771,2025-12,8382000.0
EMP-0772,2025-01,8257000.0
EMP-0772,2025-02,8205600.0
EMP-0772,2025-03,8169300.0
EMP-0772,2025-04,8154600.0
EMP-0772,2025-05,8038700.0
EMP-0772,2025-06,8124400.0
EMP-0772,2025-07,8120800.0
EMP-0772,2025-08,8174400.0
EMP-0772,2025-09,8430100.0
EMP-0772,2025-10,8217600.0
EMP-0772,2025-11,8266900.0
EMP-0772,2025-12,8270800.0
EMP-0773,2025-01,7896300.0
EMP-0773,2025-02,8128400.0
EMP-0773,2025-03,8026300.0
EMP-0773,2025-04,7960200.0
EMP-0773,2025-05,8143200.0
EMP-0773,2025-06,8074500.0
EMP-0773,2025-07,7878300.0
EMP-0773,2025-08,8051300.0
EMP-0773,2025-09,8051100.0
EMP-0773,2025-10,8128500.0
EMP-0773,2025-11,8077800.0
EMP-0773,2025-12,8086400.0
EMP-0774,2025-01,7887000.0
EMP-0774,2025-02,7872500.0
EMP-0774,2025-03,8017800.0
EMP-0774,2025-04,7901200.0
EMP-0774,2025-05,7957900.0
EMP-0774,2025-06,7990300.0
EMP-0774,2025-07,7818900.0
EMP-0774,2025-08,7957400.0
EMP-0774,2025-09,8071900.0
EMP-0774,2025-10,7798300.0
EMP-0774,2025-11,7965200.0
EMP-0774,2025-12,7813300.0
EMP-0775,2025-01,7742300.0
EMP-0775,2025-02,7599100.0
EMP-0775,2025-03,7793700.0
EMP-0775,2025-04,7846300.0
EMP-0775,2025-05,7922100.0
EMP-0775,2025-06,7658400.0
EMP-0775,2025-07,7710600.0
EMP-0775,2025-08,7717700.0
EMP-0775,2025-09,7765400.0
EMP-0775,2025-10,7890200.0
EMP-0775,2025-11,7744700.0
EMP-0775,2025-12,7747900.0
EMP-0776,2025-01,8115800.0
EMP-0776,2025-02,8160800.0
EMP-0776,2025-03,8066900.0
EMP-0776,2025-04,7948500.0
EMP-0776,2025-05,8262900.0
EMP-0776,2025-06,8164300.0
EMP-0776,2025-07,8173300.0
EMP-0776,2025-08,8046500.0
EMP-0776,2025-09,8144700.0
EMP-0776,2025-10,8301800.0
EMP-0776,2025-11,8167500.0
EMP-0776,2025-12,8171000.0
EMP-0777,2025-01,7631200.0
EMP-0777,2025-02,7841900.0
EMP-0777,2025-03,7872300.0
EMP-0777,2025-04,7826800.0
EMP-0777,2025-05,7724700.0
EMP-0777,2025-06,7909100.0
EMP-0777,2025-07,7759400.0
EMP-0777,2025-08,7784100.0
EMP-0777,2025-09,7746500.0
EMP-0777,2025-10,7774800.0
EMP-0777,2025-11,8025300.0
EMP-0777,2025-12,7805600.0
EMP-0778,2025-01,8256200.0
EMP-0778,2025-02,8218400.0
EMP-0778,2025-03,8205900.0
EMP-0778,2025-04,8239300.0
EMP-0778,2025-05,8104000.0
EMP-0778,2025-06,8158700.0
EMP-0778,2025-07,8384600.0
EMP-0778,2025-08,8315300.0
EMP-0778,2025-09,8480800.0
EMP-0778,2025-10,8240700.0
EMP-0778,2025-11,8232900.0
EMP-0778,2025-12,8227200.0
EMP-0779,2025-01,7816800.0
EMP-0779,2025-02,7540900.0
EMP-0779,2025-03,7897200.0
EMP-0779,2025-04,7536500.0
EMP-0779,2025-05,7889400.0
EMP-0779,2025-06,7807700.0
EMP-0779,2025-07,7812300.0
EMP-0779,2025-08,7945100.0
EMP-0779,2025-09,7894900.0
EMP-0779,2025-10,7852000.0
EMP-0779,2025-11,7722900.0
EMP-0779,2025-12,7715200.0
EMP-0780,2025-01,8192100.0
EMP-0780,2025-02,8363100.0
EMP-0780,2025-03,8002200.0
EMP-0780,2025-04,8073000.0
EMP-0780,2025-05,8205500.0
EMP-0780,2025-06,8270900.0
EMP-0780,2025-07,8059700.0
EMP-0780,2025-08,8211600.0
EMP-0780,2025-09,8369700.0
EMP-0780,2025-10,8235800.0
EMP-0780,2025-11,8343200.0
EMP-0780,2025-12,8154200.0
EMP-0781,2025-01,8415100.0
EMP-0781,2025-02,8393800.0
EMP-0781,2025-03,8315500.0
EMP-0781,2025-04,8338100.0
EMP-0781,2025-05,8607100.0
EMP-0781,2025-06,8505500.0
EMP-0781,2025-07,8348900.0
EMP-0781,2025-08,8393800.0
EMP-0781,2025-09,8438300.0
EMP-0781,2025-10,8462400.0
EMP-0781,2025-11,8404100.0
EMP-0781,2025-12,8183900.0
EMP-0782,2025-01,7727700.0
EMP-0782,2025-02,7451200.0
EMP-0782,2025-03,7524900.0
EMP-0782,2025-04,7703700.0
EMP-0782,2025-05,7610100.0
EMP-0782,2025-06,7808700.0
EMP-0782,2025-07,7508300.0
EMP-0782,2025-08,7758900.0
EMP-0782,2025-09,7534900.0
EMP-0782,2025-10,7653100.0
EMP-0782,2025-11,7570900.0
EMP-0782,2025-12,7913200.0
EMP-0783,2025-01,8149900.0
EMP-0783,2025-02,8095600.0
EMP-0783,2025-03,8194600.0
EMP-0783,2025-04,8000000.0
EMP-0783,2025-05,8366100.0
EMP-0783,2025-06,8026900.0
EMP-0783,2025-07,8158300.0
EMP-0783,2025-08,8229800.0
EMP-0783,2025-09,8236900.0
EMP-0783,2025-10,8248200.0
EMP-0783,2025-11,7958600.0
EMP-0783,2025-12,8041200.0
EMP-0784,2025-01,8767200.0
EMP-0784,2025-02,9156500.0
EMP-0784,2025-03,8866500.0
EMP-0784,2025-04,9087900.0
EMP-0784,2025-05,8978900.0
EMP-0784,2025-06,8781600.0
EMP-0784,2025-07,9123500.0
EMP-0784,2025-08,8989500.0
EMP-0784,2025-09,9134700.0
EMP-0784,2025-10,8930800.0
EMP-0784,2025-11,9049900.0
EMP-0784,2025-12,8718500.0
EMP-0785,2025-01,8445400.0
EMP-0785,2025-02,8277500.0
EMP-0785,2025-03,8394800.0
EMP-0785,2025-04,8248200.0
EMP-0785,2025-05,8356100.0
EMP-0785,2025-06,8258100.0
EMP-0785,2025-07,8420400.0
EMP-0785,2025-08,8160500.0
EMP-0785,2025-09,8191500.0
EMP-0785,2025-10,8481100.0
EMP-0785,2025-11,8011300.0
EMP-0785,2025-12,8238200.0
EMP-0786,2025-01,8819900.0
EMP-0786,2025-02,8876600.0
EMP-0786,2025-03,9143900.0
EMP-0786,2025-04,8798600.0
EMP-0786,2025-05,9014200.0
EMP-0786,2025-06,8980600.0
EMP-0786,2025-07,8903300.0
EMP-0786,2025-08,9037800.0
EMP-0786,2025-09,9170400.0
EMP-0786,2025-10,8911500.0
EMP-0786,2025-11,8918600.0
EMP-0786,2025-12,9034800.0
EMP-0787,2025-01,8485700.0
EMP-0787,2025-02,8618400.0
EMP-0787,2025-03,8637600.0
EMP-0787,2025-04,8514800.0
EMP-0787,2025-05,8440700.0
EMP-0787,2025-06,8614300.0
EMP-0787,2025-07,8375100.0
EMP-0787,2025-08,8347200.0
EMP-0787,2025-09,8509100.0
EMP-0787,2025-10,8718000.0
EMP-0787,2025-11,8722800.0
EMP-0787,2025-12,8352000.0
EMP-0788,2025-01,8748200.0
EMP-0788,2025-02,8655600.0
EMP-0788,2025-03,8869200.0
EMP-0788,2025-04,8571000.0
EMP-0788,2025-05,8546300.0
EMP-0788,2025-06,8581300.0
EMP-0788,2025-07,8727300.0
EMP-0788,2025-08,8560400.0
EMP-0788,2025-09,8639200.0
EMP-0788,2025-10,8451300.0
EMP-0788,2025-11,8721900.0
EMP-0788,2025-12,8462400.0
EMP-0789,2025-11,8888700.0
EMP-0789,2025-12,8541000.0
EMP-0790,2025-01,8882900.0
EMP-0790,2025-02,8775900.0
EMP-0790,2025-03,8743800.0
EMP-0790,2025-04,8798300.0
EMP-0790,2025-05,8645500.0
EMP-0790,2025-06,8879800.0
EMP-0790,2025-07,8852800.0
EMP-0790,2025-08,8722500.0
EMP-0790,2025-09,9054500.0
EMP-0790,2025-10,8926900.0
EMP-0790,2025-11,8938100.0
EMP-0790,2025-12,8781700.0
EMP-0791,2025-01,9173200.0
EMP-0791,2025-02,8955500.0
EMP-0791,2025-03,8853100.0
EMP-0791,2025-04,8962200.0
EMP-0791,2025-05,8873900.0
EMP-0791,2025-06,8921500.0
EMP-0791,2025-07,8769700.0
EMP-0791,2025-08,9073800.0
EMP-0791,2025-09,8801900.0
EMP-0791,2025-10,9038000.0
EMP-0791,2025-11,8915400.0
EMP-0791,2025-12,8986200.0
EMP-0792,2025-01,8970200.0
EMP-0792,2025-02,9027800.0
EMP-0792,2025-03,8927100.0
EMP-0792,2025-04,8746300.0
EMP-0792,2025-05,8786800.0
EMP-0792,2025-06,8809200.0
EMP-0792,2025-07,8653400.0
EMP-0792,2025-08,9057200.0
EMP-0792,2025-09,8921300.0
EMP-0792,2025-10,8754900.0
EMP-0792,2025-11,9101000.0
EMP-0792,2025-12,8812900.0
EMP-0793,2025-11,8096500.0
EMP-0793,2025-12,8476600.0
EMP-0794,2025-01,8430400.0
EMP-0794,2025-02,8601900.0
EMP-0794,2025-03,8531600.0
EMP-0794,2025-04,8505400.0
EMP-0794,2025-05,8231600.0
EMP-0794,2025-06,8649200.0
EMP-0794,2025-07,8516000.0
EMP-0794,2025-08,8472300.0
EMP-0794,2025-09,8631700.0
EMP-0794,2025-10,8646300.0
EMP-0794,2025-11,8634500.0
EMP-0794,2025-12,8456100.0
EMP-0795,2025-01,8845300.0
EMP-0795,2025-02,8545900.0
EMP-0795,2025-03,8736000.0
EMP-0795,2025-04,8748900.0
EMP-0795,2025-05,8717700.0
EMP-0795,2025-06,8778300.0
EMP-0795,2025-07,8474500.0
EMP-0795,2025-08,8767900.0
EMP-0795,2025-09,8711300.0
EMP-0795,2025-10,8473300.0
EMP-0795,2025-11,8806500.0
EMP-0795,2025-12,8596000.0
EMP-0796,2025-01,8335200.0
EMP-0796,2025-02,8294700.0
EMP-0796,2025-03,8180900.0
EMP-0796,2025-04,8304500.0
EMP-0796,2025-05,8290200.0
EMP-0796,2025-06,8381800.0
EMP-0796,2025-07,8363000.0
EMP-0796,2025-08,8441200.0
EMP-0796,2025-09,8281400.0
EMP-0796,2025-10,8109300.0
EMP-0796,2025-11,8466100.0
EMP-0796,2025-12,8224900.0
EMP-0797,2025-01,8437600.0
EMP-0797,2025-02,8657000.0
EMP-0797,2025-03,8555500.0
EMP-0797,2025-04,8410000.0
EMP-0797,2025-05,8474500.0
EMP-0797,2025-06,8666900.0
EMP-0797,2025-07,8655400.0
EMP-0797,2025-08,8489000.0
EMP-0797,2025-09,8599800.0
EMP-0797,2025-10,8422600.0
EMP-0797,2025-11,8533100.0
EMP-0797,2025-12,8500600.0
EMP-0798,2025-01,8352500.0
EMP-0798,2025-02,8119600.0
EMP-0798,2025-03,8203900.0
EMP-0798,2025-04,8335600.0
EMP-0798,2025-05,8370100.0
EMP-0798,2025-06,8237700.0
EMP-0798,2025-07,8210600.0
EMP-0798,2025-08,8097700.0
EMP-0798,2025-09,8326700.0
EMP-0798,2025-10,8425000.0
EMP-0798,2025-11,8579500.0
EMP-0798,2025-12,8309500.0
EMP-0799,2025-01,8252200.0
EMP-0799,2025-02,8220700.0
EMP-0799,2025-03,8227100.0
EMP-0799,2025-04,8113600.0
EMP-0799,2025-05,8266300.0
EMP-0799,2025-06,7995400.0
EMP-0799,2025-07,8443800.0
EMP-0799,2025-08,8433300.0
EMP-0799,2025-09,8181400.0
EMP-0799,2025-10,8351700.0
EMP-0799,2025-11,8185800.0
EMP-0799,2025-12,8223200.0
EMP-0800,2025-01,8916900.0
EMP-0800,2025-02,8739500.0
EMP-0800,2025-03,8723300.0
EMP-0800,2025-04,8773300.0
EMP-0800,2025-05,8768900.0
EMP-0800,2025-06,8721200.0
EMP-0800,2025-07,8817900.0
EMP-0800,2025-08,8742300.0
EMP-0800,2025-09,8829400.0
EMP-0800,2025-10,8619400.0
EMP-0800,2025-11,8787800.0
EMP-0800,2025-12,8671100.0
EMP-0801,2025-01,8632800.0
EMP-0801,2025-02,8569400.0
EMP-0801,2025-03,8516900.0
EMP-0801,2025-04,8549200.0
EMP-0801,2025-05,8842800.0
EMP-0801,2025-06,8877300.0
EMP-0801,2025-07,8516100.0
EMP-0801,2025-08,8703900.0
EMP-0801,2025-09,8532600.0
EMP-0801,2025-10,8563900.0
EMP-0801,2025-11,8385900.0
EMP-0801,2025-12,8928600.0
EMP-0802,2025-01,8405700.0
EMP-0802,2025-02,8434500.0
EMP-0802,2025-03,8344900.0
EMP-0802,2025-04,8583500.0
EMP-0802,2025-05,8233700.0
EMP-0802,2025-06,8278800.0
EMP-0802,2025-07,8484100.0
EMP-0802,2025-08,8275800.0
EMP-0802,2025-09,8270900.0
EMP-0802,2025-10,8438200.0
EMP-0802,2025-11,8289500.0
EMP-0802,2025-12,8405800.0
EMP-0803,2025-01,8333900.0
EMP-0803,2025-02,8105000.0
EMP-0803,2025-03,8255300.0
EMP-0803,2025-04,8073800.0
EMP-0803,2025-05,8262100.0
EMP-0803,2025-06,8205200.0
EMP-0803,2025-07,8401900.0
EMP-0803,2025-08,8231800.0
EMP-0803,2025-09,8278000.0
EMP-0803,2025-10,8055500.0
EMP-0803,2025-11,8451300.0
EMP-0803,2025-12,8188000.0
EMP-0804,2025-01,8733600.0
EMP-0804,2025-02,8755800.0
EMP-0804,2025-03,8729400.0
EMP-0804,2025-04,8942900.0
EMP-0804,2025-05,8764800.0
EMP-0804,2025-06,8897100.0
EMP-0804,2025-07,8898300.0
EMP-0804,2025-08,9178100.0
EMP-0804,2025-09,8904900.0
EMP-0804,2025-10,8755400.0
EMP-0804,2025-11,8669100.0
EMP-0804,2025-12,8826500.0
EMP-0805,2025-01,8328600.0
EMP-0805,2025-02,8440200.0
EMP-0805,2025-03,8456600.0
EMP-0805,2025-04,8481600.0
EMP-0805,2025-05,8557800.0
EMP-0805,2025-06,8230800.0
EMP-0805,2025-07,8563600.0
EMP-0805,2025-08,8326600.0
EMP-0805,2025-09,8493200.0
EMP-0805,2025-10,8660300.0
EMP-0805,2025-11,8341300.0
EMP-0805,2025-12,8336000.0
EMP-0806,2025-01,8415100.0
EMP-0806,2025-02,8352700.0
EMP-0806,2025-03,8584600.0
EMP-0806,2025-04,8532800.0
EMP-0806,2025-05,8321300.0
EMP-0806,2025-06,8375700.0
EMP-0806,2025-07,8419300.0
EMP-0806,2025-08,8458400.0
EMP-0806,2025-09,8595500.0
EMP-0806,2025-10,8555400.0
EMP-0806,2025-11,8474200.0
EMP-0806,2025-12,8434500.0
EMP-0807,2025-01,8822600.0
EMP-0807,2025-02,8556800.0
EMP-0807,2025-03,8879500.0
EMP-0807,2025-04,8547900.0
EMP-0807,2025-05,8429600.0
EMP-0807,2025-06,8658300.0
EMP-0807,2025-07,8835100.0
EMP-0807,2025-08,8729800.0
EMP-0807,2025-09,8634200.0
EMP-0807,2025-10,8681500.0
EMP-0807,2025-11,8712700.0
EMP-0807,2025-12,8662800.0
EMP-0808,2025-01,8120700.0
EMP-0808,2025-02,8182000.0
EMP-0808,2025-03,8059800.0
EMP-0808,2025-04,8229300.0
EMP-0808,2025-05,8257900.0
EMP-0808,2025-06,8104600.0
EMP-0808,2025-07,8468000.0
EMP-0808,2025-08,8236400.0
EMP-0808,2025-09,8127800.0
EMP-0808,2025-10,8027400.0
EMP-0808,2025-11,8236000.0
EMP-0808,2025-12,8196400.0
EMP-0809,2025-01,8530500.0
EMP-0809,2025-02,8586200.0
EMP-0809,2025-03,8311000.0
EMP-0809,2025-04,8420200.0
EMP-0809,2025-05,8554800.0
EMP-0809,2025-06,8481600.0
EMP-0809,2025-07,8559100.0
EMP-0809,2025-08,8770300.0
EMP-0809,2025-09,8566500.0
EMP-0809,2025-10,8444900.0
EMP-0809,2025-11,8419100.0
EMP-0809,2025-12,8404500.0
EMP-0810,2025-01,8511100.0
EMP-0810,2025-02,8457300.0
EMP-0810,2025-03,7893500.0
EMP-0810,2025-04,8448100.0
EMP-0810,2025-05,8294800.0
EMP-0810,2025-06,8215800.0
EMP-0810,2025-07,8178500.0
EMP-0810,2025-08,8185800.0
EMP-0810,2025-09,8219300.0
EMP-0810,2025-10,8163600.0
EMP-0810,2025-11,8135200.0
EMP-0810,2025-12,8174400.0
EMP-0811,2025-11,8994700.0
EMP-0811,2025-12,9073900.0
EMP-0812,2025-01,9055000.0
EMP-0812,2025-02,8971200.0
EMP-0812,2025-03,8804200.0
EMP-0812,2025-04,9046800.0
EMP-0812,2025-05,8844800.0
EMP-0812,2025-06,9067300.0
EMP-0812,2025-07,8823100.0
EMP-0812,2025-08,8887600.0
EMP-0812,2025-09,8931500.0
EMP-0812,2025-10,9071000.0
EMP-0812,2025-11,9003900.0
EMP-0812,2025-12,8982900.0
EMP-0813,2025-01,8246500.0
EMP-0813,2025-02,8151400.0
EMP-0813,2025-03,8046300.0
EMP-0813,2025-04,8330900.0
EMP-0813,2025-05,8181700.0
EMP-0813,2025-06,8049000.0
EMP-0813,2025-07,8333300.0
EMP-0813,2025-08,8232800.0
EMP-0813,2025-09,8320000.0
EMP-0813,2025-10,8315700.0
EMP-0813,2025-11,8128200.0
EMP-0813,2025-12,8379200.0
EMP-0814,2025-01,8428400.0
EMP-0814,2025-02,8471300.0
EMP-0814,2025-03,8612500.0
EMP-0814,2025-04,8316000.0
EMP-0814,2025-05,8472100.0
EMP-0814,2025-06,8669400.0
EMP-0814,2025-07,8473400.0
EMP-0814,2025-08,8259600.0
EMP-0814,2025-09,8694000.0
EMP-0814,2025-10,8624400.0
EMP-0814,2025-11,8641600.0
EMP-0814,2025-12,8307200.0
EMP-0815,2025-01,8371800.0
EMP-0815,2025-02,8538600.0
EMP-0815,2025-03,8412300.0
EMP-0815,2025-04,8273100.0
EMP-0815,2025-05,8495900.0
EMP-0815,2025-06,8593700.0
EMP-0815,2025-07,8174700.0
EMP-0815,2025-08,8326300.0
EMP-0815,2025-09,8630500.0
EMP-0815,2025-10,8523700.0
EMP-0815,2025-11,8532200.0
EMP-0815,2025-12,8591500.0
EMP-0816,2025-01,8671400.0
EMP-0816,2025-02,8758400.0
EMP-0816,2025-03,8919300.0
EMP-0816,2025-04,8680800.0
EMP-0816,2025-05,8550300.0
EMP-0816,2025-06,8639200.0
EMP-0816,2025-07,8519200.0
EMP-0816,2025-08,8737700.0
EMP-0816,2025-09,8828000.0
EMP-0816,2025-10,8673500.0
EMP-0816,2025-11,8478000.0
EMP-0816,2025-12,8822400.0
EMP-0817,2025-01,4213000.0
EMP-0817,2025-02,4253800.0
EMP-0817,2025-03,4316700.0
EMP-0817,2025-04,4233400.0
EMP-0817,2025-05,4275700.0
EMP-0817,2025-06,4328700.0
EMP-0817,2025-07,4108400.0
EMP-0817,2025-08,4408900.0
EMP-0817,2025-09,4291700.0
EMP-0817,2025-10,4282300.0
EMP-0817,2025-11,4275000.0
EMP-0817,2025-12,4408000.0
EMP-0818,2025-01,6762400.0
EMP-0818,2025-02,6849000.0
EMP-0818,2025-03,6783500.0
EMP-0818,2025-04,6750200.0
EMP-0818,2025-05,6782000.0
EMP-0818,2025-06,6978300.0
EMP-0818,2025-07,6817600.0
EMP-0818,2025-08,6695500.0
EMP-0818,2025-09,6676600.0
EMP-0818,2025-10,7057700.0
EMP-0818,2025-11,6808700.0
EMP-0818,2025-12,6876100.0
EMP-0819,2025-01,6815000.0
EMP-0819,2025-02,6748500.0
EMP-0819,2025-03,6754300.0
EMP-0819,2025-04,6916200.0
EMP-0819,2025-05,6725800.0
EMP-0819,2025-06,6870400.0
EMP-0819,2025-07,6846300.0
EMP-0819,2025-08,6742700.0
EMP-0819,2025-09,6764900.0
EMP-0819,2025-10,6874900.0
EMP-0819,2025-11,6838000.0
EMP-0819,2025-12,6844500.0
EMP-0820,2025-01,6426600.0
EMP-0820,2025-02,6431600.0
EMP-0820,2025-03,6238400.0
EMP-0820,2025-04,6466700.0
EMP-0820,2025-05,6462600.0
EMP-0820,2025-06,6523600.0
EMP-0820,2025-07,6425300.0
EMP-0820,2025-08,6401300.0
EMP-0820,2025-09,6475400.0
EMP-0820,2025-10,6319500.0
EMP-0820,2025-11,6490100.0
EMP-0820,2025-12,6295300.0
EMP-0821,2025-01,6920700.0
EMP-0821,2025-02,6944500.0
EMP-0821,2025-03,6816500.0
EMP-0821,2025-04,6823400.0
EMP-0821,2025-05,6702500.0
EMP-0821,2025-06,6866200.0
EMP-0821,2025-07,6851700.0
EMP-0821,2025-08,6758000.0
EMP-0821,2025-09,6963900.0
EMP-0821,2025-10,6766200.0
EMP-0821,2025-11,7138400.0
EMP-0821,2025-12,6887400.0
EMP-0822,2025-01,6487200.0
EMP-0822,2025-02,6813400.0
EMP-0822,2025-03,6721000.0
EMP-0822,2025-04,6781100.0
EMP-0822,2025-05,6848600.0
EMP-0822,2025-06,6899900.0
EMP-0822,2025-07,6890400.0
EMP-0822,2025-08,6974400.0
EMP-0822,2025-09,6929000.0
EMP-0822,2025-10,6922600.0
EMP-0822,2025-11,6884200.0
EMP-0822,2025-12,6996000.0
EMP-0823,2025-01,6537700.0
EMP-0823,2025-02,6404800.0
EMP-0823,2025-03,6601200.0
EMP-0823,2025-04,6315500.0
EMP-0823,2025-05,6760900.0
EMP-0823,2025-06,6511000.0
EMP-0823,2025-07,6431000.0
EMP-0823,2025-08,6575000.0
EMP-0823,2025-09,6575800.0
EMP-0823,2025-10,6714600.0
EMP-0823,2025-11,6688800.0
EMP-0823,2025-12,6384700.0
EMP-0824,2025-01,6615600.0
EMP-0824,2025-02,6405700.0
EMP-0824,2025-03,6445500.0
EMP-0824,2025-04,6702100.0
EMP-0824,2025-05,6520400.0
EMP-0824,2025-06,6425200.0
EMP-0824,2025-07,6552300.0
EMP-0824,2025-08,6419200.0
EMP-0824,2025-09,6322400.0
EMP-0824,2025-10,6607600.0
EMP-0824,2025-11,6367200.0
EMP-0824,2025-12,6712500.0
EMP-0825,2025-01,7051100.0
EMP-0825,2025-02,6779600.0
EMP-0825,2025-03,6920100.0
EMP-0825,2025-04,6780400.0
EMP-0825,2025-05,6725600.0
EMP-0825,2025-06,6956300.0
EMP-0825,2025-07,6826000.0
EMP-0825,2025-08,6962600.0
EMP-0825,2025-09,6908100.0
EMP-0825,2025-10,6873200.0
EMP-0825,2025-11,6887500.0
EMP-0825,2025-12,6942600.0
EMP-0826,2025-01,6464600.0
EMP-0826,2025-02,6422400.0
EMP-0826,2025-03,6567200.0
EMP-0826,2025-04,6414900.0
EMP-0826,2025-05,6446100.0
EMP-0826,2025-06,6497600.0
EMP-0826,2025-07,6624400.0
EMP-0826,2025-08,6509300.0
EMP-0826,2025-09,6542000.0
EMP-0826,2025-10,6461600.0
EMP-0826,2025-11,6482900.0
EMP-0826,2025-12,6485800.0
EMP-0827,2025-01,6475000.0
EMP-0827,2025-02,6617600.0
EMP-0827,2025-03,6517700.0
EMP-0827,2025-04,6642400.0
EMP-0827,2025-05,6638800.0
EMP-0827,2025-06,6494500.0
EMP-0827,2025-07,6633100.0
EMP-0827,2025-08,6470100.0
EMP-0827,2025-09,6529000.0
EMP-0827,2025-10,6427000.0
EMP-0827,2025-11,6561000.0
EMP-0827,2025-12,6532500.0
EMP-0828,2025-01,6421300.0
EMP-0828,2025-02,6741800.0
EMP-0828,2025-03,6462800.0
EMP-0828,2025-04,6521500.0
EMP-0828,2025-05,6556100.0
EMP-0828,2025-06,6535900.0
EMP-0828,2025-07,6481900.0
EMP-0828,2025-08,6683300.0
EMP-0828,2025-09,6639700.0
EMP-0828,2025-10,6578000.0
EMP-0828,2025-11,6507200.0
EMP-0828,2025-12,6650900.0
EMP-0829,2025-01,7019000.0
EMP-0829,2025-02,6871100.0
EMP-0829,2025-03,7060100.0
EMP-0829,2025-04,6916000.0
EMP-0829,2025-05,6913800.0
EMP-0829,2025-06,6819100.0
EMP-0829,2025-07,7121300.0
EMP-0829,2025-08,6999600.0
EMP-0829,2025-09,6950100.0
EMP-0829,2025-10,6921900.0
EMP-0829,2025-11,6828700.0
EMP-0829,2025-12,6966700.0
EMP-0830,2025-01,4679400.0
EMP-0830,2025-02,4436000.0
EMP-0830,2025-03,4636000.0
EMP-0830,2025-04,4709700.0
EMP-0830,2025-05,4509100.0
EMP-0830,2025-06,4463400.0
EMP-0830,2025-07,4678100.0
EMP-0830,2025-08,4584000.0
EMP-0830,2025-09,4618500.0
EMP-0830,2025-10,4591500.0
EMP-0830,2025-11,4650900.0
EMP-0830,2025-12,4621900.0
EMP-0831,2025-01,7449500.0
EMP-0831,2025-02,7078300.0
EMP-0831,2025-03,7075100.0
EMP-0831,2025-04,6922500.0
EMP-0831,2025-05,6906200.0
EMP-0831,2025-06,6870200.0
EMP-0831,2025-07,7204200.0
EMP-0831,2025-08,7187400.0
EMP-0831,2025-09,7058900.0
EMP-0831,2025-10,6930400.0
EMP-0831,2025-11,7029600.0
EMP-0831,2025-12,7209500.0
EMP-0832,2025-01,6406500.0
EMP-0832,2025-02,6441700.0
EMP-0832,2025-03,6477300.0
EMP-0832,2025-04,6416300.0
EMP-0832,2025-05,6431100.0
EMP-0832,2025-06,6514300.0
EMP-0832,2025-07,6528000.0
EMP-0832,2025-08,6368000.0
EMP-0832,2025-09,6545700.0
EMP-0832,2025-10,6469700.0
EMP-0832,2025-11,6577300.0
EMP-0832,2025-12,6583200.0
EMP-0833,2025-01,7019700.0
EMP-0833,2025-02,6853100.0
EMP-0833,2025-03,7087100.0
EMP-0833,2025-04,6821400.0
EMP-0833,2025-05,6983400.0
EMP-0833,2025-06,6873900.0
EMP-0833,2025-07,6765900.0
EMP-0833,2025-08,6885400.0
EMP-0833,2025-09,6932500.0
EMP-0833,2025-10,7089300.0
EMP-0833,2025-11,7134400.0
EMP-0833,2025-12,6931300.0
EMP-0834,2025-01,6764300.0
EMP-0834,2025-02,6567500.0
EMP-0834,2025-03,6601800.0
EMP-0834,2025-04,6592800.0
EMP-0834,2025-05,6506300.0
EMP-0834,2025-06,6544600.0
EMP-0834,2025-07,6736800.0
EMP-0834,2025-08,6689300.0
EMP-0834,2025-09,6666300.0
EMP-0834,2025-10,6506100.0
EMP-0834,2025-11,6649100.0
EMP-0834,2025-12,6409600.0
EMP-0835,2025-01,6809800.0
EMP-0835,2025-02,6817800.0
EMP-0835,2025-03,6836300.0
EMP-0835,2025-04,6738700.0
EMP-0835,2025-05,6698400.0
EMP-0835,2025-06,6777200.0
EMP-0835,2025-07,6829000.0
EMP-0835,2025-08,6711300.0
EMP-0835,2025-09,6675700.0
EMP-0835,2025-10,6768300.0
EMP-0835,2025-11,6677000.0
EMP-0835,2025-12,6882000.0
EMP-0836,2025-01,6440800.0
EMP-0836,2025-02,6620200.0
EMP-0836,2025-03,6665800.0
EMP-0836,2025-04,6793000.0
EMP-0836,2025-05,6734800.0
EMP-0836,2025-06,6737500.0
EMP-0836,2025-07,6625600.0
EMP-0836,2025-08,6674500.0
EMP-0836,2025-09,6634200.0
EMP-0836,2025-10,6604400.0
EMP-0836,2025-11,6668100.0
EMP-0836,2025-12,6735500.0
EMP-0837,2025-01,6980900.0
EMP-0837,2025-02,6956400.0
EMP-0837,2025-03,6979000.0
EMP-0837,2025-04,6959600.0
EMP-0837,2025-05,7050400.0
EMP-0837,2025-06,7126600.0
EMP-0837,2025-07,7059300.0
EMP-0837,2025-08,6975500.0
EMP-0837,2025-09,7077400.0
EMP-0837,2025-10,7089700.0
EMP-0837,2025-11,7048900.0
EMP-0837,2025-12,7121200.0
EMP-0838,2025-01,6603200.0
EMP-0838,2025-02,6673700.0
EMP-0838,2025-03,6830700.0
EMP-0838,2025-04,6747400.0
EMP-0838,2025-05,6809500.0
EMP-0838,2025-06,6750100.0
EMP-0838,2025-07,6871700.0
EMP-0838,2025-08,6631200.0
EMP-0838,2025-09,6868500.0
EMP-0838,2025-10,6851200.0
EMP-0838,2025-11,6610700.0
EMP-0838,2025-12,6796700.0
EMP-0839,2025-11,6251200.0
EMP-0839,2025-12,6388300.0
EMP-0840,2025-01,6708300.0
EMP-0840,2025-02,6718800.0
EMP-0840,2025-03,6616800.0
EMP-0840,2025-04,6719100.0
EMP-0840,2025-05,6731900.0
EMP-0840,2025-06,6653200.0
EMP-0840,2025-07,6565800.0
EMP-0840,2025-08,6681700.0
EMP-0840,2025-09,6686300.0
EMP-0840,2025-10,6704900.0
EMP-0840,2025-11,6723900.0
EMP-0840,2025-12,6502100.0
EMP-0841,2025-01,6394600.0
EMP-0841,2025-02,6518600.0
EMP-0841,2025-03,6594400.0
EMP-0841,2025-04,6629900.0
EMP-0841,2025-05,6423100.0
EMP-0841,2025-06,6711700.0
EMP-0841,2025-07,6683000.0
EMP-0841,2025-08,6797000.0
EMP-0841,2025-09,6677900.0
EMP-0841,2025-10,6535300.0
EMP-0841,2025-11,6502100.0
EMP-0841,2025-12,6566600.0
EMP-0842,2025-01,6695500.0
EMP-0842,2025-02,6747200.0
EMP-0842,2025-03,6824900.0
EMP-0842,2025-04,6673200.0
EMP-0842,2025-05,6679900.0
EMP-0842,2025-06,6736600.0
EMP-0842,2025-07,6822500.0
EMP-0842,2025-08,6596000.0
EMP-0842,2025-09,6785300.0
EMP-0842,2025-10,6687400.0
EMP-0842,2025-11,6701500.0
EMP-0842,2025-12,6936400.0
EMP-0843,2025-01,6866300.0
EMP-0843,2025-02,6952400.0
EMP-0843,2025-03,7100400.0
EMP-0843,2025-04,7206800.0
EMP-0843,2025-05,6883200.0
EMP-0843,2025-06,6876200.0
EMP-0843,2025-07,6846300.0
EMP-0843,2025-08,6931100.0
EMP-0843,2025-09,7111500.0
EMP-0843,2025-10,7150200.0
EMP-0843,2025-11,6793200.0
EMP-0843,2025-12,6885000.0
EMP-0844,2025-01,6595400.0
EMP-0844,2025-02,6617200.0
EMP-0844,2025-03,6552100.0
EMP-0844,2025-04,6525700.0
EMP-0844,2025-05,6791600.0
EMP-0844,2025-06,6667400.0
EMP-0844,2025-07,6699400.0
EMP-0844,2025-08,6627500.0
EMP-0844,2025-09,6670000.0
EMP-0844,2025-10,6734100.0
EMP-0844,2025-11,6541900.0
EMP-0844,2025-12,6667500.0
EMP-0845,2025-01,6899800.0
EMP-0845,2025-02,7142600.0
EMP-0845,2025-03,6827000.0
EMP-0845,2025-04,7070900.0
EMP-0845,2025-05,6630200.0
EMP-0845,2025-06,6940800.0
EMP-0845,2025-07,6948500.0
EMP-0845,2025-08,6920300.0
EMP-0845,2025-09,6927000.0
EMP-0845,2025-10,6935700.0
EMP-0845,2025-11,6940600.0
EMP-0845,2025-12,6847600.0
EMP-0846,2025-01,6683500.0
EMP-0846,2025-02,6490400.0
EMP-0846,2025-03,6421600.0
EMP-0846,2025-04,6705600.0
EMP-0846,2025-05,6579600.0
EMP-0846,2025-06,6716200.0
EMP-0846,2025-07,6612600.0
EMP-0846,2025-08,6398400.0
EMP-0846,2025-09,6591200.0
EMP-0846,2025-10,6431700.0
EMP-0846,2025-11,6528700.0
EMP-0846,2025-12,6520600.0
EMP-0847,2025-01,6680700.0
EMP-0847,2025-02,6473300.0
EMP-0847,2025-03,6695800.0
EMP-0847,2025-04,6674900.0
EMP-0847,2025-05,6717700.0
EMP-0847,2025-06,6745600.0
EMP-0847,2025-07,6423800.0
EMP-0847,2025-08,6618300.0
EMP-0847,2025-09,6656500.0
EMP-0847,2025-10,6635900.0
EMP-0847,2025-11,6630300.0
EMP-0847,2025-12,6770800.0
EMP-0848,2025-01,6611900.0
EMP-0848,2025-02,6611000.0
EMP-0848,2025-03,6722100.0
EMP-0848,2025-04,6644700.0
EMP-0848,2025-05,6923200.0
EMP-0848,2025-06,6599700.0
EMP-0848,2025-07,6847000.0
EMP-0848,2025-08,6728200.0
EMP-0848,2025-09,6787300.0
EMP-0848,2025-10,6781200.0
EMP-0848,2025-11,6483000.0
EMP-0848,2025-12,6705000.0
EMP-0849,2025-01,7218300.0
EMP-0849,2025-02,6886500.0
EMP-0849,2025-03,6946700.0
EMP-0849,2025-04,7319900.0
EMP-0849,2025-05,7094500.0
EMP-0849,2025-06,6746400.0
EMP-0849,2025-07,7131100.0
EMP-0849,2025-08,6916000.0
EMP-0849,2025-09,6963300.0
EMP-0849,2025-10,7292500.0
EMP-0849,2025-11,7198200.0
EMP-0849,2025-12,7234300.0
EMP-0850,2025-01,6761600.0
EMP-0850,2025-02,6682700.0
EMP-0850,2025-03,6761200.0
EMP-0850,2025-04,6579800.0
EMP-0850,2025-05,6541700.0
EMP-0850,2025-06,6613500.0
EMP-0850,2025-07,6569400.0
EMP-0850,2025-08,6667800.0
EMP-0850,2025-09,6698100.0
EMP-0850,2025-10,6705900.0
EMP-0850,2025-11,6652700.0
EMP-0850,2025-12,6626400.0
EMP-0851,2025-01,2732300.0
EMP-0851,2025-02,2610100.0
EMP-0851,2025-03,2792700.0
EMP-0851,2025-04,2824300.0
EMP-0851,2025-05,2722500.0
EMP-0851,2025-06,2709600.0
EMP-0851,2025-07,2725500.0
EMP-0851,2025-08,2760300.0
EMP-0851,2025-09,2783700.0
EMP-0851,2025-10,2761300.0
EMP-0851,2025-11,2796600.0
EMP-0851,2025-12,2754100.0
EMP-0852,2025-01,4153600.0
EMP-0852,2025-02,4166600.0
EMP-0852,2025-03,4135900.0
EMP-0852,2025-04,4054600.0
EMP-0852,2025-05,4025700.0
EMP-0852,2025-06,4057200.0
EMP-0852,2025-07,4210500.0
EMP-0852,2025-08,4107900.0
EMP-0852,2025-09,4221100.0
EMP-0852,2025-10,4083200.0
EMP-0852,2025-11,4074700.0
EMP-0852,2025-12,4086100.0
EMP-0853,2025-01,2473000.0
EMP-0853,2025-02,2629600.0
EMP-0853,2025-03,2599100.0
EMP-0853,2025-04,2637400.0
EMP-0853,2025-05,2548300.0
EMP-0853,2025-06,2566000.0
EMP-0853,2025-07,2644000.0
EMP-0853,2025-08,2653700.0
EMP-0853,2025-09,2535400.0
EMP-0853,2025-10,2566700.0
EMP-0853,2025-11,2537700.0
EMP-0853,2025-12,2637100.0
EMP-0854,2025-01,3844500.0
EMP-0854,2025-02,3866100.0
EMP-0854,2025-03,3772000.0
EMP-0854,2025-04,3714900.0
EMP-0854,2025-05,3772400.0
EMP-0854,2025-06,3862000.0
EMP-0854,2025-07,3943600.0
EMP-0854,2025-08,3797900.0
EMP-0854,2025-09,3953100.0
EMP-0854,2025-10,3870200.0
EMP-0854,2025-11,3742700.0
EMP-0854,2025-12,3834800.0
EMP-0855,2025-01,3962300.0
EMP-0855,2025-02,3884900.0
EMP-0855,2025-03,3823000.0
EMP-0855,2025-04,3983700.0
EMP-0855,2025-05,3839700.0
EMP-0855,2025-06,3809800.0
EMP-0855,2025-07,3909900.0
EMP-0855,2025-08,3799200.0
EMP-0855,2025-09,3934300.0
EMP-0855,2025-10,3807900.0
EMP-0855,2025-11,3889500.0
EMP-0855,2025-12,3893300.0
EMP-0856,2025-01,3760000.0
EMP-0856,2025-02,3789300.0
EMP-0856,2025-03,3841100.0
EMP-0856,2025-04,3751400.0
EMP-0856,2025-05,3719100.0
EMP-0856,2025-06,3777500.0
EMP-0856,2025-07,3708300.0
EMP-0856,2025-08,3769900.0
EMP-0856,2025-09,3769800.0
EMP-0856,2025-10,3645800.0
EMP-0856,2025-11,3815800.0
EMP-0856,2025-12,3775300.0
EMP-0857,2025-01,3962000.0
EMP-0857,2025-02,3970700.0
EMP-0857,2025-03,3932000.0
EMP-0857,2025-04,4060000.0
EMP-0857,2025-05,3884800.0
EMP-0857,2025-06,3915700.0
EMP-0857,2025-07,4032300.0
EMP-0857,2025-08,3911400.0
EMP-0857,2025-09,3927900.0
EMP-0857,2025-10,3958300.0
EMP-0857,2025-11,4003300.0
EMP-0857,2025-12,3942800.0
EMP-0858,2025-01,3819800.0
EMP-0858,2025-02,3803700.0
EMP-0858,2025-03,3821100.0
EMP-0858,2025-04,3729200.0
EMP-0858,2025-05,3886400.0
EMP-0858,2025-06,3838000.0
EMP-0858,2025-07,3829400.0
EMP-0858,2025-08,3829600.0
EMP-0858,2025-09,3845900.0
EMP-0858,2025-10,3882800.0
EMP-0858,2025-11,3842100.0
EMP-0858,2025-12,3766600.0
EMP-0859,2025-01,4034000.0
EMP-0859,2025-02,4032600.0
EMP-0859,2025-03,4084700.0
EMP-0859,2025-04,4032900.0
EMP-0859,2025-05,4169600.0
EMP-0859,2025-06,4034700.0
EMP-0859,2025-07,3994500.0
EMP-0859,2025-08,4111900.0
EMP-0859,2025-09,4008000.0
EMP-0859,2025-10,3984600.0
EMP-0859,2025-11,3949100.0
EMP-0859,2025-12,4049600.0
EMP-0860,2025-01,3723600.0
EMP-0860,2025-02,3821900.0
EMP-0860,2025-03,3793800.0
EMP-0860,2025-04,3732300.0
EMP-0860,2025-05,3806800.0
EMP-0860,2025-06,3763600.0
EMP-0860,2025-07,3722100.0
EMP-0860,2025-08,3732200.0
EMP-0860,2025-09,3797200.0
EMP-0860,2025-10,3825700.0
EMP-0860,2025-11,3745000.0
EMP-0860,2025-12,3803300.0
EMP-0861,2025-01,3917400.0
EMP-0861,2025-02,3885400.0
EMP-0861,2025-03,3922400.0
EMP-0861,2025-04,3892800.0
EMP-0861,2025-05,3970800.0
EMP-0861,2025-06,3853600.0
EMP-0861,2025-07,3868600.0
EMP-0861,2025-08,3912000.0
EMP-0861,2025-09,3916200.0
EMP-0861,2025-10,3885100.0
EMP-0861,2025-11,3773900.0
EMP-0861,2025-12,3763600.0
EMP-0862,2025-11,3920500.0
EMP-0862,2025-12,3897400.0
EMP-0863,2025-01,3865700.0
EMP-0863,2025-02,3824900.0
EMP-0863,2025-03,3845300.0
EMP-0863,2025-04,3862100.0
EMP-0863,2025-05,3736400.0
EMP-0863,2025-06,3865800.0
EMP-0863,2025-07,3786200.0
EMP-0863,2025-08,3814600.0
EMP-0863,2025-09,3790400.0
EMP-0863,2025-10,3890000.0
EMP-0863,2025-11,3761000.0
EMP-0863,2025-12,3907600.0
EMP-0864,2025-01,3976400.0
EMP-0864,2025-02,3910700.0
EMP-0864,2025-03,3869000.0
EMP-0864,2025-04,3818800.0
EMP-0864,2025-05,3824100.0
EMP-0864,2025-06,3920300.0
EMP-0864,2025-07,3831300.0
EMP-0864,2025-08,3902100.0
EMP-0864,2025-09,4015400.0
EMP-0864,2025-10,3875700.0
EMP-0864,2025-11,3839900.0
EMP-0864,2025-12,3918400.0
EMP-0865,2025-01,3910000.0
EMP-0865,2025-02,3821400.0
EMP-0865,2025-03,3927000.0
EMP-0865,2025-04,4025500.0
EMP-0865,2025-05,3921500.0
EMP-0865,2025-06,3905400.0
EMP-0865,2025-07,4023000.0
EMP-0865,2025-08,4030600.0
EMP-0865,2025-09,3930300.0
EMP-0865,2025-10,3992500.0
EMP-0865,2025-11,3910600.0
EMP-0865,2025-12,3941800.0
EMP-0866,2025-01,3986300.0
EMP-0866,2025-02,3859900.0
EMP-0866,2025-03,3958300.0
EMP-0866,2025-04,3921300.0
EMP-0866,2025-05,3893000.0
EMP-0866,2025-06,3920000.0
EMP-0866,2025-07,3989600.0
EMP-0866,2025-08,3855800.0
EMP-0866,2025-09,3901800.0
EMP-0866,2025-10,3881800.0
EMP-0866,2025-11,3923800.0
EMP-0866,2025-12,3885700.0
EMP-0867,2025-01,3786000.0
EMP-0867,2025-02,3749200.0
EMP-0867,2025-03,3826500.0
EMP-0867,2025-04,3676200.0
EMP-0867,2025-05,3768700.0
EMP-0867,2025-06,3813800.0
EMP-0867,2025-07,3915700.0
EMP-0867,2025-08,3718400.0
EMP-0867,2025-09,3801200.0
EMP-0867,2025-10,3827400.0
EMP-0867,2025-11,3799800.0
EMP-0867,2025-12,3726000.0
EMP-0868,2025-01,3787500.0
EMP-0868,2025-02,3863700.0
EMP-0868,2025-03,3799900.0
EMP-0868,2025-04,3869400.0
EMP-0868,2025-05,3902800.0
EMP-0868,2025-06,3956500.0
EMP-0868,2025-07,3779800.0
EMP-0868,2025-08,3925900.0
EMP-0868,2025-09,3876900.0
EMP-0868,2025-10,3843100.0
EMP-0868,2025-11,3913400.0
EMP-0868,2025-12,3855600.0
EMP-0869,2025-01,3675900.0
EMP-0869,2025-02,3768700.0
EMP-0869,2025-03,3769100.0
EMP-0869,2025-04,3750500.0
EMP-0869,2025-05,3714900.0
EMP-0869,2025-06,3707900.0
EMP-0869,2025-07,3724600.0
EMP-0869,2025-08,3621700.0
EMP-0869,2025-09,3726700.0
EMP-0869,2025-10,3811200.0
EMP-0869,2025-11,3715500.0
EMP-0869,2025-12,3726300.0
EMP-0870,2025-01,3956500.0
EMP-0870,2025-02,3908400.0
EMP-0870,2025-03,3986100.0
EMP-0870,2025-04,3867700.0
EMP-0870,2025-05,4009600.0
EMP-0870,2025-06,4028100.0
EMP-0870,2025-07,3882700.0
EMP-0870,2025-08,3882700.0
EMP-0870,2025-09,3960900.0
EMP-0870,2025-10,3866500.0
EMP-0870,2025-11,3907500.0
EMP-0870,2025-12,4001700.0
EMP-0871,2025-01,3927500.0
EMP-0871,2025-02,3975600.0
EMP-0871,2025-03,4039800.0
EMP-0871,2025-04,3997100.0
EMP-0871,2025-05,3913500.0
EMP-0871,2025-06,4075800.0
EMP-0871,2025-07,3952400.0
EMP-0871,2025-08,3915400.0
EMP-0871,2025-09,3923800.0
EMP-0871,2025-10,3890700.0
EMP-0871,2025-11,3836200.0
EMP-0871,2025-12,3963100.0
EMP-0872,2025-01,3970100.0
EMP-0872,2025-02,3854400.0
EMP-0872,2025-03,3906700.0
EMP-0872,2025-04,3961200.0
EMP-0872,2025-05,4060200.0
EMP-0872,2025-06,3937500.0
EMP-0872,2025-07,3813700.0
EMP-0872,2025-08,3986800.0
EMP-0872,2025-09,3916900.0
EMP-0872,2025-10,3934700.0
EMP-0872,2025-11,3963500.0
EMP-0872,2025-12,3799400.0
EMP-0873,2025-01,3843500.0
EMP-0873,2025-02,3728600.0
EMP-0873,2025-03,3697700.0
EMP-0873,2025-04,3739200.0
EMP-0873,2025-05,3649200.0
EMP-0873,2025-06,3682600.0
EMP-0873,2025-07,3777600.0
EMP-0873,2025-08,3733100.0
EMP-0873,2025-09,3839900.0
EMP-0873,2025-10,3737500.0
EMP-0873,2025-11,3653000.0
EMP-0873,2025-12,3634100.0
EMP-0874,2025-01,3772300.0
EMP-0874,2025-02,3905400.0
EMP-0874,2025-03,3798200.0
EMP-0874,2025-04,3759700.0
EMP-0874,2025-05,3851900.0
EMP-0874,2025-06,3864300.0
EMP-0874,2025-07,3864700.0
EMP-0874,2025-08,3810800.0
EMP-0874,2025-09,3841000.0
EMP-0874,2025-10,3789100.0
EMP-0874,2025-11,3922500.0
EMP-0874,2025-12,3892100.0
EMP-0875,2025-01,3938800.0
EMP-0875,2025-02,4023000.0
EMP-0875,2025-03,4056200.0
EMP-0875,2025-04,4094500.0
EMP-0875,2025-05,3993900.0
EMP-0875,2025-06,3954300.0
EMP-0875,2025-07,3930800.0
EMP-0875,2025-08,4042200.0
EMP-0875,2025-09,3943800.0
EMP-0875,2025-10,3990100.0
EMP-0875,2025-11,3931100.0
EMP-0875,2025-12,3974200.0
EMP-0876,2025-01,3989100.0
EMP-0876,2025-02,4033200.0
EMP-0876,2025-03,3979700.0
EMP-0876,2025-04,4013000.0
EMP-0876,2025-05,3914400.0
EMP-0876,2025-06,3955600.0
EMP-0876,2025-07,4045100.0
EMP-0876,2025-08,3931700.0
EMP-0876,2025-09,4080500.0
EMP-0876,2025-10,4064200.0
EMP-0876,2025-11,3989500.0
EMP-0876,2025-12,4185800.0
EMP-0877,2025-01,3863900.0
EMP-0877,2025-02,3948900.0
EMP-0877,2025-03,3781500.0
EMP-0877,2025-04,3779500.0
EMP-0877,2025-05,3714600.0
EMP-0877,2025-06,3765400.0
EMP-0877,2025-07,3836900.0
EMP-0877,2025-08,3803900.0
EMP-0877,2025-09,3802600.0
EMP-0877,2025-10,3847000.0
EMP-0877,2025-11,3879200.0
EMP-0877,2025-12,3846400.0
EMP-0878,2025-01,4183400.0
EMP-0878,2025-02,4278100.0
EMP-0878,2025-03,4075200.0
EMP-0878,2025-04,3991400.0
EMP-0878,2025-05,4104400.0
EMP-0878,2025-06,4084600.0
EMP-0878,2025-07,4218400.0
EMP-0878,2025-08,4199700.0
EMP-0878,2025-09,4150400.0
EMP-0878,2025-10,4061200.0
EMP-0878,2025-11,4138900.0
EMP-0878,2025-12,4113500.0
EMP-0879,2025-01,3920900.0
EMP-0879,2025-02,3930300.0
EMP-0879,2025-03,3733700.0
EMP-0879,2025-04,3789000.0
EMP-0879,2025-05,3817600.0
EMP-0879,2025-06,3838000.0
EMP-0879,2025-07,3817700.0
EMP-0879,2025-08,3752100.0
EMP-0879,2025-09,3749600.0
EMP-0879,2025-10,3718200.0
EMP-0879,2025-11,3690900.0
EMP-0879,2025-12,3716900.0
EMP-0880,2025-01,3931100.0
EMP-0880,2025-02,4041800.0
EMP-0880,2025-03,4084700.0
EMP-0880,2025-04,3882800.0
EMP-0880,2025-05,3917200.0
EMP-0880,2025-06,3921500.0
EMP-0880,2025-07,4029900.0
EMP-0880,2025-08,4071900.0
EMP-0880,2025-09,3909800.0
EMP-0880,2025-10,4058500.0
EMP-0880,2025-11,3931900.0
EMP-0880,2025-12,3994200.0
EMP-0881,2025-01,3843300.0
EMP-0881,2025-02,3872500.0
EMP-0881,2025-03,3981800.0
EMP-0881,2025-04,3962200.0
EMP-0881,2025-05,3893200.0
EMP-0881,2025-06,3771500.0
EMP-0881,2025-07,3920600.0
EMP-0881,2025-08,3919200.0
EMP-0881,2025-09,3843000.0
EMP-0881,2025-10,3946200.0
EMP-0881,2025-11,3841900.0
EMP-0881,2025-12,3946000.0
EMP-0882,2025-01,3908300.0
EMP-0882,2025-02,3827400.0
EMP-0882,2025-03,3824800.0
EMP-0882,2025-04,3819300.0
EMP-0882,2025-05,3723200.0
EMP-0882,2025-06,3908800.0
EMP-0882,2025-07,3825700.0
EMP-0882,2025-08,3839600.0
EMP-0882,2025-09,3697800.0
EMP-0882,2025-10,3842800.0
EMP-0882,2025-11,3778100.0
EMP-0882,2025-12,3723000.0
EMP-0883,2025-01,3838500.0
EMP-0883,2025-02,3705200.0
EMP-0883,2025-03,3851700.0
EMP-0883,2025-04,3799500.0
EMP-0883,2025-05,3823100.0
EMP-0883,2025-06,3759600.0
EMP-0883,2025-07,3820800.0
EMP-0883,2025-08,3923000.0
EMP-0883,2025-09,3803700.0
EMP-0883,2025-10,3699600.0
EMP-0883,2025-11,3896300.0
EMP-0883,2025-12,3857800.0
EMP-0884,2025-01,3805500.0
EMP-0884,2025-02,3745400.0
EMP-0884,2025-03,3617600.0
EMP-0884,2025-04,3726300.0
EMP-0884,2025-05,3736700.0
EMP-0884,2025-06,3780500.0
EMP-0884,2025-07,3821700.0
EMP-0884,2025-08,3770800.0
EMP-0884,2025-09,3744700.0
EMP-0884,2025-10,3757900.0
EMP-0884,2025-11,3710800.0
EMP-0884,2025-12,3638500.0
EMP-0885,2025-01,4032800.0
EMP-0885,2025-02,3996100.0
EMP-0885,2025-03,4023700.0
EMP-0885,2025-04,4052900.0
EMP-0885,2025-05,3911200.0
EMP-0885,2025-06,3929600.0
EMP-0885,2025-07,3936300.0
EMP-0885,2025-08,4107000.0
EMP-0885,2025-09,4028800.0
EMP-0885,2025-10,4034400.0
EMP-0885,2025-11,4058500.0
EMP-0885,2025-12,3928200.0
EMP-0886,2025-01,3757200.0
EMP-0886,2025-02,3707100.0
EMP-0886,2025-03,3789900.0
EMP-0886,2025-04,3851000.0
EMP-0886,2025-05,3753000.0
EMP-0886,2025-06,3730000.0
EMP-0886,2025-07,3819000.0
EMP-0886,2025-08,3722400.0
EMP-0886,2025-09,3823400.0
EMP-0886,2025-10,3786500.0
EMP-0886,2025-11,3834200.0
EMP-0886,2025-12,3726900.0
EMP-0887,2025-01,3663100.0
EMP-0887,2025-02,3687000.0
EMP-0887,2025-03,3694700.0
EMP-0887,2025-04,3700600.0
EMP-0887,2025-05,3710900.0
EMP-0887,2025-06,3695000.0
EMP-0887,2025-07,3681600.0
EMP-0887,2025-08,3628600.0
EMP-0887,2025-09,3712000.0
EMP-0887,2025-10,3626900.0
EMP-0887,2025-11,3649200.0
EMP-0887,2025-12,3617800.0
EMP-0888,2025-01,3867000.0
EMP-0888,2025-02,3819000.0
EMP-0888,2025-03,3873200.0
EMP-0888,2025-04,3735500.0
EMP-0888,2025-05,3762100.0
EMP-0888,2025-06,3786000.0
EMP-0888,2025-07,3755600.0
EMP-0888,2025-08,3714300.0
EMP-0888,2025-09,3705800.0
EMP-0888,2025-10,3768400.0
EMP-0888,2025-11,3696200.0
EMP-0888,2025-12,3694600.0
EMP-0889,2025-01,3735700.0
EMP-0889,2025-02,3824000.0
EMP-0889,2025-03,3715700.0
EMP-0889,2025-04,3744900.0
EMP-0889,2025-05,3788900.0
EMP-0889,2025-06,3732300.0
EMP-0889,2025-07,3740200.0
EMP-0889,2025-08,3728200.0
EMP-0889,2025-09,3733000.0
EMP-0889,2025-10,3699400.0
EMP-0889,2025-11,3750500.0
EMP-0889,2025-12,3825200.0
EMP-0890,2025-01,3925500.0
EMP-0890,2025-02,3893300.0
EMP-0890,2025-03,3941200.0
EMP-0890,2025-04,4031900.0
EMP-0890,2025-05,3933400.0
EMP-0890,2025-06,3904100.0
EMP-0890,2025-07,3774900.0
EMP-0890,2025-08,3782200.0
EMP-0890,2025-09,3871500.0
EMP-0890,2025-10,3752600.0
EMP-0890,2025-11,3886200.0
EMP-0890,2025-12,3727400.0
EMP-0891,2025-01,3874600.0
EMP-0891,2025-02,3870000.0
EMP-0891,2025-03,3700600.0
EMP-0891,2025-04,3666700.0
EMP-0891,2025-05,3735800.0
EMP-0891,2025-06,3821900.0
EMP-0891,2025-07,3840300.0
EMP-0891,2025-08,3809800.0
EMP-0891,2025-09,3802100.0
EMP-0891,2025-10,3905800.0
EMP-0891,2025-11,3745100.0
EMP-0891,2025-12,3728200.0
EMP-0892,2025-01,3915500.0
EMP-0892,2025-02,3835400.0
EMP-0892,2025-03,3804400.0
EMP-0892,2025-04,3788200.0
EMP-0892,2025-05,3890600.0
EMP-0892,2025-06,3850800.0
EMP-0892,2025-07,3943400.0
EMP-0892,2025-08,3778700.0
EMP-0892,2025-09,3818200.0
EMP-0892,2025-10,3846300.0
EMP-0892,2025-11,3808200.0
EMP-0892,2025-12,3852000.0
EMP-0893,2025-01,3915100.0
EMP-0893,2025-02,4035400.0
EMP-0893,2025-03,3905200.0
EMP-0893,2025-04,3971800.0
EMP-0893,2025-05,4006500.0
EMP-0893,2025-06,3987000.0
EMP-0893,2025-07,3920700.0
EMP-0893,2025-08,4003900.0
EMP-0893,2025-09,3963400.0
EMP-0893,2025-10,3852100.0
EMP-0893,2025-11,4026700.0
EMP-0893,2025-12,3917700.0
EMP-0894,2025-01,4012000.0
EMP-0894,2025-02,3936900.0
EMP-0894,2025-03,3917700.0
EMP-0894,2025-04,3893300.0
EMP-0894,2025-05,3970400.0
EMP-0894,2025-06,3883700.0
EMP-0894,2025-07,3974400.0
EMP-0894,2025-08,4040900.0
EMP-0894,2025-09,3947400.0
EMP-0894,2025-10,3936500.0
EMP-0894,2025-11,4087400.0
EMP-0894,2025-12,4058300.0
EMP-0895,2025-01,2385200.0
EMP-0895,2025-02,2439700.0
EMP-0895,2025-03,2455500.0
EMP-0895,2025-04,2344600.0
EMP-0895,2025-05,2444400.0
EMP-0895,2025-06,2464200.0
EMP-0895,2025-07,2371300.0
EMP-0895,2025-08,2390100.0
EMP-0895,2025-09,2387800.0
EMP-0895,2025-10,2423800.0
EMP-0895,2025-11,2371000.0
EMP-0895,2025-12,2453800.0
EMP-0896,2025-01,2460500.0
EMP-0896,2025-02,2576400.0
EMP-0896,2025-03,2569100.0
EMP-0896,2025-04,2551100.0
EMP-0896,2025-05,2606200.0
EMP-0896,2025-06,2584400.0
EMP-0896,2025-07,2593800.0
EMP-0896,2025-08,2602900.0
EMP-0896,2025-09,2676600.0
EMP-0896,2025-10,2699200.0
EMP-0896,2025-11,2534500.0
EMP-0896,2025-12,2522600.0
EMP-0897,2025-01,3975000.0
EMP-0897,2025-02,3945400.0
EMP-0897,2025-03,3953900.0
EMP-0897,2025-04,3876500.0
EMP-0897,2025-05,3861600.0
EMP-0897,2025-06,3941200.0
EMP-0897,2025-07,3947800.0
EMP-0897,2025-08,3874900.0
EMP-0897,2025-09,3970800.0
EMP-0897,2025-10,3973400.0
EMP-0897,2025-11,3946300.0
EMP-0897,2025-12,3938000.0
EMP-0898,2025-01,3698400.0
EMP-0898,2025-02,3726900.0
EMP-0898,2025-03,3812100.0
EMP-0898,2025-04,3824200.0
EMP-0898,2025-05,3743600.0
EMP-0898,2025-06,3695000.0
EMP-0898,2025-07,3743400.0
EMP-0898,2025-08,3865500.0
EMP-0898,2025-09,3804100.0
EMP-0898,2025-10,3778900.0
EMP-0898,2025-11,3802100.0
EMP-0898,2025-12,3834600.0
EMP-0899,2025-01,3929100.0
EMP-0899,2025-02,3991600.0
EMP-0899,2025-03,3967700.0
EMP-0899,2025-04,3916900.0
EMP-0899,2025-05,4026000.0
EMP-0899,2025-06,3969700.0
EMP-0899,2025-07,3898300.0
EMP-0899,2025-08,3891400.0
EMP-0899,2025-09,4058500.0
EMP-0899,2025-10,3913500.0
EMP-0899,2025-11,3987200.0
EMP-0899,2025-12,3964900.0
EMP-0900,2025-01,3971900.0
EMP-0900,2025-02,3900600.0
EMP-0900,2025-03,3828400.0
EMP-0900,2025-04,3904700.0
EMP-0900,2025-05,3868600.0
EMP-0900,2025-06,3734500.0
EMP-0900,2025-07,3897600.0
EMP-0900,2025-08,3877600.0
EMP-0900,2025-09,3937900.0
EMP-0900,2025-10,3827300.0
EMP-0900,2025-11,3783400.0
EMP-0900,2025-12,3880600.0
EMP-0901,2025-01,3813800.0
EMP-0901,2025-02,3852500.0
EMP-0901,2025-03,3911200.0
EMP-0901,2025-04,3764100.0
EMP-0901,2025-05,3880400.0
EMP-0901,2025-06,3894200.0
EMP-0901,2025-07,3902900.0
EMP-0901,2025-08,3847300.0
EMP-0901,2025-09,3912500.0
EMP-0901,2025-10,3804800.0
EMP-0901,2025-11,3906500.0
EMP-0901,2025-12,3848300.0
EMP-0902,2025-01,3913000.0
EMP-0902,2025-02,3932800.0
EMP-0902,2025-03,3991800.0
EMP-0902,2025-04,3971000.0
EMP-0902,2025-05,3922900.0
EMP-0902,2025-06,4021300.0
EMP-0902,2025-07,3972600.0
EMP-0902,2025-08,3895500.0
EMP-0902,2025-09,3840100.0
EMP-0902,2025-10,3896900.0
EMP-0902,2025-11,3945600.0
EMP-0902,2025-12,3956400.0
EMP-0903,2025-01,3697300.0
EMP-0903,2025-02,3783900.0
EMP-0903,2025-03,3667800.0
EMP-0903,2025-04,3671400.0
EMP-0903,2025-05,3779400.0
EMP-0903,2025-06,3733300.0
EMP-0903,2025-07,3686400.0
EMP-0903,2025-08,3805700.0
EMP-0903,2025-09,3773100.0
EMP-0903,2025-10,3632500.0
EMP-0903,2025-11,3806200.0
EMP-0903,2025-12,3692300.0
EMP-0904,2025-01,3797600.0
EMP-0904,2025-02,3764700.0
EMP-0904,2025-03,3738100.0
EMP-0904,2025-04,3689800.0
EMP-0904,2025-05,3697000.0
EMP-0904,2025-06,3739200.0
EMP-0904,2025-07,3734800.0
EMP-0904,2025-08,3717800.0
EMP-0904,2025-09,3795700.0
EMP-0904,2025-10,3803500.0
EMP-0904,2025-11,3748400.0
EMP-0904,2025-12,3884000.0
EMP-0905,2025-01,3793600.0
EMP-0905,2025-02,3801400.0
EMP-0905,2025-03,3807800.0
EMP-0905,2025-04,3691900.0
EMP-0905,2025-05,3767300.0
EMP-0905,2025-06,3733100.0
EMP-0905,2025-07,3758000.0
EMP-0905,2025-08,3796200.0
EMP-0905,2025-09,3768600.0
EMP-0905,2025-10,3762200.0
EMP-0905,2025-11,3799600.0
EMP-0905,2025-12,3782800.0
EMP-0906,2025-01,3598400.0
EMP-0906,2025-02,3728400.0
EMP-0906,2025-03,3601400.0
EMP-0906,2025-04,3624800.0
EMP-0906,2025-05,3605500.0
EMP-0906,2025-06,3604600.0
EMP-0906,2025-07,3646400.0
EMP-0906,2025-08,3639500.0
EMP-0906,2025-09,3620000.0
EMP-0906,2025-10,3629600.0
EMP-0906,2025-11,3605700.0
EMP-0906,2025-12,3667100.0
EMP-0907,2025-01,3835000.0
EMP-0907,2025-02,3904100.0
EMP-0907,2025-03,3750000.0
EMP-0907,2025-04,3856100.0
EMP-0907,2025-05,3737700.0
EMP-0907,2025-06,3756400.0
EMP-0907,2025-07,3868000.0
EMP-0907,2025-08,3779800.0
EMP-0907,2025-09,3825600.0
EMP-0907,2025-10,3771300.0
EMP-0907,2025-11,3684200.0
EMP-0907,2025-12,3919300.0
EMP-0908,2025-01,3929500.0
EMP-0908,2025-02,3899600.0
EMP-0908,2025-03,3869600.0
EMP-0908,2025-04,3861300.0
EMP-0908,2025-05,3966800.0
EMP-0908,2025-06,3929600.0
EMP-0908,2025-07,4025800.0
EMP-0908,2025-08,3974400.0
EMP-0908,2025-09,3874300.0
EMP-0908,2025-10,3966700.0
EMP-0908,2025-11,3899400.0
EMP-0908,2025-12,3988800.0
EMP-0909,2025-01,3615300.0
EMP-0909,2025-02,3643600.0
EMP-0909,2025-03,3642800.0
EMP-0909,2025-04,3632500.0
EMP-0909,2025-05,3713900.0
EMP-0909,2025-06,3628500.0
EMP-0909,2025-07,3785900.0
EMP-0909,2025-08,3739200.0
EMP-0909,2025-09,3750200.0
EMP-0909,2025-10,3646400.0
EMP-0909,2025-11,3695600.0
EMP-0909,2025-12,3626900.0
EMP-0910,2025-01,3610500.0
EMP-0910,2025-02,3740000.0
EMP-0910,2025-03,3736900.0
EMP-0910,2025-04,3733200.0
EMP-0910,2025-05,3681500.0
EMP-0910,2025-06,3753200.0
EMP-0910,2025-07,3744300.0
EMP-0910,2025-08,3710800.0
EMP-0910,2025-09,3760000.0
EMP-0910,2025-10,3717200.0
EMP-0910,2025-11,3752000.0
EMP-0910,2025-12,3715500.0
EMP-0911,2025-01,4017400.0
EMP-0911,2025-02,3958700.0
EMP-0911,2025-03,3963400.0
EMP-0911,2025-04,3978400.0
EMP-0911,2025-05,4038200.0
EMP-0911,2025-06,3949700.0
EMP-0911,2025-07,4037900.0
EMP-0911,2025-08,3985300.0
EMP-0911,2025-09,3926300.0
EMP-0911,2025-10,3967600.0
EMP-0911,2025-11,3903400.0
EMP-0911,2025-12,3890000.0
EMP-0912,2025-01,3978300.0
EMP-0912,2025-02,3991000.0
EMP-0912,2025-03,3959300.0
EMP-0912,2025-04,3852300.0
EMP-0912,2025-05,3927500.0
EMP-0912,2025-06,3914000.0
EMP-0912,2025-07,3896700.0
EMP-0912,2025-08,3934300.0
EMP-0912,2025-09,3971200.0
EMP-0912,2025-10,3898900.0
EMP-0912,2025-11,3915800.0
EMP-0912,2025-12,3911700.0
EMP-0913,2025-01,3751800.0
EMP-0913,2025-02,3817400.0
EMP-0913,2025-03,3726400.0
EMP-0913,2025-04,3763300.0
EMP-0913,2025-05,3715800.0
EMP-0913,2025-06,3823700.0
EMP-0913,2025-07,3707000.0
EMP-0913,2025-08,3812800.0
EMP-0913,2025-09,3837500.0
EMP-0913,2025-10,3760900.0
EMP-0913,2025-11,3740300.0
EMP-0913,2025-12,3806100.0
EMP-0914,2025-01,3806000.0
EMP-0914,2025-02,3862500.0
EMP-0914,2025-03,3751600.0
EMP-0914,2025-04,3835100.0
EMP-0914,2025-05,3936600.0
EMP-0914,2025-06,3838600.0
EMP-0914,2025-07,3763100.0
EMP-0914,2025-08,3813900.0
EMP-0914,2025-09,3812600.0
EMP-0914,2025-10,3972600.0
EMP-0914,2025-11,3945200.0
EMP-0914,2025-12,3891200.0
EMP-0915,2025-01,4030700.0
EMP-0915,2025-02,3882900.0
EMP-0915,2025-03,3897500.0
EMP-0915,2025-04,3826700.0
EMP-0915,2025-05,3883400.0
EMP-0915,2025-06,4016600.0
EMP-0915,2025-07,3949400.0
EMP-0915,2025-08,3889100.0
EMP-0915,2025-09,3939800.0
EMP-0915,2025-10,3928300.0
EMP-0915,2025-11,3819400.0
EMP-0915,2025-12,3830000.0
EMP-0916,2025-01,3867500.0
EMP-0916,2025-02,3967100.0
EMP-0916,2025-03,3914700.0
EMP-0916,2025-04,3835100.0
EMP-0916,2025-05,3820300.0
EMP-0916,2025-06,3845100.0
EMP-0916,2025-07,3832900.0
EMP-0916,2025-08,3889600.0
EMP-0916,2025-09,3880400.0
EMP-0916,2025-10,3892000.0
EMP-0916,2025-11,3826900.0
EMP-0916,2025-12,3871700.0
EMP-0917,2025-01,3744700.0
EMP-0917,2025-02,3741300.0
EMP-0917,2025-03,3752600.0
EMP-0917,2025-04,3836800.0
EMP-0917,2025-05,3838300.0
EMP-0917,2025-06,3896200.0
EMP-0917,2025-07,3799600.0
EMP-0917,2025-08,3852700.0
EMP-0917,2025-09,3815300.0
EMP-0917,2025-10,3829800.0
EMP-0917,2025-11,3858900.0
EMP-0917,2025-12,3845900.0
EMP-0918,2025-01,3710300.0
EMP-0918,2025-02,3656800.0
EMP-0918,2025-03,3599400.0
EMP-0918,2025-04,3643200.0
EMP-0918,2025-05,3617700.0
EMP-0918,2025-06,3646700.0
EMP-0918,2025-07,3614900.0
EMP-0918,2025-08,3600900.0
EMP-0918,2025-09,3648700.0
EMP-0918,2025-10,3640900.0
EMP-0918,2025-11,3695900.0
EMP-0918,2025-12,3615200.0
EMP-0919,2025-01,2925300.0
EMP-0919,2025-02,2816300.0
EMP-0919,2025-03,2870600.0
EMP-0919,2025-04,2832300.0
EMP-0919,2025-05,2943500.0
EMP-0919,2025-06,2872200.0
EMP-0919,2025-07,2900800.0
EMP-0919,2025-08,2902900.0
EMP-0919,2025-09,2906400.0
EMP-0919,2025-10,2771700.0
EMP-0919,2025-11,2913200.0
EMP-0919,2025-12,2873600.0
EMP-0920,2025-01,2969300.0
EMP-0920,2025-02,2983200.0
EMP-0920,2025-03,2973100.0
EMP-0920,2025-04,2881800.0
EMP-0920,2025-05,2950900.0
EMP-0920,2025-06,2972400.0
EMP-0920,2025-07,2892900.0
EMP-0920,2025-08,2909500.0
EMP-0920,2025-09,2899700.0
EMP-0920,2025-10,2969100.0
EMP-0920,2025-11,2932000.0
EMP-0920,2025-12,2920900.0
EMP-0921,2025-01,2927000.0
EMP-0921,2025-02,2858500.0
EMP-0921,2025-03,2906600.0
EMP-0921,2025-04,2866200.0
EMP-0921,2025-05,2887000.0
EMP-0921,2025-06,2884600.0
EMP-0921,2025-07,2865200.0
EMP-0921,2025-08,2892100.0
EMP-0921,2025-09,2881000.0
EMP-0921,2025-10,2856700.0
EMP-0921,2025-11,2953000.0
EMP-0921,2025-12,2867100.0
EMP-0922,2025-01,2794700.0
EMP-0922,2025-02,2796200.0
EMP-0922,2025-03,2751700.0
EMP-0922,2025-04,2827600.0
EMP-0922,2025-05,2764900.0
EMP-0922,2025-06,2802200.0
EMP-0922,2025-07,2776500.0
EMP-0922,2025-08,2799100.0
EMP-0922,2025-09,2774400.0
EMP-0922,2025-10,2799800.0
EMP-0922,2025-11,2783100.0
EMP-0922,2025-12,2817400.0
EMP-0923,2025-01,3007400.0
EMP-0923,2025-02,3028700.0
EMP-0923,2025-03,3087300.0
EMP-0923,2025-04,2986000.0
EMP-0923,2025-05,3060400.0
EMP-0923,2025-06,2976400.0
EMP-0923,2025-07,3015400.0
EMP-0923,2025-08,2977500.0
EMP-0923,2025-09,2996600.0
EMP-0923,2025-10,2982700.0
EMP-0923,2025-11,3044900.0
EMP-0923,2025-12,2990900.0
EMP-0924,2025-01,2841200.0
EMP-0924,2025-02,2842400.0
EMP-0924,2025-03,2750800.0
EMP-0924,2025-04,2817600.0
EMP-0924,2025-05,2809600.0
EMP-0924,2025-06,2753100.0
EMP-0924,2025-07,2818600.0
EMP-0924,2025-08,2807300.0
EMP-0924,2025-09,2839500.0
EMP-0924,2025-10,2821300.0
EMP-0924,2025-11,2794700.0
EMP-0924,2025-12,2857000.0
EMP-0925,2025-01,3020200.0
EMP-0925,2025-02,3052600.0
EMP-0925,2025-03,2972600.0
EMP-0925,2025-04,2939200.0
EMP-0925,2025-05,2970300.0
EMP-0925,2025-06,2991600.0
EMP-0925,2025-07,3069100.0
EMP-0925,2025-08,3112500.0
EMP-0925,2025-09,2979300.0
EMP-0925,2025-10,3016700.0
EMP-0925,2025-11,2996700.0
EMP-0925,2025-12,3042400.0
EMP-0926,2025-01,2738000.0
EMP-0926,2025-02,2864200.0
EMP-0926,2025-03,2787700.0
EMP-0926,2025-04,2773000.0
EMP-0926,2025-05,2818700.0
EMP-0926,2025-06,2851000.0
EMP-0926,2025-07,2746900.0
EMP-0926,2025-08,2773600.0
EMP-0926,2025-09,2830500.0
EMP-0926,2025-10,2807000.0
EMP-0926,2025-11,2841200.0
EMP-0926,2025-12,2816500.0
EMP-0927,2025-01,2937500.0
EMP-0927,2025-02,2926600.0
EMP-0927,2025-03,2922200.0
EMP-0927,2025-04,2919200.0
EMP-0927,2025-05,2951600.0
EMP-0927,2025-06,2906700.0
EMP-0927,2025-07,2954800.0
EMP-0927,2025-08,2926900.0
EMP-0927,2025-09,2917900.0
EMP-0927,2025-10,2899800.0
EMP-0927,2025-11,2900200.0
EMP-0927,2025-12,2927200.0
EMP-0928,2025-01,2929600.0
EMP-0928,2025-02,2991400.0
EMP-0928,2025-03,3017100.0
EMP-0928,2025-04,2868100.0
EMP-0928,2025-05,2928900.0
EMP-0928,2025-06,2955100.0
EMP-0928,2025-07,2915100.0
EMP-0928,2025-08,2917600.0
EMP-0928,2025-09,2975100.0
EMP-0928,2025-10,3024100.0
EMP-0928,2025-11,2864000.0
EMP-0928,2025-12,2946500.0
EMP-0929,2025-01,3040700.0
EMP-0929,2025-02,3026700.0
EMP-0929,2025-03,3067000.0
EMP-0929,2025-04,3015900.0
EMP-0929,2025-05,3149400.0
EMP-0929,2025-06,3033800.0
EMP-0929,2025-07,3015300.0
EMP-0929,2025-08,2991200.0
EMP-0929,2025-09,3048300.0
EMP-0929,2025-10,2992200.0
EMP-0929,2025-11,2973800.0
EMP-0929,2025-12,2987600.0
EMP-0930,2025-11,2906100.0
EMP-0930,2025-12,2946300.0
EMP-0931,2025-01,3006900.0
EMP-0931,2025-02,2967000.0
EMP-0931,2025-03,3016100.0
EMP-0931,2025-04,3043500.0
EMP-0931,2025-05,2892400.0
EMP-0931,2025-06,2853200.0
EMP-0931,2025-07,3047000.0
EMP-0931,2025-08,2928100.0
EMP-0931,2025-09,2883200.0
EMP-0931,2025-10,2935300.0
EMP-0931,2025-11,2915700.0
EMP-0931,2025-12,2924300.0
EMP-0932,2025-01,2862300.0
EMP-0932,2025-02,2908400.0
EMP-0932,2025-03,2835400.0
EMP-0932,2025-04,2802700.0
EMP-0932,2025-05,2874200.0
EMP-0932,2025-06,2859200.0
EMP-0932,2025-07,2904700.0
EMP-0932,2025-08,2842100.0
EMP-0932,2025-09,2850500.0
EMP-0932,2025-10,2855200.0
EMP-0932,2025-11,2865400.0
EMP-0932,2025-12,2844800.0
EMP-0933,2025-01,2907800.0
EMP-0933,2025-02,2842400.0
EMP-0933,2025-03,2817200.0
EMP-0933,2025-04,2806100.0
EMP-0933,2025-05,2851100.0
EMP-0933,2025-06,2904300.0
EMP-0933,2025-07,2834000.0
EMP-0933,2025-08,2899800.0
EMP-0933,2025-09,2803000.0
EMP-0933,2025-10,2837200.0
EMP-0933,2025-11,2850400.0
EMP-0933,2025-12,2861500.0
EMP-0934,2025-01,2945000.0
EMP-0934,2025-02,2898000.0
EMP-0934,2025-03,2981800.0
EMP-0934,2025-04,3017800.0
EMP-0934,2025-05,2968200.0
EMP-0934,2025-06,2952200.0
EMP-0934,2025-07,2974900.0
EMP-0934,2025-08,3055600.0
EMP-0934,2025-09,2936900.0
EMP-0934,2025-10,2970700.0
EMP-0934,2025-11,3054100.0
EMP-0934,2025-12,3021900.0
EMP-0935,2025-01,2765200.0
EMP-0935,2025-02,2786100.0
EMP-0935,2025-03,2711700.0
EMP-0935,2025-04,2789500.0
EMP-0935,2025-05,2768300.0
EMP-0935,2025-06,2702300.0
EMP-0935,2025-07,2790000.0
EMP-0935,2025-08,2798400.0
EMP-0935,2025-09,2789600.0
EMP-0935,2025-10,2802900.0
EMP-0935,2025-11,2792700.0
EMP-0935,2025-12,2812400.0
EMP-0936,2025-01,3025000.0
EMP-0936,2025-02,3009800.0
EMP-0936,2025-03,2982400.0
EMP-0936,2025-04,2995700.0
EMP-0936,2025-05,3030300.0
EMP-0936,2025-06,2973700.0
EMP-0936,2025-07,2983800.0
EMP-0936,2025-08,3094600.0
EMP-0936,2025-09,3057300.0
EMP-0936,2025-10,3026400.0
EMP-0936,2025-11,3150800.0
EMP-0936,2025-12,2971700.0
EMP-0937,2025-01,2900300.0
EMP-0937,2025-02,2935800.0
EMP-0937,2025-03,2894900.0
EMP-0937,2025-04,2929400.0
EMP-0937,2025-05,2853000.0
EMP-0937,2025-06,2835200.0
EMP-0937,2025-07,3006600.0
EMP-0937,2025-08,2977100.0
EMP-0937,2025-09,2848300.0
EMP-0937,2025-10,2925100.0
EMP-0937,2025-11,2944300.0
EMP-0937,2025-12,2922700.0
EMP-0938,2025-01,2969600.0
EMP-0938,2025-02,2957900.0
EMP-0938,2025-03,2918700.0
EMP-0938,2025-04,2948700.0
EMP-0938,2025-05,2935600.0
EMP-0938,2025-06,2983700.0
EMP-0938,2025-07,2920600.0
EMP-0938,2025-08,2983400.0
EMP-0938,2025-09,2921100.0
EMP-0938,2025-10,2946700.0
EMP-0938,2025-11,2985700.0
EMP-0938,2025-12,2927100.0
EMP-0939,2025-01,1764600.0
EMP-0939,2025-02,1831200.0
EMP-0939,2025-03,1856700.0
EMP-0939,2025-04,1855600.0
EMP-0939,2025-05,1842600.0
EMP-0939,2025-06,1796500.0
EMP-0939,2025-07,1835300.0
EMP-0939,2025-08,1842700.0
EMP-0939,2025-09,1818900.0
EMP-0939,2025-10,1789900.0
EMP-0939,2025-11,1807500.0
EMP-0939,2025-12,1810800.0
EMP-0940,2025-01,3033100.0
EMP-0940,2025-02,3014600.0
EMP-0940,2025-03,3084500.0
EMP-0940,2025-04,3024700.0
EMP-0940,2025-05,3051300.0
EMP-0940,2025-06,3019200.0
EMP-0940,2025-07,3015200.0
EMP-0940,2025-08,3053600.0
EMP-0940,2025-09,3031200.0
EMP-0940,2025-10,3010600.0
EMP-0940,2025-11,3010400.0
EMP-0940,2025-12,3025400.0
EMP-0941,2025-01,2785400.0
EMP-0941,2025-02,2706100.0
EMP-0941,2025-03,2694100.0
EMP-0941,2025-04,2789300.0
EMP-0941,2025-05,2791000.0
EMP-0941,2025-06,2733900.0
EMP-0941,2025-07,2778600.0
EMP-0941,2025-08,2726000.0
EMP-0941,2025-09,2787600.0
EMP-0941,2025-10,2788700.0
EMP-0941,2025-11,2788400.0
EMP-0941,2025-12,2777800.0
EMP-0942,2025-01,2835500.0
EMP-0942,2025-02,2788500.0
EMP-0942,2025-03,2838200.0
EMP-0942,2025-04,2877300.0
EMP-0942,2025-05,2810700.0
EMP-0942,2025-06,2831300.0
EMP-0942,2025-07,2833600.0
EMP-0942,2025-08,2812800.0
EMP-0942,2025-09,2853500.0
EMP-0942,2025-10,2796000.0
EMP-0942,2025-11,2881300.0
EMP-0942,2025-12,2851400.0
EMP-0943,2025-01,2719700.0
EMP-0943,2025-02,2737300.0
EMP-0943,2025-03,2734400.0
EMP-0943,2025-04,2757900.0
EMP-0943,2025-05,2834900.0
EMP-0943,2025-06,2813500.0
EMP-0943,2025-07,2740600.0
EMP-0943,2025-08,2800700.0
EMP-0943,2025-09,2762900.0
EMP-0943,2025-10,2778900.0
EMP-0943,2025-11,2724000.0
EMP-0943,2025-12,2709900.0
EMP-0944,2025-01,2916400.0
EMP-0944,2025-02,2919600.0
EMP-0944,2025-03,2861000.0
EMP-0944,2025-04,2924500.0
EMP-0944,2025-05,2913000.0
EMP-0944,2025-06,2860600.0
EMP-0944,2025-07,2952900.0
EMP-0944,2025-08,2949300.0
EMP-0944,2025-09,2900000.0
EMP-0944,2025-10,2904000.0
EMP-0944,2025-11,2944400.0
EMP-0944,2025-12,2903900.0
EMP-0945,2025-01,2869400.0
EMP-0945,2025-02,2868400.0
EMP-0945,2025-03,2916700.0
EMP-0945,2025-04,2872000.0
EMP-0945,2025-05,2864300.0
EMP-0945,2025-06,2920500.0
EMP-0945,2025-07,2968600.0
EMP-0945,2025-08,2954700.0
EMP-0945,2025-09,2915500.0
EMP-0945,2025-10,2976400.0
EMP-0945,2025-11,2996200.0
EMP-0945,2025-12,2941700.0
EMP-0946,2025-01,2980200.0
EMP-0946,2025-02,2929500.0
EMP-0946,2025-03,3032300.0
EMP-0946,2025-04,2861100.0
EMP-0946,2025-05,2928100.0
EMP-0946,2025-06,3010400.0
EMP-0946,2025-07,2942000.0
EMP-0946,2025-08,3029200.0
EMP-0946,2025-09,2891300.0
EMP-0946,2025-10,2909000.0
EMP-0946,2025-11,2934800.0
EMP-0946,2025-12,2976900.0
EMP-0947,2025-01,2824000.0
EMP-0947,2025-02,2721800.0
EMP-0947,2025-03,2722600.0
EMP-0947,2025-04,2815700.0
EMP-0947,2025-05,2723900.0
EMP-0947,2025-06,2772500.0
EMP-0947,2025-07,2784900.0
EMP-0947,2025-08,2756700.0
EMP-0947,2025-09,2808000.0
EMP-0947,2025-10,2697700.0
EMP-0947,2025-11,2860300.0
EMP-0947,2025-12,2770100.0
EMP-0948,2025-01,2833000.0
EMP-0948,2025-02,2927100.0
EMP-0948,2025-03,2887800.0
EMP-0948,2025-04,2865000.0
EMP-0948,2025-05,2880800.0
EMP-0948,2025-06,2947200.0
EMP-0948,2025-07,2948300.0
EMP-0948,2025-08,2994700.0
EMP-0948,2025-09,2930900.0
EMP-0948,2025-10,2853200.0
EMP-0948,2025-11,2920000.0
EMP-0948,2025-12,2869500.0
EMP-0949,2025-01,2985600.0
EMP-0949,2025-02,2961700.0
EMP-0949,2025-03,2990200.0
EMP-0949,2025-04,2925000.0
EMP-0949,2025-05,2886000.0
EMP-0949,2025-06,2917100.0
EMP-0949,2025-07,2944400.0
EMP-0949,2025-08,2977300.0
EMP-0949,2025-09,2948000.0
EMP-0949,2025-10,2956800.0
EMP-0949,2025-11,3023500.0
EMP-0949,2025-12,2946200.0
EMP-0950,2025-01,2976900.0
EMP-0950,2025-02,2937400.0
EMP-0950,2025-03,2948800.0
EMP-0950,2025-04,2981000.0
EMP-0950,2025-05,3049700.0
EMP-0950,2025-06,2978000.0
EMP-0950,2025-07,2962600.0
EMP-0950,2025-08,2910300.0
EMP-0950,2025-09,3057100.0
EMP-0950,2025-10,3014700.0
EMP-0950,2025-11,3024900.0
EMP-0950,2025-12,3032300.0
EMP-0951,2025-01,2975200.0
EMP-0951,2025-02,2941700.0
EMP-0951,2025-03,2965400.0
EMP-0951,2025-04,2978000.0
EMP-0951,2025-05,2942800.0
EMP-0951,2025-06,3045500.0
EMP-0951,2025-07,3045700.0
EMP-0951,2025-08,2967500.0
EMP-0951,2025-09,3018800.0
EMP-0951,2025-10,2997800.0
EMP-0951,2025-11,2950700.0
EMP-0951,2025-12,2991200.0
EMP-0952,2025-01,2862700.0
EMP-0952,2025-02,2805200.0
EMP-0952,2025-03,2828700.0
EMP-0952,2025-04,2888100.0
EMP-0952,2025-05,2881400.0
EMP-0952,2025-06,2842400.0
EMP-0952,2025-07,2817000.0
EMP-0952,2025-08,2824400.0
EMP-0952,2025-09,2866400.0
EMP-0952,2025-10,2828000.0
EMP-0952,2025-11,2805900.0
EMP-0952,2025-12,2881200.0
EMP-0953,2025-01,2973100.0
EMP-0953,2025-02,2945800.0
EMP-0953,2025-03,2890200.0
EMP-0953,2025-04,3007400.0
EMP-0953,2025-05,2887000.0
EMP-0953,2025-06,2894400.0
EMP-0953,2025-07,2978100.0
EMP-0953,2025-08,2992600.0
EMP-0953,2025-09,2942300.0
EMP-0953,2025-10,2870200.0
EMP-0953,2025-11,2931100.0
EMP-0953,2025-12,2866800.0
EMP-0954,2025-01,2288500.0
EMP-0954,2025-02,2227900.0
EMP-0954,2025-03,2187100.0
EMP-0954,2025-04,2119200.0
EMP-0954,2025-05,2190800.0
EMP-0954,2025-06,2202400.0
EMP-0954,2025-07,2221700.0
EMP-0954,2025-08,2183000.0
EMP-0954,2025-09,2194300.0
EMP-0954,2025-10,2110100.0
EMP-0954,2025-11,2254400.0
EMP-0954,2025-12,2252900.0
EMP-0955,2025-01,3286600.0
EMP-0955,2025-02,3266400.0
EMP-0955,2025-03,3175900.0
EMP-0955,2025-04,3174900.0
EMP-0955,2025-05,3166600.0
EMP-0955,2025-06,3201700.0
EMP-0955,2025-07,3116800.0
EMP-0955,2025-08,3274600.0
EMP-0955,2025-09,3159600.0
EMP-0955,2025-10,3153600.0
EMP-0955,2025-11,3189400.0
EMP-0955,2025-12,3144300.0
EMP-0956,2025-01,2937400.0
EMP-0956,2025-02,2985900.0
EMP-0956,2025-03,2995600.0
EMP-0956,2025-04,2980700.0
EMP-0956,2025-05,2958600.0
EMP-0956,2025-06,2957400.0
EMP-0956,2025-07,2931900.0
EMP-0956,2025-08,2932900.0
EMP-0956,2025-09,3000500.0
EMP-0956,2025-10,2890800.0
EMP-0956,2025-11,2965500.0
EMP-0956,2025-12,2954700.0
EMP-0957,2025-01,2989500.0
EMP-0957,2025-02,2983900.0
EMP-0957,2025-03,2863100.0
EMP-0957,2025-04,3010700.0
EMP-0957,2025-05,3037800.0
EMP-0957,2025-06,2956800.0
EMP-0957,2025-07,2904800.0
EMP-0957,2025-08,2948200.0
EMP-0957,2025-09,2946900.0
EMP-0957,2025-10,3036100.0
EMP-0957,2025-11,2933500.0
EMP-0957,2025-12,2966400.0
EMP-0958,2025-01,3027400.0
EMP-0958,2025-02,3110100.0
EMP-0958,2025-03,3075900.0
EMP-0958,2025-04,3041000.0
EMP-0958,2025-05,3035100.0
EMP-0958,2025-06,3095700.0
EMP-0958,2025-07,3076900.0
EMP-0958,2025-08,3011300.0
EMP-0958,2025-09,2977600.0
EMP-0958,2025-10,3153800.0
EMP-0958,2025-11,3010900.0
EMP-0958,2025-12,3091500.0
EMP-0959,2025-01,3035600.0
EMP-0959,2025-02,3104600.0
EMP-0959,2025-03,3093100.0
EMP-0959,2025-04,3062500.0
EMP-0959,2025-05,3087600.0
EMP-0959,2025-06,3137700.0
EMP-0959,2025-07,3050600.0
EMP-0959,2025-08,3002300.0
EMP-0959,2025-09,3097200.0
EMP-0959,2025-10,3093000.0
EMP-0959,2025-11,3103300.0
EMP-0959,2025-12,3013300.0
EMP-0960,2025-01,2937900.0
EMP-0960,2025-02,2918000.0
EMP-0960,2025-03,2935400.0
EMP-0960,2025-04,3013700.0
EMP-0960,2025-05,2962700.0
EMP-0960,2025-06,2984200.0
EMP-0960,2025-07,2895600.0
EMP-0960,2025-08,2984300.0
EMP-0960,2025-09,2964200.0
EMP-0960,2025-10,2870000.0
EMP-0960,2025-11,2959800.0
EMP-0960,2025-12,2913500.0
EMP-0961,2025-01,3094400.0
EMP-0961,2025-02,3007300.0
EMP-0961,2025-03,3045800.0
EMP-0961,2025-04,2969900.0
EMP-0961,2025-05,3080500.0
EMP-0961,2025-06,3195400.0
EMP-0961,2025-07,3073000.0
EMP-0961,2025-08,3076300.0
EMP-0961,2025-09,3066200.0
EMP-0961,2025-10,3083400.0
EMP-0961,2025-11,3059800.0
EMP-0961,2025-12,3095400.0
EMP-0962,2025-01,2978600.0
EMP-0962,2025-02,2911400.0
EMP-0962,2025-03,3003400.0
EMP-0962,2025-04,2937600.0
EMP-0962,2025-05,2915800.0
EMP-0962,2025-06,2932400.0
EMP-0962,2025-07,3078000.0
EMP-0962,2025-08,2892300.0
EMP-0962,2025-09,3000200.0
EMP-0962,2025-10,2947100.0
EMP-0962,2025-11,2965100.0
EMP-0962,2025-12,3007700.0
EMP-0963,2025-01,2931600.0
EMP-0963,2025-02,2987400.0
EMP-0963,2025-03,2967400.0
EMP-0963,2025-04,2942300.0
EMP-0963,2025-05,2932900.0
EMP-0963,2025-06,2939000.0
EMP-0963,2025-07,2962600.0
EMP-0963,2025-08,3021800.0
EMP-0963,2025-09,2970500.0
EMP-0963,2025-10,2947200.0
EMP-0963,2025-11,2943800.0
EMP-0963,2025-12,3037800.0
EMP-0964,2025-01,3132100.0
EMP-0964,2025-02,3075600.0
EMP-0964,2025-03,3128600.0
EMP-0964,2025-04,3162700.0
EMP-0964,2025-05,3173600.0
EMP-0964,2025-06,3211200.0
EMP-0964,2025-07,3162200.0
EMP-0964,2025-08,3150700.0
EMP-0964,2025-09,3116700.0
EMP-0964,2025-10,3106500.0
EMP-0964,2025-11,3183300.0
EMP-0964,2025-12,3182400.0
EMP-0965,2025-01,3083100.0
EMP-0965,2025-02,3084500.0
EMP-0965,2025-03,3067700.0
EMP-0965,2025-04,3141600.0
EMP-0965,2025-05,3111400.0
EMP-0965,2025-06,3215200.0
EMP-0965,2025-07,3044300.0
EMP-0965,2025-08,3075300.0
EMP-0965,2025-09,3116600.0
EMP-0965,2025-10,3147100.0
EMP-0965,2025-11,3145000.0
EMP-0965,2025-12,3119900.0
EMP-0966,2025-01,3086500.0
EMP-0966,2025-02,3150400.0
EMP-0966,2025-03,3123900.0
EMP-0966,2025-04,3121800.0
EMP-0966,2025-05,3078000.0
EMP-0966,2025-06,3034200.0
EMP-0966,2025-07,3083700.0
EMP-0966,2025-08,3120300.0
EMP-0966,2025-09,3086400.0
EMP-0966,2025-10,3120700.0
EMP-0966,2025-11,3096300.0
EMP-0966,2025-12,3127200.0
EMP-0967,2025-01,3067100.0
EMP-0967,2025-02,3056600.0
EMP-0967,2025-03,3067300.0
EMP-0967,2025-04,2965700.0
EMP-0967,2025-05,3176800.0
EMP-0967,2025-06,2967800.0
EMP-0967,2025-07,3105200.0
EMP-0967,2025-08,3023300.0
EMP-0967,2025-09,3025600.0
EMP-0967,2025-10,3089500.0
EMP-0967,2025-11,3115100.0
EMP-0967,2025-12,3033400.0
EMP-0968,2025-01,2964700.0
EMP-0968,2025-02,2987100.0
EMP-0968,2025-03,2920500.0
EMP-0968,2025-04,3043600.0
EMP-0968,2025-05,3055900.0
EMP-0968,2025-06,3041900.0
EMP-0968,2025-07,2931400.0
EMP-0968,2025-08,3031100.0
EMP-0968,2025-09,2928400.0
EMP-0968,2025-10,3006400.0
EMP-0968,2025-11,3013000.0
EMP-0968,2025-12,3017700.0
EMP-0969,2025-01,3060200.0
EMP-0969,2025-02,3081400.0
EMP-0969,2025-03,3027500.0
EMP-0969,2025-04,3045000.0
EMP-0969,2025-05,3109400.0
EMP-0969,2025-06,3064100.0
EMP-0969,2025-07,3071000.0
EMP-0969,2025-08,3103800.0
EMP-0969,2025-09,3132600.0
EMP-0969,2025-10,3004800.0
EMP-0969,2025-11,3035300.0
EMP-0969,2025-12,3124700.0
EMP-0970,2025-01,3087700.0
EMP-0970,2025-02,3069500.0
EMP-0970,2025-03,3035600.0
EMP-0970,2025-04,3104200.0
EMP-0970,2025-05,3091600.0
EMP-0970,2025-06,3060800.0
EMP-0970,2025-07,3054300.0
EMP-0970,2025-08,3055100.0
EMP-0970,2025-09,3083900.0
EMP-0970,2025-10,3013500.0
EMP-0970,2025-11,3072200.0
EMP-0970,2025-12,3010600.0
EMP-0971,2025-01,3106600.0
EMP-0971,2025-02,3162900.0
EMP-0971,2025-03,3100300.0
EMP-0971,2025-04,3079600.0
EMP-0971,2025-05,3022100.0
EMP-0971,2025-06,3047200.0
EMP-0971,2025-07,3094000.0
EMP-0971,2025-08,3094900.0
EMP-0971,2025-09,3104400.0
EMP-0971,2025-10,3179000.0
EMP-0971,2025-11,3128600.0
EMP-0971,2025-12,3131100.0
EMP-0972,2025-01,3107800.0
EMP-0972,2025-02,3111400.0
EMP-0972,2025-03,3151600.0
EMP-0972,2025-04,3138200.0
EMP-0972,2025-05,3072900.0
EMP-0972,2025-06,3006100.0
EMP-0972,2025-07,3099900.0
EMP-0972,2025-08,3010300.0
EMP-0972,2025-09,3061900.0
EMP-0972,2025-10,3067300.0
EMP-0972,2025-11,3081600.0
EMP-0972,2025-12,3146300.0
EMP-0973,2025-01,3131700.0
EMP-0973,2025-02,3134100.0
EMP-0973,2025-03,3104300.0
EMP-0973,2025-04,3110900.0
EMP-0973,2025-05,3097300.0
EMP-0973,2025-06,3084600.0
EMP-0973,2025-07,3108300.0
EMP-0973,2025-08,3082800.0
EMP-0973,2025-09,3161400.0
EMP-0973,2025-10,3010200.0
EMP-0973,2025-11,3102000.0
EMP-0973,2025-12,3019600.0
EMP-0974,2025-01,3034200.0
EMP-0974,2025-02,2959000.0
EMP-0974,2025-03,3052800.0
EMP-0974,2025-04,3032300.0
EMP-0974,2025-05,3026600.0
EMP-0974,2025-06,3040900.0
EMP-0974,2025-07,2993200.0
EMP-0974,2025-08,3016300.0
EMP-0974,2025-09,3009900.0
EMP-0974,2025-10,3008900.0
EMP-0974,2025-11,2979100.0
EMP-0974,2025-12,2953300.0
EMP-0975,2025-01,2977800.0
EMP-0975,2025-02,2922300.0
EMP-0975,2025-03,2935700.0
EMP-0975,2025-04,2878000.0
EMP-0975,2025-05,2971400.0
EMP-0975,2025-06,2912400.0
EMP-0975,2025-07,2915100.0
EMP-0975,2025-08,3011500.0
EMP-0975,2025-09,2921000.0
EMP-0975,2025-10,2984800.0
EMP-0975,2025-11,3000100.0
EMP-0975,2025-12,2992100.0
EMP-0976,2025-01,3190200.0
EMP-0976,2025-02,3194700.0
EMP-0976,2025-03,3175700.0
EMP-0976,2025-04,3186000.0
EMP-0976,2025-05,3179700.0
EMP-0976,2025-06,3156200.0
EMP-0976,2025-07,3244600.0
EMP-0976,2025-08,3194600.0
EMP-0976,2025-09,3213100.0
EMP-0976,2025-10,3211300.0
EMP-0976,2025-11,3206000.0
EMP-0976,2025-12,3207900.0
EMP-0977,2025-01,3170900.0
EMP-0977,2025-02,3014300.0
EMP-0977,2025-03,3140000.0
EMP-0977,2025-04,3178100.0
EMP-0977,2025-05,3209100.0
EMP-0977,2025-06,3162500.0
EMP-0977,2025-07,3157500.0
EMP-0977,2025-08,3116300.0
EMP-0977,2025-09,3166200.0
EMP-0977,2025-10,3137200.0
EMP-0977,2025-11,3113900.0
EMP-0977,2025-12,3093700.0
EMP-0978,2025-01,3090300.0
EMP-0978,2025-02,3049200.0
EMP-0978,2025-03,3118700.0
EMP-0978,2025-04,3082100.0
EMP-0978,2025-05,3092700.0
EMP-0978,2025-06,3079600.0
EMP-0978,2025-07,3132200.0
EMP-0978,2025-08,3109400.0
EMP-0978,2025-09,3109500.0
EMP-0978,2025-10,3106200.0
EMP-0978,2025-11,3125300.0
EMP-0978,2025-12,3086500.0
EMP-0979,2025-01,2981700.0
EMP-0979,2025-02,3116100.0
EMP-0979,2025-03,3095500.0
EMP-0979,2025-04,2928900.0
EMP-0979,2025-05,3083500.0
EMP-0979,2025-06,3004000.0
EMP-0979,2025-07,3095300.0
EMP-0979,2025-08,3076100.0
EMP-0979,2025-09,2980800.0
EMP-0979,2025-10,3056300.0
EMP-0979,2025-11,2998400.0
EMP-0979,2025-12,3054700.0
EMP-0980,2025-01,3040000.0
EMP-0980,2025-02,2984900.0
EMP-0980,2025-03,2903100.0
EMP-0980,2025-04,2878500.0
EMP-0980,2025-05,2922500.0
EMP-0980,2025-06,2934400.0
EMP-0980,2025-07,2973200.0
EMP-0980,2025-08,2875100.0
EMP-0980,2025-09,2938900.0
EMP-0980,2025-10,2859300.0
EMP-0980,2025-11,2945600.0
EMP-0980,2025-12,2921700.0
EMP-0981,2025-01,3067700.0
EMP-0981,2025-02,3044800.0
EMP-0981,2025-03,3021700.0
EMP-0981,2025-04,3089900.0
EMP-0981,2025-05,2961200.0
EMP-0981,2025-06,3098800.0
EMP-0981,2025-07,2988200.0
EMP-0981,2025-08,3024600.0
EMP-0981,2025-09,3104700.0
EMP-0981,2025-10,3141100.0
EMP-0981,2025-11,3047700.0
EMP-0981,2025-12,2977700.0
EMP-0982,2025-01,3197000.0
EMP-0982,2025-02,3292700.0
EMP-0982,2025-03,3211800.0
EMP-0982,2025-04,3243500.0
EMP-0982,2025-05,3211600.0
EMP-0982,2025-06,3152000.0
EMP-0982,2025-07,3231200.0
EMP-0982,2025-08,3173200.0
EMP-0982,2025-09,3200400.0
EMP-0982,2025-10,3219500.0
EMP-0982,2025-11,3111400.0
EMP-0982,2025-12,3127400.0
EMP-0983,2025-01,3016800.0
EMP-0983,2025-02,3050600.0
EMP-0983,2025-03,3058400.0
EMP-0983,2025-04,2926400.0
EMP-0983,2025-05,2984200.0
EMP-0983,2025-06,2966900.0
EMP-0983,2025-07,2989500.0
EMP-0983,2025-08,3057700.0
EMP-0983,2025-09,3001500.0
EMP-0983,2025-10,3033300.0
EMP-0983,2025-11,3093600.0
EMP-0983,2025-12,2924000.0
EMP-0984,2025-01,3185200.0
EMP-0984,2025-02,3145000.0
EMP-0984,2025-03,3237000.0
EMP-0984,2025-04,3192900.0
EMP-0984,2025-05,3166200.0
EMP-0984,2025-06,3156700.0
EMP-0984,2025-07,3208900.0
EMP-0984,2025-08,3133700.0
EMP-0984,2025-09,3077900.0
EMP-0984,2025-10,3165900.0
EMP-0984,2025-11,3218900.0
EMP-0984,2025-12,3238000.0
EMP-0985,2025-01,3110100.0
EMP-0985,2025-02,3156700.0
EMP-0985,2025-03,3093600.0
EMP-0985,2025-04,3181000.0
EMP-0985,2025-05,3122000.0
EMP-0985,2025-06,3158900.0
EMP-0985,2025-07,3087900.0
EMP-0985,2025-08,3130600.0
EMP-0985,2025-09,3158800.0
EMP-0985,2025-10,3131800.0
EMP-0985,2025-11,3143600.0
EMP-0985,2025-12,3081900.0
EMP-0986,2025-01,2880300.0
EMP-0986,2025-02,2902000.0
EMP-0986,2025-03,2907500.0
EMP-0986,2025-04,2917200.0
EMP-0986,2025-05,2837700.0
EMP-0986,2025-06,2908900.0
EMP-0986,2025-07,2898300.0
EMP-0986,2025-08,2913900.0
EMP-0986,2025-09,2960000.0
EMP-0986,2025-10,3004500.0
EMP-0986,2025-11,2944400.0
EMP-0986,2025-12,2860800.0
EMP-0987,2025-01,3520800.0
EMP-0987,2025-02,3452300.0
EMP-0987,2025-03,3468700.0
EMP-0987,2025-04,3483700.0
EMP-0987,2025-05,3487400.0
EMP-0987,2025-06,3357100.0
EMP-0987,2025-07,3431700.0
EMP-0987,2025-08,3532100.0
EMP-0987,2025-09,3439000.0
EMP-0987,2025-10,3466900.0
EMP-0987,2025-11,3477100.0
EMP-0987,2025-12,3409800.0
EMP-0988,2025-01,3387900.0
EMP-0988,2025-02,3395000.0
EMP-0988,2025-03,3370100.0
EMP-0988,2025-04,3283800.0
EMP-0988,2025-05,3346300.0
EMP-0988,2025-06,3335300.0
EMP-0988,2025-07,3322300.0
EMP-0988,2025-08,3420200.0
EMP-0988,2025-09,3296700.0
EMP-0988,2025-10,3365100.0
EMP-0988,2025-11,3409300.0
EMP-0988,2025-12,3368400.0
EMP-0989,2025-01,3426500.0
EMP-0989,2025-02,3425000.0
EMP-0989,2025-03,3371300.0
EMP-0989,2025-04,3429600.0
EMP-0989,2025-05,3412800.0
EMP-0989,2025-06,3438500.0
EMP-0989,2025-07,3399600.0
EMP-0989,2025-08,3425000.0
EMP-0989,2025-09,3370000.0
EMP-0989,2025-10,3430000.0
EMP-0989,2025-11,3330400.0
EMP-0989,2025-12,3377500.0
EMP-0990,2025-01,3282800.0
EMP-0990,2025-02,3356700.0
EMP-0990,2025-03,3319300.0
EMP-0990,2025-04,3375200.0
EMP-0990,2025-05,3349800.0
EMP-0990,2025-06,3327200.0
EMP-0990,2025-07,3271900.0
EMP-0990,2025-08,3314800.0
EMP-0990,2025-09,3316700.0
EMP-0990,2025-10,3296100.0
EMP-0990,2025-11,3341200.0
EMP-0990,2025-12,3300000.0
EMP-0991,2025-01,3523900.0
EMP-0991,2025-02,3430900.0
EMP-0991,2025-03,3466600.0
EMP-0991,2025-04,3437600.0
EMP-0991,2025-05,3509800.0
EMP-0991,2025-06,3477100.0
EMP-0991,2025-07,3579400.0
EMP-0991,2025-08,3451600.0
EMP-0991,2025-09,3432300.0
EMP-0991,2025-10,3502100.0
EMP-0991,2025-11,3477400.0
EMP-0991,2025-12,3512900.0
EMP-0992,2025-01,3148900.0
EMP-0992,2025-02,3138300.0
EMP-0992,2025-03,3209500.0
EMP-0992,2025-04,3161300.0
EMP-0992,2025-05,3257600.0
EMP-0992,2025-06,3128300.0
EMP-0992,2025-07,3221800.0
EMP-0992,2025-08,3150200.0
EMP-0992,2025-09,3159100.0
EMP-0992,2025-10,3224400.0
EMP-0992,2025-11,3166100.0
EMP-0992,2025-12,3173700.0
EMP-0993,2025-01,3467500.0
EMP-0993,2025-02,3287600.0
EMP-0993,2025-03,3386200.0
EMP-0993,2025-04,3354900.0
EMP-0993,2025-05,3473100.0
EMP-0993,2025-06,3464200.0
EMP-0993,2025-07,3438200.0
EMP-0993,2025-08,3507300.0
EMP-0993,2025-09,3409900.0
EMP-0993,2025-10,3441600.0
EMP-0993,2025-11,3327600.0
EMP-0993,2025-12,3393000.0
EMP-0994,2025-01,3125100.0
EMP-0994,2025-02,3240400.0
EMP-0994,2025-03,3146700.0
EMP-0994,2025-04,3222300.0
EMP-0994,2025-05,3260300.0
EMP-0994,2025-06,3194000.0
EMP-0994,2025-07,3275300.0
EMP-0994,2025-08,3180600.0
EMP-0994,2025-09,3245600.0
EMP-0994,2025-10,3153700.0
EMP-0994,2025-11,3266400.0
EMP-0994,2025-12,3258900.0
EMP-0995,2025-01,3240400.0
EMP-0995,2025-02,3308000.0
EMP-0995,2025-03,3263700.0
EMP-0995,2025-04,3181000.0
EMP-0995,2025-05,3241100.0
EMP-0995,2025-06,3212600.0
EMP-0995,2025-07,3215000.0
EMP-0995,2025-08,3237100.0
EMP-0995,2025-09,3266300.0
EMP-0995,2025-10,3297200.0
EMP-0995,2025-11,3227300.0
EMP-0995,2025-12,3312100.0
EMP-0996,2025-01,3289800.0
EMP-0996,2025-02,3228700.0
EMP-0996,2025-03,3313200.0
EMP-0996,2025-04,3443100.0
EMP-0996,2025-05,3241400.0
EMP-0996,2025-06,3311700.0
EMP-0996,2025-07,3386300.0
EMP-0996,2025-08,3358300.0
EMP-0996,2025-09,3313600.0
EMP-0996,2025-10,3313700.0
EMP-0996,2025-11,3263400.0
EMP-0996,2025-12,3307600.0
EMP-0997,2025-01,3372400.0
EMP-0997,2025-02,3527600.0
EMP-0997,2025-03,3477600.0
EMP-0997,2025-04,3433400.0
EMP-0997,2025-05,3487100.0
EMP-0997,2025-06,3442600.0
EMP-0997,2025-07,3480300.0
EMP-0997,2025-08,3542000.0
EMP-0997,2025-09,3490600.0
EMP-0997,2025-10,3444500.0
EMP-0997,2025-11,3416200.0
EMP-0997,2025-12,3432700.0
EMP-0998,2025-01,3330200.0
EMP-0998,2025-02,3364200.0
EMP-0998,2025-03,3353400.0
EMP-0998,2025-04,3315500.0
EMP-0998,2025-05,3311800.0
EMP-0998,2025-06,3291700.0
EMP-0998,2025-07,3321400.0
EMP-0998,2025-08,3298300.0
EMP-0998,2025-09,3389800.0
EMP-0998,2025-10,3296000.0
EMP-0998,2025-11,3347300.0
EMP-0998,2025-12,3343900.0
EMP-0999,2025-01,3482300.0
EMP-0999,2025-02,3482500.0
EMP-0999,2025-03,3408000.0
EMP-0999,2025-04,3460400.0
EMP-0999,2025-05,3480400.0
EMP-0999,2025-06,3381400.0
EMP-0999,2025-07,3436200.0
EMP-0999,2025-08,3419700.0
EMP-0999,2025-09,3330100.0
EMP-0999,2025-10,3443000.0
EMP-0999,2025-11,3389500.0
EMP-0999,2025-12,3480300.0
EMP-1000,2025-01,3489000.0
EMP-1000,2025-02,3478200.0
EMP-1000,2025-03,3568600.0
EMP-1000,2025-04,3509000.0
EMP-1000,2025-05,3507000.0
EMP-1000,2025-06,3464100.0
EMP-1000,2025-07,3541800.0
EMP-1000,2025-08,3453400.0
EMP-1000,2025-09,3530200.0
EMP-1000,2025-10,3531600.0
EMP-1000,2025-11,3484600.0
EMP-1000,2025-12,3523000.0
EMP-1001,2025-01,3394700.0
EMP-1001,2025-02,3354800.0
EMP-1001,2025-03,3313200.0
EMP-1001,2025-04,3347300.0
EMP-1001,2025-05,3336400.0
EMP-1001,2025-06,3274100.0
EMP-1001,2025-07,3299800.0
EMP-1001,2025-08,3382600.0
EMP-1001,2025-09,3316300.0
EMP-1001,2025-10,3335300.0
EMP-1001,2025-11,3379300.0
EMP-1001,2025-12,3316200.0
EMP-1002,2025-01,3379500.0
EMP-1002,2025-02,3325300.0
EMP-1002,2025-03,3343700.0
EMP-1002,2025-04,3397800.0
EMP-1002,2025-05,3285700.0
EMP-1002,2025-06,3299300.0
EMP-1002,2025-07,3367800.0
EMP-1002,2025-08,3415300.0
EMP-1002,2025-09,3433300.0
EMP-1002,2025-10,3356300.0
EMP-1002,2025-11,3420900.0
EMP-1002,2025-12,3370900.0
EMP-1003,2025-01,3383000.0
EMP-1003,2025-02,3320900.0
EMP-1003,2025-03,3368100.0
EMP-1003,2025-04,3342300.0
EMP-1003,2025-05,3316000.0
EMP-1003,2025-06,3324600.0
EMP-1003,2025-07,3317800.0
EMP-1003,2025-08,3350100.0
EMP-1003,2025-09,3350300.0
EMP-1003,2025-10,3322900.0
EMP-1003,2025-11,3340100.0
EMP-1003,2025-12,3256300.0
EMP-1004,2025-01,3327100.0
EMP-1004,2025-02,3263000.0
EMP-1004,2025-03,3365100.0
EMP-1004,2025-04,3374800.0
EMP-1004,2025-05,3265100.0
EMP-1004,2025-06,3300800.0
EMP-1004,2025-07,3365100.0
EMP-1004,2025-08,3315600.0
EMP-1004,2025-09,3246300.0
EMP-1004,2025-10,3308500.0
EMP-1004,2025-11,3273200.0
EMP-1004,2025-12,3370700.0
EMP-1005,2025-01,3371400.0
EMP-1005,2025-02,3297100.0
EMP-1005,2025-03,3259200.0
EMP-1005,2025-04,3277200.0
EMP-1005,2025-05,3296500.0
EMP-1005,2025-06,3272900.0
EMP-1005,2025-07,3348900.0
EMP-1005,2025-08,3287300.0
EMP-1005,2025-09,3315100.0
EMP-1005,2025-10,3286600.0
EMP-1005,2025-11,3280600.0
EMP-1005,2025-12,3326400.0
EMP-1006,2025-01,3371300.0
EMP-1006,2025-02,3337300.0
EMP-1006,2025-03,3355600.0
EMP-1006,2025-04,3289800.0
EMP-1006,2025-05,3263600.0
EMP-1006,2025-06,3239500.0
EMP-1006,2025-07,3236000.0
EMP-1006,2025-08,3330000.0
EMP-1006,2025-09,3315500.0
EMP-1006,2025-10,3286900.0
EMP-1006,2025-11,3315200.0
EMP-1006,2025-12,3297200.0
EMP-1007,2025-01,3458600.0
EMP-1007,2025-02,3506400.0
EMP-1007,2025-03,3428800.0
EMP-1007,2025-04,3366400.0
EMP-1007,2025-05,3380300.0
EMP-1007,2025-06,3386400.0
EMP-1007,2025-07,3436300.0
EMP-1007,2025-08,3546300.0
EMP-1007,2025-09,3421900.0
EMP-1007,2025-10,3496200.0
EMP-1007,2025-11,3419700.0
EMP-1007,2025-12,3365900.0
EMP-1008,2025-01,3246700.0
EMP-1008,2025-02,3261700.0
EMP-1008,2025-03,3240900.0
EMP-1008,2025-04,3194400.0
EMP-1008,2025-05,3250400.0
EMP-1008,2025-06,3314000.0
EMP-1008,2025-07,3330200.0
EMP-1008,2025-08,3387900.0
EMP-1008,2025-09,3351300.0
EMP-1008,2025-10,3209600.0
EMP-1008,2025-11,3248300.0
EMP-1008,2025-12,3267200.0
EMP-1009,2025-11,3451600.0
EMP-1009,2025-12,3404500.0
EMP-1010,2025-01,3341700.0
EMP-1010,2025-02,3461100.0
EMP-1010,2025-03,3346600.0
EMP-1010,2025-04,3397800.0
EMP-1010,2025-05,3430200.0
EMP-1010,2025-06,3402500.0
EMP-1010,2025-07,3387500.0
EMP-1010,2025-08,3425400.0
EMP-1010,2025-09,3332600.0
EMP-1010,2025-10,3352700.0
EMP-1010,2025-11,3405000.0
EMP-1010,2025-12,3273000.0
EMP-1011,2025-01,3252400.0
EMP-1011,2025-02,3225700.0
EMP-1011,2025-03,3216400.0
EMP-1011,2025-04,3286600.0
EMP-1011,2025-05,3128300.0
EMP-1011,2025-06,3280000.0
EMP-1011,2025-07,3272000.0
EMP-1011,2025-08,3189300.0
EMP-1011,2025-09,3155000.0
EMP-1011,2025-10,3278000.0
EMP-1011,2025-11,3192100.0
EMP-1011,2025-12,3326000.0
EMP-1012,2025-01,3338600.0
EMP-1012,2025-02,3369100.0
EMP-1012,2025-03,3343900.0
EMP-1012,2025-04,3269200.0
EMP-1012,2025-05,3399600.0
EMP-1012,2025-06,3298400.0
EMP-1012,2025-07,3357900.0
EMP-1012,2025-08,3369100.0
EMP-1012,2025-09,3362300.0
EMP-1012,2025-10,3420300.0
EMP-1012,2025-11,3358700.0
EMP-1012,2025-12,3382900.0
EMP-1013,2025-01,3596200.0
EMP-1013,2025-02,3374500.0
EMP-1013,2025-03,3535700.0
EMP-1013,2025-04,3547800.0
EMP-1013,2025-05,3436300.0
EMP-1013,2025-06,3598700.0
EMP-1013,2025-07,3504000.0
EMP-1013,2025-08,3496300.0
EMP-1013,2025-09,3522300.0
EMP-1013,2025-10,3549500.0
EMP-1013,2025-11,3509800.0
EMP-1013,2025-12,3508100.0
EMP-1014,2025-01,3448300.0
EMP-1014,2025-02,3450300.0
EMP-1014,2025-03,3427000.0
EMP-1014,2025-04,3422200.0
EMP-1014,2025-05,3526000.0
EMP-1014,2025-06,3459700.0
EMP-1014,2025-07,3405600.0
EMP-1014,2025-08,3420800.0
EMP-1014,2025-09,3489600.0
EMP-1014,2025-10,3397200.0
EMP-1014,2025-11,3358800.0
EMP-1014,2025-12,3362600.0
EMP-1015,2025-01,3394600.0
EMP-1015,2025-02,3263900.0
EMP-1015,2025-03,3246300.0
EMP-1015,2025-04,3303500.0
EMP-1015,2025-05,3318300.0
EMP-1015,2025-06,3296000.0
EMP-1015,2025-07,3308400.0
EMP-1015,2025-08,3249000.0
EMP-1015,2025-09,3355300.0
EMP-1015,2025-10,3243600.0
EMP-1015,2025-11,3320900.0
EMP-1015,2025-12,3331400.0
EMP-1016,2025-01,3389600.0
EMP-1016,2025-02,3435900.0
EMP-1016,2025-03,3373700.0
EMP-1016,2025-04,3359400.0
EMP-1016,2025-05,3487200.0
EMP-1016,2025-06,3342000.0
EMP-1016,2025-07,3382200.0
EMP-1016,2025-08,3415900.0
EMP-1016,2025-09,3352500.0
EMP-1016,2025-10,3433400.0
EMP-1016,2025-11,3384600.0
EMP-1016,2025-12,3434100.0
EMP-1017,2025-01,3276400.0
EMP-1017,2025-02,3228100.0
EMP-1017,2025-03,3341800.0
EMP-1017,2025-04,3359400.0
EMP-1017,2025-05,3331700.0
EMP-1017,2025-06,3310200.0
EMP-1017,2025-07,3296000.0
EMP-1017,2025-08,3241200.0
EMP-1017,2025-09,3333900.0
EMP-1017,2025-10,3360700.0
EMP-1017,2025-11,3276200.0
EMP-1017,2025-12,3291200.0
EMP-1018,2025-01,3187700.0
EMP-1018,2025-02,3164700.0
EMP-1018,2025-03,3194600.0
EMP-1018,2025-04,3156600.0
EMP-1018,2025-05,3229000.0
EMP-1018,2025-06,3174600.0
EMP-1018,2025-07,3189900.0
EMP-1018,2025-08,3250300.0
EMP-1018,2025-09,3233700.0
EMP-1018,2025-10,3204500.0
EMP-1018,2025-11,3212000.0
EMP-1018,2025-12,3204300.0
EMP-1019,2025-01,3230700.0
EMP-1019,2025-02,3286100.0
EMP-1019,2025-03,3226300.0
EMP-1019,2025-04,3250400.0
EMP-1019,2025-05,3182500.0
EMP-1019,2025-06,3259500.0
EMP-1019,2025-07,3269200.0
EMP-1019,2025-08,3196500.0
EMP-1019,2025-09,3161800.0
EMP-1019,2025-10,3209300.0
EMP-1019,2025-11,3182700.0
EMP-1019,2025-12,3260100.0
EMP-1020,2025-01,3430300.0
EMP-1020,2025-02,3388500.0
EMP-1020,2025-03,3516300.0
EMP-1020,2025-04,3394800.0
EMP-1020,2025-05,3463000.0
EMP-1020,2025-06,3416500.0
EMP-1020,2025-07,3506100.0
EMP-1020,2025-08,3448300.0
EMP-1020,2025-09,3458700.0
EMP-1020,2025-10,3460500.0
EMP-1020,2025-11,3481500.0
EMP-1020,2025-12,3466400.0
