employer_id,periode,expected_contribution,actual_remittance
EMP-0001,2025-01,9788000.0,9716000.0
EMP-0001,2025-02,9447000.0,9520000.0
EMP-0001,2025-03,9636000.0,9658000.0
EMP-0001,2025-04,10161000.0,10339000.0
EMP-0001,2025-05,10131000.0,10047000.0
EMP-0001,2025-06,10266000.0,10284000.0
EMP-0001,2025-07,10412000.0,10553000.0
EMP-0001,2025-08,10744000.0,10680000.0
EMP-0001,2025-09,10551000.0,10413000.0
EMP-0001,2025-10,10578000.0,10637000.0
EMP-0001,2025-11,10421000.0,10235000.0
EMP-0001,2025-12,10244000.0,10310000.0
EMP-0002,2025-01,5746000.0,5632000.0
EMP-0002,2025-02,5413000.0,5429000.0
EMP-0002,2025-03,5302000.0,5367000.0
EMP-0002,2025-04,5473000.0,5472000.0
EMP-0002,2025-05,5124000.0,5136000.0
EMP-0002,2025-06,5091000.0,5079000.0
EMP-0002,2025-07,5154000.0,5234000.0
EMP-0002,2025-08,4976000.0,4949000.0
EMP-0002,2025-09,5081000.0,4263000.0
EMP-0002,2025-10,5154000.0,4324000.0
EMP-0002,2025-11,5091000.0,4271000.0
EMP-0002,2025-12,4972000.0,4171000.0
EMP-0003,2025-01,10211000.0,10144000.0
EMP-0003,2025-02,10506000.0,10559000.0
EMP-0003,2025-03,10175000.0,10086000.0
EMP-0003,2025-04,9956000.0,10141000.0
EMP-0003,2025-05,9938000.0,9959000.0
EMP-0003,2025-06,10148000.0,10224000.0
EMP-0003,2025-07,9548000.0,9770000.0
EMP-0003,2025-08,10051000.0,10175000.0
EMP-0003,2025-09,10230000.0,10239000.0
EMP-0003,2025-10,10231000.0,10505000.0
EMP-0003,2025-11,10362000.0,10266000.0
EMP-0003,2025-12,10245000.0,10212000.0
EMP-0004,2025-01,4577000.0,4594000.0
EMP-0004,2025-02,4441000.0,4416000.0
EMP-0004,2025-03,4217000.0,4231000.0
EMP-0004,2025-04,4225000.0,4195000.0
EMP-0004,2025-05,4162000.0,4165000.0
EMP-0004,2025-06,4283000.0,4249000.0
EMP-0004,2025-07,4147000.0,4109000.0
EMP-0004,2025-08,4150000.0,4196000.0
EMP-0004,2025-09,4050000.0,4082000.0
EMP-0004,2025-10,4125000.0,4096000.0
EMP-0004,2025-11,4007000.0,4004000.0
EMP-0004,2025-12,4071000.0,4137000.0
EMP-0005,2025-01,6420000.0,6436000.0
EMP-0005,2025-02,6321000.0,6282000.0
EMP-0005,2025-03,6238000.0,6228000.0
EMP-0005,2025-04,6044000.0,6046000.0
EMP-0005,2025-05,6149000.0,6093000.0
EMP-0005,2025-06,6174000.0,6196000.0
EMP-0005,2025-07,6380000.0,6413000.0
EMP-0005,2025-08,6752000.0,6818000.0
EMP-0005,2025-09,6514000.0,6517000.0
EMP-0005,2025-10,6497000.0,6455000.0
EMP-0005,2025-11,6676000.0,6708000.0
EMP-0005,2025-12,6801000.0,6831000.0
EMP-0006,2025-01,4535000.0,4502000.0
EMP-0006,2025-02,4612000.0,4646000.0
EMP-0006,2025-03,4389000.0,4463000.0
EMP-0006,2025-04,4187000.0,4248000.0
EMP-0006,2025-05,4281000.0,3597000.0
EMP-0006,2025-06,4417000.0,3711000.0
EMP-0006,2025-07,4328000.0,3636000.0
EMP-0006,2025-08,4368000.0,3670000.0
EMP-0006,2025-09,4369000.0,3671000.0
EMP-0006,2025-10,4379000.0,3679000.0
EMP-0006,2025-11,4539000.0,3813000.0
EMP-0006,2025-12,4589000.0,3855000.0
EMP-0007,2025-01,3736000.0,3702000.0
EMP-0007,2025-02,3834000.0,3822000.0
EMP-0007,2025-03,3726000.0,3752000.0
EMP-0007,2025-04,3657000.0,3704000.0
EMP-0007,2025-05,3811000.0,3779000.0
EMP-0007,2025-06,3649000.0,3632000.0
EMP-0007,2025-07,3681000.0,3655000.0
EMP-0007,2025-08,3562000.0,3558000.0
EMP-0007,2025-09,3621000.0,3604000.0
EMP-0007,2025-10,3558000.0,3532000.0
EMP-0007,2025-11,3689000.0,3743000.0
EMP-0007,2025-12,3770000.0,3704000.0
EMP-0008,2025-01,3611000.0,3571000.0
EMP-0008,2025-02,3640000.0,3636000.0
EMP-0008,2025-03,3716000.0,3740000.0
EMP-0008,2025-04,3750000.0,3788000.0
EMP-0008,2025-05,3705000.0,3699000.0
EMP-0008,2025-06,3735000.0,3754000.0
EMP-0008,2025-07,3730000.0,3659000.0
EMP-0008,2025-08,3719000.0,3686000.0
EMP-0008,2025-09,3654000.0,3625000.0
EMP-0008,2025-10,3700000.0,3736000.0
EMP-0008,2025-11,3644000.0,3659000.0
EMP-0008,2025-12,3486000.0,3486000.0
EMP-0009,2025-01,5131000.0,5132000.0
EMP-0009,2025-02,5090000.0,5071000.0
EMP-0009,2025-03,5116000.0,5121000.0
EMP-0009,2025-04,4993000.0,4993000.0
EMP-0009,2025-05,4919000.0,4890000.0
EMP-0009,2025-06,4788000.0,4759000.0
EMP-0009,2025-07,4952000.0,4955000.0
EMP-0009,2025-08,4952000.0,4908000.0
EMP-0009,2025-09,4907000.0,4937000.0
EMP-0009,2025-10,4905000.0,4873000.0
EMP-0009,2025-11,5068000.0,4980000.0
EMP-0009,2025-12,5039000.0,5027000.0
EMP-0010,2025-01,6740000.0,6794000.0
EMP-0010,2025-02,6882000.0,6929000.0
EMP-0010,2025-03,6464000.0,6400000.0
EMP-0010,2025-04,6804000.0,6754000.0
EMP-0010,2025-05,6803000.0,6853000.0
EMP-0010,2025-06,7039000.0,7062000.0
EMP-0010,2025-07,7046000.0,7008000.0
EMP-0010,2025-08,7078000.0,7000000.0
EMP-0010,2025-09,7091000.0,7125000.0
EMP-0010,2025-10,6896000.0,6781000.0
EMP-0010,2025-11,7145000.0,6984000.0
EMP-0010,2025-12,7269000.0,7359000.0
EMP-0011,2025-01,10980000.0,10942000.0
EMP-0011,2025-02,10798000.0,10788000.0
EMP-0011,2025-03,10838000.0,10861000.0
EMP-0011,2025-04,10134000.0,10208000.0
EMP-0011,2025-05,10609000.0,10549000.0
EMP-0011,2025-06,10960000.0,10972000.0
EMP-0011,2025-07,10956000.0,10969000.0
EMP-0011,2025-08,10739000.0,10722000.0
EMP-0011,2025-09,10660000.0,10512000.0
EMP-0011,2025-10,10778000.0,10803000.0
EMP-0011,2025-11,10001000.0,10050000.0
EMP-0011,2025-12,9761000.0,9766000.0
EMP-0012,2025-01,10196000.0,10143000.0
EMP-0012,2025-02,9985000.0,10025000.0
EMP-0012,2025-03,9683000.0,9740000.0
EMP-0012,2025-04,10261000.0,10338000.0
EMP-0012,2025-05,10142000.0,10289000.0
EMP-0012,2025-06,10183000.0,10223000.0
EMP-0012,2025-07,10485000.0,10530000.0
EMP-0012,2025-08,10488000.0,10414000.0
EMP-0012,2025-09,10082000.0,9944000.0
EMP-0012,2025-10,10143000.0,10234000.0
EMP-0012,2025-11,9910000.0,10019000.0
EMP-0012,2025-12,9804000.0,9919000.0
EMP-0013,2025-01,6462000.0,6424000.0
EMP-0013,2025-02,6818000.0,6789000.0
EMP-0013,2025-03,6268000.0,6191000.0
EMP-0013,2025-04,6386000.0,6279000.0
EMP-0013,2025-05,6203000.0,6188000.0
EMP-0013,2025-06,6214000.0,6292000.0
EMP-0013,2025-07,6302000.0,6285000.0
EMP-0013,2025-08,6301000.0,6408000.0
EMP-0013,2025-09,6330000.0,6342000.0
EMP-0013,2025-10,6350000.0,6315000.0
EMP-0013,2025-11,6218000.0,6221000.0
EMP-0013,2025-12,6351000.0,6412000.0
EMP-0014,2025-01,8916000.0,9004000.0
EMP-0014,2025-02,8697000.0,8759000.0
EMP-0014,2025-03,8381000.0,8244000.0
EMP-0014,2025-04,8789000.0,8770000.0
EMP-0014,2025-05,8497000.0,8515000.0
EMP-0014,2025-06,8852000.0,8873000.0
EMP-0014,2025-07,8845000.0,8866000.0
EMP-0014,2025-08,8668000.0,8690000.0
EMP-0014,2025-09,8693000.0,8672000.0
EMP-0014,2025-10,8987000.0,8894000.0
EMP-0014,2025-11,9137000.0,9099000.0
EMP-0014,2025-12,9379000.0,9344000.0
EMP-0015,2025-01,4604000.0,4599000.0
EMP-0015,2025-02,4548000.0,4617000.0
EMP-0015,2025-03,4503000.0,4495000.0
EMP-0015,2025-04,4506000.0,4469000.0
EMP-0015,2025-05,4456000.0,4524000.0
EMP-0015,2025-06,4699000.0,4621000.0
EMP-0015,2025-07,4611000.0,4552000.0
EMP-0015,2025-08,4576000.0,4605000.0
EMP-0015,2025-09,4447000.0,4356000.0
EMP-0015,2025-10,4709000.0,4672000.0
EMP-0015,2025-11,4672000.0,4655000.0
EMP-0015,2025-12,4957000.0,4925000.0
EMP-0016,2025-01,8693000.0,8619000.0
EMP-0016,2025-02,8392000.0,8401000.0
EMP-0016,2025-03,8506000.0,8511000.0
EMP-0016,2025-04,8566000.0,8513000.0
EMP-0016,2025-05,8487000.0,8376000.0
EMP-0016,2025-06,8722000.0,8698000.0
EMP-0016,2025-07,8515000.0,8474000.0
EMP-0016,2025-08,8477000.0,8498000.0
EMP-0016,2025-09,8267000.0,8226000.0
EMP-0016,2025-10,8249000.0,8225000.0
EMP-0016,2025-11,8198000.0,8264000.0
EMP-0016,2025-12,8355000.0,8471000.0
EMP-0017,2025-01,11722000.0,11751000.0
EMP-0017,2025-02,11777000.0,11621000.0
EMP-0017,2025-03,11746000.0,11598000.0
EMP-0017,2025-04,11520000.0,11646000.0
EMP-0017,2025-05,11628000.0,11654000.0
EMP-0017,2025-06,11633000.0,11604000.0
EMP-0017,2025-07,11788000.0,11902000.0
EMP-0017,2025-08,11521000.0,11776000.0
EMP-0017,2025-09,11081000.0,11025000.0
EMP-0017,2025-10,11592000.0,9021000.0
EMP-0017,2025-11,11788000.0,9173000.0
EMP-0017,2025-12,11773000.0,9162000.0
EMP-0018,2025-01,6609000.0,6610000.0
EMP-0018,2025-02,6277000.0,6290000.0
EMP-0018,2025-03,6347000.0,6390000.0
EMP-0018,2025-04,6215000.0,6218000.0
EMP-0018,2025-05,6296000.0,6266000.0
EMP-0018,2025-06,6709000.0,6659000.0
EMP-0018,2025-07,6430000.0,6393000.0
EMP-0018,2025-08,6780000.0,6756000.0
EMP-0018,2025-09,7117000.0,7122000.0
EMP-0018,2025-10,7046000.0,7148000.0
EMP-0018,2025-11,6891000.0,7010000.0
EMP-0018,2025-12,6949000.0,7050000.0
EMP-0019,2025-11,11916000.0,11810000.0
EMP-0019,2025-12,12383000.0,12656000.0
EMP-0020,2025-01,7472000.0,7508000.0
EMP-0020,2025-02,7588000.0,7499000.0
EMP-0020,2025-03,8011000.0,7988000.0
EMP-0020,2025-04,7648000.0,7710000.0
EMP-0020,2025-05,7487000.0,7492000.0
EMP-0020,2025-06,7423000.0,7364000.0
EMP-0020,2025-07,7537000.0,7535000.0
EMP-0020,2025-08,7828000.0,7839000.0
EMP-0020,2025-09,7818000.0,7818000.0
EMP-0020,2025-10,7626000.0,7595000.0
EMP-0020,2025-11,7340000.0,7293000.0
EMP-0020,2025-12,7535000.0,7522000.0
EMP-0021,2025-01,6126000.0,6144000.0
EMP-0021,2025-02,5992000.0,6048000.0
EMP-0021,2025-03,6130000.0,6238000.0
EMP-0021,2025-04,5975000.0,6017000.0
EMP-0021,2025-05,6190000.0,6211000.0
EMP-0021,2025-06,6111000.0,6115000.0
EMP-0021,2025-07,5923000.0,5923000.0
EMP-0021,2025-08,5974000.0,5954000.0
EMP-0021,2025-09,6055000.0,6079000.0
EMP-0021,2025-10,6154000.0,6035000.0
EMP-0021,2025-11,6194000.0,6244000.0
EMP-0021,2025-12,5973000.0,5952000.0
EMP-0022,2025-01,9565000.0,9479000.0
EMP-0022,2025-02,9848000.0,9810000.0
EMP-0022,2025-03,9556000.0,9485000.0
EMP-0022,2025-04,9658000.0,9896000.0
EMP-0022,2025-05,9859000.0,9819000.0
EMP-0022,2025-06,9568000.0,9587000.0
EMP-0022,2025-07,9918000.0,9836000.0
EMP-0022,2025-08,9769000.0,9861000.0
EMP-0022,2025-09,9745000.0,9627000.0
EMP-0022,2025-10,9593000.0,9688000.0
EMP-0022,2025-11,10213000.0,10248000.0
EMP-0022,2025-12,10548000.0,10584000.0
EMP-0023,2025-01,9960000.0,10017000.0
EMP-0023,2025-02,9959000.0,9932000.0
EMP-0023,2025-03,10003000.0,10071000.0
EMP-0023,2025-04,9780000.0,9750000.0
EMP-0023,2025-05,9892000.0,9831000.0
EMP-0023,2025-06,10346000.0,10254000.0
EMP-0023,2025-07,9809000.0,9912000.0
EMP-0023,2025-08,9777000.0,9890000.0
EMP-0023,2025-09,9392000.0,9591000.0
EMP-0023,2025-10,9033000.0,9009000.0
EMP-0023,2025-11,9141000.0,9100000.0
EMP-0023,2025-12,9013000.0,8963000.0
EMP-0024,2025-01,9437000.0,9292000.0
EMP-0024,2025-02,9286000.0,9318000.0
EMP-0024,2025-03,9281000.0,9299000.0
EMP-0024,2025-04,9326000.0,9289000.0
EMP-0024,2025-05,9488000.0,9607000.0
EMP-0024,2025-06,9139000.0,9058000.0
EMP-0024,2025-07,9457000.0,9359000.0
EMP-0024,2025-08,9521000.0,9599000.0
EMP-0024,2025-09,9508000.0,9602000.0
EMP-0024,2025-10,9645000.0,9594000.0
EMP-0024,2025-11,9523000.0,9224000.0
EMP-0024,2025-12,9031000.0,9009000.0
EMP-0025,2025-01,8457000.0,8398000.0
EMP-0025,2025-02,8378000.0,8558000.0
EMP-0025,2025-03,8369000.0,8484000.0
EMP-0025,2025-04,8854000.0,8827000.0
EMP-0025,2025-05,8947000.0,8955000.0
EMP-0025,2025-06,8559000.0,8623000.0
EMP-0025,2025-07,9068000.0,9082000.0
EMP-0025,2025-08,8351000.0,8345000.0
EMP-0025,2025-09,8485000.0,8570000.0
EMP-0025,2025-10,8755000.0,8869000.0
EMP-0025,2025-11,8752000.0,8880000.0
EMP-0025,2025-12,8815000.0,8872000.0
EMP-0026,2025-01,4040000.0,4068000.0
EMP-0026,2025-02,3903000.0,3928000.0
EMP-0026,2025-03,3960000.0,3957000.0
EMP-0026,2025-04,3982000.0,3996000.0
EMP-0026,2025-05,4035000.0,4011000.0
EMP-0026,2025-06,3937000.0,3881000.0
EMP-0026,2025-07,3914000.0,3923000.0
EMP-0026,2025-08,3956000.0,4017000.0
EMP-0026,2025-09,4022000.0,4007000.0
EMP-0026,2025-10,3936000.0,3957000.0
EMP-0026,2025-11,3889000.0,3855000.0
EMP-0026,2025-12,3855000.0,3887000.0
EMP-0027,2025-01,11249000.0,11217000.0
EMP-0027,2025-02,11541000.0,11700000.0
EMP-0027,2025-03,11281000.0,11205000.0
EMP-0027,2025-04,11319000.0,11510000.0
EMP-0027,2025-05,11662000.0,11784000.0
EMP-0027,2025-06,11072000.0,11002000.0
EMP-0027,2025-07,11665000.0,11590000.0
EMP-0027,2025-08,11389000.0,11327000.0
EMP-0027,2025-09,11748000.0,11900000.0
EMP-0027,2025-10,12171000.0,11994000.0
EMP-0027,2025-11,11872000.0,11918000.0
EMP-0027,2025-12,11957000.0,11763000.0
EMP-0028,2025-01,3257000.0,3210000.0
EMP-0028,2025-02,3232000.0,3180000.0
EMP-0028,2025-03,3253000.0,3233000.0
EMP-0028,2025-04,3275000.0,3241000.0
EMP-0028,2025-05,3256000.0,3226000.0
EMP-0028,2025-06,3211000.0,3185000.0
EMP-0028,2025-07,3211000.0,3207000.0
EMP-0028,2025-08,3172000.0,3147000.0
EMP-0028,2025-09,3200000.0,3172000.0
EMP-0028,2025-10,3534000.0,3616000.0
EMP-0028,2025-11,3392000.0,3375000.0
EMP-0028,2025-12,3371000.0,3302000.0
EMP-0029,2025-01,8233000.0,8308000.0
EMP-0029,2025-02,8580000.0,8545000.0
EMP-0029,2025-03,8746000.0,8670000.0
EMP-0029,2025-04,9047000.0,8960000.0
EMP-0029,2025-05,8920000.0,8970000.0
EMP-0029,2025-06,8640000.0,8665000.0
EMP-0029,2025-07,8798000.0,8747000.0
EMP-0029,2025-08,8468000.0,8489000.0
EMP-0029,2025-09,8868000.0,8887000.0
EMP-0029,2025-10,8581000.0,8609000.0
EMP-0029,2025-11,8326000.0,8247000.0
EMP-0029,2025-12,8397000.0,8462000.0
EMP-0030,2025-01,6711000.0,6652000.0
EMP-0030,2025-02,6656000.0,6659000.0
EMP-0030,2025-03,6466000.0,6442000.0
EMP-0030,2025-04,6535000.0,6538000.0
EMP-0030,2025-05,6643000.0,6727000.0
EMP-0030,2025-06,6569000.0,6577000.0
EMP-0030,2025-07,6638000.0,6702000.0
EMP-0030,2025-08,6392000.0,6405000.0
EMP-0030,2025-09,6333000.0,6452000.0
EMP-0030,2025-10,6126000.0,6156000.0
EMP-0030,2025-11,6145000.0,6058000.0
EMP-0030,2025-12,6238000.0,6180000.0
EMP-0031,2025-01,9951000.0,9879000.0
EMP-0031,2025-02,10309000.0,10278000.0
EMP-0031,2025-03,10406000.0,10338000.0
EMP-0031,2025-04,10730000.0,10577000.0
EMP-0031,2025-05,10691000.0,10685000.0
EMP-0031,2025-06,10427000.0,10204000.0
EMP-0031,2025-07,10406000.0,10586000.0
EMP-0031,2025-08,10187000.0,10178000.0
EMP-0031,2025-09,10515000.0,10686000.0
EMP-0031,2025-10,10235000.0,10137000.0
EMP-0031,2025-11,10615000.0,10603000.0
EMP-0031,2025-12,10879000.0,10985000.0
EMP-0032,2025-01,6222000.0,6341000.0
EMP-0032,2025-02,6169000.0,6205000.0
EMP-0032,2025-03,6057000.0,5981000.0
EMP-0032,2025-04,6025000.0,6024000.0
EMP-0032,2025-05,6167000.0,6096000.0
EMP-0032,2025-06,6107000.0,6165000.0
EMP-0032,2025-07,6242000.0,6273000.0
EMP-0032,2025-08,6226000.0,6291000.0
EMP-0032,2025-09,6140000.0,6174000.0
EMP-0032,2025-10,6051000.0,6072000.0
EMP-0032,2025-11,6405000.0,6322000.0
EMP-0032,2025-12,6455000.0,6435000.0
EMP-0033,2025-01,3253000.0,3276000.0
EMP-0033,2025-02,3277000.0,3250000.0
EMP-0033,2025-03,3301000.0,3263000.0
EMP-0033,2025-04,3240000.0,3267000.0
EMP-0033,2025-05,3433000.0,3434000.0
EMP-0033,2025-06,3453000.0,3491000.0
EMP-0033,2025-07,3410000.0,3401000.0
EMP-0033,2025-08,3454000.0,3461000.0
EMP-0033,2025-09,3265000.0,3258000.0
EMP-0033,2025-10,3274000.0,3282000.0
EMP-0033,2025-11,3283000.0,3348000.0
EMP-0033,2025-12,3184000.0,3223000.0
EMP-0034,2025-01,3786000.0,3827000.0
EMP-0034,2025-02,4047000.0,4007000.0
EMP-0034,2025-03,3987000.0,3974000.0
EMP-0034,2025-04,3993000.0,3997000.0
EMP-0034,2025-05,4026000.0,4009000.0
EMP-0034,2025-06,4123000.0,4155000.0
EMP-0034,2025-07,3857000.0,3883000.0
EMP-0034,2025-08,2471000.0,2437000.0
EMP-0034,2025-09,2474000.0,2470000.0
EMP-0034,2025-10,2455000.0,2420000.0
EMP-0034,2025-11,2439000.0,2416000.0
EMP-0034,2025-12,2454000.0,2469000.0
EMP-0035,2025-01,23446000.0,23675000.0
EMP-0035,2025-02,23453000.0,22957000.0
EMP-0035,2025-03,23085000.0,23117000.0
EMP-0035,2025-04,22082000.0,22318000.0
EMP-0035,2025-05,23231000.0,22834000.0
EMP-0035,2025-06,22829000.0,22815000.0
EMP-0035,2025-07,22091000.0,21646000.0
EMP-0035,2025-08,23044000.0,23043000.0
EMP-0035,2025-09,22985000.0,23290000.0
EMP-0035,2025-10,22124000.0,22185000.0
EMP-0035,2025-11,22365000.0,22262000.0
EMP-0035,2025-12,22457000.0,22696000.0
EMP-0036,2025-01,43348000.0,42963000.0
EMP-0036,2025-02,42513000.0,43172000.0
EMP-0036,2025-03,41470000.0,41540000.0
EMP-0036,2025-04,42622000.0,42444000.0
EMP-0036,2025-05,42745000.0,42901000.0
EMP-0036,2025-06,42122000.0,42305000.0
EMP-0036,2025-07,43764000.0,44313000.0
EMP-0036,2025-08,44212000.0,44457000.0
EMP-0036,2025-09,45008000.0,45410000.0
EMP-0036,2025-10,46008000.0,45964000.0
EMP-0036,2025-11,47450000.0,47229000.0
EMP-0036,2025-12,47610000.0,47591000.0
EMP-0037,2025-01,41031000.0,41384000.0
EMP-0037,2025-02,41768000.0,41988000.0
EMP-0037,2025-03,42048000.0,41749000.0
EMP-0037,2025-04,43376000.0,42910000.0
EMP-0037,2025-05,42352000.0,42633000.0
EMP-0037,2025-06,43759000.0,44525000.0
EMP-0037,2025-07,43934000.0,43909000.0
EMP-0037,2025-08,42538000.0,42960000.0
EMP-0037,2025-09,42078000.0,41576000.0
EMP-0037,2025-10,39640000.0,39997000.0
EMP-0037,2025-11,39595000.0,39519000.0
EMP-0037,2025-12,40015000.0,40267000.0
EMP-0038,2025-01,38875000.0,39747000.0
EMP-0038,2025-02,39271000.0,39570000.0
EMP-0038,2025-03,41136000.0,40792000.0
EMP-0038,2025-04,39504000.0,39061000.0
EMP-0038,2025-05,37467000.0,36805000.0
EMP-0038,2025-06,38158000.0,38165000.0
EMP-0038,2025-07,38174000.0,37853000.0
EMP-0038,2025-08,38952000.0,38269000.0
EMP-0038,2025-09,37328000.0,37777000.0
EMP-0038,2025-10,36225000.0,36285000.0
EMP-0038,2025-11,36647000.0,36773000.0
EMP-0038,2025-12,36170000.0,35814000.0
EMP-0039,2025-01,12407000.0,12517000.0
EMP-0039,2025-02,12135000.0,12092000.0
EMP-0039,2025-03,11927000.0,11819000.0
EMP-0039,2025-04,11813000.0,11862000.0
EMP-0039,2025-05,11999000.0,11944000.0
EMP-0039,2025-06,12213000.0,12388000.0
EMP-0039,2025-07,12416000.0,9357000.0
EMP-0039,2025-08,11867000.0,8944000.0
EMP-0039,2025-09,11909000.0,8975000.0
EMP-0039,2025-10,11582000.0,8729000.0
EMP-0039,2025-11,11763000.0,8865000.0
EMP-0039,2025-12,11749000.0,8855000.0
EMP-0040,2025-01,42187000.0,42987000.0
EMP-0040,2025-02,42885000.0,42547000.0
EMP-0040,2025-03,43147000.0,43208000.0
EMP-0040,2025-04,45632000.0,45028000.0
EMP-0040,2025-05,44073000.0,43735000.0
EMP-0040,2025-06,42793000.0,42642000.0
EMP-0040,2025-07,43137000.0,43267000.0
EMP-0040,2025-08,43421000.0,43010000.0
EMP-0040,2025-09,44009000.0,44071000.0
EMP-0040,2025-10,44542000.0,44093000.0
EMP-0040,2025-11,44507000.0,44647000.0
EMP-0040,2025-12,43044000.0,42930000.0
EMP-0041,2025-01,23757000.0,23725000.0
EMP-0041,2025-02,22155000.0,22037000.0
EMP-0041,2025-03,21866000.0,22038000.0
EMP-0041,2025-04,23028000.0,23218000.0
EMP-0041,2025-05,23434000.0,23355000.0
EMP-0041,2025-06,22567000.0,22477000.0
EMP-0041,2025-07,23849000.0,24304000.0
EMP-0041,2025-08,23466000.0,23579000.0
EMP-0041,2025-09,24870000.0,25033000.0
EMP-0041,2025-10,25233000.0,25580000.0
EMP-0041,2025-11,25529000.0,25451000.0
EMP-0041,2025-12,24754000.0,25112000.0
EMP-0042,2025-01,37427000.0,36702000.0
EMP-0042,2025-02,37000000.0,37651000.0
EMP-0042,2025-03,36362000.0,36120000.0
EMP-0042,2025-04,35176000.0,35364000.0
EMP-0042,2025-05,34432000.0,34667000.0
EMP-0042,2025-06,33939000.0,33769000.0
EMP-0042,2025-07,34673000.0,35017000.0
EMP-0042,2025-08,35573000.0,35895000.0
EMP-0042,2025-09,34349000.0,34336000.0
EMP-0042,2025-10,36928000.0,36582000.0
EMP-0042,2025-11,36625000.0,37157000.0
EMP-0042,2025-12,35962000.0,36082000.0
EMP-0043,2025-01,13734000.0,13902000.0
EMP-0043,2025-02,13869000.0,13545000.0
EMP-0043,2025-03,13482000.0,13569000.0
EMP-0043,2025-04,13587000.0,13518000.0
EMP-0043,2025-05,13163000.0,13153000.0
EMP-0043,2025-06,12979000.0,13090000.0
EMP-0043,2025-07,13367000.0,13115000.0
EMP-0043,2025-08,13622000.0,13528000.0
EMP-0043,2025-09,13673000.0,13725000.0
EMP-0043,2025-10,13494000.0,13268000.0
EMP-0043,2025-11,13124000.0,13166000.0
EMP-0043,2025-12,13271000.0,13114000.0
EMP-0044,2025-01,20073000.0,20436000.0
EMP-0044,2025-02,20060000.0,20175000.0
EMP-0044,2025-03,20049000.0,20196000.0
EMP-0044,2025-04,20032000.0,19832000.0
EMP-0044,2025-05,20014000.0,20019000.0
EMP-0044,2025-06,20403000.0,20330000.0
EMP-0044,2025-07,20279000.0,20377000.0
EMP-0044,2025-08,19389000.0,19531000.0
EMP-0044,2025-09,18803000.0,18781000.0
EMP-0044,2025-10,19928000.0,19951000.0
EMP-0044,2025-11,20124000.0,20073000.0
EMP-0044,2025-12,18928000.0,19267000.0
EMP-0045,2025-01,36139000.0,35734000.0
EMP-0045,2025-02,35987000.0,35493000.0
EMP-0045,2025-03,35827000.0,35936000.0
EMP-0045,2025-04,36243000.0,36019000.0
EMP-0045,2025-05,36636000.0,36263000.0
EMP-0045,2025-06,36072000.0,36212000.0
EMP-0045,2025-07,35553000.0,35171000.0
EMP-0045,2025-08,34262000.0,34306000.0
EMP-0045,2025-09,32475000.0,32402000.0
EMP-0045,2025-10,33432000.0,33401000.0
EMP-0045,2025-11,32990000.0,32698000.0
EMP-0045,2025-12,32324000.0,32030000.0
EMP-0046,2025-01,35664000.0,35549000.0
EMP-0046,2025-02,34421000.0,34978000.0
EMP-0046,2025-03,34824000.0,34286000.0
EMP-0046,2025-04,33664000.0,33816000.0
EMP-0046,2025-05,33711000.0,33318000.0
EMP-0046,2025-06,32644000.0,32696000.0
EMP-0046,2025-07,32848000.0,32851000.0
EMP-0046,2025-08,32784000.0,32864000.0
EMP-0046,2025-09,33303000.0,33877000.0
EMP-0046,2025-10,33003000.0,33304000.0
EMP-0046,2025-11,32843000.0,32819000.0
EMP-0046,2025-12,33080000.0,33569000.0
EMP-0047,2025-01,42816000.0,42406000.0
EMP-0047,2025-02,44750000.0,44233000.0
EMP-0047,2025-03,41936000.0,42657000.0
EMP-0047,2025-04,41515000.0,41574000.0
EMP-0047,2025-05,41487000.0,41796000.0
EMP-0047,2025-06,41431000.0,41001000.0
EMP-0047,2025-07,42752000.0,42495000.0
EMP-0047,2025-08,41668000.0,42320000.0
EMP-0047,2025-09,41735000.0,40916000.0
EMP-0047,2025-10,40807000.0,40915000.0
EMP-0047,2025-11,41901000.0,42430000.0
EMP-0047,2025-12,42348000.0,41599000.0
EMP-0048,2025-01,33624000.0,33630000.0
EMP-0048,2025-02,32807000.0,32063000.0
EMP-0048,2025-03,32276000.0,32217000.0
EMP-0048,2025-04,32346000.0,32439000.0
EMP-0048,2025-05,32301000.0,32377000.0
EMP-0048,2025-06,32298000.0,32639000.0
EMP-0048,2025-07,32140000.0,32195000.0
EMP-0048,2025-08,34365000.0,34435000.0
EMP-0048,2025-09,35106000.0,35254000.0
EMP-0048,2025-10,34114000.0,33997000.0
EMP-0048,2025-11,34215000.0,34231000.0
EMP-0048,2025-12,34290000.0,33855000.0
EMP-0049,2025-01,23343000.0,24181000.0
EMP-0049,2025-02,22883000.0,22986000.0
EMP-0049,2025-03,22500000.0,22340000.0
EMP-0049,2025-04,21931000.0,22266000.0
EMP-0049,2025-05,21733000.0,22175000.0
EMP-0049,2025-06,23114000.0,22986000.0
EMP-0049,2025-07,23089000.0,22943000.0
EMP-0049,2025-08,22045000.0,22452000.0
EMP-0049,2025-09,23580000.0,23324000.0
EMP-0049,2025-10,22313000.0,22428000.0
EMP-0049,2025-11,22738000.0,22677000.0
EMP-0049,2025-12,22778000.0,23001000.0
EMP-0050,2025-11,19707000.0,19849000.0
EMP-0050,2025-12,20069000.0,20114000.0
EMP-0051,2025-01,40304000.0,40448000.0
EMP-0051,2025-02,41009000.0,40620000.0
EMP-0051,2025-03,42481000.0,42501000.0
EMP-0051,2025-04,44267000.0,44257000.0
EMP-0051,2025-05,44280000.0,44014000.0
EMP-0051,2025-06,43902000.0,43633000.0
EMP-0051,2025-07,44173000.0,43822000.0
EMP-0051,2025-08,43353000.0,43755000.0
EMP-0051,2025-09,44145000.0,44183000.0
EMP-0051,2025-10,43712000.0,43266000.0
EMP-0051,2025-11,43481000.0,43857000.0
EMP-0051,2025-12,42800000.0,43285000.0
EMP-0052,2025-01,34284000.0,34179000.0
EMP-0052,2025-02,33911000.0,33679000.0
EMP-0052,2025-03,34876000.0,35349000.0
EMP-0052,2025-04,34669000.0,35294000.0
EMP-0052,2025-05,33359000.0,33758000.0
EMP-0052,2025-06,33963000.0,33940000.0
EMP-0052,2025-07,32556000.0,32317000.0
EMP-0052,2025-08,34504000.0,33813000.0
EMP-0052,2025-09,33860000.0,34269000.0
EMP-0052,2025-10,33387000.0,32887000.0
EMP-0052,2025-11,33673000.0,33381000.0
EMP-0052,2025-12,34715000.0,34559000.0
EMP-0053,2025-01,44230000.0,44486000.0
EMP-0053,2025-02,45741000.0,44477000.0
EMP-0053,2025-03,43096000.0,43133000.0
EMP-0053,2025-04,41608000.0,42325000.0
EMP-0053,2025-05,41205000.0,40939000.0
EMP-0053,2025-06,43220000.0,43528000.0
EMP-0053,2025-07,42976000.0,42772000.0
EMP-0053,2025-08,43164000.0,43286000.0
EMP-0053,2025-09,42904000.0,42841000.0
EMP-0053,2025-10,42318000.0,41891000.0
EMP-0053,2025-11,44974000.0,45197000.0
EMP-0053,2025-12,44814000.0,44921000.0
EMP-0054,2025-01,36294000.0,36314000.0
EMP-0054,2025-02,38933000.0,39519000.0
EMP-0054,2025-03,37419000.0,37388000.0
EMP-0054,2025-04,38421000.0,38561000.0
EMP-0054,2025-05,36709000.0,36447000.0
EMP-0054,2025-06,37866000.0,38129000.0
EMP-0054,2025-07,39748000.0,39273000.0
EMP-0054,2025-08,22376000.0,22401000.0
EMP-0054,2025-09,23462000.0,23354000.0
EMP-0054,2025-10,23164000.0,23263000.0
EMP-0054,2025-11,24682000.0,24487000.0
EMP-0054,2025-12,23528000.0,23638000.0
EMP-0055,2025-01,16468000.0,16470000.0
EMP-0055,2025-02,16496000.0,16717000.0
EMP-0055,2025-03,15875000.0,15596000.0
EMP-0055,2025-04,16286000.0,16133000.0
EMP-0055,2025-05,16600000.0,16505000.0
EMP-0055,2025-06,16396000.0,16439000.0
EMP-0055,2025-07,15664000.0,15729000.0
EMP-0055,2025-08,15423000.0,15511000.0
EMP-0055,2025-09,15685000.0,15718000.0
EMP-0055,2025-10,15191000.0,15183000.0
EMP-0055,2025-11,15108000.0,15029000.0
EMP-0055,2025-12,14664000.0,14776000.0
EMP-0056,2025-01,31621000.0,31378000.0
EMP-0056,2025-02,34060000.0,34195000.0
EMP-0056,2025-03,34501000.0,34562000.0
EMP-0056,2025-04,32143000.0,31640000.0
EMP-0056,2025-05,32826000.0,32959000.0
EMP-0056,2025-06,32114000.0,32959000.0
EMP-0056,2025-07,30616000.0,31235000.0
EMP-0056,2025-08,31223000.0,31573000.0
EMP-0056,2025-09,30693000.0,30882000.0
EMP-0056,2025-10,30026000.0,29688000.0
EMP-0056,2025-11,31607000.0,31738000.0
EMP-0056,2025-12,33294000.0,33997000.0
EMP-0057,2025-01,28607000.0,28453000.0
EMP-0057,2025-02,28495000.0,28053000.0
EMP-0057,2025-03,29773000.0,30042000.0
EMP-0057,2025-04,30142000.0,29913000.0
EMP-0057,2025-05,29813000.0,29501000.0
EMP-0057,2025-06,30588000.0,30697000.0
EMP-0057,2025-07,29292000.0,29551000.0
EMP-0057,2025-08,30385000.0,30430000.0
EMP-0057,2025-09,29702000.0,29964000.0
EMP-0057,2025-10,28607000.0,28990000.0
EMP-0057,2025-11,28315000.0,28453000.0
EMP-0057,2025-12,28343000.0,28515000.0
EMP-0058,2025-01,31532000.0,31441000.0
EMP-0058,2025-02,31686000.0,32287000.0
EMP-0058,2025-03,30992000.0,31159000.0
EMP-0058,2025-04,31569000.0,31728000.0
EMP-0058,2025-05,30567000.0,30479000.0
EMP-0058,2025-06,31100000.0,30887000.0
EMP-0058,2025-07,31845000.0,31602000.0
EMP-0058,2025-08,30766000.0,30652000.0
EMP-0058,2025-09,31122000.0,31142000.0
EMP-0058,2025-10,30136000.0,30246000.0
EMP-0058,2025-11,29568000.0,29049000.0
EMP-0058,2025-12,29419000.0,29813000.0
EMP-0059,2025-01,27107000.0,27069000.0
EMP-0059,2025-02,27658000.0,28091000.0
EMP-0059,2025-03,27428000.0,27580000.0
EMP-0059,2025-04,27980000.0,28079000.0
EMP-0059,2025-05,29135000.0,29480000.0
EMP-0059,2025-06,28335000.0,28762000.0
EMP-0059,2025-07,28415000.0,28419000.0
EMP-0059,2025-08,28316000.0,28738000.0
EMP-0059,2025-09,27142000.0,27179000.0
EMP-0059,2025-10,27483000.0,27460000.0
EMP-0059,2025-11,26988000.0,26939000.0
EMP-0059,2025-12,27394000.0,27047000.0
EMP-0060,2025-01,28416000.0,27679000.0
EMP-0060,2025-02,27932000.0,27763000.0
EMP-0060,2025-03,27953000.0,28062000.0
EMP-0060,2025-04,29194000.0,29361000.0
EMP-0060,2025-05,28230000.0,27730000.0
EMP-0060,2025-06,27950000.0,28114000.0
EMP-0060,2025-07,28361000.0,28060000.0
EMP-0060,2025-08,28348000.0,28621000.0
EMP-0060,2025-09,28970000.0,29128000.0
EMP-0060,2025-10,28172000.0,27842000.0
EMP-0060,2025-11,28243000.0,28097000.0
EMP-0060,2025-12,27913000.0,27533000.0
EMP-0061,2025-01,42812000.0,43137000.0
EMP-0061,2025-02,44334000.0,44328000.0
EMP-0061,2025-03,42555000.0,42407000.0
EMP-0061,2025-04,42998000.0,42798000.0
EMP-0061,2025-05,39743000.0,40340000.0
EMP-0061,2025-06,42082000.0,42124000.0
EMP-0061,2025-07,40724000.0,41031000.0
EMP-0061,2025-08,40609000.0,40625000.0
EMP-0061,2025-09,38843000.0,38739000.0
EMP-0061,2025-10,41570000.0,42506000.0
EMP-0061,2025-11,41079000.0,40577000.0
EMP-0061,2025-12,40689000.0,40320000.0
EMP-0062,2025-01,16356000.0,16386000.0
EMP-0062,2025-02,16427000.0,16185000.0
EMP-0062,2025-03,16374000.0,16107000.0
EMP-0062,2025-04,16401000.0,16367000.0
EMP-0062,2025-05,17165000.0,17000000.0
EMP-0062,2025-06,16626000.0,16801000.0
EMP-0062,2025-07,16695000.0,16802000.0
EMP-0062,2025-08,16201000.0,16280000.0
EMP-0062,2025-09,16705000.0,16745000.0
EMP-0062,2025-10,16252000.0,15939000.0
EMP-0062,2025-11,15878000.0,15828000.0
EMP-0062,2025-12,16028000.0,16205000.0
EMP-0063,2025-01,19158000.0,19048000.0
EMP-0063,2025-02,18992000.0,19375000.0
EMP-0063,2025-03,18843000.0,18996000.0
EMP-0063,2025-04,19142000.0,19316000.0
EMP-0063,2025-05,18768000.0,18811000.0
EMP-0063,2025-06,18464000.0,18638000.0
EMP-0063,2025-07,18577000.0,18491000.0
EMP-0063,2025-08,17480000.0,17734000.0
EMP-0063,2025-09,18475000.0,18231000.0
EMP-0063,2025-10,17890000.0,17668000.0
EMP-0063,2025-11,17830000.0,17791000.0
EMP-0063,2025-12,18567000.0,18346000.0
EMP-0064,2025-01,27472000.0,27134000.0
EMP-0064,2025-02,28552000.0,28632000.0
EMP-0064,2025-03,29501000.0,29319000.0
EMP-0064,2025-04,29918000.0,30044000.0
EMP-0064,2025-05,29024000.0,29604000.0
EMP-0064,2025-06,28099000.0,27881000.0
EMP-0064,2025-07,27760000.0,28121000.0
EMP-0064,2025-08,27444000.0,27403000.0
EMP-0064,2025-09,28313000.0,28392000.0
EMP-0064,2025-10,27339000.0,27713000.0
EMP-0064,2025-11,27157000.0,27738000.0
EMP-0064,2025-12,27009000.0,27112000.0
EMP-0065,2025-01,21785000.0,21963000.0
EMP-0065,2025-02,20163000.0,20277000.0
EMP-0065,2025-03,21076000.0,21405000.0
EMP-0065,2025-04,19972000.0,20066000.0
EMP-0065,2025-05,19014000.0,19125000.0
EMP-0065,2025-06,19622000.0,19475000.0
EMP-0065,2025-07,19151000.0,19183000.0
EMP-0065,2025-08,20438000.0,20341000.0
EMP-0065,2025-09,20617000.0,20420000.0
EMP-0065,2025-10,21111000.0,21070000.0
EMP-0065,2025-11,20381000.0,20202000.0
EMP-0065,2025-12,20595000.0,20225000.0
EMP-0066,2025-01,43546000.0,43259000.0
EMP-0066,2025-02,42979000.0,43223000.0
EMP-0066,2025-03,46458000.0,46230000.0
EMP-0066,2025-04,46040000.0,45774000.0
EMP-0066,2025-05,47245000.0,47105000.0
EMP-0066,2025-06,45892000.0,45362000.0
EMP-0066,2025-07,47595000.0,47123000.0
EMP-0066,2025-08,50109000.0,49980000.0
EMP-0066,2025-09,47302000.0,47437000.0
EMP-0066,2025-10,49438000.0,48462000.0
EMP-0066,2025-11,49995000.0,49675000.0
EMP-0066,2025-12,49171000.0,48459000.0
EMP-0067,2025-01,36037000.0,35995000.0
EMP-0067,2025-02,35460000.0,35973000.0
EMP-0067,2025-03,36495000.0,36249000.0
EMP-0067,2025-04,34894000.0,34698000.0
EMP-0067,2025-05,33470000.0,33676000.0
EMP-0067,2025-06,34139000.0,34511000.0
EMP-0067,2025-07,34836000.0,34738000.0
EMP-0067,2025-08,35465000.0,35880000.0
EMP-0067,2025-09,35176000.0,34581000.0
EMP-0067,2025-10,35112000.0,35713000.0
EMP-0067,2025-11,35126000.0,35334000.0
EMP-0067,2025-12,34904000.0,34464000.0
EMP-0068,2025-01,26458000.0,26083000.0
EMP-0068,2025-02,27089000.0,26919000.0
EMP-0068,2025-03,28137000.0,28212000.0
EMP-0068,2025-04,27941000.0,28358000.0
EMP-0068,2025-05,28419000.0,28342000.0
EMP-0068,2025-06,26411000.0,26457000.0
EMP-0068,2025-07,27539000.0,27889000.0
EMP-0068,2025-08,27641000.0,27511000.0
EMP-0068,2025-09,26711000.0,26854000.0
EMP-0068,2025-10,27277000.0,27436000.0
EMP-0068,2025-11,26184000.0,26001000.0
EMP-0068,2025-12,26904000.0,27277000.0
EMP-0069,2025-01,140393000.0,139566000.0
EMP-0069,2025-02,137098000.0,137545000.0
EMP-0069,2025-03,137782000.0,137983000.0
EMP-0069,2025-04,137873000.0,136171000.0
EMP-0069,2025-05,142689000.0,140610000.0
EMP-0069,2025-06,144692000.0,148398000.0
EMP-0069,2025-07,138637000.0,139253000.0
EMP-0069,2025-08,141692000.0,144012000.0
EMP-0069,2025-09,136040000.0,137153000.0
EMP-0069,2025-10,142078000.0,142454000.0
EMP-0069,2025-11,135016000.0,135531000.0
EMP-0069,2025-12,138597000.0,140702000.0
EMP-0070,2025-01,172224000.0,172311000.0
EMP-0070,2025-02,172729000.0,172149000.0
EMP-0070,2025-03,172702000.0,174259000.0
EMP-0070,2025-04,165404000.0,163227000.0
EMP-0070,2025-05,176258000.0,177106000.0
EMP-0070,2025-06,176775000.0,178700000.0
EMP-0070,2025-07,175095000.0,172988000.0
EMP-0070,2025-08,176510000.0,178615000.0
EMP-0070,2025-09,169426000.0,166611000.0
EMP-0070,2025-10,174689000.0,172681000.0
EMP-0070,2025-11,177819000.0,178373000.0
EMP-0070,2025-12,177998000.0,182302000.0
EMP-0071,2025-01,56589000.0,55778000.0
EMP-0071,2025-02,56973000.0,57018000.0
EMP-0071,2025-03,59042000.0,58585000.0
EMP-0071,2025-04,60106000.0,60429000.0
EMP-0071,2025-05,58544000.0,58920000.0
EMP-0071,2025-06,60654000.0,60005000.0
EMP-0071,2025-07,62205000.0,62439000.0
EMP-0071,2025-08,62244000.0,62766000.0
EMP-0071,2025-09,60408000.0,61565000.0
EMP-0071,2025-10,61613000.0,61461000.0
EMP-0071,2025-11,59352000.0,60566000.0
EMP-0071,2025-12,57538000.0,57194000.0
EMP-0072,2025-01,136591000.0,137559000.0
EMP-0072,2025-02,137914000.0,136561000.0
EMP-0072,2025-03,137961000.0,138726000.0
EMP-0072,2025-04,132984000.0,129703000.0
EMP-0072,2025-05,139284000.0,139676000.0
EMP-0072,2025-06,135246000.0,137902000.0
EMP-0072,2025-07,140058000.0,139511000.0
EMP-0072,2025-08,141404000.0,142943000.0
EMP-0072,2025-09,139739000.0,138784000.0
EMP-0072,2025-10,140964000.0,143440000.0
EMP-0072,2025-11,141774000.0,140346000.0
EMP-0072,2025-12,135209000.0,135312000.0
EMP-0073,2025-01,66736000.0,66398000.0
EMP-0073,2025-02,68188000.0,68824000.0
EMP-0073,2025-03,70079000.0,69700000.0
EMP-0073,2025-04,73309000.0,73117000.0
EMP-0073,2025-05,72554000.0,70611000.0
EMP-0073,2025-06,71403000.0,71552000.0
EMP-0073,2025-07,70210000.0,70384000.0
EMP-0073,2025-08,68591000.0,68319000.0
EMP-0073,2025-09,68319000.0,66864000.0
EMP-0073,2025-10,70283000.0,69869000.0
EMP-0073,2025-11,70547000.0,70884000.0
EMP-0073,2025-12,70952000.0,69761000.0
EMP-0074,2025-01,111553000.0,108628000.0
EMP-0074,2025-02,110887000.0,111932000.0
EMP-0074,2025-03,112065000.0,112054000.0
EMP-0074,2025-04,109985000.0,111680000.0
EMP-0074,2025-05,109946000.0,109605000.0
EMP-0074,2025-06,111850000.0,111246000.0
EMP-0074,2025-07,110945000.0,108715000.0
EMP-0074,2025-08,113700000.0,116336000.0
EMP-0074,2025-09,111610000.0,111653000.0
EMP-0074,2025-10,115454000.0,114737000.0
EMP-0074,2025-11,113627000.0,112713000.0
EMP-0074,2025-12,114562000.0,117213000.0
EMP-0075,2025-01,112552000.0,112740000.0
EMP-0075,2025-02,111996000.0,113208000.0
EMP-0075,2025-03,115073000.0,115551000.0
EMP-0075,2025-04,111277000.0,112803000.0
EMP-0075,2025-05,106492000.0,106444000.0
EMP-0075,2025-06,111360000.0,111432000.0
EMP-0075,2025-07,107183000.0,106973000.0
EMP-0075,2025-08,111313000.0,112701000.0
EMP-0075,2025-09,110508000.0,111164000.0
EMP-0075,2025-10,110806000.0,112772000.0
EMP-0075,2025-11,113605000.0,113430000.0
EMP-0075,2025-12,115614000.0,114513000.0
EMP-0076,2025-01,129788000.0,130678000.0
EMP-0076,2025-02,123837000.0,124208000.0
EMP-0076,2025-03,125080000.0,124306000.0
EMP-0076,2025-04,128795000.0,127247000.0
EMP-0076,2025-05,126196000.0,126684000.0
EMP-0076,2025-06,131710000.0,128795000.0
EMP-0076,2025-07,137622000.0,137219000.0
EMP-0076,2025-08,131144000.0,132479000.0
EMP-0076,2025-09,132036000.0,132065000.0
EMP-0076,2025-10,140799000.0,139139000.0
EMP-0076,2025-11,142433000.0,142290000.0
EMP-0076,2025-12,142285000.0,141861000.0
EMP-0077,2025-01,74901000.0,76953000.0
EMP-0077,2025-02,74587000.0,76232000.0
EMP-0077,2025-03,79438000.0,79831000.0
EMP-0077,2025-04,78771000.0,79184000.0
EMP-0077,2025-05,78138000.0,77371000.0
EMP-0077,2025-06,78049000.0,64445000.0
EMP-0077,2025-07,79969000.0,66031000.0
EMP-0077,2025-08,77822000.0,64258000.0
EMP-0077,2025-09,77937000.0,64353000.0
EMP-0077,2025-10,78195000.0,64566000.0
EMP-0077,2025-11,80028000.0,66080000.0
EMP-0077,2025-12,78880000.0,65132000.0
EMP-0078,2025-01,137465000.0,136884000.0
EMP-0078,2025-02,139078000.0,139656000.0
EMP-0078,2025-03,133162000.0,130278000.0
EMP-0078,2025-04,138480000.0,137241000.0
EMP-0078,2025-05,141851000.0,141755000.0
EMP-0078,2025-06,144009000.0,143859000.0
EMP-0078,2025-07,139933000.0,138346000.0
EMP-0078,2025-08,141491000.0,139807000.0
EMP-0078,2025-09,143885000.0,144328000.0
EMP-0078,2025-10,148800000.0,146511000.0
EMP-0078,2025-11,149129000.0,148255000.0
EMP-0078,2025-12,149428000.0,149966000.0
EMP-0079,2025-01,157531000.0,157119000.0
EMP-0079,2025-02,153814000.0,153499000.0
EMP-0079,2025-03,156909000.0,158113000.0
EMP-0079,2025-04,154106000.0,152626000.0
EMP-0079,2025-05,155179000.0,154001000.0
EMP-0079,2025-06,155753000.0,155802000.0
EMP-0079,2025-07,152952000.0,151877000.0
EMP-0079,2025-08,151935000.0,151578000.0
EMP-0079,2025-09,151963000.0,150685000.0
EMP-0079,2025-10,146987000.0,146200000.0
EMP-0079,2025-11,149867000.0,150898000.0
EMP-0079,2025-12,152285000.0,151233000.0
EMP-0080,2025-01,52220000.0,52589000.0
EMP-0080,2025-02,52697000.0,53151000.0
EMP-0080,2025-03,52318000.0,51750000.0
EMP-0080,2025-04,53077000.0,53503000.0
EMP-0080,2025-05,53343000.0,52511000.0
EMP-0080,2025-06,50619000.0,49448000.0
EMP-0080,2025-07,51727000.0,52322000.0
EMP-0080,2025-08,49428000.0,49484000.0
EMP-0080,2025-09,48994000.0,48881000.0
EMP-0080,2025-10,49560000.0,49716000.0
EMP-0080,2025-11,49931000.0,49365000.0
EMP-0080,2025-12,48053000.0,47948000.0
EMP-0081,2025-01,156606000.0,158049000.0
EMP-0081,2025-02,165476000.0,168612000.0
EMP-0081,2025-03,162825000.0,162929000.0
EMP-0081,2025-04,166710000.0,168688000.0
EMP-0081,2025-05,172764000.0,171575000.0
EMP-0081,2025-06,167330000.0,169109000.0
EMP-0081,2025-07,161125000.0,161005000.0
EMP-0081,2025-08,160094000.0,160144000.0
EMP-0081,2025-09,160358000.0,160073000.0
EMP-0081,2025-10,161679000.0,159789000.0
EMP-0081,2025-11,161426000.0,159816000.0
EMP-0081,2025-12,163629000.0,164065000.0
EMP-0082,2025-01,150501000.0,149062000.0
EMP-0082,2025-02,152389000.0,153205000.0
EMP-0082,2025-03,158692000.0,156565000.0
EMP-0082,2025-04,154518000.0,152851000.0
EMP-0082,2025-05,161093000.0,161654000.0
EMP-0082,2025-06,158314000.0,159409000.0
EMP-0082,2025-07,156376000.0,158786000.0
EMP-0082,2025-08,163003000.0,162317000.0
EMP-0082,2025-09,164712000.0,166184000.0
EMP-0082,2025-10,165709000.0,165087000.0
EMP-0082,2025-11,166659000.0,169569000.0
EMP-0082,2025-12,171250000.0,169574000.0
EMP-0083,2025-01,138499000.0,138273000.0
EMP-0083,2025-02,139811000.0,138571000.0
EMP-0083,2025-03,137420000.0,138426000.0
EMP-0083,2025-04,141615000.0,142557000.0
EMP-0083,2025-05,143767000.0,146026000.0
EMP-0083,2025-06,140888000.0,142958000.0
EMP-0083,2025-07,140726000.0,140504000.0
EMP-0083,2025-08,136278000.0,134893000.0
EMP-0083,2025-09,137420000.0,139858000.0
EMP-0083,2025-10,129368000.0,130320000.0
EMP-0083,2025-11,134519000.0,134886000.0
EMP-0083,2025-12,130467000.0,129704000.0
EMP-0084,2025-01,61174000.0,60691000.0
EMP-0084,2025-02,57484000.0,57624000.0
EMP-0084,2025-03,55830000.0,56170000.0
EMP-0084,2025-04,57530000.0,58164000.0
EMP-0084,2025-05,57310000.0,58103000.0
EMP-0084,2025-06,57822000.0,57951000.0
EMP-0084,2025-07,56095000.0,55899000.0
EMP-0084,2025-08,56971000.0,58115000.0
EMP-0084,2025-09,56902000.0,56917000.0
EMP-0084,2025-10,55946000.0,55056000.0
EMP-0084,2025-11,56312000.0,55949000.0
EMP-0084,2025-12,57412000.0,56672000.0
EMP-0085,2025-01,91428000.0,91419000.0
EMP-0085,2025-02,91758000.0,93790000.0
EMP-0085,2025-03,92854000.0,93692000.0
EMP-0085,2025-04,85387000.0,86150000.0
EMP-0085,2025-05,88159000.0,88526000.0
EMP-0085,2025-06,87889000.0,89478000.0
EMP-0085,2025-07,86803000.0,87693000.0
EMP-0085,2025-08,82455000.0,83173000.0
EMP-0085,2025-09,86913000.0,86743000.0
EMP-0085,2025-10,88073000.0,86441000.0
EMP-0085,2025-11,87986000.0,86269000.0
EMP-0085,2025-12,87920000.0,87161000.0
EMP-0086,2025-01,163656000.0,167424000.0
EMP-0086,2025-02,166943000.0,165357000.0
EMP-0086,2025-03,170867000.0,172694000.0
EMP-0086,2025-04,162669000.0,163305000.0
EMP-0086,2025-05,167736000.0,169186000.0
EMP-0086,2025-06,125673000.0,126133000.0
EMP-0086,2025-07,115183000.0,113727000.0
EMP-0086,2025-08,119734000.0,121315000.0
EMP-0086,2025-09,119133000.0,120787000.0
EMP-0086,2025-10,117773000.0,118708000.0
EMP-0086,2025-11,119700000.0,120721000.0
EMP-0086,2025-12,118019000.0,118553000.0
EMP-0087,2025-01,138572000.0,138192000.0
EMP-0087,2025-02,132060000.0,132952000.0
EMP-0087,2025-03,140341000.0,140661000.0
EMP-0087,2025-04,138763000.0,137911000.0
EMP-0087,2025-05,135996000.0,136758000.0
EMP-0087,2025-06,135277000.0,136421000.0
EMP-0087,2025-07,137170000.0,137410000.0
EMP-0087,2025-08,134538000.0,134961000.0
EMP-0087,2025-09,136093000.0,135454000.0
EMP-0087,2025-10,130425000.0,130247000.0
EMP-0087,2025-11,134299000.0,133504000.0
EMP-0087,2025-12,140978000.0,139600000.0
EMP-0088,2025-01,181099000.0,179241000.0
EMP-0088,2025-02,179177000.0,179606000.0
EMP-0088,2025-03,181533000.0,183046000.0
EMP-0088,2025-04,180598000.0,180910000.0
EMP-0088,2025-05,190666000.0,192497000.0
EMP-0088,2025-06,184815000.0,184786000.0
EMP-0088,2025-07,184270000.0,185400000.0
EMP-0088,2025-08,177513000.0,178651000.0
EMP-0088,2025-09,177793000.0,177657000.0
EMP-0088,2025-10,183675000.0,179992000.0
EMP-0088,2025-11,176315000.0,177018000.0
EMP-0088,2025-12,183806000.0,182214000.0
EMP-0089,2025-01,149789000.0,149180000.0
EMP-0089,2025-02,144079000.0,146558000.0
EMP-0089,2025-03,143889000.0,144636000.0
EMP-0089,2025-04,148753000.0,147895000.0
EMP-0089,2025-05,154704000.0,155470000.0
EMP-0089,2025-06,150849000.0,150603000.0
EMP-0089,2025-07,156630000.0,155285000.0
EMP-0089,2025-08,160089000.0,159079000.0
EMP-0089,2025-09,153016000.0,154133000.0
EMP-0089,2025-10,155875000.0,156205000.0
EMP-0089,2025-11,157418000.0,155434000.0
EMP-0089,2025-12,152961000.0,153650000.0
EMP-0090,2025-01,186018000.0,185454000.0
EMP-0090,2025-02,194200000.0,193631000.0
EMP-0090,2025-03,191511000.0,193403000.0
EMP-0090,2025-04,195190000.0,196750000.0
EMP-0090,2025-05,193173000.0,193442000.0
EMP-0090,2025-06,190498000.0,191793000.0
EMP-0090,2025-07,195550000.0,195293000.0
EMP-0090,2025-08,193925000.0,192826000.0
EMP-0090,2025-09,192393000.0,188398000.0
EMP-0090,2025-10,193866000.0,195611000.0
EMP-0090,2025-11,199468000.0,201401000.0
EMP-0090,2025-12,204985000.0,207486000.0
EMP-0091,2025-01,142206000.0,141060000.0
EMP-0091,2025-02,131529000.0,131395000.0
EMP-0091,2025-03,134490000.0,132541000.0
EMP-0091,2025-04,126622000.0,127301000.0
EMP-0091,2025-05,130055000.0,129933000.0
EMP-0091,2025-06,124127000.0,124100000.0
EMP-0091,2025-07,124341000.0,126707000.0
EMP-0091,2025-08,125598000.0,125852000.0
EMP-0091,2025-09,124587000.0,126494000.0
EMP-0091,2025-10,126272000.0,126867000.0
EMP-0091,2025-11,125331000.0,125798000.0
EMP-0091,2025-12,129045000.0,127190000.0
EMP-0092,2025-01,61627000.0,61149000.0
EMP-0092,2025-02,59595000.0,58901000.0
EMP-0092,2025-03,59006000.0,59180000.0
EMP-0092,2025-04,59274000.0,57982000.0
EMP-0092,2025-05,57137000.0,58315000.0
EMP-0092,2025-06,56006000.0,56170000.0
EMP-0092,2025-07,59566000.0,58781000.0
EMP-0092,2025-08,59854000.0,59697000.0
EMP-0092,2025-09,62544000.0,63448000.0
EMP-0092,2025-10,59619000.0,59593000.0
EMP-0092,2025-11,60518000.0,60118000.0
EMP-0092,2025-12,60336000.0,60546000.0
EMP-0093,2025-01,97885000.0,97767000.0
EMP-0093,2025-02,99393000.0,99670000.0
EMP-0093,2025-03,99199000.0,98765000.0
EMP-0093,2025-04,103032000.0,103115000.0
EMP-0093,2025-05,100848000.0,101119000.0
EMP-0093,2025-06,101663000.0,102273000.0
EMP-0093,2025-07,101386000.0,102336000.0
EMP-0093,2025-08,100872000.0,99718000.0
EMP-0093,2025-09,102031000.0,100990000.0
EMP-0093,2025-10,101918000.0,101020000.0
EMP-0093,2025-11,102943000.0,105160000.0
EMP-0093,2025-12,103573000.0,102391000.0
EMP-0094,2025-01,111329000.0,112081000.0
EMP-0094,2025-02,107654000.0,106784000.0
EMP-0094,2025-03,111202000.0,111089000.0
EMP-0094,2025-04,112022000.0,112040000.0
EMP-0094,2025-05,111889000.0,109429000.0
EMP-0094,2025-06,107110000.0,108580000.0
EMP-0094,2025-07,110051000.0,110823000.0
EMP-0094,2025-08,110216000.0,110545000.0
EMP-0094,2025-09,111709000.0,112670000.0
EMP-0094,2025-10,109861000.0,108569000.0
EMP-0094,2025-11,113683000.0,112389000.0
EMP-0094,2025-12,109244000.0,109249000.0
EMP-0095,2025-01,155604000.0,156321000.0
EMP-0095,2025-02,165507000.0,162826000.0
EMP-0095,2025-03,164655000.0,166839000.0
EMP-0095,2025-04,162770000.0,164490000.0
EMP-0095,2025-05,168747000.0,167413000.0
EMP-0095,2025-06,167993000.0,169128000.0
EMP-0095,2025-07,176152000.0,175774000.0
EMP-0095,2025-08,174818000.0,173980000.0
EMP-0095,2025-09,180231000.0,180173000.0
EMP-0095,2025-10,178686000.0,176252000.0
EMP-0095,2025-11,182011000.0,182864000.0
EMP-0095,2025-12,186532000.0,187899000.0
EMP-0096,2025-01,79102000.0,79552000.0
EMP-0096,2025-02,79983000.0,81139000.0
EMP-0096,2025-03,80537000.0,79814000.0
EMP-0096,2025-04,78962000.0,79406000.0
EMP-0096,2025-05,82412000.0,84156000.0
EMP-0096,2025-06,80171000.0,81432000.0
EMP-0096,2025-07,79966000.0,80979000.0
EMP-0096,2025-08,79363000.0,79826000.0
EMP-0096,2025-09,76650000.0,76734000.0
EMP-0096,2025-10,76736000.0,76913000.0
EMP-0096,2025-11,79281000.0,79356000.0
EMP-0096,2025-12,79767000.0,80403000.0
EMP-0097,2025-01,116408000.0,117528000.0
EMP-0097,2025-02,115119000.0,113647000.0
EMP-0097,2025-03,115625000.0,114610000.0
EMP-0097,2025-04,118257000.0,117149000.0
EMP-0097,2025-05,119183000.0,118648000.0
EMP-0097,2025-06,117886000.0,117803000.0
EMP-0097,2025-07,123426000.0,123731000.0
EMP-0097,2025-08,123912000.0,124526000.0
EMP-0097,2025-09,120402000.0,121368000.0
EMP-0097,2025-10,124221000.0,124473000.0
EMP-0097,2025-11,127406000.0,127234000.0
EMP-0097,2025-12,127785000.0,126715000.0
EMP-0098,2025-01,153064000.0,152254000.0
EMP-0098,2025-02,148785000.0,148046000.0
EMP-0098,2025-03,144394000.0,145513000.0
EMP-0098,2025-04,138646000.0,139403000.0
EMP-0098,2025-05,143296000.0,143629000.0
EMP-0098,2025-06,140601000.0,141349000.0
EMP-0098,2025-07,142472000.0,142206000.0
EMP-0098,2025-08,133688000.0,132929000.0
EMP-0098,2025-09,133070000.0,130811000.0
EMP-0098,2025-10,131471000.0,130889000.0
EMP-0098,2025-11,128102000.0,126115000.0
EMP-0098,2025-12,138165000.0,138485000.0
EMP-0099,2025-01,153680000.0,152118000.0
EMP-0099,2025-02,165492000.0,165160000.0
EMP-0099,2025-03,169140000.0,168736000.0
EMP-0099,2025-04,163272000.0,159635000.0
EMP-0099,2025-05,157750000.0,154687000.0
EMP-0099,2025-06,165621000.0,166650000.0
EMP-0099,2025-07,162164000.0,162275000.0
EMP-0099,2025-08,157535000.0,159711000.0
EMP-0099,2025-09,157470000.0,158266000.0
EMP-0099,2025-10,166953000.0,166068000.0
EMP-0099,2025-11,172630000.0,169099000.0
EMP-0099,2025-12,172608000.0,173977000.0
EMP-0100,2025-01,79084000.0,80213000.0
EMP-0100,2025-02,80695000.0,79077000.0
EMP-0100,2025-03,80019000.0,80130000.0
EMP-0100,2025-04,82082000.0,81904000.0
EMP-0100,2025-05,82497000.0,80694000.0
EMP-0100,2025-06,82978000.0,81924000.0
EMP-0100,2025-07,82087000.0,82392000.0
EMP-0100,2025-08,81946000.0,83149000.0
EMP-0100,2025-09,78733000.0,78812000.0
EMP-0100,2025-10,77854000.0,77900000.0
EMP-0100,2025-11,74787000.0,74712000.0
EMP-0100,2025-12,74713000.0,75185000.0
EMP-0101,2025-01,60277000.0,59990000.0
EMP-0101,2025-02,62471000.0,62617000.0
EMP-0101,2025-03,63071000.0,64082000.0
EMP-0101,2025-04,60009000.0,59358000.0
EMP-0101,2025-05,58912000.0,58993000.0
EMP-0101,2025-06,61939000.0,61794000.0
EMP-0101,2025-07,59019000.0,58795000.0
EMP-0101,2025-08,58880000.0,58616000.0
EMP-0101,2025-09,60061000.0,59997000.0
EMP-0101,2025-10,59623000.0,59527000.0
EMP-0101,2025-11,57956000.0,57632000.0
EMP-0101,2025-12,56829000.0,57135000.0
EMP-0102,2025-01,171835000.0,171229000.0
EMP-0102,2025-02,170214000.0,169209000.0
EMP-0102,2025-03,165914000.0,164602000.0
EMP-0102,2025-04,167353000.0,168574000.0
EMP-0102,2025-05,169667000.0,167159000.0
EMP-0102,2025-06,174254000.0,174636000.0
EMP-0102,2025-07,171386000.0,172158000.0
EMP-0102,2025-08,170984000.0,166909000.0
EMP-0102,2025-09,176849000.0,175418000.0
EMP-0102,2025-10,175381000.0,177057000.0
EMP-0102,2025-11,175589000.0,179172000.0
EMP-0102,2025-12,176457000.0,175109000.0
EMP-0103,2025-01,8650000.0,8572000.0
EMP-0103,2025-02,8534000.0,8473000.0
EMP-0103,2025-03,8300000.0,8349000.0
EMP-0103,2025-04,8282000.0,8289000.0
EMP-0103,2025-05,8159000.0,8175000.0
EMP-0103,2025-06,8436000.0,8503000.0
EMP-0103,2025-07,8320000.0,8455000.0
EMP-0103,2025-08,8227000.0,8068000.0
EMP-0103,2025-09,8062000.0,8114000.0
EMP-0103,2025-10,8237000.0,8332000.0
EMP-0103,2025-11,8255000.0,8305000.0
EMP-0103,2025-12,8357000.0,8326000.0
EMP-0104,2025-01,4640000.0,4696000.0
EMP-0104,2025-02,4767000.0,4746000.0
EMP-0104,2025-03,4581000.0,4591000.0
EMP-0104,2025-04,4872000.0,4815000.0
EMP-0104,2025-05,4658000.0,4650000.0
EMP-0104,2025-06,4550000.0,4608000.0
EMP-0104,2025-07,4619000.0,4669000.0
EMP-0104,2025-08,4605000.0,4631000.0
EMP-0104,2025-09,4625000.0,4739000.0
EMP-0104,2025-10,4524000.0,4563000.0
EMP-0104,2025-11,4619000.0,4598000.0
EMP-0104,2025-12,4578000.0,4592000.0
EMP-0105,2025-01,9262000.0,9279000.0
EMP-0105,2025-02,9642000.0,9579000.0
EMP-0105,2025-03,9464000.0,9469000.0
EMP-0105,2025-04,9089000.0,9103000.0
EMP-0105,2025-05,9044000.0,9134000.0
EMP-0105,2025-06,9667000.0,9791000.0
EMP-0105,2025-07,9488000.0,9368000.0
EMP-0105,2025-08,9656000.0,9699000.0
EMP-0105,2025-09,10384000.0,10411000.0
EMP-0105,2025-10,9630000.0,9743000.0
EMP-0105,2025-11,9968000.0,9909000.0
EMP-0105,2025-12,10182000.0,10152000.0
EMP-0106,2025-01,3934000.0,3945000.0
EMP-0106,2025-02,3843000.0,3855000.0
EMP-0106,2025-03,3774000.0,3801000.0
EMP-0106,2025-04,3687000.0,3727000.0
EMP-0106,2025-05,3695000.0,3687000.0
EMP-0106,2025-06,3564000.0,3532000.0
EMP-0106,2025-07,3505000.0,3472000.0
EMP-0106,2025-08,3563000.0,3612000.0
EMP-0106,2025-09,3404000.0,3370000.0
EMP-0106,2025-10,3306000.0,3339000.0
EMP-0106,2025-11,3367000.0,3297000.0
EMP-0106,2025-12,3376000.0,3397000.0
EMP-0107,2025-01,5389000.0,5383000.0
EMP-0107,2025-02,5454000.0,5497000.0
EMP-0107,2025-03,5485000.0,5472000.0
EMP-0107,2025-04,5300000.0,5294000.0
EMP-0107,2025-05,5537000.0,5548000.0
EMP-0107,2025-06,5470000.0,5408000.0
EMP-0107,2025-07,5439000.0,5447000.0
EMP-0107,2025-08,5596000.0,5600000.0
EMP-0107,2025-09,5490000.0,5581000.0
EMP-0107,2025-10,5360000.0,5408000.0
EMP-0107,2025-11,5584000.0,5629000.0
EMP-0107,2025-12,5317000.0,5330000.0
EMP-0108,2025-01,7859000.0,7924000.0
EMP-0108,2025-02,7989000.0,7862000.0
EMP-0108,2025-03,7519000.0,7587000.0
EMP-0108,2025-04,7787000.0,7724000.0
EMP-0108,2025-05,7636000.0,7539000.0
EMP-0108,2025-06,7641000.0,7632000.0
EMP-0108,2025-07,8001000.0,8047000.0
EMP-0108,2025-08,8004000.0,8221000.0
EMP-0108,2025-09,7858000.0,7699000.0
EMP-0108,2025-10,7891000.0,7845000.0
EMP-0108,2025-11,8394000.0,8405000.0
EMP-0108,2025-12,8173000.0,8127000.0
EMP-0109,2025-01,2401000.0,2463000.0
EMP-0109,2025-02,2426000.0,2439000.0
EMP-0109,2025-03,2481000.0,2476000.0
EMP-0109,2025-04,2483000.0,2452000.0
EMP-0109,2025-05,2419000.0,2404000.0
EMP-0109,2025-06,2449000.0,2467000.0
EMP-0109,2025-07,2425000.0,2411000.0
EMP-0109,2025-08,2378000.0,2394000.0
EMP-0109,2025-09,2418000.0,2431000.0
EMP-0109,2025-10,2399000.0,2408000.0
EMP-0109,2025-11,2264000.0,2277000.0
EMP-0109,2025-12,2237000.0,2254000.0
EMP-0110,2025-01,7904000.0,7897000.0
EMP-0110,2025-02,7649000.0,7631000.0
EMP-0110,2025-03,7706000.0,7697000.0
EMP-0110,2025-04,7818000.0,7708000.0
EMP-0110,2025-05,7982000.0,8081000.0
EMP-0110,2025-06,8273000.0,8146000.0
EMP-0110,2025-07,8182000.0,8029000.0
EMP-0110,2025-08,8120000.0,8264000.0
EMP-0110,2025-09,8354000.0,8439000.0
EMP-0110,2025-10,8331000.0,8320000.0
EMP-0110,2025-11,8368000.0,8494000.0
EMP-0110,2025-12,8024000.0,7985000.0
EMP-0111,2025-01,6360000.0,6429000.0
EMP-0111,2025-02,6274000.0,6255000.0
EMP-0111,2025-03,6396000.0,6431000.0
EMP-0111,2025-04,6254000.0,6257000.0
EMP-0111,2025-05,6424000.0,6323000.0
EMP-0111,2025-06,6068000.0,6028000.0
EMP-0111,2025-07,6127000.0,6104000.0
EMP-0111,2025-08,6213000.0,6229000.0
EMP-0111,2025-09,6219000.0,6221000.0
EMP-0111,2025-10,6319000.0,6210000.0
EMP-0111,2025-11,6307000.0,6255000.0
EMP-0111,2025-12,6535000.0,6618000.0
EMP-0112,2025-01,3324000.0,3314000.0
EMP-0112,2025-02,3398000.0,3351000.0
EMP-0112,2025-03,3386000.0,3421000.0
EMP-0112,2025-04,3199000.0,3192000.0
EMP-0112,2025-05,3210000.0,3239000.0
EMP-0112,2025-06,3169000.0,3147000.0
EMP-0112,2025-07,3158000.0,3132000.0
EMP-0112,2025-08,3234000.0,3205000.0
EMP-0112,2025-09,3187000.0,3191000.0
EMP-0112,2025-10,3194000.0,3259000.0
EMP-0112,2025-11,3211000.0,3197000.0
EMP-0112,2025-12,3210000.0,3216000.0
EMP-0113,2025-01,4527000.0,4620000.0
EMP-0113,2025-02,4398000.0,4400000.0
EMP-0113,2025-03,4308000.0,4261000.0
EMP-0113,2025-04,4314000.0,4311000.0
EMP-0113,2025-05,4111000.0,4121000.0
EMP-0113,2025-06,4123000.0,4080000.0
EMP-0113,2025-07,4289000.0,4270000.0
EMP-0113,2025-08,4459000.0,4423000.0
EMP-0113,2025-09,4341000.0,4431000.0
EMP-0113,2025-10,4701000.0,4639000.0
EMP-0113,2025-11,4589000.0,4561000.0
EMP-0113,2025-12,4620000.0,4549000.0
EMP-0114,2025-01,2148000.0,2131000.0
EMP-0114,2025-02,2152000.0,2147000.0
EMP-0114,2025-03,2112000.0,2125000.0
EMP-0114,2025-04,2159000.0,2176000.0
EMP-0114,2025-05,2143000.0,2133000.0
EMP-0114,2025-06,2113000.0,2121000.0
EMP-0114,2025-07,2174000.0,2129000.0
EMP-0114,2025-08,2339000.0,2344000.0
EMP-0114,2025-09,2243000.0,2231000.0
EMP-0114,2025-10,2167000.0,2163000.0
EMP-0114,2025-11,2146000.0,2169000.0
EMP-0114,2025-12,2095000.0,2089000.0
EMP-0115,2025-01,6686000.0,6731000.0
EMP-0115,2025-02,6694000.0,6566000.0
EMP-0115,2025-03,6527000.0,6537000.0
EMP-0115,2025-04,6043000.0,6144000.0
EMP-0115,2025-05,6173000.0,6149000.0
EMP-0115,2025-06,6376000.0,6306000.0
EMP-0115,2025-07,6409000.0,6458000.0
EMP-0115,2025-08,6067000.0,6110000.0
EMP-0115,2025-09,6098000.0,6129000.0
EMP-0115,2025-10,6107000.0,5983000.0
EMP-0115,2025-11,5866000.0,5827000.0
EMP-0115,2025-12,5900000.0,5854000.0
EMP-0116,2025-01,3491000.0,3484000.0
EMP-0116,2025-02,3515000.0,3475000.0
EMP-0116,2025-03,3422000.0,3443000.0
EMP-0116,2025-04,3508000.0,3521000.0
EMP-0116,2025-05,3571000.0,3644000.0
EMP-0116,2025-06,3606000.0,3628000.0
EMP-0116,2025-07,3458000.0,3429000.0
EMP-0116,2025-08,3648000.0,3624000.0
EMP-0116,2025-09,3591000.0,3633000.0
EMP-0116,2025-10,3686000.0,3609000.0
EMP-0116,2025-11,3647000.0,3604000.0
EMP-0116,2025-12,3847000.0,3867000.0
EMP-0117,2025-01,8618000.0,8680000.0
EMP-0117,2025-02,8023000.0,8017000.0
EMP-0117,2025-03,8715000.0,8686000.0
EMP-0117,2025-04,8791000.0,8746000.0
EMP-0117,2025-05,8406000.0,8347000.0
EMP-0117,2025-06,8568000.0,8549000.0
EMP-0117,2025-07,8340000.0,8493000.0
EMP-0117,2025-08,8509000.0,8302000.0
EMP-0117,2025-09,8806000.0,8718000.0
EMP-0117,2025-10,8939000.0,9092000.0
EMP-0117,2025-11,9186000.0,9274000.0
EMP-0117,2025-12,8778000.0,8658000.0
EMP-0118,2025-01,3859000.0,3851000.0
EMP-0118,2025-02,3866000.0,3896000.0
EMP-0118,2025-03,3904000.0,3944000.0
EMP-0118,2025-04,4155000.0,4114000.0
EMP-0118,2025-05,4135000.0,4106000.0
EMP-0118,2025-06,4137000.0,4095000.0
EMP-0118,2025-07,4216000.0,4205000.0
EMP-0118,2025-08,4124000.0,4143000.0
EMP-0118,2025-09,4299000.0,4353000.0
EMP-0118,2025-10,4203000.0,4145000.0
EMP-0118,2025-11,4319000.0,4363000.0
EMP-0118,2025-12,4268000.0,4276000.0
EMP-0119,2025-01,6628000.0,6612000.0
EMP-0119,2025-02,6579000.0,6739000.0
EMP-0119,2025-03,6753000.0,6868000.0
EMP-0119,2025-04,6710000.0,6588000.0
EMP-0119,2025-05,6365000.0,6475000.0
EMP-0119,2025-06,6578000.0,6579000.0
EMP-0119,2025-07,6492000.0,6405000.0
EMP-0119,2025-08,6697000.0,6781000.0
EMP-0119,2025-09,7052000.0,7144000.0
EMP-0119,2025-10,7013000.0,7019000.0
EMP-0119,2025-11,6737000.0,6767000.0
EMP-0119,2025-12,6698000.0,6707000.0
EMP-0120,2025-01,9554000.0,9545000.0
EMP-0120,2025-02,9703000.0,9862000.0
EMP-0120,2025-03,9858000.0,9833000.0
EMP-0120,2025-04,10155000.0,10292000.0
EMP-0120,2025-05,10142000.0,10199000.0
EMP-0120,2025-06,11011000.0,10875000.0
EMP-0120,2025-07,10356000.0,10341000.0
EMP-0120,2025-08,10965000.0,10960000.0
EMP-0120,2025-09,10773000.0,10714000.0
EMP-0120,2025-10,10687000.0,10637000.0
EMP-0120,2025-11,11115000.0,11189000.0
EMP-0120,2025-12,11372000.0,11470000.0
EMP-0121,2025-01,5391000.0,5425000.0
EMP-0121,2025-02,5447000.0,5456000.0
EMP-0121,2025-03,5547000.0,5526000.0
EMP-0121,2025-04,5489000.0,5469000.0
EMP-0121,2025-05,5225000.0,5238000.0
EMP-0121,2025-06,4985000.0,5020000.0
EMP-0121,2025-07,5327000.0,5414000.0
EMP-0121,2025-08,5103000.0,5123000.0
EMP-0121,2025-09,5107000.0,5142000.0
EMP-0121,2025-10,5105000.0,5024000.0
EMP-0121,2025-11,4963000.0,4876000.0
EMP-0121,2025-12,5262000.0,5227000.0
EMP-0122,2025-01,7401000.0,7441000.0
EMP-0122,2025-02,7151000.0,7113000.0
EMP-0122,2025-03,7125000.0,6967000.0
EMP-0122,2025-04,7161000.0,7148000.0
EMP-0122,2025-05,7509000.0,7637000.0
EMP-0122,2025-06,7563000.0,7652000.0
EMP-0122,2025-07,7589000.0,7477000.0
EMP-0122,2025-08,7560000.0,7558000.0
EMP-0122,2025-09,7638000.0,7608000.0
EMP-0122,2025-10,7911000.0,7891000.0
EMP-0122,2025-11,8182000.0,8220000.0
EMP-0122,2025-12,7895000.0,7875000.0
EMP-0123,2025-01,8995000.0,9118000.0
EMP-0123,2025-02,8842000.0,8715000.0
EMP-0123,2025-03,8772000.0,8836000.0
EMP-0123,2025-04,8656000.0,8743000.0
EMP-0123,2025-05,8997000.0,8972000.0
EMP-0123,2025-06,8855000.0,8877000.0
EMP-0123,2025-07,8812000.0,9015000.0
EMP-0123,2025-08,9063000.0,9066000.0
EMP-0123,2025-09,8920000.0,8991000.0
EMP-0123,2025-10,9705000.0,9800000.0
EMP-0123,2025-11,9735000.0,9629000.0
EMP-0123,2025-12,9090000.0,9318000.0
EMP-0124,2025-01,4982000.0,4970000.0
EMP-0124,2025-02,5183000.0,5173000.0
EMP-0124,2025-03,5272000.0,5306000.0
EMP-0124,2025-04,5197000.0,5205000.0
EMP-0124,2025-05,5449000.0,5430000.0
EMP-0124,2025-06,5162000.0,5196000.0
EMP-0124,2025-07,5131000.0,5065000.0
EMP-0124,2025-08,4963000.0,5038000.0
EMP-0124,2025-09,4880000.0,4898000.0
EMP-0124,2025-10,4895000.0,4924000.0
EMP-0124,2025-11,5253000.0,5234000.0
EMP-0124,2025-12,5117000.0,5089000.0
EMP-0125,2025-01,6328000.0,6251000.0
EMP-0125,2025-02,6115000.0,6161000.0
EMP-0125,2025-03,6336000.0,6234000.0
EMP-0125,2025-04,6025000.0,6038000.0
EMP-0125,2025-05,5920000.0,5890000.0
EMP-0125,2025-06,6281000.0,6295000.0
EMP-0125,2025-07,5905000.0,5851000.0
EMP-0125,2025-08,6177000.0,6254000.0
EMP-0125,2025-09,6126000.0,6064000.0
EMP-0125,2025-10,6203000.0,6025000.0
EMP-0125,2025-11,6044000.0,6024000.0
EMP-0125,2025-12,5983000.0,5929000.0
EMP-0126,2025-01,7541000.0,7522000.0
EMP-0126,2025-02,7445000.0,7383000.0
EMP-0126,2025-03,7882000.0,7901000.0
EMP-0126,2025-04,7449000.0,7348000.0
EMP-0126,2025-05,7755000.0,7755000.0
EMP-0126,2025-06,7802000.0,7778000.0
EMP-0126,2025-07,7905000.0,7829000.0
EMP-0126,2025-08,7552000.0,7463000.0
EMP-0126,2025-09,7224000.0,7321000.0
EMP-0126,2025-10,7551000.0,7454000.0
EMP-0126,2025-11,7414000.0,7357000.0
EMP-0126,2025-12,7550000.0,7637000.0
EMP-0127,2025-01,6929000.0,6938000.0
EMP-0127,2025-02,6866000.0,6882000.0
EMP-0127,2025-03,6823000.0,6765000.0
EMP-0127,2025-04,7152000.0,7138000.0
EMP-0127,2025-05,7620000.0,7777000.0
EMP-0127,2025-06,7717000.0,7801000.0
EMP-0127,2025-07,7957000.0,7873000.0
EMP-0127,2025-08,8252000.0,8222000.0
EMP-0127,2025-09,8348000.0,8130000.0
EMP-0127,2025-10,8002000.0,8058000.0
EMP-0127,2025-11,8040000.0,7954000.0
EMP-0127,2025-12,7822000.0,7858000.0
EMP-0128,2025-01,4781000.0,4780000.0
EMP-0128,2025-02,4794000.0,4775000.0
EMP-0128,2025-03,4670000.0,4659000.0
EMP-0128,2025-04,4933000.0,4921000.0
EMP-0128,2025-05,5018000.0,4960000.0
EMP-0128,2025-06,4980000.0,5022000.0
EMP-0128,2025-07,5006000.0,5009000.0
EMP-0128,2025-08,4834000.0,4894000.0
EMP-0128,2025-09,4812000.0,4735000.0
EMP-0128,2025-10,4738000.0,4784000.0
EMP-0128,2025-11,4768000.0,4741000.0
EMP-0128,2025-12,4782000.0,4760000.0
EMP-0129,2025-01,7056000.0,7128000.0
EMP-0129,2025-02,7188000.0,7269000.0
EMP-0129,2025-03,6945000.0,7050000.0
EMP-0129,2025-04,7341000.0,7338000.0
EMP-0129,2025-05,7657000.0,7637000.0
EMP-0129,2025-06,7670000.0,7775000.0
EMP-0129,2025-07,7847000.0,7900000.0
EMP-0129,2025-08,7805000.0,7824000.0
EMP-0129,2025-09,7584000.0,7429000.0
EMP-0129,2025-10,7737000.0,7712000.0
EMP-0129,2025-11,8121000.0,8085000.0
EMP-0129,2025-12,8299000.0,8277000.0
EMP-0130,2025-01,7995000.0,7931000.0
EMP-0130,2025-02,8051000.0,8019000.0
EMP-0130,2025-03,7902000.0,8019000.0
EMP-0130,2025-04,7530000.0,7601000.0
EMP-0130,2025-05,7742000.0,7777000.0
EMP-0130,2025-06,7583000.0,7609000.0
EMP-0130,2025-07,7614000.0,7536000.0
EMP-0130,2025-08,7238000.0,7276000.0
EMP-0130,2025-09,7594000.0,7636000.0
EMP-0130,2025-10,7580000.0,7581000.0
EMP-0130,2025-11,7326000.0,7233000.0
EMP-0130,2025-12,6680000.0,6776000.0
EMP-0131,2025-01,3709000.0,3704000.0
EMP-0131,2025-02,3905000.0,3921000.0
EMP-0131,2025-03,4073000.0,4106000.0
EMP-0131,2025-04,3975000.0,3915000.0
EMP-0131,2025-05,4029000.0,4090000.0
EMP-0131,2025-06,3935000.0,3885000.0
EMP-0131,2025-07,3804000.0,3798000.0
EMP-0131,2025-08,3908000.0,3965000.0
EMP-0131,2025-09,3828000.0,3781000.0
EMP-0131,2025-10,3992000.0,3979000.0
EMP-0131,2025-11,3921000.0,3953000.0
EMP-0131,2025-12,4008000.0,4058000.0
EMP-0132,2025-01,6289000.0,6206000.0
EMP-0132,2025-02,6105000.0,6039000.0
EMP-0132,2025-03,6094000.0,6081000.0
EMP-0132,2025-04,6132000.0,6170000.0
EMP-0132,2025-05,6185000.0,6176000.0
EMP-0132,2025-06,5862000.0,5862000.0
EMP-0132,2025-07,6187000.0,6176000.0
EMP-0132,2025-08,6102000.0,6110000.0
EMP-0132,2025-09,6126000.0,6147000.0
EMP-0132,2025-10,5918000.0,5951000.0
EMP-0132,2025-11,5664000.0,5755000.0
EMP-0132,2025-12,5815000.0,5836000.0
EMP-0133,2025-01,4025000.0,4052000.0
EMP-0133,2025-02,4071000.0,4102000.0
EMP-0133,2025-03,4069000.0,4102000.0
EMP-0133,2025-04,3880000.0,3893000.0
EMP-0133,2025-05,3912000.0,3976000.0
EMP-0133,2025-06,3884000.0,3810000.0
EMP-0133,2025-07,3840000.0,3837000.0
EMP-0133,2025-08,3674000.0,3686000.0
EMP-0133,2025-09,3720000.0,3697000.0
EMP-0133,2025-10,3587000.0,3638000.0
EMP-0133,2025-11,3595000.0,3521000.0
EMP-0133,2025-12,3564000.0,3551000.0
EMP-0134,2025-01,8272000.0,8129000.0
EMP-0134,2025-02,8500000.0,8465000.0
EMP-0134,2025-03,8320000.0,8253000.0
EMP-0134,2025-04,8059000.0,8083000.0
EMP-0134,2025-05,8368000.0,8560000.0
EMP-0134,2025-06,8139000.0,8248000.0
EMP-0134,2025-07,8250000.0,8136000.0
EMP-0134,2025-08,8149000.0,8187000.0
EMP-0134,2025-09,8394000.0,8351000.0
EMP-0134,2025-10,8367000.0,8441000.0
EMP-0134,2025-11,8280000.0,8345000.0
EMP-0134,2025-12,8294000.0,8410000.0
EMP-0135,2025-01,6687000.0,6795000.0
EMP-0135,2025-02,6911000.0,6982000.0
EMP-0135,2025-03,6777000.0,6766000.0
EMP-0135,2025-04,6292000.0,6281000.0
EMP-0135,2025-05,6310000.0,6227000.0
EMP-0135,2025-06,6330000.0,6355000.0
EMP-0135,2025-07,6119000.0,6147000.0
EMP-0135,2025-08,5938000.0,5833000.0
EMP-0135,2025-09,6056000.0,6125000.0
EMP-0135,2025-10,6300000.0,6282000.0
EMP-0135,2025-11,6236000.0,6170000.0
EMP-0135,2025-12,6132000.0,6144000.0
EMP-0136,2025-01,3515000.0,3465000.0
EMP-0136,2025-02,3661000.0,3636000.0
EMP-0136,2025-03,3655000.0,3623000.0
EMP-0136,2025-04,3700000.0,3668000.0
EMP-0136,2025-05,3818000.0,3778000.0
EMP-0136,2025-06,3650000.0,3642000.0
EMP-0136,2025-07,3673000.0,3704000.0
EMP-0136,2025-08,3842000.0,3802000.0
EMP-0136,2025-09,3805000.0,3779000.0
EMP-0136,2025-10,3908000.0,3868000.0
EMP-0136,2025-11,3708000.0,3740000.0
EMP-0136,2025-12,3661000.0,3647000.0
EMP-0137,2025-01,12965000.0,13016000.0
EMP-0137,2025-02,12949000.0,12894000.0
EMP-0137,2025-03,13036000.0,13230000.0
EMP-0137,2025-04,13943000.0,13919000.0
EMP-0137,2025-05,13860000.0,14015000.0
EMP-0137,2025-06,13415000.0,13536000.0
EMP-0137,2025-07,13536000.0,13490000.0
EMP-0137,2025-08,13934000.0,13838000.0
EMP-0137,2025-09,13714000.0,13653000.0
EMP-0137,2025-10,13097000.0,13054000.0
EMP-0137,2025-11,13879000.0,14073000.0
EMP-0137,2025-12,13488000.0,13622000.0
EMP-0138,2025-01,23834000.0,23929000.0
EMP-0138,2025-02,23690000.0,23564000.0
EMP-0138,2025-03,25031000.0,24820000.0
EMP-0138,2025-04,24677000.0,24317000.0
EMP-0138,2025-05,25130000.0,25042000.0
EMP-0138,2025-06,25191000.0,25046000.0
EMP-0138,2025-07,25074000.0,25391000.0
EMP-0138,2025-08,24682000.0,24805000.0
EMP-0138,2025-09,25262000.0,25251000.0
EMP-0138,2025-10,25566000.0,25775000.0
EMP-0138,2025-11,25758000.0,26087000.0
EMP-0138,2025-12,24872000.0,24831000.0
EMP-0139,2025-01,26352000.0,26306000.0
EMP-0139,2025-02,26735000.0,26364000.0
EMP-0139,2025-03,28775000.0,29178000.0
EMP-0139,2025-04,27508000.0,27773000.0
EMP-0139,2025-05,27598000.0,27445000.0
EMP-0139,2025-06,28140000.0,28411000.0
EMP-0139,2025-07,29247000.0,28559000.0
EMP-0139,2025-08,28032000.0,27898000.0
EMP-0139,2025-09,27125000.0,27139000.0
EMP-0139,2025-10,28653000.0,28740000.0
EMP-0139,2025-11,27624000.0,27878000.0
EMP-0139,2025-12,28447000.0,28203000.0
EMP-0140,2025-01,25673000.0,25818000.0
EMP-0140,2025-02,26953000.0,27169000.0
EMP-0140,2025-03,27192000.0,27128000.0
EMP-0140,2025-04,27773000.0,27645000.0
EMP-0140,2025-05,27023000.0,26692000.0
EMP-0140,2025-06,28022000.0,27855000.0
EMP-0140,2025-07,27894000.0,27335000.0
EMP-0140,2025-08,27323000.0,27266000.0
EMP-0140,2025-09,27460000.0,27487000.0
EMP-0140,2025-10,28405000.0,28320000.0
EMP-0140,2025-11,28324000.0,28200000.0
EMP-0140,2025-12,28414000.0,28397000.0
EMP-0141,2025-01,32973000.0,33037000.0
EMP-0141,2025-02,33075000.0,33259000.0
EMP-0141,2025-03,32056000.0,31578000.0
EMP-0141,2025-04,31596000.0,31453000.0
EMP-0141,2025-05,32691000.0,32210000.0
EMP-0141,2025-06,32122000.0,31972000.0
EMP-0141,2025-07,30390000.0,30705000.0
EMP-0141,2025-08,31660000.0,31724000.0
EMP-0141,2025-09,31508000.0,31383000.0
EMP-0141,2025-10,31540000.0,31310000.0
EMP-0141,2025-11,31952000.0,31798000.0
EMP-0141,2025-12,31710000.0,31521000.0
EMP-0142,2025-01,20615000.0,20684000.0
EMP-0142,2025-02,20468000.0,20280000.0
EMP-0142,2025-03,21291000.0,21199000.0
EMP-0142,2025-04,21105000.0,20965000.0
EMP-0142,2025-05,21999000.0,21739000.0
EMP-0142,2025-06,22758000.0,22408000.0
EMP-0142,2025-07,22445000.0,22435000.0
EMP-0142,2025-08,22610000.0,22316000.0
EMP-0142,2025-09,22968000.0,22945000.0
EMP-0142,2025-10,23255000.0,23477000.0
EMP-0142,2025-11,22649000.0,22633000.0
EMP-0142,2025-12,22671000.0,22614000.0
EMP-0143,2025-01,10256000.0,10094000.0
EMP-0143,2025-02,10451000.0,10377000.0
EMP-0143,2025-03,10236000.0,10140000.0
EMP-0143,2025-04,10102000.0,10038000.0
EMP-0143,2025-05,10253000.0,10257000.0
EMP-0143,2025-06,10522000.0,10584000.0
EMP-0143,2025-07,10298000.0,10051000.0
EMP-0143,2025-08,10210000.0,10331000.0
EMP-0143,2025-09,10286000.0,10159000.0
EMP-0143,2025-10,10253000.0,10447000.0
EMP-0143,2025-11,10203000.0,10145000.0
EMP-0143,2025-12,10226000.0,10253000.0
EMP-0144,2025-01,22379000.0,22392000.0
EMP-0144,2025-02,21149000.0,21053000.0
EMP-0144,2025-03,22033000.0,22224000.0
EMP-0144,2025-04,21538000.0,21797000.0
EMP-0144,2025-05,21733000.0,21675000.0
EMP-0144,2025-06,21941000.0,21735000.0
EMP-0144,2025-07,22672000.0,22388000.0
EMP-0144,2025-08,23275000.0,23530000.0
EMP-0144,2025-09,23080000.0,22780000.0
EMP-0144,2025-10,22917000.0,22946000.0
EMP-0144,2025-11,23446000.0,23570000.0
EMP-0144,2025-12,24339000.0,24164000.0
EMP-0145,2025-01,40008000.0,40256000.0
EMP-0145,2025-02,39892000.0,39858000.0
EMP-0145,2025-03,40277000.0,40172000.0
EMP-0145,2025-04,40352000.0,39772000.0
EMP-0145,2025-05,38117000.0,37890000.0
EMP-0145,2025-06,39081000.0,38784000.0
EMP-0145,2025-07,37201000.0,37468000.0
EMP-0145,2025-08,38216000.0,38310000.0
EMP-0145,2025-09,38675000.0,38353000.0
EMP-0145,2025-10,39144000.0,38489000.0
EMP-0145,2025-11,40454000.0,40727000.0
EMP-0145,2025-12,38940000.0,39322000.0
EMP-0146,2025-01,22550000.0,22775000.0
EMP-0146,2025-02,23159000.0,23229000.0
EMP-0146,2025-03,23572000.0,23331000.0
EMP-0146,2025-04,22661000.0,22510000.0
EMP-0146,2025-05,22876000.0,22353000.0
EMP-0146,2025-06,23204000.0,23233000.0
EMP-0146,2025-07,22006000.0,22142000.0
EMP-0146,2025-08,22838000.0,22629000.0
EMP-0146,2025-09,23784000.0,23581000.0
EMP-0146,2025-10,25082000.0,24428000.0
EMP-0146,2025-11,24506000.0,24617000.0
EMP-0146,2025-12,24128000.0,24406000.0
EMP-0147,2025-01,34613000.0,34584000.0
EMP-0147,2025-02,36041000.0,35784000.0
EMP-0147,2025-03,36333000.0,36015000.0
EMP-0147,2025-04,36615000.0,36421000.0
EMP-0147,2025-05,34619000.0,34881000.0
EMP-0147,2025-06,34090000.0,33920000.0
EMP-0147,2025-07,34774000.0,34398000.0
EMP-0147,2025-08,35303000.0,36012000.0
EMP-0147,2025-09,35707000.0,35266000.0
EMP-0147,2025-10,36276000.0,35874000.0
EMP-0147,2025-11,34690000.0,34389000.0
EMP-0147,2025-12,36874000.0,36916000.0
EMP-0148,2025-01,33209000.0,33092000.0
EMP-0148,2025-02,33069000.0,32890000.0
EMP-0148,2025-03,33389000.0,33365000.0
EMP-0148,2025-04,33838000.0,33447000.0
EMP-0148,2025-05,35027000.0,35131000.0
EMP-0148,2025-06,35182000.0,35465000.0
EMP-0148,2025-07,33409000.0,33174000.0
EMP-0148,2025-08,33140000.0,33198000.0
EMP-0148,2025-09,31639000.0,31554000.0
EMP-0148,2025-10,31719000.0,31877000.0
EMP-0148,2025-11,31874000.0,31840000.0
EMP-0148,2025-12,33279000.0,33586000.0
EMP-0149,2025-01,39222000.0,40156000.0
EMP-0149,2025-02,40789000.0,41055000.0
EMP-0149,2025-03,40038000.0,40364000.0
EMP-0149,2025-04,41281000.0,41069000.0
EMP-0149,2025-05,43253000.0,42968000.0
EMP-0149,2025-06,43936000.0,43998000.0
EMP-0149,2025-07,43396000.0,42873000.0
EMP-0149,2025-08,41314000.0,41728000.0
EMP-0149,2025-09,42898000.0,43190000.0
EMP-0149,2025-10,41502000.0,41244000.0
EMP-0149,2025-11,43084000.0,43318000.0
EMP-0149,2025-12,42310000.0,43216000.0
EMP-0150,2025-01,31285000.0,31336000.0
EMP-0150,2025-02,30922000.0,31126000.0
EMP-0150,2025-03,30593000.0,30663000.0
EMP-0150,2025-04,32067000.0,32147000.0
EMP-0150,2025-05,31762000.0,31725000.0
EMP-0150,2025-06,31768000.0,32423000.0
EMP-0150,2025-07,31317000.0,30680000.0
EMP-0150,2025-08,30328000.0,30449000.0
EMP-0150,2025-09,15934000.0,15900000.0
EMP-0150,2025-10,16040000.0,16216000.0
EMP-0150,2025-11,15631000.0,15798000.0
EMP-0150,2025-12,15299000.0,15416000.0
EMP-0151,2025-01,16563000.0,16416000.0
EMP-0151,2025-02,16658000.0,16883000.0
EMP-0151,2025-03,15940000.0,15873000.0
EMP-0151,2025-04,16415000.0,16609000.0
EMP-0151,2025-05,16488000.0,16540000.0
EMP-0151,2025-06,16101000.0,16135000.0
EMP-0151,2025-07,15718000.0,15656000.0
EMP-0151,2025-08,15563000.0,15240000.0
EMP-0151,2025-09,15585000.0,15884000.0
EMP-0151,2025-10,15790000.0,15850000.0
EMP-0151,2025-11,15373000.0,15309000.0
EMP-0151,2025-12,15804000.0,15883000.0
EMP-0152,2025-01,30807000.0,30684000.0
EMP-0152,2025-02,30661000.0,30392000.0
EMP-0152,2025-03,31193000.0,30985000.0
EMP-0152,2025-04,31119000.0,30968000.0
EMP-0152,2025-05,30006000.0,29837000.0
EMP-0152,2025-06,29307000.0,29362000.0
EMP-0152,2025-07,30018000.0,30372000.0
EMP-0152,2025-08,30074000.0,30181000.0
EMP-0152,2025-09,32134000.0,32080000.0
EMP-0152,2025-10,31177000.0,30472000.0
EMP-0152,2025-11,31179000.0,31317000.0
EMP-0152,2025-12,30716000.0,30496000.0
EMP-0153,2025-01,31329000.0,31406000.0
EMP-0153,2025-02,30430000.0,30561000.0
EMP-0153,2025-03,30339000.0,30235000.0
EMP-0153,2025-04,30079000.0,29827000.0
EMP-0153,2025-05,29440000.0,29537000.0
EMP-0153,2025-06,31190000.0,30815000.0
EMP-0153,2025-07,29246000.0,29911000.0
EMP-0153,2025-08,30120000.0,30135000.0
EMP-0153,2025-09,31917000.0,32097000.0
EMP-0153,2025-10,31295000.0,31259000.0
EMP-0153,2025-11,32120000.0,31860000.0
EMP-0153,2025-12,30452000.0,31042000.0
EMP-0154,2025-01,28875000.0,28535000.0
EMP-0154,2025-02,28463000.0,28457000.0
EMP-0154,2025-03,28604000.0,28531000.0
EMP-0154,2025-04,28220000.0,28099000.0
EMP-0154,2025-05,28638000.0,28431000.0
EMP-0154,2025-06,28438000.0,28332000.0
EMP-0154,2025-07,27903000.0,28041000.0
EMP-0154,2025-08,27687000.0,27749000.0
EMP-0154,2025-09,27777000.0,27878000.0
EMP-0154,2025-10,27693000.0,27596000.0
EMP-0154,2025-11,27041000.0,27265000.0
EMP-0154,2025-12,28682000.0,28233000.0
EMP-0155,2025-01,24828000.0,24785000.0
EMP-0155,2025-02,25112000.0,25043000.0
EMP-0155,2025-03,25996000.0,25925000.0
EMP-0155,2025-04,25352000.0,25282000.0
EMP-0155,2025-05,25850000.0,25802000.0
EMP-0155,2025-06,26492000.0,26648000.0
EMP-0155,2025-07,26213000.0,26085000.0
EMP-0155,2025-08,25807000.0,25691000.0
EMP-0155,2025-09,25333000.0,25637000.0
EMP-0155,2025-10,25949000.0,26195000.0
EMP-0155,2025-11,25081000.0,25092000.0
EMP-0155,2025-12,25493000.0,25537000.0
EMP-0156,2025-01,24479000.0,24109000.0
EMP-0156,2025-02,23075000.0,23023000.0
EMP-0156,2025-03,23167000.0,23311000.0
EMP-0156,2025-04,23060000.0,23200000.0
EMP-0156,2025-05,22581000.0,22331000.0
EMP-0156,2025-06,22182000.0,21875000.0
EMP-0156,2025-07,23321000.0,23481000.0
EMP-0156,2025-08,22283000.0,22514000.0
EMP-0156,2025-09,23086000.0,23256000.0
EMP-0156,2025-10,22936000.0,23397000.0
EMP-0156,2025-11,22769000.0,23078000.0
EMP-0156,2025-12,23689000.0,23513000.0
EMP-0157,2025-01,31950000.0,32378000.0
EMP-0157,2025-02,32734000.0,32474000.0
EMP-0157,2025-03,32895000.0,33017000.0
EMP-0157,2025-04,33398000.0,32973000.0
EMP-0157,2025-05,34321000.0,34685000.0
EMP-0157,2025-06,33736000.0,33581000.0
EMP-0157,2025-07,32859000.0,33623000.0
EMP-0157,2025-08,33851000.0,33970000.0
EMP-0157,2025-09,34287000.0,34284000.0
EMP-0157,2025-10,34675000.0,34379000.0
EMP-0157,2025-11,35014000.0,35181000.0
EMP-0157,2025-12,33671000.0,33796000.0
EMP-0158,2025-01,35416000.0,35204000.0
EMP-0158,2025-02,33290000.0,33832000.0
EMP-0158,2025-03,33889000.0,33666000.0
EMP-0158,2025-04,34798000.0,34296000.0
EMP-0158,2025-05,34481000.0,34438000.0
EMP-0158,2025-06,34463000.0,34468000.0
EMP-0158,2025-07,33819000.0,33734000.0
EMP-0158,2025-08,32840000.0,33058000.0
EMP-0158,2025-09,32649000.0,32703000.0
EMP-0158,2025-10,33191000.0,33664000.0
EMP-0158,2025-11,34451000.0,34860000.0
EMP-0158,2025-12,35421000.0,35684000.0
EMP-0159,2025-01,26267000.0,26470000.0
EMP-0159,2025-02,25714000.0,25317000.0
EMP-0159,2025-03,25662000.0,25869000.0
EMP-0159,2025-04,25072000.0,25259000.0
EMP-0159,2025-05,25692000.0,26101000.0
EMP-0159,2025-06,26080000.0,25927000.0
EMP-0159,2025-07,25901000.0,25716000.0
EMP-0159,2025-08,24850000.0,24756000.0
EMP-0159,2025-09,24904000.0,24908000.0
EMP-0159,2025-10,25378000.0,25121000.0
EMP-0159,2025-11,24751000.0,24418000.0
EMP-0159,2025-12,25542000.0,25392000.0
EMP-0160,2025-01,29034000.0,28622000.0
EMP-0160,2025-02,27907000.0,27418000.0
EMP-0160,2025-03,28487000.0,28295000.0
EMP-0160,2025-04,28533000.0,28556000.0
EMP-0160,2025-05,28441000.0,28374000.0
EMP-0160,2025-06,28333000.0,28547000.0
EMP-0160,2025-07,27812000.0,27385000.0
EMP-0160,2025-08,28115000.0,28372000.0
EMP-0160,2025-09,28079000.0,28009000.0
EMP-0160,2025-10,28666000.0,29117000.0
EMP-0160,2025-11,29567000.0,29611000.0
EMP-0160,2025-12,29504000.0,29487000.0
EMP-0161,2025-01,25136000.0,25079000.0
EMP-0161,2025-02,24410000.0,24473000.0
EMP-0161,2025-03,25050000.0,25309000.0
EMP-0161,2025-04,25215000.0,25421000.0
EMP-0161,2025-05,25919000.0,25987000.0
EMP-0161,2025-06,26169000.0,26124000.0
EMP-0161,2025-07,24703000.0,24745000.0
EMP-0161,2025-08,24479000.0,25008000.0
EMP-0161,2025-09,23985000.0,24143000.0
EMP-0161,2025-10,24011000.0,24270000.0
EMP-0161,2025-11,24574000.0,24731000.0
EMP-0161,2025-12,26545000.0,26659000.0
EMP-0162,2025-01,18286000.0,17824000.0
EMP-0162,2025-02,18542000.0,18360000.0
EMP-0162,2025-03,17931000.0,17943000.0
EMP-0162,2025-04,17695000.0,17710000.0
EMP-0162,2025-05,16817000.0,16865000.0
EMP-0162,2025-06,17416000.0,17526000.0
EMP-0162,2025-07,17458000.0,17235000.0
EMP-0162,2025-08,17558000.0,17595000.0
EMP-0162,2025-09,16273000.0,16296000.0
EMP-0162,2025-10,16420000.0,16501000.0
EMP-0162,2025-11,15642000.0,15450000.0
EMP-0162,2025-12,16226000.0,16236000.0
EMP-0163,2025-01,40976000.0,40166000.0
EMP-0163,2025-02,41038000.0,40398000.0
EMP-0163,2025-03,37595000.0,38311000.0
EMP-0163,2025-04,38357000.0,38307000.0
EMP-0163,2025-05,37733000.0,37322000.0
EMP-0163,2025-06,40584000.0,39829000.0
EMP-0163,2025-07,40263000.0,40158000.0
EMP-0163,2025-08,39788000.0,40444000.0
EMP-0163,2025-09,38979000.0,38955000.0
EMP-0163,2025-10,39933000.0,40145000.0
EMP-0163,2025-11,41575000.0,41255000.0
EMP-0163,2025-12,40127000.0,39797000.0
EMP-0164,2025-01,21011000.0,21028000.0
EMP-0164,2025-02,20770000.0,20728000.0
EMP-0164,2025-03,20783000.0,20752000.0
EMP-0164,2025-04,21668000.0,21718000.0
EMP-0164,2025-05,21678000.0,21830000.0
EMP-0164,2025-06,21373000.0,20934000.0
EMP-0164,2025-07,21977000.0,21867000.0
EMP-0164,2025-08,21542000.0,21687000.0
EMP-0164,2025-09,21465000.0,21330000.0
EMP-0164,2025-10,21098000.0,21410000.0
EMP-0164,2025-11,21528000.0,21678000.0
EMP-0164,2025-12,22685000.0,22501000.0
EMP-0165,2025-01,34495000.0,34293000.0
EMP-0165,2025-02,34357000.0,34229000.0
EMP-0165,2025-03,33049000.0,32768000.0
EMP-0165,2025-04,33511000.0,33332000.0
EMP-0165,2025-05,33182000.0,32848000.0
EMP-0165,2025-06,33404000.0,33333000.0
EMP-0165,2025-07,32718000.0,32869000.0
EMP-0165,2025-08,33828000.0,34016000.0
EMP-0165,2025-09,31441000.0,31504000.0
EMP-0165,2025-10,34715000.0,34043000.0
EMP-0165,2025-11,34341000.0,34429000.0
EMP-0165,2025-12,35044000.0,34879000.0
EMP-0166,2025-01,25896000.0,25932000.0
EMP-0166,2025-02,25532000.0,25334000.0
EMP-0166,2025-03,26018000.0,25785000.0
EMP-0166,2025-04,26943000.0,26865000.0
EMP-0166,2025-05,26205000.0,26478000.0
EMP-0166,2025-06,26702000.0,25833000.0
EMP-0166,2025-07,26634000.0,26803000.0
EMP-0166,2025-08,26666000.0,26964000.0
EMP-0166,2025-09,26120000.0,25600000.0
EMP-0166,2025-10,27787000.0,27680000.0
EMP-0166,2025-11,26736000.0,26508000.0
EMP-0166,2025-12,26214000.0,26032000.0
EMP-0167,2025-01,20099000.0,20045000.0
EMP-0167,2025-02,21104000.0,21135000.0
EMP-0167,2025-03,20438000.0,20347000.0
EMP-0167,2025-04,20004000.0,19679000.0
EMP-0167,2025-05,20475000.0,20231000.0
EMP-0167,2025-06,21947000.0,21902000.0
EMP-0167,2025-07,21304000.0,21296000.0
EMP-0167,2025-08,20946000.0,20827000.0
EMP-0167,2025-09,20620000.0,20340000.0
EMP-0167,2025-10,20360000.0,20177000.0
EMP-0167,2025-11,20432000.0,20439000.0
EMP-0167,2025-12,20424000.0,20064000.0
EMP-0168,2025-01,29303000.0,29234000.0
EMP-0168,2025-02,29377000.0,28781000.0
EMP-0168,2025-03,28929000.0,28611000.0
EMP-0168,2025-04,29735000.0,30041000.0
EMP-0168,2025-05,30438000.0,30113000.0
EMP-0168,2025-06,30060000.0,30535000.0
EMP-0168,2025-07,30349000.0,30316000.0
EMP-0168,2025-08,31536000.0,32022000.0
EMP-0168,2025-09,31171000.0,30452000.0
EMP-0168,2025-10,32120000.0,32592000.0
EMP-0168,2025-11,32469000.0,32417000.0
EMP-0168,2025-12,32876000.0,32817000.0
EMP-0169,2025-01,11523000.0,11425000.0
EMP-0169,2025-02,11601000.0,11577000.0
EMP-0169,2025-03,11343000.0,11382000.0
EMP-0169,2025-04,10916000.0,10808000.0
EMP-0169,2025-05,10947000.0,10847000.0
EMP-0169,2025-06,10775000.0,10810000.0
EMP-0169,2025-07,10798000.0,10794000.0
EMP-0169,2025-08,11056000.0,10792000.0
EMP-0169,2025-09,10414000.0,10479000.0
EMP-0169,2025-10,10231000.0,10304000.0
EMP-0169,2025-11,10434000.0,10286000.0
EMP-0169,2025-12,10062000.0,9955000.0
EMP-0170,2025-01,24532000.0,24243000.0
EMP-0170,2025-02,24561000.0,24909000.0
EMP-0170,2025-03,24029000.0,23846000.0
EMP-0170,2025-04,23299000.0,23390000.0
EMP-0170,2025-05,23111000.0,23363000.0
EMP-0170,2025-06,22471000.0,22619000.0
EMP-0170,2025-07,23195000.0,23172000.0
EMP-0170,2025-08,23252000.0,23462000.0
EMP-0170,2025-09,22865000.0,22466000.0
EMP-0170,2025-10,22052000.0,22162000.0
EMP-0170,2025-11,22394000.0,22330000.0
EMP-0170,2025-12,21761000.0,21694000.0
EMP-0171,2025-01,171073000.0,171320000.0
EMP-0171,2025-02,167499000.0,169509000.0
EMP-0171,2025-03,180272000.0,182022000.0
EMP-0171,2025-04,174803000.0,174226000.0
EMP-0171,2025-05,161097000.0,161463000.0
EMP-0171,2025-06,160843000.0,159346000.0
EMP-0171,2025-07,170161000.0,169547000.0
EMP-0171,2025-08,175934000.0,176426000.0
EMP-0171,2025-09,176130000.0,176399000.0
EMP-0171,2025-10,170472000.0,171072000.0
EMP-0171,2025-11,173844000.0,174209000.0
EMP-0171,2025-12,174146000.0,173231000.0
EMP-0172,2025-01,157720000.0,156688000.0
EMP-0172,2025-02,157242000.0,156725000.0
EMP-0172,2025-03,159336000.0,159783000.0
EMP-0172,2025-04,168895000.0,169266000.0
EMP-0172,2025-05,166325000.0,167046000.0
EMP-0172,2025-06,168653000.0,168700000.0
EMP-0172,2025-07,170860000.0,170790000.0
EMP-0172,2025-08,163932000.0,162660000.0
EMP-0172,2025-09,164606000.0,164887000.0
EMP-0172,2025-10,159102000.0,160913000.0
EMP-0172,2025-11,159204000.0,157351000.0
EMP-0172,2025-12,160414000.0,160874000.0
EMP-0173,2025-01,150332000.0,151797000.0
EMP-0173,2025-02,152423000.0,151010000.0
EMP-0173,2025-03,152052000.0,152324000.0
EMP-0173,2025-04,148991000.0,148527000.0
EMP-0173,2025-05,149310000.0,147765000.0
EMP-0173,2025-06,151314000.0,151250000.0
EMP-0173,2025-07,154842000.0,155326000.0
EMP-0173,2025-08,151890000.0,152937000.0
EMP-0173,2025-09,149086000.0,149273000.0
EMP-0173,2025-10,151277000.0,149358000.0
EMP-0173,2025-11,142634000.0,144343000.0
EMP-0173,2025-12,142742000.0,141328000.0
EMP-0174,2025-01,89498000.0,88452000.0
EMP-0174,2025-02,91671000.0,92111000.0
EMP-0174,2025-03,91338000.0,92072000.0
EMP-0174,2025-04,90805000.0,89885000.0
EMP-0174,2025-05,93652000.0,92534000.0
EMP-0174,2025-06,93851000.0,94896000.0
EMP-0174,2025-07,93853000.0,91359000.0
EMP-0174,2025-08,91931000.0,90311000.0
EMP-0174,2025-09,93287000.0,93566000.0
EMP-0174,2025-10,93748000.0,92880000.0
EMP-0174,2025-11,86176000.0,85927000.0
EMP-0174,2025-12,85023000.0,83583000.0
EMP-0175,2025-01,171075000.0,171381000.0
EMP-0175,2025-02,177876000.0,176682000.0
EMP-0175,2025-03,182711000.0,183155000.0
EMP-0175,2025-04,187625000.0,189850000.0
EMP-0175,2025-05,185096000.0,188202000.0
EMP-0175,2025-06,187839000.0,189600000.0
EMP-0175,2025-07,181070000.0,181313000.0
EMP-0175,2025-08,181090000.0,181338000.0
EMP-0175,2025-09,180508000.0,178007000.0
EMP-0175,2025-10,191571000.0,191962000.0
EMP-0175,2025-11,193258000.0,192212000.0
EMP-0175,2025-12,184970000.0,186105000.0
EMP-0176,2025-01,69076000.0,68919000.0
EMP-0176,2025-02,71345000.0,72115000.0
EMP-0176,2025-03,66658000.0,65419000.0
EMP-0176,2025-04,64351000.0,64750000.0
EMP-0176,2025-05,63390000.0,64020000.0
EMP-0176,2025-06,62498000.0,62422000.0
EMP-0176,2025-07,62099000.0,62000000.0
EMP-0176,2025-08,62194000.0,62120000.0
EMP-0176,2025-09,60994000.0,61326000.0
EMP-0176,2025-10,62172000.0,62963000.0
EMP-0176,2025-11,65090000.0,64836000.0
EMP-0176,2025-12,66282000.0,66795000.0
EMP-0177,2025-01,83532000.0,83064000.0
EMP-0177,2025-02,83196000.0,83258000.0
EMP-0177,2025-03,84520000.0,84214000.0
EMP-0177,2025-04,83881000.0,84222000.0
EMP-0177,2025-05,84445000.0,84411000.0
EMP-0177,2025-06,84129000.0,83272000.0
EMP-0177,2025-07,80204000.0,79561000.0
EMP-0177,2025-08,80316000.0,80859000.0
EMP-0177,2025-09,83150000.0,82527000.0
EMP-0177,2025-10,80060000.0,79193000.0
EMP-0177,2025-11,78267000.0,78734000.0
EMP-0177,2025-12,82176000.0,82792000.0
EMP-0178,2025-01,167969000.0,166426000.0
EMP-0178,2025-02,171134000.0,169656000.0
EMP-0178,2025-03,170485000.0,170866000.0
EMP-0178,2025-04,172124000.0,173485000.0
EMP-0178,2025-05,170968000.0,170112000.0
EMP-0178,2025-06,175088000.0,174418000.0
EMP-0178,2025-07,166886000.0,165505000.0
EMP-0178,2025-08,168090000.0,170475000.0
EMP-0178,2025-09,117369000.0,117306000.0
EMP-0178,2025-10,114124000.0,114286000.0
EMP-0178,2025-11,110367000.0,110037000.0
EMP-0178,2025-12,119983000.0,119596000.0
EMP-0179,2025-01,188561000.0,189937000.0
EMP-0179,2025-02,191620000.0,191583000.0
EMP-0179,2025-03,182992000.0,184479000.0
EMP-0179,2025-04,181803000.0,183293000.0
EMP-0179,2025-05,188730000.0,187763000.0
EMP-0179,2025-06,193712000.0,192065000.0
EMP-0179,2025-07,191684000.0,190199000.0
EMP-0179,2025-08,193748000.0,188310000.0
EMP-0179,2025-09,194802000.0,197691000.0
EMP-0179,2025-10,190983000.0,190848000.0
EMP-0179,2025-11,188276000.0,190796000.0
EMP-0179,2025-12,192865000.0,195785000.0
EMP-0180,2025-01,134743000.0,135645000.0
EMP-0180,2025-02,141208000.0,140727000.0
EMP-0180,2025-03,142935000.0,143224000.0
EMP-0180,2025-04,142348000.0,142220000.0
EMP-0180,2025-05,142741000.0,143765000.0
EMP-0180,2025-06,143920000.0,146073000.0
EMP-0180,2025-07,139786000.0,141024000.0
EMP-0180,2025-08,140259000.0,142163000.0
EMP-0180,2025-09,139561000.0,138863000.0
EMP-0180,2025-10,141376000.0,141417000.0
EMP-0180,2025-11,143942000.0,144008000.0
EMP-0180,2025-12,136139000.0,138026000.0
EMP-0181,2025-01,84244000.0,84233000.0
EMP-0181,2025-02,83986000.0,83972000.0
EMP-0181,2025-03,84326000.0,83831000.0
EMP-0181,2025-04,85276000.0,85468000.0
EMP-0181,2025-05,83871000.0,84128000.0
EMP-0181,2025-06,86016000.0,86351000.0
EMP-0181,2025-07,81529000.0,82096000.0
EMP-0181,2025-08,82214000.0,81925000.0
EMP-0181,2025-09,82846000.0,83721000.0
EMP-0181,2025-10,77689000.0,76677000.0
EMP-0181,2025-11,78487000.0,79903000.0
EMP-0181,2025-12,81870000.0,80025000.0
EMP-0182,2025-01,157242000.0,154299000.0
EMP-0182,2025-02,163872000.0,164573000.0
EMP-0182,2025-03,155418000.0,153812000.0
EMP-0182,2025-04,154242000.0,154148000.0
EMP-0182,2025-05,157232000.0,157434000.0
EMP-0182,2025-06,150394000.0,153067000.0
EMP-0182,2025-07,155150000.0,156821000.0
EMP-0182,2025-08,156865000.0,154889000.0
EMP-0182,2025-09,159026000.0,154973000.0
EMP-0182,2025-10,160610000.0,161091000.0
EMP-0182,2025-11,159324000.0,160301000.0
EMP-0182,2025-12,163106000.0,163179000.0
EMP-0183,2025-01,86838000.0,86596000.0
EMP-0183,2025-02,83785000.0,83488000.0
EMP-0183,2025-03,83427000.0,82506000.0
EMP-0183,2025-04,78224000.0,76880000.0
EMP-0183,2025-05,80407000.0,79602000.0
EMP-0183,2025-06,82738000.0,82133000.0
EMP-0183,2025-07,81434000.0,84160000.0
EMP-0183,2025-08,83185000.0,83333000.0
EMP-0183,2025-09,83756000.0,83487000.0
EMP-0183,2025-10,82668000.0,82840000.0
EMP-0183,2025-11,81644000.0,82303000.0
EMP-0183,2025-12,81738000.0,81761000.0
EMP-0184,2025-01,169722000.0,169916000.0
EMP-0184,2025-02,168140000.0,170104000.0
EMP-0184,2025-03,180342000.0,184579000.0
EMP-0184,2025-04,173545000.0,172758000.0
EMP-0184,2025-05,176528000.0,173367000.0
EMP-0184,2025-06,175153000.0,173360000.0
EMP-0184,2025-07,173702000.0,172371000.0
EMP-0184,2025-08,175238000.0,175158000.0
EMP-0184,2025-09,172972000.0,172304000.0
EMP-0184,2025-10,178023000.0,181153000.0
EMP-0184,2025-11,169232000.0,168796000.0
EMP-0184,2025-12,171885000.0,172377000.0
EMP-0185,2025-01,163430000.0,160917000.0
EMP-0185,2025-02,162948000.0,161597000.0
EMP-0185,2025-03,154804000.0,150844000.0
EMP-0185,2025-04,157012000.0,158391000.0
EMP-0185,2025-05,161613000.0,164218000.0
EMP-0185,2025-06,162099000.0,160962000.0
EMP-0185,2025-07,159615000.0,160613000.0
EMP-0185,2025-08,157631000.0,160338000.0
EMP-0185,2025-09,161559000.0,163682000.0
EMP-0185,2025-10,155527000.0,155979000.0
EMP-0185,2025-11,157436000.0,158197000.0
EMP-0185,2025-12,159071000.0,158517000.0
EMP-0186,2025-01,62077000.0,61268000.0
EMP-0186,2025-02,59799000.0,60710000.0
EMP-0186,2025-03,61980000.0,62349000.0
EMP-0186,2025-04,59480000.0,59602000.0
EMP-0186,2025-05,58951000.0,57307000.0
EMP-0186,2025-06,59542000.0,58553000.0
EMP-0186,2025-07,61236000.0,61554000.0
EMP-0186,2025-08,63941000.0,63036000.0
EMP-0186,2025-09,61224000.0,61198000.0
EMP-0186,2025-10,60883000.0,60692000.0
EMP-0186,2025-11,59386000.0,58695000.0
EMP-0186,2025-12,61693000.0,61382000.0
EMP-0187,2025-01,92120000.0,93927000.0
EMP-0187,2025-02,91566000.0,91667000.0
EMP-0187,2025-03,91074000.0,90926000.0
EMP-0187,2025-04,92384000.0,93630000.0
EMP-0187,2025-05,91588000.0,90907000.0
EMP-0187,2025-06,92049000.0,91435000.0
EMP-0187,2025-07,93157000.0,91428000.0
EMP-0187,2025-08,93998000.0,95245000.0
EMP-0187,2025-09,91866000.0,92096000.0
EMP-0187,2025-10,92689000.0,90849000.0
EMP-0187,2025-11,96024000.0,94558000.0
EMP-0187,2025-12,91592000.0,91888000.0
EMP-0188,2025-01,159987000.0,162347000.0
EMP-0188,2025-02,164321000.0,162901000.0
EMP-0188,2025-03,164885000.0,163162000.0
EMP-0188,2025-04,161683000.0,158280000.0
EMP-0188,2025-05,157688000.0,155900000.0
EMP-0188,2025-06,158803000.0,159618000.0
EMP-0188,2025-07,159155000.0,158552000.0
EMP-0188,2025-08,164126000.0,165538000.0
EMP-0188,2025-09,154557000.0,152810000.0
EMP-0188,2025-10,158165000.0,159820000.0
EMP-0188,2025-11,153779000.0,151753000.0
EMP-0188,2025-12,158020000.0,159405000.0
EMP-0189,2025-01,95128000.0,94704000.0
EMP-0189,2025-02,91349000.0,91605000.0
EMP-0189,2025-03,90210000.0,90775000.0
EMP-0189,2025-04,92245000.0,90597000.0
EMP-0189,2025-05,93254000.0,92362000.0
EMP-0189,2025-06,95240000.0,95575000.0
EMP-0189,2025-07,96384000.0,95741000.0
EMP-0189,2025-08,93461000.0,79073000.0
EMP-0189,2025-09,96716000.0,81827000.0
EMP-0189,2025-10,98772000.0,83567000.0
EMP-0189,2025-11,95520000.0,80815000.0
EMP-0189,2025-12,95939000.0,81170000.0
EMP-0190,2025-01,74940000.0,75096000.0
EMP-0190,2025-02,78272000.0,79897000.0
EMP-0190,2025-03,79373000.0,78814000.0
EMP-0190,2025-04,80176000.0,80194000.0
EMP-0190,2025-05,76515000.0,75956000.0
EMP-0190,2025-06,78053000.0,78106000.0
EMP-0190,2025-07,75369000.0,76990000.0
EMP-0190,2025-08,77391000.0,78079000.0
EMP-0190,2025-09,79154000.0,79310000.0
EMP-0190,2025-10,76307000.0,75665000.0
EMP-0190,2025-11,72726000.0,71901000.0
EMP-0190,2025-12,74579000.0,75262000.0
EMP-0191,2025-01,168559000.0,169126000.0
EMP-0191,2025-02,163736000.0,160909000.0
EMP-0191,2025-03,174700000.0,176121000.0
EMP-0191,2025-04,170043000.0,167813000.0
EMP-0191,2025-05,164725000.0,166570000.0
EMP-0191,2025-06,174673000.0,171937000.0
EMP-0191,2025-07,163522000.0,162793000.0
EMP-0191,2025-08,166587000.0,167784000.0
EMP-0191,2025-09,166579000.0,165460000.0
EMP-0191,2025-10,164431000.0,164243000.0
EMP-0191,2025-11,174364000.0,174176000.0
EMP-0191,2025-12,169332000.0,168482000.0
EMP-0192,2025-01,119826000.0,121425000.0
EMP-0192,2025-02,119992000.0,121117000.0
EMP-0192,2025-03,118290000.0,115358000.0
EMP-0192,2025-04,113731000.0,115173000.0
EMP-0192,2025-05,116698000.0,116021000.0
EMP-0192,2025-06,113993000.0,116219000.0
EMP-0192,2025-07,115321000.0,114320000.0
EMP-0192,2025-08,114994000.0,114124000.0
EMP-0192,2025-09,111911000.0,111559000.0
EMP-0192,2025-10,109034000.0,109998000.0
EMP-0192,2025-11,112569000.0,112149000.0
EMP-0192,2025-12,108304000.0,108491000.0
EMP-0193,2025-01,129229000.0,129797000.0
EMP-0193,2025-02,135850000.0,135120000.0
EMP-0193,2025-03,134578000.0,137248000.0
EMP-0193,2025-04,133138000.0,132748000.0
EMP-0193,2025-05,130687000.0,129613000.0
EMP-0193,2025-06,134229000.0,134163000.0
EMP-0193,2025-07,142405000.0,144204000.0
EMP-0193,2025-08,146335000.0,145912000.0
EMP-0193,2025-09,146345000.0,146881000.0
EMP-0193,2025-10,145128000.0,144595000.0
EMP-0193,2025-11,143350000.0,144480000.0
EMP-0193,2025-12,143285000.0,138874000.0
EMP-0194,2025-01,140726000.0,141336000.0
EMP-0194,2025-02,147579000.0,147362000.0
EMP-0194,2025-03,148266000.0,150564000.0
EMP-0194,2025-04,145613000.0,145886000.0
EMP-0194,2025-05,146325000.0,145570000.0
EMP-0194,2025-06,143222000.0,144213000.0
EMP-0194,2025-07,143227000.0,143348000.0
EMP-0194,2025-08,140467000.0,140317000.0
EMP-0194,2025-09,149011000.0,150589000.0
EMP-0194,2025-10,162085000.0,162960000.0
EMP-0194,2025-11,152631000.0,152697000.0
EMP-0194,2025-12,159435000.0,162336000.0
EMP-0195,2025-01,154425000.0,152701000.0
EMP-0195,2025-02,153674000.0,153883000.0
EMP-0195,2025-03,154461000.0,155977000.0
EMP-0195,2025-04,159442000.0,155240000.0
EMP-0195,2025-05,158567000.0,154600000.0
EMP-0195,2025-06,161939000.0,159991000.0
EMP-0195,2025-07,162614000.0,164975000.0
EMP-0195,2025-08,167503000.0,169515000.0
EMP-0195,2025-09,167291000.0,169026000.0
EMP-0195,2025-10,171707000.0,173053000.0
EMP-0195,2025-11,163738000.0,164178000.0
EMP-0195,2025-12,160538000.0,162475000.0
EMP-0196,2025-01,79253000.0,79094000.0
EMP-0196,2025-02,81607000.0,81091000.0
EMP-0196,2025-03,84186000.0,85757000.0
EMP-0196,2025-04,85883000.0,85777000.0
EMP-0196,2025-05,84143000.0,84640000.0
EMP-0196,2025-06,84256000.0,85525000.0
EMP-0196,2025-07,81949000.0,81671000.0
EMP-0196,2025-08,84997000.0,85620000.0
EMP-0196,2025-09,83338000.0,82944000.0
EMP-0196,2025-10,85565000.0,85726000.0
EMP-0196,2025-11,87201000.0,88600000.0
EMP-0196,2025-12,83203000.0,83429000.0
EMP-0197,2025-01,130306000.0,130650000.0
EMP-0197,2025-02,132942000.0,132228000.0
EMP-0197,2025-03,134054000.0,135783000.0
EMP-0197,2025-04,132136000.0,134346000.0
EMP-0197,2025-05,134597000.0,135144000.0
EMP-0197,2025-06,133902000.0,133196000.0
EMP-0197,2025-07,132942000.0,131532000.0
EMP-0197,2025-08,133323000.0,132384000.0
EMP-0197,2025-09,133238000.0,131962000.0
EMP-0197,2025-10,136473000.0,137424000.0
EMP-0197,2025-11,142224000.0,139368000.0
EMP-0197,2025-12,138262000.0,138243000.0
EMP-0198,2025-01,168393000.0,167761000.0
EMP-0198,2025-02,173349000.0,175396000.0
EMP-0198,2025-03,172894000.0,173762000.0
EMP-0198,2025-04,165344000.0,163932000.0
EMP-0198,2025-05,170540000.0,170192000.0
EMP-0198,2025-06,160917000.0,162262000.0
EMP-0198,2025-07,173562000.0,173536000.0
EMP-0198,2025-08,174350000.0,170152000.0
EMP-0198,2025-09,174958000.0,174764000.0
EMP-0198,2025-10,173518000.0,170290000.0
EMP-0198,2025-11,180026000.0,179660000.0
EMP-0198,2025-12,176530000.0,178971000.0
EMP-0199,2025-01,147385000.0,147695000.0
EMP-0199,2025-02,146588000.0,146689000.0
EMP-0199,2025-03,143327000.0,142025000.0
EMP-0199,2025-04,140743000.0,140615000.0
EMP-0199,2025-05,140759000.0,139999000.0
EMP-0199,2025-06,139916000.0,140968000.0
EMP-0199,2025-07,135035000.0,134656000.0
EMP-0199,2025-08,84084000.0,84403000.0
EMP-0199,2025-09,86364000.0,86264000.0
EMP-0199,2025-10,86200000.0,86267000.0
EMP-0199,2025-11,82748000.0,82453000.0
EMP-0199,2025-12,82411000.0,82095000.0
EMP-0200,2025-01,131700000.0,131673000.0
EMP-0200,2025-02,135341000.0,134530000.0
EMP-0200,2025-03,129569000.0,131415000.0
EMP-0200,2025-04,136622000.0,134246000.0
EMP-0200,2025-05,131771000.0,132873000.0
EMP-0200,2025-06,132439000.0,134632000.0
EMP-0200,2025-07,136830000.0,136255000.0
EMP-0200,2025-08,144532000.0,144210000.0
EMP-0200,2025-09,145043000.0,143728000.0
EMP-0200,2025-10,136913000.0,138422000.0
EMP-0200,2025-11,137516000.0,138634000.0
EMP-0200,2025-12,136277000.0,134806000.0
EMP-0201,2025-01,213784000.0,210797000.0
EMP-0201,2025-02,205937000.0,205371000.0
EMP-0201,2025-03,214266000.0,215741000.0
EMP-0201,2025-04,207235000.0,208476000.0
EMP-0201,2025-05,215291000.0,215244000.0
EMP-0201,2025-06,202759000.0,203432000.0
EMP-0201,2025-07,206580000.0,206622000.0
EMP-0201,2025-08,206467000.0,205333000.0
EMP-0201,2025-09,202824000.0,203066000.0
EMP-0201,2025-10,209890000.0,208117000.0
EMP-0201,2025-11,205352000.0,207568000.0
EMP-0201,2025-12,191496000.0,190555000.0
EMP-0202,2025-01,166800000.0,166044000.0
EMP-0202,2025-02,168652000.0,165549000.0
EMP-0202,2025-03,163757000.0,162959000.0
EMP-0202,2025-04,164456000.0,164583000.0
EMP-0202,2025-05,156087000.0,153571000.0
EMP-0202,2025-06,151748000.0,153458000.0
EMP-0202,2025-07,154719000.0,153074000.0
EMP-0202,2025-08,154195000.0,154322000.0
EMP-0202,2025-09,154495000.0,155875000.0
EMP-0202,2025-10,153469000.0,150718000.0
EMP-0202,2025-11,153401000.0,151604000.0
EMP-0202,2025-12,150389000.0,150758000.0
EMP-0203,2025-01,187673000.0,188777000.0
EMP-0203,2025-02,188411000.0,183561000.0
EMP-0203,2025-03,186589000.0,186923000.0
EMP-0203,2025-04,190919000.0,189481000.0
EMP-0203,2025-05,193062000.0,193238000.0
EMP-0203,2025-06,185003000.0,184896000.0
EMP-0203,2025-07,195927000.0,197609000.0
EMP-0203,2025-08,195370000.0,194019000.0
EMP-0203,2025-09,190141000.0,193444000.0
EMP-0203,2025-10,190258000.0,191723000.0
EMP-0203,2025-11,193056000.0,192254000.0
EMP-0203,2025-12,196864000.0,195256000.0
EMP-0204,2025-01,71037000.0,71571000.0
EMP-0204,2025-02,68993000.0,69021000.0
EMP-0204,2025-03,70798000.0,71446000.0
EMP-0204,2025-04,66430000.0,66636000.0
EMP-0204,2025-05,66541000.0,64941000.0
EMP-0204,2025-06,69192000.0,68923000.0
EMP-0204,2025-07,67013000.0,67048000.0
EMP-0204,2025-08,72679000.0,71380000.0
EMP-0204,2025-09,68532000.0,69196000.0
EMP-0204,2025-10,68067000.0,67803000.0
EMP-0204,2025-11,70210000.0,69269000.0
EMP-0204,2025-12,69934000.0,69488000.0
EMP-0205,2025-01,9045000.0,9005000.0
EMP-0205,2025-02,9203000.0,9233000.0
EMP-0205,2025-03,9190000.0,9276000.0
EMP-0205,2025-04,9113000.0,8964000.0
EMP-0205,2025-05,9205000.0,9253000.0
EMP-0205,2025-06,9230000.0,9123000.0
EMP-0205,2025-07,9260000.0,9283000.0
EMP-0205,2025-08,9329000.0,9183000.0
EMP-0205,2025-09,8996000.0,9082000.0
EMP-0205,2025-10,9330000.0,9394000.0
EMP-0205,2025-11,9207000.0,9263000.0
EMP-0205,2025-12,8939000.0,8999000.0
EMP-0206,2025-01,3338000.0,3327000.0
EMP-0206,2025-02,3435000.0,3443000.0
EMP-0206,2025-03,3293000.0,3284000.0
EMP-0206,2025-04,3407000.0,3472000.0
EMP-0206,2025-05,3293000.0,3353000.0
EMP-0206,2025-06,3273000.0,3249000.0
EMP-0206,2025-07,3371000.0,3447000.0
EMP-0206,2025-08,3261000.0,3296000.0
EMP-0206,2025-09,3278000.0,3340000.0
EMP-0206,2025-10,3342000.0,3297000.0
EMP-0206,2025-11,3360000.0,3319000.0
EMP-0206,2025-12,3374000.0,3418000.0
EMP-0207,2025-01,4950000.0,4868000.0
EMP-0207,2025-02,4953000.0,4940000.0
EMP-0207,2025-03,4932000.0,4969000.0
EMP-0207,2025-04,5047000.0,5090000.0
EMP-0207,2025-05,5198000.0,5229000.0
EMP-0207,2025-06,5210000.0,5258000.0
EMP-0207,2025-07,5075000.0,5006000.0
EMP-0207,2025-08,5052000.0,5023000.0
EMP-0207,2025-09,5074000.0,5122000.0
EMP-0207,2025-10,5155000.0,5159000.0
EMP-0207,2025-11,5040000.0,4995000.0
EMP-0207,2025-12,5065000.0,5111000.0
EMP-0208,2025-01,9143000.0,9091000.0
EMP-0208,2025-02,9407000.0,9395000.0
EMP-0208,2025-03,9200000.0,9199000.0
EMP-0208,2025-04,9298000.0,9292000.0
EMP-0208,2025-05,9143000.0,9205000.0
EMP-0208,2025-06,9588000.0,9629000.0
EMP-0208,2025-07,9596000.0,9474000.0
EMP-0208,2025-08,10217000.0,10189000.0
EMP-0208,2025-09,9978000.0,9940000.0
EMP-0208,2025-10,9519000.0,9362000.0
EMP-0208,2025-11,9337000.0,9393000.0
EMP-0208,2025-12,9603000.0,9802000.0
EMP-0209,2025-01,9355000.0,9492000.0
EMP-0209,2025-02,10125000.0,10204000.0
EMP-0209,2025-03,9580000.0,9409000.0
EMP-0209,2025-04,9659000.0,9640000.0
EMP-0209,2025-05,9421000.0,9549000.0
EMP-0209,2025-06,9872000.0,10009000.0
EMP-0209,2025-07,10216000.0,10253000.0
EMP-0209,2025-08,10023000.0,9980000.0
EMP-0209,2025-09,9983000.0,9953000.0
EMP-0209,2025-10,9859000.0,9877000.0
EMP-0209,2025-11,9839000.0,9613000.0
EMP-0209,2025-12,10145000.0,10063000.0
EMP-0210,2025-01,5346000.0,5231000.0
EMP-0210,2025-02,5390000.0,5278000.0
EMP-0210,2025-03,5240000.0,5147000.0
EMP-0210,2025-04,5239000.0,5249000.0
EMP-0210,2025-05,5238000.0,5189000.0
EMP-0210,2025-06,5407000.0,5403000.0
EMP-0210,2025-07,5024000.0,5029000.0
EMP-0210,2025-08,5354000.0,5278000.0
EMP-0210,2025-09,5370000.0,5291000.0
EMP-0210,2025-10,5476000.0,5415000.0
EMP-0210,2025-11,5540000.0,5538000.0
EMP-0210,2025-12,5399000.0,5462000.0
EMP-0211,2025-01,4457000.0,4329000.0
EMP-0211,2025-02,4774000.0,4831000.0
EMP-0211,2025-03,4734000.0,4777000.0
EMP-0211,2025-04,4732000.0,4678000.0
EMP-0211,2025-05,4603000.0,4593000.0
EMP-0211,2025-06,4556000.0,4559000.0
EMP-0211,2025-07,4882000.0,4879000.0
EMP-0211,2025-08,3191000.0,3183000.0
EMP-0211,2025-09,3118000.0,3144000.0
EMP-0211,2025-10,3152000.0,3119000.0
EMP-0211,2025-11,3075000.0,3095000.0
EMP-0211,2025-12,3128000.0,3125000.0
EMP-0212,2025-11,3310000.0,3277000.0
EMP-0212,2025-12,3246000.0,3226000.0
EMP-0213,2025-01,6664000.0,6481000.0
EMP-0213,2025-02,6612000.0,6691000.0
EMP-0213,2025-03,6625000.0,6579000.0
EMP-0213,2025-04,6328000.0,6283000.0
EMP-0213,2025-05,6246000.0,6176000.0
EMP-0213,2025-06,6184000.0,6257000.0
EMP-0213,2025-07,6211000.0,6163000.0
EMP-0213,2025-08,6595000.0,6601000.0
EMP-0213,2025-09,6484000.0,6347000.0
EMP-0213,2025-10,6400000.0,6533000.0
EMP-0213,2025-11,6601000.0,6542000.0
EMP-0213,2025-12,6498000.0,6374000.0
EMP-0214,2025-01,3444000.0,3459000.0
EMP-0214,2025-02,3375000.0,3360000.0
EMP-0214,2025-03,3522000.0,3530000.0
EMP-0214,2025-04,3618000.0,3668000.0
EMP-0214,2025-05,3390000.0,3356000.0
EMP-0214,2025-06,3470000.0,3453000.0
EMP-0214,2025-07,1905000.0,1898000.0
EMP-0214,2025-08,1941000.0,1917000.0
EMP-0214,2025-09,1941000.0,1948000.0
EMP-0214,2025-10,1891000.0,1866000.0
EMP-0214,2025-11,1945000.0,1954000.0
EMP-0214,2025-12,1746000.0,1750000.0
EMP-0215,2025-01,8581000.0,8522000.0
EMP-0215,2025-02,8605000.0,8528000.0
EMP-0215,2025-03,8239000.0,8163000.0
EMP-0215,2025-04,8137000.0,8195000.0
EMP-0215,2025-05,8440000.0,8557000.0
EMP-0215,2025-06,8260000.0,8207000.0
EMP-0215,2025-07,8796000.0,8707000.0
EMP-0215,2025-08,8994000.0,8962000.0
EMP-0215,2025-09,8422000.0,8391000.0
EMP-0215,2025-10,8256000.0,8239000.0
EMP-0215,2025-11,8591000.0,8564000.0
EMP-0215,2025-12,8758000.0,8768000.0
EMP-0216,2025-01,9834000.0,9893000.0
EMP-0216,2025-02,9426000.0,9435000.0
EMP-0216,2025-03,9883000.0,9981000.0
EMP-0216,2025-04,9736000.0,9845000.0
EMP-0216,2025-05,9319000.0,9260000.0
EMP-0216,2025-06,9684000.0,9652000.0
EMP-0216,2025-07,9205000.0,9221000.0
EMP-0216,2025-08,9335000.0,9442000.0
EMP-0216,2025-09,8946000.0,8911000.0
EMP-0216,2025-10,9406000.0,9581000.0
EMP-0216,2025-11,9304000.0,9236000.0
EMP-0216,2025-12,9141000.0,9064000.0
EMP-0217,2025-01,3162000.0,3112000.0
EMP-0217,2025-02,3272000.0,3279000.0
EMP-0217,2025-03,3267000.0,3244000.0
EMP-0217,2025-04,3225000.0,3220000.0
EMP-0217,2025-05,3216000.0,3202000.0
EMP-0217,2025-06,3215000.0,3214000.0
EMP-0217,2025-07,3279000.0,3299000.0
EMP-0217,2025-08,3171000.0,3167000.0
EMP-0217,2025-09,3229000.0,3220000.0
EMP-0217,2025-10,3023000.0,2997000.0
EMP-0217,2025-11,3130000.0,3184000.0
EMP-0217,2025-12,3079000.0,3092000.0
EMP-0218,2025-01,7332000.0,7215000.0
EMP-0218,2025-02,7460000.0,7389000.0
EMP-0218,2025-03,7593000.0,7669000.0
EMP-0218,2025-04,7722000.0,7670000.0
EMP-0218,2025-05,7822000.0,7812000.0
EMP-0218,2025-06,8054000.0,8052000.0
EMP-0218,2025-07,8054000.0,8006000.0
EMP-0218,2025-08,8187000.0,8226000.0
EMP-0218,2025-09,8132000.0,8107000.0
EMP-0218,2025-10,8063000.0,8070000.0
EMP-0218,2025-11,8412000.0,8339000.0
EMP-0218,2025-12,8085000.0,7906000.0
EMP-0219,2025-01,4000000.0,3963000.0
EMP-0219,2025-02,4085000.0,4055000.0
EMP-0219,2025-03,4037000.0,4036000.0
EMP-0219,2025-04,4026000.0,4052000.0
EMP-0219,2025-05,4115000.0,4135000.0
EMP-0219,2025-06,4198000.0,4221000.0
EMP-0219,2025-07,4297000.0,4254000.0
EMP-0219,2025-08,4086000.0,4063000.0
EMP-0219,2025-09,4219000.0,4220000.0
EMP-0219,2025-10,4058000.0,4135000.0
EMP-0219,2025-11,4110000.0,4234000.0
EMP-0219,2025-12,4050000.0,4025000.0
EMP-0220,2025-01,10294000.0,10178000.0
EMP-0220,2025-02,9938000.0,9820000.0
EMP-0220,2025-03,9333000.0,9244000.0
EMP-0220,2025-04,9514000.0,9627000.0
EMP-0220,2025-05,9700000.0,9771000.0
EMP-0220,2025-06,9345000.0,9151000.0
EMP-0220,2025-07,9318000.0,9157000.0
EMP-0220,2025-08,9273000.0,9361000.0
EMP-0220,2025-09,9067000.0,9255000.0
EMP-0220,2025-10,8740000.0,8829000.0
EMP-0220,2025-11,8805000.0,8729000.0
EMP-0220,2025-12,9087000.0,9016000.0
EMP-0221,2025-01,5351000.0,5367000.0
EMP-0221,2025-02,5185000.0,5226000.0
EMP-0221,2025-03,5185000.0,5211000.0
EMP-0221,2025-04,5084000.0,4989000.0
EMP-0221,2025-05,5242000.0,5253000.0
EMP-0221,2025-06,5271000.0,5293000.0
EMP-0221,2025-07,5336000.0,5371000.0
EMP-0221,2025-08,5286000.0,5277000.0
EMP-0221,2025-09,5282000.0,5391000.0
EMP-0221,2025-10,5401000.0,5419000.0
EMP-0221,2025-11,5235000.0,5174000.0
EMP-0221,2025-12,5558000.0,5553000.0
EMP-0222,2025-01,1599000.0,1595000.0
EMP-0222,2025-02,1576000.0,1549000.0
EMP-0222,2025-03,1575000.0,1553000.0
EMP-0222,2025-04,1615000.0,1637000.0
EMP-0222,2025-05,1619000.0,1612000.0
EMP-0222,2025-06,1564000.0,1595000.0
EMP-0222,2025-07,1612000.0,1608000.0
EMP-0222,2025-08,1627000.0,1643000.0
EMP-0222,2025-09,1585000.0,1603000.0
EMP-0222,2025-10,1589000.0,1598000.0
EMP-0222,2025-11,1598000.0,1591000.0
EMP-0222,2025-12,1559000.0,1581000.0
EMP-0223,2025-01,2859000.0,2835000.0
EMP-0223,2025-02,2902000.0,2913000.0
EMP-0223,2025-03,2811000.0,2856000.0
EMP-0223,2025-04,2860000.0,2885000.0
EMP-0223,2025-05,2854000.0,2846000.0
EMP-0223,2025-06,2887000.0,2872000.0
EMP-0223,2025-07,3063000.0,3100000.0
EMP-0223,2025-08,3013000.0,3063000.0
EMP-0223,2025-09,3016000.0,2992000.0
EMP-0223,2025-10,3012000.0,3023000.0
EMP-0223,2025-11,3025000.0,3049000.0
EMP-0223,2025-12,3040000.0,3041000.0
EMP-0224,2025-01,5537000.0,5547000.0
EMP-0224,2025-02,5445000.0,5495000.0
EMP-0224,2025-03,5383000.0,5349000.0
EMP-0224,2025-04,5563000.0,5588000.0
EMP-0224,2025-05,5304000.0,5291000.0
EMP-0224,2025-06,5678000.0,5686000.0
EMP-0224,2025-07,5626000.0,5707000.0
EMP-0224,2025-08,5811000.0,5877000.0
EMP-0224,2025-09,5854000.0,5827000.0
EMP-0224,2025-10,5829000.0,5839000.0
EMP-0224,2025-11,5712000.0,5793000.0
EMP-0224,2025-12,5734000.0,5696000.0
EMP-0225,2025-01,2834000.0,2823000.0
EMP-0225,2025-02,2933000.0,2972000.0
EMP-0225,2025-03,2967000.0,2967000.0
EMP-0225,2025-04,2975000.0,2938000.0
EMP-0225,2025-05,2874000.0,2892000.0
EMP-0225,2025-06,2924000.0,2931000.0
EMP-0225,2025-07,2820000.0,2847000.0
EMP-0225,2025-08,2900000.0,2916000.0
EMP-0225,2025-09,2951000.0,2973000.0
EMP-0225,2025-10,2915000.0,2900000.0
EMP-0225,2025-11,2901000.0,2929000.0
EMP-0225,2025-12,2915000.0,2978000.0
EMP-0226,2025-01,5355000.0,5310000.0
EMP-0226,2025-02,5361000.0,5326000.0
EMP-0226,2025-03,5181000.0,5231000.0
EMP-0226,2025-04,5320000.0,5326000.0
EMP-0226,2025-05,5341000.0,5299000.0
EMP-0226,2025-06,4891000.0,4845000.0
EMP-0226,2025-07,4985000.0,5132000.0
EMP-0226,2025-08,4971000.0,4896000.0
EMP-0226,2025-09,4910000.0,4860000.0
EMP-0226,2025-10,4793000.0,4821000.0
EMP-0226,2025-11,4845000.0,4799000.0
EMP-0226,2025-12,4830000.0,4838000.0
EMP-0227,2025-01,5986000.0,5909000.0
EMP-0227,2025-02,6087000.0,6076000.0
EMP-0227,2025-03,6249000.0,6232000.0
EMP-0227,2025-04,6057000.0,6014000.0
EMP-0227,2025-05,6085000.0,6099000.0
EMP-0227,2025-06,5968000.0,5933000.0
EMP-0227,2025-07,6007000.0,6046000.0
EMP-0227,2025-08,6292000.0,6234000.0
EMP-0227,2025-09,5968000.0,5997000.0
EMP-0227,2025-10,6042000.0,6084000.0
EMP-0227,2025-11,5883000.0,5923000.0
EMP-0227,2025-12,6032000.0,6108000.0
EMP-0228,2025-01,6364000.0,6268000.0
EMP-0228,2025-02,6510000.0,6430000.0
EMP-0228,2025-03,6644000.0,6541000.0
EMP-0228,2025-04,6434000.0,6461000.0
EMP-0228,2025-05,6421000.0,6359000.0
EMP-0228,2025-06,6677000.0,6648000.0
EMP-0228,2025-07,6712000.0,6760000.0
EMP-0228,2025-08,6802000.0,6860000.0
EMP-0228,2025-09,7179000.0,7013000.0
EMP-0228,2025-10,7310000.0,7314000.0
EMP-0228,2025-11,7325000.0,7287000.0
EMP-0228,2025-12,7458000.0,7477000.0
EMP-0229,2025-01,6910000.0,6916000.0
EMP-0229,2025-02,6859000.0,6846000.0
EMP-0229,2025-03,6747000.0,6860000.0
EMP-0229,2025-04,7114000.0,7140000.0
EMP-0229,2025-05,6843000.0,6804000.0
EMP-0229,2025-06,7116000.0,7093000.0
EMP-0229,2025-07,6978000.0,6851000.0
EMP-0229,2025-08,6983000.0,6861000.0
EMP-0229,2025-09,6899000.0,6865000.0
EMP-0229,2025-10,6630000.0,6652000.0
EMP-0229,2025-11,6734000.0,6810000.0
EMP-0229,2025-12,6764000.0,6693000.0
EMP-0230,2025-01,3701000.0,3720000.0
EMP-0230,2025-02,3750000.0,3814000.0
EMP-0230,2025-03,3841000.0,3891000.0
EMP-0230,2025-04,4091000.0,4119000.0
EMP-0230,2025-05,3674000.0,3623000.0
EMP-0230,2025-06,3926000.0,3902000.0
EMP-0230,2025-07,4152000.0,4187000.0
EMP-0230,2025-08,4145000.0,4169000.0
EMP-0230,2025-09,4293000.0,3565000.0
EMP-0230,2025-10,4375000.0,3634000.0
EMP-0230,2025-11,4485000.0,3725000.0
EMP-0230,2025-12,4456000.0,3701000.0
EMP-0231,2025-01,4900000.0,5101000.0
EMP-0231,2025-02,5078000.0,5090000.0
EMP-0231,2025-03,5182000.0,5250000.0
EMP-0231,2025-04,4824000.0,4822000.0
EMP-0231,2025-05,5138000.0,5152000.0
EMP-0231,2025-06,5098000.0,5080000.0
EMP-0231,2025-07,5052000.0,5058000.0
EMP-0231,2025-08,4985000.0,4915000.0
EMP-0231,2025-09,5209000.0,5257000.0
EMP-0231,2025-10,5319000.0,5497000.0
EMP-0231,2025-11,5481000.0,5491000.0
EMP-0231,2025-12,5393000.0,5294000.0
EMP-0232,2025-01,7351000.0,7292000.0
EMP-0232,2025-02,7492000.0,7609000.0
EMP-0232,2025-03,7414000.0,7317000.0
EMP-0232,2025-04,7228000.0,7258000.0
EMP-0232,2025-05,7141000.0,7227000.0
EMP-0232,2025-06,7072000.0,7108000.0
EMP-0232,2025-07,7089000.0,6960000.0
EMP-0232,2025-08,7290000.0,7251000.0
EMP-0232,2025-09,7537000.0,7612000.0
EMP-0232,2025-10,7877000.0,7802000.0
EMP-0232,2025-11,7839000.0,7871000.0
EMP-0232,2025-12,7853000.0,7778000.0
EMP-0233,2025-01,6518000.0,6564000.0
EMP-0233,2025-02,6418000.0,6427000.0
EMP-0233,2025-03,6580000.0,6604000.0
EMP-0233,2025-04,6487000.0,6441000.0
EMP-0233,2025-05,6223000.0,6164000.0
EMP-0233,2025-06,6291000.0,6147000.0
EMP-0233,2025-07,6143000.0,6100000.0
EMP-0233,2025-08,6138000.0,6112000.0
EMP-0233,2025-09,6152000.0,6181000.0
EMP-0233,2025-10,6269000.0,6153000.0
EMP-0233,2025-11,6313000.0,6417000.0
EMP-0233,2025-12,6410000.0,6363000.0
EMP-0234,2025-01,8008000.0,7973000.0
EMP-0234,2025-02,7922000.0,7963000.0
EMP-0234,2025-03,8032000.0,8004000.0
EMP-0234,2025-04,8174000.0,8220000.0
EMP-0234,2025-05,7846000.0,7788000.0
EMP-0234,2025-06,7949000.0,7893000.0
EMP-0234,2025-07,7811000.0,7785000.0
EMP-0234,2025-08,7337000.0,7293000.0
EMP-0234,2025-09,7360000.0,7378000.0
EMP-0234,2025-10,7489000.0,7577000.0
EMP-0234,2025-11,7442000.0,7267000.0
EMP-0234,2025-12,7340000.0,7422000.0
EMP-0235,2025-01,9191000.0,9219000.0
EMP-0235,2025-02,9408000.0,9544000.0
EMP-0235,2025-03,9628000.0,9658000.0
EMP-0235,2025-04,9569000.0,9627000.0
EMP-0235,2025-05,9341000.0,9228000.0
EMP-0235,2025-06,9247000.0,9363000.0
EMP-0235,2025-07,8906000.0,8804000.0
EMP-0235,2025-08,8980000.0,8963000.0
EMP-0235,2025-09,8781000.0,8951000.0
EMP-0235,2025-10,8503000.0,8558000.0
EMP-0235,2025-11,8411000.0,8361000.0
EMP-0235,2025-12,8581000.0,8566000.0
EMP-0236,2025-01,4319000.0,4344000.0
EMP-0236,2025-02,4139000.0,4185000.0
EMP-0236,2025-03,4298000.0,4251000.0
EMP-0236,2025-04,4201000.0,4235000.0
EMP-0236,2025-05,4234000.0,4228000.0
EMP-0236,2025-06,4168000.0,4123000.0
EMP-0236,2025-07,4211000.0,4243000.0
EMP-0236,2025-08,4076000.0,4047000.0
EMP-0236,2025-09,4077000.0,4032000.0
EMP-0236,2025-10,4084000.0,4088000.0
EMP-0236,2025-11,4015000.0,4023000.0
EMP-0236,2025-12,4168000.0,4161000.0
EMP-0237,2025-01,4133000.0,4081000.0
EMP-0237,2025-02,3845000.0,3910000.0
EMP-0237,2025-03,3866000.0,3899000.0
EMP-0237,2025-04,3768000.0,3791000.0
EMP-0237,2025-05,3788000.0,3752000.0
EMP-0237,2025-06,3767000.0,3748000.0
EMP-0237,2025-07,3773000.0,3719000.0
EMP-0237,2025-08,3691000.0,3678000.0
EMP-0237,2025-09,3725000.0,3677000.0
EMP-0237,2025-10,3639000.0,3614000.0
EMP-0237,2025-11,3864000.0,3957000.0
EMP-0237,2025-12,3839000.0,3941000.0
EMP-0238,2025-01,4170000.0,4169000.0
EMP-0238,2025-02,4177000.0,4157000.0
EMP-0238,2025-03,4017000.0,4054000.0
EMP-0238,2025-04,4169000.0,4158000.0
EMP-0238,2025-05,4029000.0,4079000.0
EMP-0238,2025-06,4058000.0,4070000.0
EMP-0238,2025-07,3980000.0,4036000.0
EMP-0238,2025-08,3884000.0,3938000.0
EMP-0238,2025-09,3965000.0,3939000.0
EMP-0238,2025-10,3826000.0,3814000.0
EMP-0238,2025-11,3928000.0,3941000.0
EMP-0238,2025-12,4025000.0,4096000.0
EMP-0239,2025-01,13677000.0,13914000.0
EMP-0239,2025-02,13567000.0,13568000.0
EMP-0239,2025-03,13934000.0,13913000.0
EMP-0239,2025-04,13693000.0,13783000.0
EMP-0239,2025-05,13004000.0,13042000.0
EMP-0239,2025-06,12884000.0,12950000.0
EMP-0239,2025-07,13105000.0,13126000.0
EMP-0239,2025-08,13671000.0,13353000.0
EMP-0239,2025-09,13075000.0,13103000.0
EMP-0239,2025-10,13561000.0,13559000.0
EMP-0239,2025-11,13562000.0,13558000.0
EMP-0239,2025-12,14526000.0,14597000.0
EMP-0240,2025-01,37244000.0,36745000.0
EMP-0240,2025-02,37774000.0,38007000.0
EMP-0240,2025-03,36793000.0,36581000.0
EMP-0240,2025-04,35630000.0,35045000.0
EMP-0240,2025-05,37084000.0,37343000.0
EMP-0240,2025-06,35754000.0,35949000.0
EMP-0240,2025-07,37078000.0,36435000.0
EMP-0240,2025-08,35379000.0,34858000.0
EMP-0240,2025-09,34620000.0,34191000.0
EMP-0240,2025-10,33858000.0,33321000.0
EMP-0240,2025-11,33173000.0,32975000.0
EMP-0240,2025-12,33004000.0,33212000.0
EMP-0241,2025-01,25778000.0,25940000.0
EMP-0241,2025-02,25528000.0,25401000.0
EMP-0241,2025-03,26348000.0,25895000.0
EMP-0241,2025-04,24996000.0,25067000.0
EMP-0241,2025-05,26435000.0,26585000.0
EMP-0241,2025-06,25904000.0,25733000.0
EMP-0241,2025-07,25437000.0,25170000.0
EMP-0241,2025-08,25455000.0,25459000.0
EMP-0241,2025-09,26444000.0,26201000.0
EMP-0241,2025-10,26672000.0,26116000.0
EMP-0241,2025-11,25931000.0,25592000.0
EMP-0241,2025-12,26476000.0,26261000.0
EMP-0242,2025-01,36009000.0,36436000.0
EMP-0242,2025-02,36142000.0,35835000.0
EMP-0242,2025-03,36743000.0,36504000.0
EMP-0242,2025-04,36963000.0,37034000.0
EMP-0242,2025-05,36459000.0,36536000.0
EMP-0242,2025-06,36533000.0,36018000.0
EMP-0242,2025-07,35634000.0,35525000.0
EMP-0242,2025-08,37202000.0,37720000.0
EMP-0242,2025-09,36431000.0,36564000.0
EMP-0242,2025-10,37316000.0,37555000.0
EMP-0242,2025-11,35375000.0,35587000.0
EMP-0242,2025-12,34206000.0,33869000.0
EMP-0243,2025-01,40882000.0,41329000.0
EMP-0243,2025-02,40360000.0,40059000.0
EMP-0243,2025-03,40010000.0,39794000.0
EMP-0243,2025-04,38279000.0,38123000.0
EMP-0243,2025-05,39397000.0,39911000.0
EMP-0243,2025-06,37793000.0,38375000.0
EMP-0243,2025-07,37679000.0,37105000.0
EMP-0243,2025-08,35421000.0,35575000.0
EMP-0243,2025-09,35231000.0,34385000.0
EMP-0243,2025-10,35330000.0,35627000.0
EMP-0243,2025-11,33685000.0,33391000.0
EMP-0243,2025-12,33484000.0,33630000.0
EMP-0244,2025-01,21029000.0,21162000.0
EMP-0244,2025-02,22223000.0,21947000.0
EMP-0244,2025-03,21444000.0,21641000.0
EMP-0244,2025-04,21987000.0,21827000.0
EMP-0244,2025-05,21868000.0,21426000.0
EMP-0244,2025-06,21369000.0,21414000.0
EMP-0244,2025-07,21104000.0,21175000.0
EMP-0244,2025-08,21750000.0,21958000.0
EMP-0244,2025-09,21527000.0,21241000.0
EMP-0244,2025-10,23408000.0,22883000.0
EMP-0244,2025-11,21288000.0,21175000.0
EMP-0244,2025-12,23960000.0,23885000.0
EMP-0245,2025-01,30404000.0,30079000.0
EMP-0245,2025-02,31563000.0,31280000.0
EMP-0245,2025-03,30682000.0,30564000.0
EMP-0245,2025-04,30134000.0,29514000.0
EMP-0245,2025-05,31035000.0,30786000.0
EMP-0245,2025-06,30656000.0,30834000.0
EMP-0245,2025-07,30649000.0,31017000.0
EMP-0245,2025-08,29082000.0,28671000.0
EMP-0245,2025-09,29706000.0,29690000.0
EMP-0245,2025-10,29163000.0,29638000.0
EMP-0245,2025-11,28634000.0,28838000.0
EMP-0245,2025-12,29124000.0,29230000.0
EMP-0246,2025-01,35922000.0,35466000.0
EMP-0246,2025-02,36301000.0,36805000.0
EMP-0246,2025-03,35294000.0,35075000.0
EMP-0246,2025-04,36730000.0,36481000.0
EMP-0246,2025-05,36328000.0,36545000.0
EMP-0246,2025-06,36818000.0,36709000.0
EMP-0246,2025-07,37538000.0,37679000.0
EMP-0246,2025-08,37724000.0,38010000.0
EMP-0246,2025-09,38118000.0,38365000.0
EMP-0246,2025-10,39166000.0,38970000.0
EMP-0246,2025-11,39496000.0,40205000.0
EMP-0246,2025-12,39729000.0,41156000.0
EMP-0247,2025-01,16273000.0,16294000.0
EMP-0247,2025-02,16063000.0,16265000.0
EMP-0247,2025-03,16605000.0,16691000.0
EMP-0247,2025-04,16383000.0,16349000.0
EMP-0247,2025-05,16264000.0,16299000.0
EMP-0247,2025-06,16426000.0,16331000.0
EMP-0247,2025-07,16518000.0,16395000.0
EMP-0247,2025-08,16809000.0,16689000.0
EMP-0247,2025-09,17628000.0,17682000.0
EMP-0247,2025-10,17546000.0,17685000.0
EMP-0247,2025-11,17448000.0,17466000.0
EMP-0247,2025-12,17664000.0,17651000.0
EMP-0248,2025-01,20839000.0,20996000.0
EMP-0248,2025-02,22170000.0,21905000.0
EMP-0248,2025-03,21723000.0,21525000.0
EMP-0248,2025-04,21620000.0,21597000.0
EMP-0248,2025-05,20876000.0,20712000.0
EMP-0248,2025-06,20687000.0,20926000.0
EMP-0248,2025-07,21745000.0,21482000.0
EMP-0248,2025-08,20699000.0,20576000.0
EMP-0248,2025-09,11754000.0,11701000.0
EMP-0248,2025-10,11160000.0,11205000.0
EMP-0248,2025-11,11373000.0,11321000.0
EMP-0248,2025-12,11576000.0,11417000.0
EMP-0249,2025-01,32373000.0,32574000.0
EMP-0249,2025-02,29572000.0,29581000.0
EMP-0249,2025-03,28958000.0,28809000.0
EMP-0249,2025-04,29124000.0,29264000.0
EMP-0249,2025-05,30150000.0,30554000.0
EMP-0249,2025-06,30315000.0,30436000.0
EMP-0249,2025-07,29835000.0,29750000.0
EMP-0249,2025-08,31526000.0,31664000.0
EMP-0249,2025-09,30353000.0,29907000.0
EMP-0249,2025-10,31212000.0,31209000.0
EMP-0249,2025-11,32486000.0,32492000.0
EMP-0249,2025-12,32389000.0,32185000.0
EMP-0250,2025-01,40589000.0,41266000.0
EMP-0250,2025-02,39857000.0,39666000.0
EMP-0250,2025-03,39203000.0,39426000.0
EMP-0250,2025-04,38472000.0,38432000.0
EMP-0250,2025-05,38174000.0,37702000.0
EMP-0250,2025-06,37170000.0,36683000.0
EMP-0250,2025-07,38784000.0,38567000.0
EMP-0250,2025-08,38223000.0,38333000.0
EMP-0250,2025-09,39772000.0,39062000.0
EMP-0250,2025-10,38205000.0,37709000.0
EMP-0250,2025-11,36378000.0,36156000.0
EMP-0250,2025-12,38337000.0,38283000.0
EMP-0251,2025-01,21594000.0,21606000.0
EMP-0251,2025-02,21405000.0,21346000.0
EMP-0251,2025-03,20511000.0,20397000.0
EMP-0251,2025-04,21766000.0,21507000.0
EMP-0251,2025-05,21566000.0,21632000.0
EMP-0251,2025-06,22123000.0,22167000.0
EMP-0251,2025-07,23059000.0,23369000.0
EMP-0251,2025-08,22388000.0,22409000.0
EMP-0251,2025-09,22692000.0,22657000.0
EMP-0251,2025-10,22341000.0,22096000.0
EMP-0251,2025-11,22809000.0,22789000.0
EMP-0251,2025-12,23419000.0,23261000.0
EMP-0252,2025-01,31710000.0,31602000.0
EMP-0252,2025-02,32054000.0,32115000.0
EMP-0252,2025-03,31542000.0,31664000.0
EMP-0252,2025-04,31069000.0,30959000.0
EMP-0252,2025-05,30053000.0,30205000.0
EMP-0252,2025-06,29877000.0,29563000.0
EMP-0252,2025-07,29542000.0,30225000.0
EMP-0252,2025-08,31781000.0,31439000.0
EMP-0252,2025-09,32766000.0,32492000.0
EMP-0252,2025-10,32084000.0,31106000.0
EMP-0252,2025-11,32685000.0,32132000.0
EMP-0252,2025-12,33248000.0,33144000.0
EMP-0253,2025-01,21080000.0,21034000.0
EMP-0253,2025-02,21820000.0,21802000.0
EMP-0253,2025-03,21986000.0,22080000.0
EMP-0253,2025-04,21761000.0,21899000.0
EMP-0253,2025-05,21789000.0,21841000.0
EMP-0253,2025-06,21484000.0,21377000.0
EMP-0253,2025-07,20518000.0,20297000.0
EMP-0253,2025-08,20515000.0,20487000.0
EMP-0253,2025-09,19237000.0,19072000.0
EMP-0253,2025-10,20813000.0,21090000.0
EMP-0253,2025-11,21210000.0,21228000.0
EMP-0253,2025-12,20349000.0,20251000.0
EMP-0254,2025-01,40989000.0,40478000.0
EMP-0254,2025-02,39014000.0,39192000.0
EMP-0254,2025-03,40873000.0,40970000.0
EMP-0254,2025-04,40542000.0,40662000.0
EMP-0254,2025-05,39356000.0,39178000.0
EMP-0254,2025-06,40262000.0,39565000.0
EMP-0254,2025-07,40112000.0,40335000.0
EMP-0254,2025-08,40106000.0,40296000.0
EMP-0254,2025-09,39510000.0,39250000.0
EMP-0254,2025-10,39741000.0,40075000.0
EMP-0254,2025-11,37758000.0,38002000.0
EMP-0254,2025-12,36545000.0,37017000.0
EMP-0255,2025-01,10073000.0,10128000.0
EMP-0255,2025-02,9941000.0,9944000.0
EMP-0255,2025-03,10520000.0,10626000.0
EMP-0255,2025-04,9937000.0,9964000.0
EMP-0255,2025-05,10065000.0,10135000.0
EMP-0255,2025-06,10125000.0,9976000.0
EMP-0255,2025-07,9984000.0,10041000.0
EMP-0255,2025-08,9570000.0,9563000.0
EMP-0255,2025-09,9651000.0,9720000.0
EMP-0255,2025-10,9973000.0,9987000.0
EMP-0255,2025-11,9975000.0,9992000.0
EMP-0255,2025-12,9930000.0,9918000.0
EMP-0256,2025-01,27828000.0,27418000.0
EMP-0256,2025-02,28645000.0,28700000.0
EMP-0256,2025-03,29173000.0,29283000.0
EMP-0256,2025-04,28583000.0,28558000.0
EMP-0256,2025-05,29294000.0,29477000.0
EMP-0256,2025-06,28353000.0,28268000.0
EMP-0256,2025-07,28400000.0,28144000.0
EMP-0256,2025-08,28010000.0,27937000.0
EMP-0256,2025-09,28966000.0,29237000.0
EMP-0256,2025-10,28049000.0,27880000.0
EMP-0256,2025-11,28308000.0,28488000.0
EMP-0256,2025-12,28645000.0,28704000.0
EMP-0257,2025-01,22884000.0,22829000.0
EMP-0257,2025-02,23399000.0,23591000.0
EMP-0257,2025-03,22983000.0,22921000.0
EMP-0257,2025-04,22618000.0,22691000.0
EMP-0257,2025-05,22803000.0,23089000.0
EMP-0257,2025-06,22617000.0,23000000.0
EMP-0257,2025-07,23304000.0,23145000.0
EMP-0257,2025-08,23527000.0,23695000.0
EMP-0257,2025-09,22396000.0,22699000.0
EMP-0257,2025-10,22555000.0,22911000.0
EMP-0257,2025-11,22108000.0,22053000.0
EMP-0257,2025-12,21522000.0,21391000.0
EMP-0258,2025-01,40425000.0,40628000.0
EMP-0258,2025-02,40317000.0,40515000.0
EMP-0258,2025-03,39571000.0,39142000.0
EMP-0258,2025-04,40916000.0,41169000.0
EMP-0258,2025-05,39427000.0,39762000.0
EMP-0258,2025-06,39166000.0,39307000.0
EMP-0258,2025-07,40151000.0,40240000.0
EMP-0258,2025-08,38717000.0,38455000.0
EMP-0258,2025-09,39577000.0,39064000.0
EMP-0258,2025-10,39655000.0,39715000.0
EMP-0258,2025-11,37308000.0,37355000.0
EMP-0258,2025-12,38154000.0,37545000.0
EMP-0259,2025-01,35717000.0,35864000.0
EMP-0259,2025-02,35703000.0,36005000.0
EMP-0259,2025-03,36290000.0,36408000.0
EMP-0259,2025-04,37181000.0,37485000.0
EMP-0259,2025-05,35704000.0,35722000.0
EMP-0259,2025-06,37010000.0,36915000.0
EMP-0259,2025-07,37611000.0,38051000.0
EMP-0259,2025-08,39575000.0,39804000.0
EMP-0259,2025-09,38729000.0,38365000.0
EMP-0259,2025-10,39439000.0,39017000.0
EMP-0259,2025-11,40517000.0,41024000.0
EMP-0259,2025-12,40204000.0,39933000.0
EMP-0260,2025-01,16513000.0,16449000.0
EMP-0260,2025-02,16896000.0,16858000.0
EMP-0260,2025-03,16619000.0,16914000.0
EMP-0260,2025-04,16850000.0,16523000.0
EMP-0260,2025-05,16765000.0,16823000.0
EMP-0260,2025-06,15763000.0,16005000.0
EMP-0260,2025-07,15932000.0,16062000.0
EMP-0260,2025-08,15861000.0,15914000.0
EMP-0260,2025-09,15828000.0,15693000.0
EMP-0260,2025-10,16871000.0,16824000.0
EMP-0260,2025-11,15863000.0,15882000.0
EMP-0260,2025-12,15854000.0,15826000.0
EMP-0261,2025-11,13505000.0,13616000.0
EMP-0261,2025-12,13962000.0,14230000.0
EMP-0262,2025-01,29402000.0,29457000.0
EMP-0262,2025-02,29569000.0,29756000.0
EMP-0262,2025-03,28852000.0,28840000.0
EMP-0262,2025-04,28739000.0,28560000.0
EMP-0262,2025-05,30043000.0,30206000.0
EMP-0262,2025-06,30540000.0,30151000.0
EMP-0262,2025-07,29423000.0,29574000.0
EMP-0262,2025-08,30057000.0,29724000.0
EMP-0262,2025-09,30470000.0,30727000.0
EMP-0262,2025-10,30972000.0,30609000.0
EMP-0262,2025-11,30840000.0,31048000.0
EMP-0262,2025-12,32626000.0,33160000.0
EMP-0263,2025-01,26585000.0,26478000.0
EMP-0263,2025-02,26306000.0,26157000.0
EMP-0263,2025-03,25253000.0,25224000.0
EMP-0263,2025-04,25403000.0,25548000.0
EMP-0263,2025-05,24883000.0,24479000.0
EMP-0263,2025-06,25880000.0,25775000.0
EMP-0263,2025-07,24292000.0,24603000.0
EMP-0263,2025-08,24776000.0,24800000.0
EMP-0263,2025-09,23910000.0,23769000.0
EMP-0263,2025-10,23769000.0,23671000.0
EMP-0263,2025-11,24049000.0,24248000.0
EMP-0263,2025-12,23619000.0,23872000.0
EMP-0264,2025-01,35618000.0,35806000.0
EMP-0264,2025-02,35189000.0,35431000.0
EMP-0264,2025-03,35571000.0,35162000.0
EMP-0264,2025-04,36821000.0,36721000.0
EMP-0264,2025-05,36390000.0,36626000.0
EMP-0264,2025-06,36511000.0,36645000.0
EMP-0264,2025-07,36298000.0,36321000.0
EMP-0264,2025-08,36376000.0,35938000.0
EMP-0264,2025-09,35560000.0,35643000.0
EMP-0264,2025-10,36408000.0,35661000.0
EMP-0264,2025-11,34523000.0,34495000.0
EMP-0264,2025-12,36446000.0,36352000.0
EMP-0265,2025-01,22720000.0,22448000.0
EMP-0265,2025-02,22396000.0,22384000.0
EMP-0265,2025-03,22647000.0,22373000.0
EMP-0265,2025-04,23023000.0,22944000.0
EMP-0265,2025-05,21765000.0,21414000.0
EMP-0265,2025-06,22648000.0,22984000.0
EMP-0265,2025-07,22402000.0,21874000.0
EMP-0265,2025-08,23610000.0,23711000.0
EMP-0265,2025-09,23773000.0,23330000.0
EMP-0265,2025-10,22657000.0,22643000.0
EMP-0265,2025-11,23004000.0,23133000.0
EMP-0265,2025-12,22285000.0,22294000.0
EMP-0266,2025-01,36499000.0,36438000.0
EMP-0266,2025-02,35176000.0,34810000.0
EMP-0266,2025-03,35485000.0,35260000.0
EMP-0266,2025-04,35991000.0,36165000.0
EMP-0266,2025-05,35418000.0,35156000.0
EMP-0266,2025-06,36578000.0,37154000.0
EMP-0266,2025-07,35318000.0,35491000.0
EMP-0266,2025-08,34509000.0,35307000.0
EMP-0266,2025-09,35512000.0,35098000.0
EMP-0266,2025-10,34278000.0,33335000.0
EMP-0266,2025-11,34375000.0,34302000.0
EMP-0266,2025-12,34625000.0,34233000.0
EMP-0267,2025-01,26030000.0,26138000.0
EMP-0267,2025-02,25753000.0,25821000.0
EMP-0267,2025-03,25490000.0,25773000.0
EMP-0267,2025-04,24621000.0,24727000.0
EMP-0267,2025-05,24557000.0,24188000.0
EMP-0267,2025-06,23781000.0,23791000.0
EMP-0267,2025-07,24259000.0,24490000.0
EMP-0267,2025-08,25029000.0,25293000.0
EMP-0267,2025-09,24485000.0,24483000.0
EMP-0267,2025-10,24370000.0,24313000.0
EMP-0267,2025-11,24745000.0,25178000.0
EMP-0267,2025-12,24027000.0,23945000.0
EMP-0268,2025-01,39532000.0,39885000.0
EMP-0268,2025-02,38608000.0,39108000.0
EMP-0268,2025-03,37320000.0,37796000.0
EMP-0268,2025-04,37420000.0,37810000.0
EMP-0268,2025-05,37111000.0,37365000.0
EMP-0268,2025-06,37476000.0,37435000.0
EMP-0268,2025-07,35652000.0,35927000.0
EMP-0268,2025-08,37438000.0,37342000.0
EMP-0268,2025-09,36311000.0,36688000.0
EMP-0268,2025-10,36820000.0,36349000.0
EMP-0268,2025-11,35898000.0,35890000.0
EMP-0268,2025-12,36129000.0,35878000.0
EMP-0269,2025-01,19926000.0,19579000.0
EMP-0269,2025-02,20060000.0,19898000.0
EMP-0269,2025-03,19980000.0,19607000.0
EMP-0269,2025-04,20234000.0,20124000.0
EMP-0269,2025-05,21120000.0,21157000.0
EMP-0269,2025-06,21266000.0,21489000.0
EMP-0269,2025-07,20108000.0,20017000.0
EMP-0269,2025-08,20791000.0,20399000.0
EMP-0269,2025-09,19139000.0,19090000.0
EMP-0269,2025-10,20478000.0,20688000.0
EMP-0269,2025-11,19527000.0,19165000.0
EMP-0269,2025-12,20358000.0,20189000.0
EMP-0270,2025-01,28865000.0,28807000.0
EMP-0270,2025-02,30414000.0,29898000.0
EMP-0270,2025-03,30502000.0,30269000.0
EMP-0270,2025-04,30673000.0,31092000.0
EMP-0270,2025-05,31536000.0,31751000.0
EMP-0270,2025-06,33332000.0,32943000.0
EMP-0270,2025-07,31091000.0,31334000.0
EMP-0270,2025-08,29864000.0,29941000.0
EMP-0270,2025-09,29809000.0,30333000.0
EMP-0270,2025-10,29269000.0,29295000.0
EMP-0270,2025-11,28919000.0,28659000.0
EMP-0270,2025-12,28489000.0,28128000.0
EMP-0271,2025-01,24127000.0,24206000.0
EMP-0271,2025-02,23641000.0,23619000.0
EMP-0271,2025-03,24206000.0,24312000.0
EMP-0271,2025-04,25805000.0,25613000.0
EMP-0271,2025-05,24743000.0,24907000.0
EMP-0271,2025-06,24213000.0,24498000.0
EMP-0271,2025-07,24374000.0,24424000.0
EMP-0271,2025-08,23626000.0,23861000.0
EMP-0271,2025-09,24592000.0,24665000.0
EMP-0271,2025-10,25771000.0,25827000.0
EMP-0271,2025-11,25424000.0,25295000.0
EMP-0271,2025-12,24899000.0,25200000.0
EMP-0272,2025-01,20298000.0,20178000.0
EMP-0272,2025-02,20966000.0,21014000.0
EMP-0272,2025-03,21382000.0,21176000.0
EMP-0272,2025-04,22324000.0,22512000.0
EMP-0272,2025-05,20962000.0,20922000.0
EMP-0272,2025-06,20461000.0,20566000.0
EMP-0272,2025-07,20645000.0,20384000.0
EMP-0272,2025-08,21479000.0,21275000.0
EMP-0272,2025-09,20388000.0,20232000.0
EMP-0272,2025-10,21104000.0,21158000.0
EMP-0272,2025-11,21643000.0,21671000.0
EMP-0272,2025-12,21836000.0,21773000.0
EMP-0273,2025-11,107389000.0,106613000.0
EMP-0273,2025-12,110742000.0,109290000.0
EMP-0274,2025-01,130674000.0,131500000.0
EMP-0274,2025-02,136896000.0,135502000.0
EMP-0274,2025-03,136624000.0,137182000.0
EMP-0274,2025-04,135593000.0,133552000.0
EMP-0274,2025-05,133766000.0,133846000.0
EMP-0274,2025-06,131285000.0,132915000.0
EMP-0274,2025-07,129901000.0,130449000.0
EMP-0274,2025-08,134270000.0,134383000.0
EMP-0274,2025-09,129914000.0,131250000.0
EMP-0274,2025-10,126423000.0,125633000.0
EMP-0274,2025-11,131107000.0,130187000.0
EMP-0274,2025-12,132321000.0,132769000.0
EMP-0275,2025-01,64482000.0,64218000.0
EMP-0275,2025-02,65559000.0,65084000.0
EMP-0275,2025-03,63616000.0,62772000.0
EMP-0275,2025-04,67902000.0,67184000.0
EMP-0275,2025-05,66124000.0,66688000.0
EMP-0275,2025-06,68287000.0,68849000.0
EMP-0275,2025-07,66201000.0,67893000.0
EMP-0275,2025-08,69873000.0,70631000.0
EMP-0275,2025-09,69687000.0,69936000.0
EMP-0275,2025-10,67638000.0,68264000.0
EMP-0275,2025-11,69271000.0,68532000.0
EMP-0275,2025-12,65135000.0,65487000.0
EMP-0276,2025-01,84566000.0,84453000.0
EMP-0276,2025-02,88497000.0,90495000.0
EMP-0276,2025-03,91187000.0,92311000.0
EMP-0276,2025-04,90439000.0,91254000.0
EMP-0276,2025-05,93603000.0,92740000.0
EMP-0276,2025-06,94576000.0,97762000.0
EMP-0276,2025-07,86833000.0,86665000.0
EMP-0276,2025-08,89920000.0,89371000.0
EMP-0276,2025-09,88275000.0,89098000.0
EMP-0276,2025-10,94746000.0,93354000.0
EMP-0276,2025-11,94373000.0,93505000.0
EMP-0276,2025-12,90868000.0,90169000.0
EMP-0277,2025-01,116170000.0,116500000.0
EMP-0277,2025-02,118767000.0,119125000.0
EMP-0277,2025-03,116382000.0,115672000.0
EMP-0277,2025-04,119872000.0,119569000.0
EMP-0277,2025-05,122168000.0,118446000.0
EMP-0277,2025-06,116091000.0,115916000.0
EMP-0277,2025-07,122406000.0,122573000.0
EMP-0277,2025-08,122059000.0,123371000.0
EMP-0277,2025-09,122855000.0,122823000.0
EMP-0277,2025-10,120089000.0,120923000.0
EMP-0277,2025-11,122382000.0,122075000.0
EMP-0277,2025-12,123744000.0,126306000.0
EMP-0278,2025-01,143926000.0,144051000.0
EMP-0278,2025-02,146205000.0,146297000.0
EMP-0278,2025-03,150950000.0,149573000.0
EMP-0278,2025-04,152026000.0,153449000.0
EMP-0278,2025-05,151832000.0,152473000.0
EMP-0278,2025-06,149933000.0,151711000.0
EMP-0278,2025-07,147665000.0,146997000.0
EMP-0278,2025-08,153330000.0,153623000.0
EMP-0278,2025-09,143732000.0,145900000.0
EMP-0278,2025-10,148138000.0,151129000.0
EMP-0278,2025-11,139963000.0,141592000.0
EMP-0278,2025-12,143260000.0,144252000.0
EMP-0279,2025-01,110436000.0,109205000.0
EMP-0279,2025-02,108926000.0,108590000.0
EMP-0279,2025-03,109494000.0,107185000.0
EMP-0279,2025-04,107037000.0,107663000.0
EMP-0279,2025-05,106602000.0,106445000.0
EMP-0279,2025-06,105721000.0,106425000.0
EMP-0279,2025-07,104436000.0,104187000.0
EMP-0279,2025-08,108783000.0,107918000.0
EMP-0279,2025-09,104517000.0,104030000.0
EMP-0279,2025-10,103768000.0,105371000.0
EMP-0279,2025-11,104506000.0,105885000.0
EMP-0279,2025-12,106068000.0,106038000.0
EMP-0280,2025-01,145979000.0,148257000.0
EMP-0280,2025-02,147837000.0,149423000.0
EMP-0280,2025-03,144128000.0,143454000.0
EMP-0280,2025-04,142714000.0,141781000.0
EMP-0280,2025-05,144202000.0,142875000.0
EMP-0280,2025-06,142563000.0,142265000.0
EMP-0280,2025-07,143912000.0,145045000.0
EMP-0280,2025-08,144697000.0,143942000.0
EMP-0280,2025-09,146912000.0,145524000.0
EMP-0280,2025-10,149537000.0,151858000.0
EMP-0280,2025-11,157768000.0,158598000.0
EMP-0280,2025-12,155895000.0,155817000.0
EMP-0281,2025-01,100825000.0,98635000.0
EMP-0281,2025-02,100670000.0,101481000.0
EMP-0281,2025-03,106136000.0,104827000.0
EMP-0281,2025-04,102966000.0,103163000.0
EMP-0281,2025-05,102424000.0,103252000.0
EMP-0281,2025-06,102175000.0,103325000.0
EMP-0281,2025-07,100941000.0,99983000.0
EMP-0281,2025-08,102015000.0,103113000.0
EMP-0281,2025-09,104332000.0,104466000.0
EMP-0281,2025-10,110333000.0,110800000.0
EMP-0281,2025-11,108678000.0,107402000.0
EMP-0281,2025-12,106209000.0,104525000.0
EMP-0282,2025-01,96542000.0,98390000.0
EMP-0282,2025-02,98389000.0,100027000.0
EMP-0282,2025-03,96820000.0,94956000.0
EMP-0282,2025-04,101265000.0,102122000.0
EMP-0282,2025-05,102338000.0,101873000.0
EMP-0282,2025-06,98559000.0,99569000.0
EMP-0282,2025-07,93511000.0,92072000.0
EMP-0282,2025-08,98743000.0,98563000.0
EMP-0282,2025-09,100639000.0,101129000.0
EMP-0282,2025-10,98592000.0,96828000.0
EMP-0282,2025-11,103647000.0,102244000.0
EMP-0282,2025-12,101121000.0,100781000.0
EMP-0283,2025-01,49955000.0,49326000.0
EMP-0283,2025-02,48030000.0,47983000.0
EMP-0283,2025-03,47605000.0,47504000.0
EMP-0283,2025-04,47122000.0,47349000.0
EMP-0283,2025-05,47521000.0,47795000.0
EMP-0283,2025-06,47796000.0,47538000.0
EMP-0283,2025-07,49797000.0,50232000.0
EMP-0283,2025-08,48666000.0,48079000.0
EMP-0283,2025-09,47730000.0,47271000.0
EMP-0283,2025-10,49498000.0,48261000.0
EMP-0283,2025-11,49955000.0,49854000.0
EMP-0283,2025-12,50753000.0,51443000.0
EMP-0284,2025-01,122156000.0,122169000.0
EMP-0284,2025-02,126398000.0,125177000.0
EMP-0284,2025-03,125301000.0,122605000.0
EMP-0284,2025-04,126503000.0,124148000.0
EMP-0284,2025-05,126401000.0,125830000.0
EMP-0284,2025-06,123982000.0,123470000.0
EMP-0284,2025-07,128126000.0,128842000.0
EMP-0284,2025-08,125429000.0,127064000.0
EMP-0284,2025-09,125584000.0,126031000.0
EMP-0284,2025-10,125021000.0,124312000.0
EMP-0284,2025-11,126390000.0,127165000.0
EMP-0284,2025-12,121346000.0,121993000.0
EMP-0285,2025-01,98841000.0,99918000.0
EMP-0285,2025-02,94790000.0,93942000.0
EMP-0285,2025-03,93834000.0,94329000.0
EMP-0285,2025-04,89907000.0,90449000.0
EMP-0285,2025-05,85229000.0,85039000.0
EMP-0285,2025-06,82368000.0,81254000.0
EMP-0285,2025-07,79963000.0,79999000.0
EMP-0285,2025-08,84597000.0,83954000.0
EMP-0285,2025-09,83972000.0,84727000.0
EMP-0285,2025-10,84357000.0,84248000.0
EMP-0285,2025-11,85200000.0,85220000.0
EMP-0285,2025-12,82581000.0,82273000.0
EMP-0286,2025-01,44249000.0,44131000.0
EMP-0286,2025-02,44081000.0,44838000.0
EMP-0286,2025-03,45399000.0,45663000.0
EMP-0286,2025-04,48161000.0,47493000.0
EMP-0286,2025-05,45698000.0,45678000.0
EMP-0286,2025-06,44233000.0,43609000.0
EMP-0286,2025-07,43490000.0,44224000.0
EMP-0286,2025-08,43220000.0,43794000.0
EMP-0286,2025-09,43764000.0,44504000.0
EMP-0286,2025-10,42527000.0,41774000.0
EMP-0286,2025-11,45292000.0,44788000.0
EMP-0286,2025-12,44846000.0,44467000.0
EMP-0287,2025-01,154961000.0,153378000.0
EMP-0287,2025-02,159015000.0,157447000.0
EMP-0287,2025-03,159740000.0,158320000.0
EMP-0287,2025-04,160671000.0,160222000.0
EMP-0287,2025-05,161415000.0,162107000.0
EMP-0287,2025-06,160855000.0,161795000.0
EMP-0287,2025-07,163132000.0,164833000.0
EMP-0287,2025-08,166749000.0,167306000.0
EMP-0287,2025-09,158736000.0,159268000.0
EMP-0287,2025-10,154210000.0,156194000.0
EMP-0287,2025-11,153737000.0,154986000.0
EMP-0287,2025-12,154640000.0,155132000.0
EMP-0288,2025-01,57548000.0,56473000.0
EMP-0288,2025-02,56301000.0,57160000.0
EMP-0288,2025-03,56368000.0,55392000.0
EMP-0288,2025-04,57907000.0,57469000.0
EMP-0288,2025-05,63211000.0,61726000.0
EMP-0288,2025-06,61673000.0,62817000.0
EMP-0288,2025-07,61868000.0,61479000.0
EMP-0288,2025-08,61873000.0,61917000.0
EMP-0288,2025-09,63529000.0,62436000.0
EMP-0288,2025-10,61716000.0,61842000.0
EMP-0288,2025-11,63802000.0,64513000.0
EMP-0288,2025-12,59078000.0,58562000.0
EMP-0289,2025-01,166839000.0,166811000.0
EMP-0289,2025-02,162755000.0,163293000.0
EMP-0289,2025-03,163166000.0,161253000.0
EMP-0289,2025-04,174018000.0,175393000.0
EMP-0289,2025-05,169804000.0,168247000.0
EMP-0289,2025-06,167732000.0,167940000.0
EMP-0289,2025-07,173661000.0,173404000.0
EMP-0289,2025-08,174586000.0,176630000.0
EMP-0289,2025-09,164962000.0,165321000.0
EMP-0289,2025-10,169645000.0,165826000.0
EMP-0289,2025-11,171530000.0,171680000.0
EMP-0289,2025-12,169212000.0,169432000.0
EMP-0290,2025-01,134664000.0,135259000.0
EMP-0290,2025-02,132028000.0,131272000.0
EMP-0290,2025-03,133417000.0,131368000.0
EMP-0290,2025-04,133177000.0,131090000.0
EMP-0290,2025-05,132097000.0,131768000.0
EMP-0290,2025-06,132952000.0,135071000.0
EMP-0290,2025-07,127755000.0,127652000.0
EMP-0290,2025-08,125151000.0,124981000.0
EMP-0290,2025-09,128322000.0,128589000.0
EMP-0290,2025-10,134884000.0,136089000.0
EMP-0290,2025-11,137201000.0,136627000.0
EMP-0290,2025-12,139623000.0,140710000.0
EMP-0291,2025-11,96395000.0,97385000.0
EMP-0291,2025-12,98162000.0,98830000.0
EMP-0292,2025-01,88821000.0,89776000.0
EMP-0292,2025-02,87932000.0,89585000.0
EMP-0292,2025-03,91958000.0,91869000.0
EMP-0292,2025-04,91435000.0,90979000.0
EMP-0292,2025-05,94779000.0,93434000.0
EMP-0292,2025-06,91166000.0,91451000.0
EMP-0292,2025-07,89342000.0,89256000.0
EMP-0292,2025-08,89683000.0,90384000.0
EMP-0292,2025-09,89208000.0,89006000.0
EMP-0292,2025-10,87168000.0,86251000.0
EMP-0292,2025-11,88377000.0,88308000.0
EMP-0292,2025-12,92673000.0,91000000.0
EMP-0293,2025-01,162882000.0,162712000.0
EMP-0293,2025-02,158968000.0,157921000.0
EMP-0293,2025-03,161265000.0,163259000.0
EMP-0293,2025-04,161238000.0,163364000.0
EMP-0293,2025-05,156166000.0,156160000.0
EMP-0293,2025-06,158143000.0,155130000.0
EMP-0293,2025-07,155156000.0,153444000.0
EMP-0293,2025-08,152352000.0,152338000.0
EMP-0293,2025-09,149948000.0,148616000.0
EMP-0293,2025-10,149322000.0,148878000.0
EMP-0293,2025-11,142250000.0,144604000.0
EMP-0293,2025-12,146059000.0,145375000.0
EMP-0294,2025-01,117144000.0,117193000.0
EMP-0294,2025-02,116001000.0,116331000.0
EMP-0294,2025-03,114162000.0,113060000.0
EMP-0294,2025-04,113351000.0,112601000.0
EMP-0294,2025-05,116071000.0,115750000.0
EMP-0294,2025-06,123079000.0,123227000.0
EMP-0294,2025-07,124782000.0,125878000.0
EMP-0294,2025-08,122533000.0,121176000.0
EMP-0294,2025-09,128422000.0,128437000.0
EMP-0294,2025-10,121582000.0,117969000.0
EMP-0294,2025-11,119109000.0,119027000.0
EMP-0294,2025-12,122630000.0,123050000.0
EMP-0295,2025-01,83113000.0,83241000.0
EMP-0295,2025-02,82559000.0,84192000.0
EMP-0295,2025-03,84348000.0,83798000.0
EMP-0295,2025-04,84389000.0,84094000.0
EMP-0295,2025-05,83925000.0,83742000.0
EMP-0295,2025-06,82485000.0,82908000.0
EMP-0295,2025-07,79841000.0,81254000.0
EMP-0295,2025-08,77256000.0,78089000.0
EMP-0295,2025-09,78840000.0,78441000.0
EMP-0295,2025-10,75430000.0,74238000.0
EMP-0295,2025-11,79034000.0,79767000.0
EMP-0295,2025-12,83209000.0,83376000.0
EMP-0296,2025-01,78738000.0,79322000.0
EMP-0296,2025-02,74728000.0,73724000.0
EMP-0296,2025-03,74084000.0,73559000.0
EMP-0296,2025-04,74513000.0,73807000.0
EMP-0296,2025-05,71998000.0,72532000.0
EMP-0296,2025-06,73699000.0,72164000.0
EMP-0296,2025-07,72611000.0,71607000.0
EMP-0296,2025-08,75835000.0,76030000.0
EMP-0296,2025-09,74608000.0,73149000.0
EMP-0296,2025-10,70749000.0,70942000.0
EMP-0296,2025-11,69937000.0,69543000.0
EMP-0296,2025-12,71746000.0,69833000.0
EMP-0297,2025-01,154108000.0,155770000.0
EMP-0297,2025-02,155255000.0,152171000.0
EMP-0297,2025-03,155103000.0,155974000.0
EMP-0297,2025-04,157608000.0,159178000.0
EMP-0297,2025-05,164603000.0,165110000.0
EMP-0297,2025-06,167084000.0,168714000.0
EMP-0297,2025-07,166744000.0,164212000.0
EMP-0297,2025-08,160535000.0,159300000.0
EMP-0297,2025-09,163783000.0,165794000.0
EMP-0297,2025-10,168083000.0,170580000.0
EMP-0297,2025-11,167450000.0,171022000.0
EMP-0297,2025-12,164924000.0,164008000.0
EMP-0298,2025-01,93192000.0,93175000.0
EMP-0298,2025-02,91846000.0,92658000.0
EMP-0298,2025-03,92614000.0,92305000.0
EMP-0298,2025-04,89258000.0,87347000.0
EMP-0298,2025-05,94496000.0,95199000.0
EMP-0298,2025-06,89016000.0,88876000.0
EMP-0298,2025-07,91793000.0,92166000.0
EMP-0298,2025-08,91345000.0,92101000.0
EMP-0298,2025-09,97614000.0,98302000.0
EMP-0298,2025-10,91096000.0,91486000.0
EMP-0298,2025-11,92220000.0,92446000.0
EMP-0298,2025-12,95198000.0,95805000.0
EMP-0299,2025-01,68730000.0,68014000.0
EMP-0299,2025-02,67449000.0,67222000.0
EMP-0299,2025-03,71374000.0,70846000.0
EMP-0299,2025-04,65722000.0,65604000.0
EMP-0299,2025-05,65531000.0,65367000.0
EMP-0299,2025-06,63876000.0,62741000.0
EMP-0299,2025-07,61234000.0,60816000.0
EMP-0299,2025-08,64832000.0,47292000.0
EMP-0299,2025-09,64014000.0,46695000.0
EMP-0299,2025-10,61719000.0,45021000.0
EMP-0299,2025-11,64009000.0,46691000.0
EMP-0299,2025-12,64882000.0,47328000.0
EMP-0300,2025-01,158364000.0,160893000.0
EMP-0300,2025-02,160196000.0,160643000.0
EMP-0300,2025-03,163818000.0,163139000.0
EMP-0300,2025-04,171824000.0,171190000.0
EMP-0300,2025-05,171320000.0,172025000.0
EMP-0300,2025-06,159036000.0,159364000.0
EMP-0300,2025-07,166703000.0,168783000.0
EMP-0300,2025-08,172278000.0,176492000.0
EMP-0300,2025-09,174819000.0,176566000.0
EMP-0300,2025-10,175203000.0,175531000.0
EMP-0300,2025-11,172689000.0,173673000.0
EMP-0300,2025-12,179010000.0,180024000.0
EMP-0301,2025-01,66440000.0,66617000.0
EMP-0301,2025-02,69654000.0,69372000.0
EMP-0301,2025-03,70078000.0,69731000.0
EMP-0301,2025-04,69747000.0,69999000.0
EMP-0301,2025-05,68024000.0,67394000.0
EMP-0301,2025-06,71185000.0,71138000.0
EMP-0301,2025-07,70309000.0,71474000.0
EMP-0301,2025-08,73177000.0,72292000.0
EMP-0301,2025-09,73031000.0,72711000.0
EMP-0301,2025-10,70477000.0,70240000.0
EMP-0301,2025-11,73044000.0,73832000.0
EMP-0301,2025-12,69662000.0,69980000.0
EMP-0302,2025-01,156773000.0,158135000.0
EMP-0302,2025-02,166217000.0,168139000.0
EMP-0302,2025-03,161860000.0,165899000.0
EMP-0302,2025-04,156468000.0,153558000.0
EMP-0302,2025-05,160821000.0,165719000.0
EMP-0302,2025-06,161566000.0,163567000.0
EMP-0302,2025-07,160259000.0,164105000.0
EMP-0302,2025-08,159407000.0,158863000.0
EMP-0302,2025-09,156282000.0,156604000.0
EMP-0302,2025-10,154231000.0,152733000.0
EMP-0302,2025-11,147092000.0,144835000.0
EMP-0302,2025-12,154681000.0,154759000.0
EMP-0303,2025-01,55319000.0,55125000.0
EMP-0303,2025-02,54258000.0,54146000.0
EMP-0303,2025-03,56422000.0,55981000.0
EMP-0303,2025-04,57778000.0,58042000.0
EMP-0303,2025-05,57449000.0,57609000.0
EMP-0303,2025-06,57921000.0,58041000.0
EMP-0303,2025-07,57368000.0,56908000.0
EMP-0303,2025-08,33414000.0,33124000.0
EMP-0303,2025-09,32421000.0,32458000.0
EMP-0303,2025-10,33277000.0,32929000.0
EMP-0303,2025-11,33190000.0,33305000.0
EMP-0303,2025-12,31869000.0,31515000.0
EMP-0304,2025-01,100942000.0,102105000.0
EMP-0304,2025-02,99345000.0,98728000.0
EMP-0304,2025-03,100109000.0,101656000.0
EMP-0304,2025-04,97279000.0,97875000.0
EMP-0304,2025-05,102757000.0,101941000.0
EMP-0304,2025-06,104907000.0,105303000.0
EMP-0304,2025-07,105664000.0,106996000.0
EMP-0304,2025-08,104055000.0,103345000.0
EMP-0304,2025-09,107674000.0,107153000.0
EMP-0304,2025-10,102446000.0,102787000.0
EMP-0304,2025-11,103096000.0,104217000.0
EMP-0304,2025-12,99234000.0,99123000.0
EMP-0305,2025-01,135935000.0,136450000.0
EMP-0305,2025-02,133372000.0,135193000.0
EMP-0305,2025-03,139657000.0,138774000.0
EMP-0305,2025-04,140608000.0,139120000.0
EMP-0305,2025-05,146531000.0,148246000.0
EMP-0305,2025-06,143179000.0,144094000.0
EMP-0305,2025-07,144262000.0,142144000.0
EMP-0305,2025-08,147859000.0,150217000.0
EMP-0305,2025-09,147943000.0,148984000.0
EMP-0305,2025-10,147038000.0,147746000.0
EMP-0305,2025-11,153792000.0,153613000.0
EMP-0305,2025-12,152146000.0,151345000.0
EMP-0306,2025-01,52371000.0,52531000.0
EMP-0306,2025-02,50344000.0,50895000.0
EMP-0306,2025-03,51988000.0,51535000.0
EMP-0306,2025-04,52814000.0,52795000.0
EMP-0306,2025-05,53367000.0,53837000.0
EMP-0306,2025-06,52085000.0,52660000.0
EMP-0306,2025-07,50913000.0,50584000.0
EMP-0306,2025-08,52901000.0,52971000.0
EMP-0306,2025-09,51146000.0,50906000.0
EMP-0306,2025-10,51617000.0,51694000.0
EMP-0306,2025-11,51600000.0,51710000.0
EMP-0306,2025-12,52121000.0,52218000.0
EMP-0307,2025-01,7421000.0,7509000.0
EMP-0307,2025-02,7414000.0,7422000.0
EMP-0307,2025-03,7745000.0,7622000.0
EMP-0307,2025-04,7719000.0,7661000.0
EMP-0307,2025-05,7781000.0,7999000.0
EMP-0307,2025-06,7551000.0,7494000.0
EMP-0307,2025-07,7941000.0,7984000.0
EMP-0307,2025-08,7881000.0,7991000.0
EMP-0307,2025-09,7668000.0,7807000.0
EMP-0307,2025-10,7742000.0,7756000.0
EMP-0307,2025-11,7398000.0,7465000.0
EMP-0307,2025-12,7460000.0,7457000.0
EMP-0308,2025-01,5539000.0,5499000.0
EMP-0308,2025-02,5378000.0,5378000.0
EMP-0308,2025-03,5167000.0,5134000.0
EMP-0308,2025-04,5471000.0,5550000.0
EMP-0308,2025-05,5275000.0,5371000.0
EMP-0308,2025-06,5284000.0,5296000.0
EMP-0308,2025-07,5195000.0,5151000.0
EMP-0308,2025-08,5300000.0,5247000.0
EMP-0308,2025-09,5306000.0,5375000.0
EMP-0308,2025-10,5322000.0,5282000.0
EMP-0308,2025-11,5262000.0,5179000.0
EMP-0308,2025-12,5423000.0,5477000.0
EMP-0309,2025-01,3321000.0,3339000.0
EMP-0309,2025-02,3258000.0,3223000.0
EMP-0309,2025-03,3343000.0,3341000.0
EMP-0309,2025-04,3269000.0,3299000.0
EMP-0309,2025-05,3344000.0,3367000.0
EMP-0309,2025-06,3267000.0,3258000.0
EMP-0309,2025-07,3253000.0,3227000.0
EMP-0309,2025-08,3193000.0,3172000.0
EMP-0309,2025-09,3255000.0,3265000.0
EMP-0309,2025-10,3153000.0,3181000.0
EMP-0309,2025-11,3149000.0,3165000.0
EMP-0309,2025-12,3173000.0,3138000.0
EMP-0310,2025-01,2856000.0,2874000.0
EMP-0310,2025-02,2856000.0,2814000.0
EMP-0310,2025-03,2887000.0,2933000.0
EMP-0310,2025-04,2855000.0,2904000.0
EMP-0310,2025-05,2780000.0,2777000.0
EMP-0310,2025-06,2902000.0,2884000.0
EMP-0310,2025-07,2768000.0,2783000.0
EMP-0310,2025-08,2836000.0,2821000.0
EMP-0310,2025-09,2905000.0,2876000.0
EMP-0310,2025-10,2696000.0,2650000.0
EMP-0310,2025-11,2683000.0,2720000.0
EMP-0310,2025-12,2891000.0,2916000.0
EMP-0311,2025-01,4659000.0,4633000.0
EMP-0311,2025-02,4563000.0,4586000.0
EMP-0311,2025-03,4611000.0,4592000.0
EMP-0311,2025-04,4645000.0,4634000.0
EMP-0311,2025-05,4683000.0,4663000.0
EMP-0311,2025-06,4546000.0,4584000.0
EMP-0311,2025-07,4559000.0,4542000.0
EMP-0311,2025-08,4487000.0,4453000.0
EMP-0311,2025-09,4627000.0,4584000.0
EMP-0311,2025-10,4635000.0,4574000.0
EMP-0311,2025-11,4739000.0,4752000.0
EMP-0311,2025-12,4971000.0,4902000.0
EMP-0312,2025-01,4977000.0,5039000.0
EMP-0312,2025-02,5159000.0,5178000.0
EMP-0312,2025-03,5222000.0,5076000.0
EMP-0312,2025-04,5337000.0,5309000.0
EMP-0312,2025-05,5157000.0,5104000.0
EMP-0312,2025-06,5258000.0,5140000.0
EMP-0312,2025-07,5317000.0,5363000.0
EMP-0312,2025-08,5352000.0,5382000.0
EMP-0312,2025-09,5313000.0,5368000.0
EMP-0312,2025-10,5254000.0,5265000.0
EMP-0312,2025-11,5098000.0,5157000.0
EMP-0312,2025-12,5297000.0,5325000.0
EMP-0313,2025-01,5823000.0,5884000.0
EMP-0313,2025-02,5804000.0,5846000.0
EMP-0313,2025-03,5933000.0,5984000.0
EMP-0313,2025-04,5924000.0,5965000.0
EMP-0313,2025-05,6140000.0,6110000.0
EMP-0313,2025-06,6196000.0,6087000.0
EMP-0313,2025-07,6086000.0,6124000.0
EMP-0313,2025-08,6333000.0,6308000.0
EMP-0313,2025-09,6443000.0,6368000.0
EMP-0313,2025-10,6598000.0,6593000.0
EMP-0313,2025-11,6483000.0,6471000.0
EMP-0313,2025-12,6727000.0,6765000.0
EMP-0314,2025-01,3807000.0,3841000.0
EMP-0314,2025-02,3798000.0,3813000.0
EMP-0314,2025-03,3874000.0,3861000.0
EMP-0314,2025-04,3826000.0,3745000.0
EMP-0314,2025-05,4103000.0,4083000.0
EMP-0314,2025-06,4242000.0,4243000.0
EMP-0314,2025-07,4041000.0,4114000.0
EMP-0314,2025-08,3932000.0,3879000.0
EMP-0314,2025-09,3962000.0,3880000.0
EMP-0314,2025-10,4078000.0,4101000.0
EMP-0314,2025-11,3969000.0,3971000.0
EMP-0314,2025-12,4221000.0,4185000.0
EMP-0315,2025-01,3952000.0,3981000.0
EMP-0315,2025-02,3919000.0,3871000.0
EMP-0315,2025-03,3776000.0,3865000.0
EMP-0315,2025-04,3562000.0,3597000.0
EMP-0315,2025-05,3548000.0,3581000.0
EMP-0315,2025-06,3572000.0,3581000.0
EMP-0315,2025-07,3415000.0,3427000.0
EMP-0315,2025-08,3523000.0,3509000.0
EMP-0315,2025-09,3728000.0,3744000.0
EMP-0315,2025-10,3898000.0,3911000.0
EMP-0315,2025-11,3989000.0,4042000.0
EMP-0315,2025-12,3958000.0,3956000.0
EMP-0316,2025-01,3461000.0,3470000.0
EMP-0316,2025-02,3535000.0,3495000.0
EMP-0316,2025-03,3317000.0,3348000.0
EMP-0316,2025-04,3225000.0,3229000.0
EMP-0316,2025-05,3267000.0,3281000.0
EMP-0316,2025-06,3222000.0,3245000.0
EMP-0316,2025-07,3249000.0,3264000.0
EMP-0316,2025-08,3284000.0,3268000.0
EMP-0316,2025-09,3091000.0,3128000.0
EMP-0316,2025-10,2911000.0,2923000.0
EMP-0316,2025-11,2940000.0,2938000.0
EMP-0316,2025-12,3016000.0,3037000.0
EMP-0317,2025-01,6863000.0,6897000.0
EMP-0317,2025-02,6800000.0,6772000.0
EMP-0317,2025-03,6752000.0,6824000.0
EMP-0317,2025-04,6879000.0,6952000.0
EMP-0317,2025-05,6823000.0,6663000.0
EMP-0317,2025-06,6926000.0,6847000.0
EMP-0317,2025-07,6687000.0,6593000.0
EMP-0317,2025-08,6551000.0,6452000.0
EMP-0317,2025-09,4187000.0,4234000.0
EMP-0317,2025-10,4014000.0,3979000.0
EMP-0317,2025-11,4110000.0,4149000.0
EMP-0317,2025-12,4245000.0,4263000.0
EMP-0318,2025-01,5368000.0,5383000.0
EMP-0318,2025-02,5281000.0,5252000.0
EMP-0318,2025-03,5022000.0,4982000.0
EMP-0318,2025-04,4988000.0,4948000.0
EMP-0318,2025-05,5154000.0,5185000.0
EMP-0318,2025-06,4954000.0,4970000.0
EMP-0318,2025-07,5056000.0,4909000.0
EMP-0318,2025-08,5108000.0,5177000.0
EMP-0318,2025-09,5107000.0,5094000.0
EMP-0318,2025-10,5270000.0,5276000.0
EMP-0318,2025-11,5179000.0,5219000.0
EMP-0318,2025-12,5045000.0,4986000.0
EMP-0319,2025-01,6870000.0,6768000.0
EMP-0319,2025-02,7057000.0,6995000.0
EMP-0319,2025-03,7253000.0,7340000.0
EMP-0319,2025-04,7139000.0,7140000.0
EMP-0319,2025-05,6922000.0,6998000.0
EMP-0319,2025-06,7027000.0,6854000.0
EMP-0319,2025-07,7006000.0,6992000.0
EMP-0319,2025-08,7232000.0,7146000.0
EMP-0319,2025-09,7323000.0,7399000.0
EMP-0319,2025-10,7075000.0,7044000.0
EMP-0319,2025-11,6995000.0,6920000.0
EMP-0319,2025-12,7007000.0,6983000.0
EMP-0320,2025-01,7115000.0,6993000.0
EMP-0320,2025-02,7075000.0,7077000.0
EMP-0320,2025-03,7285000.0,7199000.0
EMP-0320,2025-04,7108000.0,7027000.0
EMP-0320,2025-05,7118000.0,7116000.0
EMP-0320,2025-06,7080000.0,6926000.0
EMP-0320,2025-07,6560000.0,6535000.0
EMP-0320,2025-08,6631000.0,6593000.0
EMP-0320,2025-09,6200000.0,6282000.0
EMP-0320,2025-10,6109000.0,6151000.0
EMP-0320,2025-11,5794000.0,5747000.0
EMP-0320,2025-12,5878000.0,5826000.0
EMP-0321,2025-01,4571000.0,4589000.0
EMP-0321,2025-02,4621000.0,4620000.0
EMP-0321,2025-03,4303000.0,4360000.0
EMP-0321,2025-04,4317000.0,4326000.0
EMP-0321,2025-05,4242000.0,4251000.0
EMP-0321,2025-06,4285000.0,4314000.0
EMP-0321,2025-07,4205000.0,4272000.0
EMP-0321,2025-08,4061000.0,4066000.0
EMP-0321,2025-09,4053000.0,4085000.0
EMP-0321,2025-10,4306000.0,4304000.0
EMP-0321,2025-11,4223000.0,4191000.0
EMP-0321,2025-12,4281000.0,4310000.0
EMP-0322,2025-01,3481000.0,3459000.0
EMP-0322,2025-02,3439000.0,3398000.0
EMP-0322,2025-03,3507000.0,3492000.0
EMP-0322,2025-04,3497000.0,3517000.0
EMP-0322,2025-05,3512000.0,3510000.0
EMP-0322,2025-06,3514000.0,3560000.0
EMP-0322,2025-07,3446000.0,3478000.0
EMP-0322,2025-08,3243000.0,3320000.0
EMP-0322,2025-09,3113000.0,3109000.0
EMP-0322,2025-10,2931000.0,2949000.0
EMP-0322,2025-11,2841000.0,2885000.0
EMP-0322,2025-12,2891000.0,2848000.0
EMP-0323,2025-01,4195000.0,4255000.0
EMP-0323,2025-02,4183000.0,4117000.0
EMP-0323,2025-03,4214000.0,4275000.0
EMP-0323,2025-04,4137000.0,4153000.0
EMP-0323,2025-05,4057000.0,4052000.0
EMP-0323,2025-06,4016000.0,3974000.0
EMP-0323,2025-07,3924000.0,3873000.0
EMP-0323,2025-08,3921000.0,3908000.0
EMP-0323,2025-09,3931000.0,3912000.0
EMP-0323,2025-10,3898000.0,3870000.0
EMP-0323,2025-11,3816000.0,3799000.0
EMP-0323,2025-12,3725000.0,3755000.0
EMP-0324,2025-01,6427000.0,6532000.0
EMP-0324,2025-02,6375000.0,6350000.0
EMP-0324,2025-03,6478000.0,6483000.0
EMP-0324,2025-04,6449000.0,6380000.0
EMP-0324,2025-05,6293000.0,6272000.0
EMP-0324,2025-06,6426000.0,6383000.0
EMP-0324,2025-07,6454000.0,6505000.0
EMP-0324,2025-08,6266000.0,6210000.0
EMP-0324,2025-09,6132000.0,6158000.0
EMP-0324,2025-10,6407000.0,6348000.0
EMP-0324,2025-11,6209000.0,6321000.0
EMP-0324,2025-12,6131000.0,6178000.0
EMP-0325,2025-01,4948000.0,4953000.0
EMP-0325,2025-02,4991000.0,5044000.0
EMP-0325,2025-03,4960000.0,5003000.0
EMP-0325,2025-04,4930000.0,4961000.0
EMP-0325,2025-05,5059000.0,5004000.0
EMP-0325,2025-06,4827000.0,4883000.0
EMP-0325,2025-07,4756000.0,4810000.0
EMP-0325,2025-08,4808000.0,4786000.0
EMP-0325,2025-09,4754000.0,4784000.0
EMP-0325,2025-10,4917000.0,4816000.0
EMP-0325,2025-11,4876000.0,4789000.0
EMP-0325,2025-12,4906000.0,4904000.0
EMP-0326,2025-01,4921000.0,4970000.0
EMP-0326,2025-02,4776000.0,4796000.0
EMP-0326,2025-03,5009000.0,5008000.0
EMP-0326,2025-04,4757000.0,4765000.0
EMP-0326,2025-05,4862000.0,4869000.0
EMP-0326,2025-06,5241000.0,5204000.0
EMP-0326,2025-07,5292000.0,5332000.0
EMP-0326,2025-08,5226000.0,5259000.0
EMP-0326,2025-09,5246000.0,5342000.0
EMP-0326,2025-10,5147000.0,5183000.0
EMP-0326,2025-11,5183000.0,5304000.0
EMP-0326,2025-12,5051000.0,5028000.0
EMP-0327,2025-01,3190000.0,3228000.0
EMP-0327,2025-02,3046000.0,3101000.0
EMP-0327,2025-03,2946000.0,2907000.0
EMP-0327,2025-04,3020000.0,2985000.0
EMP-0327,2025-05,2810000.0,2816000.0
EMP-0327,2025-06,2959000.0,2976000.0
EMP-0327,2025-07,2868000.0,2926000.0
EMP-0327,2025-08,2825000.0,2811000.0
EMP-0327,2025-09,2860000.0,2801000.0
EMP-0327,2025-10,2893000.0,2901000.0
EMP-0327,2025-11,2915000.0,2917000.0
EMP-0327,2025-12,2940000.0,2954000.0
EMP-0328,2025-01,6124000.0,6071000.0
EMP-0328,2025-02,5902000.0,5797000.0
EMP-0328,2025-03,5791000.0,5895000.0
EMP-0328,2025-04,6246000.0,6287000.0
EMP-0328,2025-05,6005000.0,6113000.0
EMP-0328,2025-06,6081000.0,6006000.0
EMP-0328,2025-07,6125000.0,6135000.0
EMP-0328,2025-08,5956000.0,6005000.0
EMP-0328,2025-09,6008000.0,6071000.0
EMP-0328,2025-10,5651000.0,5732000.0
EMP-0328,2025-11,5709000.0,5656000.0
EMP-0328,2025-12,5743000.0,5739000.0
EMP-0329,2025-01,2812000.0,2833000.0
EMP-0329,2025-02,2769000.0,2774000.0
EMP-0329,2025-03,2547000.0,2493000.0
EMP-0329,2025-04,2540000.0,2556000.0
EMP-0329,2025-05,2639000.0,2651000.0
EMP-0329,2025-06,2556000.0,2544000.0
EMP-0329,2025-07,2473000.0,2478000.0
EMP-0329,2025-08,2455000.0,2404000.0
EMP-0329,2025-09,2499000.0,2542000.0
EMP-0329,2025-10,2469000.0,2471000.0
EMP-0329,2025-11,2305000.0,2288000.0
EMP-0329,2025-12,2377000.0,2419000.0
EMP-0330,2025-01,3469000.0,3413000.0
EMP-0330,2025-02,3528000.0,3510000.0
EMP-0330,2025-03,3436000.0,3480000.0
EMP-0330,2025-04,3461000.0,3428000.0
EMP-0330,2025-05,3549000.0,3527000.0
EMP-0330,2025-06,3344000.0,3347000.0
EMP-0330,2025-07,3290000.0,3310000.0
EMP-0330,2025-08,3276000.0,3276000.0
EMP-0330,2025-09,3499000.0,3509000.0
EMP-0330,2025-10,3556000.0,3560000.0
EMP-0330,2025-11,3555000.0,3554000.0
EMP-0330,2025-12,3502000.0,3498000.0
EMP-0331,2025-01,4094000.0,4089000.0
EMP-0331,2025-02,4146000.0,4137000.0
EMP-0331,2025-03,4250000.0,4166000.0
EMP-0331,2025-04,4055000.0,4130000.0
EMP-0331,2025-05,4307000.0,4255000.0
EMP-0331,2025-06,4272000.0,4248000.0
EMP-0331,2025-07,4420000.0,4473000.0
EMP-0331,2025-08,4271000.0,4352000.0
EMP-0331,2025-09,4215000.0,4262000.0
EMP-0331,2025-10,4375000.0,4402000.0
EMP-0331,2025-11,4146000.0,4160000.0
EMP-0331,2025-12,4114000.0,4101000.0
EMP-0332,2025-01,8535000.0,8589000.0
EMP-0332,2025-02,8101000.0,8191000.0
EMP-0332,2025-03,8130000.0,8214000.0
EMP-0332,2025-04,8192000.0,8283000.0
EMP-0332,2025-05,7984000.0,7943000.0
EMP-0332,2025-06,8213000.0,8216000.0
EMP-0332,2025-07,8243000.0,8090000.0
EMP-0332,2025-08,8065000.0,8172000.0
EMP-0332,2025-09,8812000.0,8805000.0
EMP-0332,2025-10,8678000.0,8524000.0
EMP-0332,2025-11,8886000.0,8909000.0
EMP-0332,2025-12,8497000.0,8593000.0
EMP-0333,2025-01,8284000.0,8277000.0
EMP-0333,2025-02,8235000.0,8274000.0
EMP-0333,2025-03,8192000.0,8150000.0
EMP-0333,2025-04,8494000.0,8416000.0
EMP-0333,2025-05,8362000.0,8398000.0
EMP-0333,2025-06,8308000.0,8239000.0
EMP-0333,2025-07,8572000.0,8578000.0
EMP-0333,2025-08,8694000.0,8587000.0
EMP-0333,2025-09,8846000.0,8835000.0
EMP-0333,2025-10,8933000.0,9002000.0
EMP-0333,2025-11,8962000.0,8845000.0
EMP-0333,2025-12,9003000.0,8965000.0
EMP-0334,2025-01,5660000.0,5614000.0
EMP-0334,2025-02,5452000.0,5510000.0
EMP-0334,2025-03,5472000.0,5472000.0
EMP-0334,2025-04,5319000.0,5315000.0
EMP-0334,2025-05,5470000.0,5460000.0
EMP-0334,2025-06,5589000.0,5554000.0
EMP-0334,2025-07,5383000.0,5297000.0
EMP-0334,2025-08,5169000.0,5153000.0
EMP-0334,2025-09,5277000.0,5326000.0
EMP-0334,2025-10,5396000.0,5366000.0
EMP-0334,2025-11,5345000.0,5375000.0
EMP-0334,2025-12,5257000.0,5181000.0
EMP-0335,2025-01,7004000.0,7103000.0
EMP-0335,2025-02,6734000.0,6845000.0
EMP-0335,2025-03,6795000.0,6832000.0
EMP-0335,2025-04,6830000.0,6838000.0
EMP-0335,2025-05,7323000.0,7257000.0
EMP-0335,2025-06,7150000.0,7006000.0
EMP-0335,2025-07,7015000.0,7051000.0
EMP-0335,2025-08,6928000.0,7008000.0
EMP-0335,2025-09,7113000.0,7100000.0
EMP-0335,2025-10,6777000.0,6791000.0
EMP-0335,2025-11,7170000.0,7100000.0
EMP-0335,2025-12,7038000.0,7066000.0
EMP-0336,2025-01,5022000.0,5073000.0
EMP-0336,2025-02,5203000.0,5233000.0
EMP-0336,2025-03,5190000.0,5145000.0
EMP-0336,2025-04,5358000.0,5330000.0
EMP-0336,2025-05,5312000.0,5349000.0
EMP-0336,2025-06,5242000.0,5211000.0
EMP-0336,2025-07,5585000.0,5685000.0
EMP-0336,2025-08,5121000.0,5239000.0
EMP-0336,2025-09,5518000.0,5503000.0
EMP-0336,2025-10,5491000.0,5640000.0
EMP-0336,2025-11,5472000.0,5473000.0
EMP-0336,2025-12,5512000.0,5574000.0
EMP-0337,2025-01,2858000.0,2866000.0
EMP-0337,2025-02,2969000.0,2971000.0
EMP-0337,2025-03,2881000.0,2842000.0
EMP-0337,2025-04,2910000.0,2904000.0
EMP-0337,2025-05,2984000.0,3037000.0
EMP-0337,2025-06,3106000.0,3123000.0
EMP-0337,2025-07,3050000.0,3051000.0
EMP-0337,2025-08,3013000.0,3012000.0
EMP-0337,2025-09,3250000.0,3270000.0
EMP-0337,2025-10,3404000.0,3405000.0
EMP-0337,2025-11,3614000.0,3631000.0
EMP-0337,2025-12,3261000.0,3257000.0
EMP-0338,2025-01,5786000.0,5774000.0
EMP-0338,2025-02,5663000.0,5606000.0
EMP-0338,2025-03,5693000.0,5795000.0
EMP-0338,2025-04,5401000.0,5346000.0
EMP-0338,2025-05,5804000.0,5821000.0
EMP-0338,2025-06,5599000.0,5574000.0
EMP-0338,2025-07,5468000.0,5439000.0
EMP-0338,2025-08,5411000.0,5388000.0
EMP-0338,2025-09,5326000.0,5293000.0
EMP-0338,2025-10,5600000.0,5619000.0
EMP-0338,2025-11,5155000.0,5197000.0
EMP-0338,2025-12,5265000.0,5301000.0
EMP-0339,2025-01,2099000.0,2061000.0
EMP-0339,2025-02,2104000.0,2126000.0
EMP-0339,2025-03,2107000.0,2122000.0
EMP-0339,2025-04,2087000.0,2075000.0
EMP-0339,2025-05,1983000.0,1997000.0
EMP-0339,2025-06,2106000.0,2128000.0
EMP-0339,2025-07,2025000.0,2019000.0
EMP-0339,2025-08,2068000.0,2054000.0
EMP-0339,2025-09,2012000.0,2044000.0
EMP-0339,2025-10,2140000.0,2179000.0
EMP-0339,2025-11,1950000.0,1966000.0
EMP-0339,2025-12,1929000.0,1953000.0
EMP-0340,2025-01,4399000.0,4406000.0
EMP-0340,2025-02,4425000.0,4472000.0
EMP-0340,2025-03,4414000.0,4319000.0
EMP-0340,2025-04,4162000.0,4192000.0
EMP-0340,2025-05,4184000.0,4213000.0
EMP-0340,2025-06,4234000.0,4263000.0
EMP-0340,2025-07,4239000.0,4258000.0
EMP-0340,2025-08,4121000.0,4140000.0
EMP-0340,2025-09,4097000.0,4075000.0
EMP-0340,2025-10,4176000.0,4261000.0
EMP-0340,2025-11,4227000.0,4297000.0
EMP-0340,2025-12,4185000.0,4284000.0
EMP-0341,2025-01,36243000.0,36042000.0
EMP-0341,2025-02,36843000.0,37125000.0
EMP-0341,2025-03,34859000.0,35155000.0
EMP-0341,2025-04,34974000.0,34262000.0
EMP-0341,2025-05,34515000.0,34512000.0
EMP-0341,2025-06,35387000.0,35510000.0
EMP-0341,2025-07,34411000.0,34539000.0
EMP-0341,2025-08,34548000.0,34273000.0
EMP-0341,2025-09,35202000.0,35575000.0
EMP-0341,2025-10,35168000.0,35293000.0
EMP-0341,2025-11,37126000.0,36963000.0
EMP-0341,2025-12,34867000.0,35093000.0
EMP-0342,2025-01,16364000.0,16214000.0
EMP-0342,2025-02,15170000.0,15229000.0
EMP-0342,2025-03,14966000.0,14954000.0
EMP-0342,2025-04,15601000.0,15607000.0
EMP-0342,2025-05,16048000.0,15942000.0
EMP-0342,2025-06,15693000.0,15524000.0
EMP-0342,2025-07,15790000.0,15610000.0
EMP-0342,2025-08,15433000.0,15243000.0
EMP-0342,2025-09,15148000.0,15165000.0
EMP-0342,2025-10,15918000.0,15986000.0
EMP-0342,2025-11,15349000.0,15407000.0
EMP-0342,2025-12,15304000.0,15198000.0
EMP-0343,2025-01,33354000.0,32955000.0
EMP-0343,2025-02,31965000.0,32108000.0
EMP-0343,2025-03,33122000.0,33257000.0
EMP-0343,2025-04,35912000.0,36308000.0
EMP-0343,2025-05,34816000.0,34409000.0
EMP-0343,2025-06,33906000.0,33852000.0
EMP-0343,2025-07,34120000.0,34274000.0
EMP-0343,2025-08,35596000.0,35064000.0
EMP-0343,2025-09,34727000.0,34672000.0
EMP-0343,2025-10,35715000.0,35106000.0
EMP-0343,2025-11,33796000.0,33619000.0
EMP-0343,2025-12,34287000.0,34762000.0
EMP-0344,2025-01,27510000.0,28069000.0
EMP-0344,2025-02,28412000.0,28453000.0
EMP-0344,2025-03,28399000.0,28501000.0
EMP-0344,2025-04,28785000.0,28798000.0
EMP-0344,2025-05,29226000.0,29497000.0
EMP-0344,2025-06,29882000.0,30138000.0
EMP-0344,2025-07,28202000.0,27779000.0
EMP-0344,2025-08,29429000.0,29597000.0
EMP-0344,2025-09,28540000.0,28195000.0
EMP-0344,2025-10,28577000.0,28911000.0
EMP-0344,2025-11,28137000.0,28456000.0
EMP-0344,2025-12,27929000.0,27487000.0
EMP-0345,2025-01,39557000.0,39957000.0
EMP-0345,2025-02,39278000.0,38848000.0
EMP-0345,2025-03,39929000.0,39861000.0
EMP-0345,2025-04,39764000.0,39264000.0
EMP-0345,2025-05,38292000.0,38486000.0
EMP-0345,2025-06,38732000.0,39341000.0
EMP-0345,2025-07,38092000.0,38021000.0
EMP-0345,2025-08,37300000.0,37100000.0
EMP-0345,2025-09,37403000.0,37390000.0
EMP-0345,2025-10,35813000.0,36335000.0
EMP-0345,2025-11,35679000.0,36037000.0
EMP-0345,2025-12,35817000.0,36315000.0
EMP-0346,2025-01,42875000.0,42861000.0
EMP-0346,2025-02,42914000.0,41988000.0
EMP-0346,2025-03,41988000.0,41236000.0
EMP-0346,2025-04,43121000.0,43038000.0
EMP-0346,2025-05,43602000.0,42988000.0
EMP-0346,2025-06,43653000.0,43964000.0
EMP-0346,2025-07,43649000.0,43549000.0
EMP-0346,2025-08,42786000.0,42006000.0
EMP-0346,2025-09,45196000.0,45350000.0
EMP-0346,2025-10,44416000.0,44085000.0
EMP-0346,2025-11,43577000.0,43488000.0
EMP-0346,2025-12,45568000.0,46042000.0
EMP-0347,2025-01,22305000.0,22588000.0
EMP-0347,2025-02,22769000.0,23063000.0
EMP-0347,2025-03,23201000.0,23363000.0
EMP-0347,2025-04,22744000.0,23151000.0
EMP-0347,2025-05,23256000.0,23185000.0
EMP-0347,2025-06,22664000.0,22624000.0
EMP-0347,2025-07,22853000.0,22699000.0
EMP-0347,2025-08,22678000.0,22695000.0
EMP-0347,2025-09,21750000.0,21750000.0
EMP-0347,2025-10,21307000.0,21344000.0
EMP-0347,2025-11,22638000.0,22632000.0
EMP-0347,2025-12,22773000.0,22986000.0
EMP-0348,2025-01,36407000.0,36433000.0
EMP-0348,2025-02,37225000.0,37196000.0
EMP-0348,2025-03,36808000.0,36956000.0
EMP-0348,2025-04,38126000.0,37649000.0
EMP-0348,2025-05,36958000.0,36515000.0
EMP-0348,2025-06,37133000.0,37047000.0
EMP-0348,2025-07,38473000.0,38711000.0
EMP-0348,2025-08,37065000.0,37082000.0
EMP-0348,2025-09,39002000.0,38889000.0
EMP-0348,2025-10,38081000.0,38139000.0
EMP-0348,2025-11,40209000.0,40679000.0
EMP-0348,2025-12,39045000.0,38618000.0
EMP-0349,2025-01,27898000.0,27932000.0
EMP-0349,2025-02,27949000.0,27633000.0
EMP-0349,2025-03,27121000.0,26887000.0
EMP-0349,2025-04,26194000.0,26219000.0
EMP-0349,2025-05,26078000.0,26297000.0
EMP-0349,2025-06,25934000.0,25992000.0
EMP-0349,2025-07,27239000.0,27418000.0
EMP-0349,2025-08,27179000.0,27244000.0
EMP-0349,2025-09,27168000.0,27550000.0
EMP-0349,2025-10,27122000.0,27294000.0
EMP-0349,2025-11,25495000.0,25472000.0
EMP-0349,2025-12,27115000.0,27378000.0
EMP-0350,2025-01,37503000.0,37526000.0
EMP-0350,2025-02,38918000.0,39153000.0
EMP-0350,2025-03,39493000.0,39872000.0
EMP-0350,2025-04,39861000.0,40487000.0
EMP-0350,2025-05,40492000.0,41213000.0
EMP-0350,2025-06,41216000.0,33570000.0
EMP-0350,2025-07,39909000.0,32505000.0
EMP-0350,2025-08,39930000.0,32523000.0
EMP-0350,2025-09,40303000.0,32826000.0
EMP-0350,2025-10,40135000.0,32690000.0
EMP-0350,2025-11,41563000.0,33853000.0
EMP-0350,2025-12,41652000.0,33925000.0
EMP-0351,2025-01,28830000.0,29020000.0
EMP-0351,2025-02,29590000.0,29398000.0
EMP-0351,2025-03,29160000.0,29285000.0
EMP-0351,2025-04,29313000.0,28881000.0
EMP-0351,2025-05,28827000.0,28744000.0
EMP-0351,2025-06,28167000.0,28397000.0
EMP-0351,2025-07,27350000.0,27323000.0
EMP-0351,2025-08,27561000.0,27945000.0
EMP-0351,2025-09,27414000.0,27603000.0
EMP-0351,2025-10,27060000.0,26561000.0
EMP-0351,2025-11,27558000.0,27651000.0
EMP-0351,2025-12,27779000.0,27786000.0
EMP-0352,2025-01,14927000.0,15118000.0
EMP-0352,2025-02,15192000.0,14995000.0
EMP-0352,2025-03,15150000.0,15299000.0
EMP-0352,2025-04,15663000.0,15894000.0
EMP-0352,2025-05,15384000.0,15615000.0
EMP-0352,2025-06,15083000.0,15066000.0
EMP-0352,2025-07,14758000.0,14894000.0
EMP-0352,2025-08,14635000.0,14693000.0
EMP-0352,2025-09,14737000.0,15014000.0
EMP-0352,2025-10,14932000.0,15064000.0
EMP-0352,2025-11,15221000.0,15253000.0
EMP-0352,2025-12,14500000.0,14538000.0
EMP-0353,2025-01,43101000.0,42658000.0
EMP-0353,2025-02,42946000.0,42724000.0
EMP-0353,2025-03,43634000.0,43623000.0
EMP-0353,2025-04,42185000.0,42506000.0
EMP-0353,2025-05,43107000.0,42492000.0
EMP-0353,2025-06,42270000.0,42453000.0
EMP-0353,2025-07,41506000.0,41211000.0
EMP-0353,2025-08,40936000.0,40379000.0
EMP-0353,2025-09,40486000.0,40113000.0
EMP-0353,2025-10,38903000.0,38953000.0
EMP-0353,2025-11,40739000.0,40909000.0
EMP-0353,2025-12,39995000.0,40163000.0
EMP-0354,2025-01,20832000.0,20784000.0
EMP-0354,2025-02,20512000.0,20452000.0
EMP-0354,2025-03,21246000.0,21282000.0
EMP-0354,2025-04,21998000.0,21635000.0
EMP-0354,2025-05,21433000.0,21467000.0
EMP-0354,2025-06,21156000.0,21247000.0
EMP-0354,2025-07,21579000.0,21328000.0
EMP-0354,2025-08,21254000.0,21469000.0
EMP-0354,2025-09,21159000.0,16169000.0
EMP-0354,2025-10,20638000.0,15771000.0
EMP-0354,2025-11,21480000.0,16414000.0
EMP-0354,2025-12,21678000.0,16565000.0
EMP-0355,2025-01,32181000.0,32186000.0
EMP-0355,2025-02,32957000.0,32848000.0
EMP-0355,2025-03,31807000.0,32101000.0
EMP-0355,2025-04,33009000.0,32532000.0
EMP-0355,2025-05,33075000.0,33323000.0
EMP-0355,2025-06,32543000.0,32734000.0
EMP-0355,2025-07,21202000.0,21211000.0
EMP-0355,2025-08,20962000.0,21035000.0
EMP-0355,2025-09,21352000.0,21002000.0
EMP-0355,2025-10,20543000.0,20520000.0
EMP-0355,2025-11,20815000.0,20791000.0
EMP-0355,2025-12,20573000.0,20917000.0
EMP-0356,2025-01,11346000.0,11263000.0
EMP-0356,2025-02,11348000.0,11138000.0
EMP-0356,2025-03,10958000.0,10978000.0
EMP-0356,2025-04,10811000.0,10806000.0
EMP-0356,2025-05,10953000.0,10904000.0
EMP-0356,2025-06,10458000.0,10309000.0
EMP-0356,2025-07,10488000.0,10394000.0
EMP-0356,2025-08,10077000.0,10024000.0
EMP-0356,2025-09,9665000.0,9655000.0
EMP-0356,2025-10,10063000.0,9871000.0
EMP-0356,2025-11,9918000.0,10053000.0
EMP-0356,2025-12,9845000.0,9995000.0
EMP-0357,2025-01,41124000.0,40682000.0
EMP-0357,2025-02,39050000.0,38522000.0
EMP-0357,2025-03,38573000.0,38188000.0
EMP-0357,2025-04,38216000.0,38467000.0
EMP-0357,2025-05,39685000.0,39623000.0
EMP-0357,2025-06,40264000.0,40220000.0
EMP-0357,2025-07,41425000.0,42149000.0
EMP-0357,2025-08,38147000.0,38245000.0
EMP-0357,2025-09,38335000.0,38742000.0
EMP-0357,2025-10,38466000.0,38798000.0
EMP-0357,2025-11,37083000.0,37199000.0
EMP-0357,2025-12,38132000.0,37677000.0
EMP-0358,2025-01,34616000.0,34629000.0
EMP-0358,2025-02,34867000.0,34673000.0
EMP-0358,2025-03,36820000.0,36959000.0
EMP-0358,2025-04,36086000.0,36443000.0
EMP-0358,2025-05,36886000.0,36486000.0
EMP-0358,2025-06,36561000.0,36554000.0
EMP-0358,2025-07,35958000.0,36341000.0
EMP-0358,2025-08,36468000.0,37073000.0
EMP-0358,2025-09,35768000.0,35210000.0
EMP-0358,2025-10,36294000.0,36206000.0
EMP-0358,2025-11,36430000.0,36541000.0
EMP-0358,2025-12,34251000.0,34254000.0
EMP-0359,2025-01,25919000.0,25757000.0
EMP-0359,2025-02,25739000.0,25295000.0
EMP-0359,2025-03,27019000.0,26981000.0
EMP-0359,2025-04,26643000.0,26299000.0
EMP-0359,2025-05,25589000.0,25552000.0
EMP-0359,2025-06,25863000.0,26101000.0
EMP-0359,2025-07,26325000.0,26611000.0
EMP-0359,2025-08,26543000.0,26675000.0
EMP-0359,2025-09,26089000.0,26626000.0
EMP-0359,2025-10,25002000.0,25433000.0
EMP-0359,2025-11,24985000.0,24718000.0
EMP-0359,2025-12,26366000.0,26384000.0
EMP-0360,2025-01,36868000.0,37376000.0
EMP-0360,2025-02,37866000.0,38183000.0
EMP-0360,2025-03,37631000.0,38092000.0
EMP-0360,2025-04,37027000.0,37083000.0
EMP-0360,2025-05,37544000.0,36616000.0
EMP-0360,2025-06,37168000.0,37633000.0
EMP-0360,2025-07,37964000.0,38121000.0
EMP-0360,2025-08,37869000.0,37562000.0
EMP-0360,2025-09,37853000.0,37740000.0
EMP-0360,2025-10,37573000.0,37717000.0
EMP-0360,2025-11,37569000.0,37052000.0
EMP-0360,2025-12,37453000.0,38064000.0
EMP-0361,2025-01,20812000.0,20747000.0
EMP-0361,2025-02,20619000.0,20414000.0
EMP-0361,2025-03,20694000.0,21071000.0
EMP-0361,2025-04,20947000.0,20699000.0
EMP-0361,2025-05,20464000.0,20331000.0
EMP-0361,2025-06,21028000.0,21061000.0
EMP-0361,2025-07,20995000.0,21003000.0
EMP-0361,2025-08,20045000.0,20021000.0
EMP-0361,2025-09,20001000.0,14316000.0
EMP-0361,2025-10,20250000.0,14494000.0
EMP-0361,2025-11,19624000.0,14046000.0
EMP-0361,2025-12,19893000.0,14239000.0
EMP-0362,2025-01,26381000.0,26907000.0
EMP-0362,2025-02,25502000.0,25384000.0
EMP-0362,2025-03,25062000.0,24863000.0
EMP-0362,2025-04,24794000.0,24947000.0
EMP-0362,2025-05,24963000.0,25015000.0
EMP-0362,2025-06,24079000.0,23458000.0
EMP-0362,2025-07,24417000.0,24266000.0
EMP-0362,2025-08,24630000.0,24082000.0
EMP-0362,2025-09,24819000.0,24664000.0
EMP-0362,2025-10,23591000.0,23753000.0
EMP-0362,2025-11,25032000.0,25110000.0
EMP-0362,2025-12,25342000.0,24829000.0
EMP-0363,2025-01,13224000.0,13182000.0
EMP-0363,2025-02,13136000.0,13188000.0
EMP-0363,2025-03,13080000.0,13219000.0
EMP-0363,2025-04,12826000.0,12835000.0
EMP-0363,2025-05,13272000.0,13316000.0
EMP-0363,2025-06,13145000.0,13068000.0
EMP-0363,2025-07,13809000.0,13726000.0
EMP-0363,2025-08,13475000.0,13406000.0
EMP-0363,2025-09,13314000.0,13316000.0
EMP-0363,2025-10,13216000.0,13005000.0
EMP-0363,2025-11,13338000.0,13171000.0
EMP-0363,2025-12,13232000.0,13288000.0
EMP-0364,2025-01,36730000.0,36686000.0
EMP-0364,2025-02,36748000.0,36386000.0
EMP-0364,2025-03,35261000.0,35282000.0
EMP-0364,2025-04,35258000.0,35017000.0
EMP-0364,2025-05,35461000.0,35587000.0
EMP-0364,2025-06,34188000.0,34238000.0
EMP-0364,2025-07,33562000.0,33492000.0
EMP-0364,2025-08,33982000.0,33604000.0
EMP-0364,2025-09,32871000.0,32601000.0
EMP-0364,2025-10,32049000.0,31822000.0
EMP-0364,2025-11,31803000.0,31435000.0
EMP-0364,2025-12,32460000.0,32481000.0
EMP-0365,2025-01,30239000.0,30316000.0
EMP-0365,2025-02,30175000.0,30502000.0
EMP-0365,2025-03,29791000.0,29755000.0
EMP-0365,2025-04,27997000.0,28009000.0
EMP-0365,2025-05,29882000.0,29646000.0
EMP-0365,2025-06,29585000.0,29514000.0
EMP-0365,2025-07,29418000.0,29533000.0
EMP-0365,2025-08,29706000.0,29679000.0
EMP-0365,2025-09,29479000.0,30130000.0
EMP-0365,2025-10,30229000.0,29965000.0
EMP-0365,2025-11,30448000.0,29935000.0
EMP-0365,2025-12,29930000.0,29680000.0
EMP-0366,2025-11,42116000.0,42772000.0
EMP-0366,2025-12,41944000.0,42543000.0
EMP-0367,2025-01,24660000.0,24582000.0
EMP-0367,2025-02,24624000.0,24643000.0
EMP-0367,2025-03,24042000.0,24298000.0
EMP-0367,2025-04,24460000.0,24752000.0
EMP-0367,2025-05,24855000.0,24301000.0
EMP-0367,2025-06,24852000.0,24933000.0
EMP-0367,2025-07,25662000.0,26047000.0
EMP-0367,2025-08,25780000.0,25893000.0
EMP-0367,2025-09,25801000.0,25319000.0
EMP-0367,2025-10,24873000.0,25417000.0
EMP-0367,2025-11,25346000.0,25524000.0
EMP-0367,2025-12,25956000.0,25582000.0
EMP-0368,2025-01,41125000.0,40902000.0
EMP-0368,2025-02,40843000.0,41148000.0
EMP-0368,2025-03,38434000.0,38283000.0
EMP-0368,2025-04,39336000.0,39877000.0
EMP-0368,2025-05,37978000.0,38318000.0
EMP-0368,2025-06,37179000.0,37356000.0
EMP-0368,2025-07,37839000.0,37522000.0
EMP-0368,2025-08,38446000.0,38579000.0
EMP-0368,2025-09,40439000.0,41310000.0
EMP-0368,2025-10,41248000.0,41525000.0
EMP-0368,2025-11,39795000.0,40093000.0
EMP-0368,2025-12,40711000.0,40154000.0
EMP-0369,2025-01,29712000.0,29603000.0
EMP-0369,2025-02,28174000.0,28188000.0
EMP-0369,2025-03,27780000.0,27805000.0
EMP-0369,2025-04,26521000.0,26792000.0
EMP-0369,2025-05,26178000.0,25885000.0
EMP-0369,2025-06,26175000.0,26246000.0
EMP-0369,2025-07,26360000.0,26398000.0
EMP-0369,2025-08,25094000.0,25444000.0
EMP-0369,2025-09,24851000.0,24916000.0
EMP-0369,2025-10,25921000.0,25783000.0
EMP-0369,2025-11,25907000.0,25364000.0
EMP-0369,2025-12,25545000.0,25509000.0
EMP-0370,2025-01,15471000.0,15478000.0
EMP-0370,2025-02,15550000.0,15534000.0
EMP-0370,2025-03,15646000.0,15848000.0
EMP-0370,2025-04,15166000.0,15271000.0
EMP-0370,2025-05,15741000.0,15661000.0
EMP-0370,2025-06,15521000.0,15434000.0
EMP-0370,2025-07,15606000.0,15635000.0
EMP-0370,2025-08,16112000.0,15939000.0
EMP-0370,2025-09,16069000.0,16034000.0
EMP-0370,2025-10,16170000.0,16169000.0
EMP-0370,2025-11,15563000.0,15450000.0
EMP-0370,2025-12,15888000.0,15851000.0
EMP-0371,2025-01,16725000.0,16584000.0
EMP-0371,2025-02,16372000.0,16788000.0
EMP-0371,2025-03,15776000.0,16043000.0
EMP-0371,2025-04,15662000.0,15616000.0
EMP-0371,2025-05,15799000.0,15640000.0
EMP-0371,2025-06,16402000.0,15915000.0
EMP-0371,2025-07,15430000.0,15209000.0
EMP-0371,2025-08,16082000.0,16236000.0
EMP-0371,2025-09,16666000.0,16644000.0
EMP-0371,2025-10,16674000.0,16719000.0
EMP-0371,2025-11,16180000.0,16272000.0
EMP-0371,2025-12,16494000.0,16422000.0
EMP-0372,2025-01,12620000.0,12764000.0
EMP-0372,2025-02,13020000.0,13086000.0
EMP-0372,2025-03,12512000.0,12488000.0
EMP-0372,2025-04,12300000.0,12288000.0
EMP-0372,2025-05,12180000.0,12316000.0
EMP-0372,2025-06,11864000.0,11959000.0
EMP-0372,2025-07,11647000.0,11475000.0
EMP-0372,2025-08,11910000.0,12059000.0
EMP-0372,2025-09,12081000.0,12117000.0
EMP-0372,2025-10,12533000.0,12480000.0
EMP-0372,2025-11,12212000.0,12104000.0
EMP-0372,2025-12,11873000.0,11845000.0
EMP-0373,2025-01,8159000.0,8157000.0
EMP-0373,2025-02,7892000.0,7820000.0
EMP-0373,2025-03,7686000.0,7710000.0
EMP-0373,2025-04,7842000.0,7749000.0
EMP-0373,2025-05,7890000.0,7698000.0
EMP-0373,2025-06,7995000.0,8000000.0
EMP-0373,2025-07,8158000.0,8202000.0
EMP-0373,2025-08,8288000.0,8361000.0
EMP-0373,2025-09,8128000.0,8224000.0
EMP-0373,2025-10,8193000.0,8059000.0
EMP-0373,2025-11,8225000.0,8244000.0
EMP-0373,2025-12,8342000.0,8417000.0
EMP-0374,2025-01,24330000.0,24344000.0
EMP-0374,2025-02,24196000.0,24181000.0
EMP-0374,2025-03,24289000.0,24408000.0
EMP-0374,2025-04,25370000.0,25652000.0
EMP-0374,2025-05,24408000.0,24412000.0
EMP-0374,2025-06,24263000.0,24332000.0
EMP-0374,2025-07,24134000.0,23967000.0
EMP-0374,2025-08,22731000.0,22548000.0
EMP-0374,2025-09,23045000.0,22695000.0
EMP-0374,2025-10,23963000.0,23524000.0
EMP-0374,2025-11,23803000.0,23935000.0
EMP-0374,2025-12,22594000.0,22561000.0
EMP-0375,2025-01,124888000.0,124701000.0
EMP-0375,2025-02,119377000.0,120232000.0
EMP-0375,2025-03,124125000.0,126415000.0
EMP-0375,2025-04,125263000.0,125385000.0
EMP-0375,2025-05,126833000.0,125309000.0
EMP-0375,2025-06,128884000.0,128966000.0
EMP-0375,2025-07,121873000.0,122924000.0
EMP-0375,2025-08,121832000.0,119707000.0
EMP-0375,2025-09,123919000.0,125390000.0
EMP-0375,2025-10,124153000.0,123013000.0
EMP-0375,2025-11,117512000.0,119181000.0
EMP-0375,2025-12,120686000.0,120519000.0
EMP-0376,2025-01,61469000.0,60889000.0
EMP-0376,2025-02,59580000.0,59915000.0
EMP-0376,2025-03,59387000.0,58977000.0
EMP-0376,2025-04,57298000.0,55955000.0
EMP-0376,2025-05,56922000.0,56765000.0
EMP-0376,2025-06,57951000.0,58907000.0
EMP-0376,2025-07,59187000.0,58722000.0
EMP-0376,2025-08,60744000.0,59699000.0
EMP-0376,2025-09,57336000.0,56723000.0
EMP-0376,2025-10,60140000.0,59786000.0
EMP-0376,2025-11,56877000.0,57736000.0
EMP-0376,2025-12,57334000.0,56330000.0
EMP-0377,2025-01,60353000.0,60161000.0
EMP-0377,2025-02,58859000.0,58079000.0
EMP-0377,2025-03,58920000.0,59192000.0
EMP-0377,2025-04,58410000.0,59031000.0
EMP-0377,2025-05,56658000.0,56894000.0
EMP-0377,2025-06,55030000.0,55123000.0
EMP-0377,2025-07,57206000.0,56536000.0
EMP-0377,2025-08,58107000.0,57854000.0
EMP-0377,2025-09,57251000.0,57277000.0
EMP-0377,2025-10,58296000.0,59108000.0
EMP-0377,2025-11,59830000.0,59094000.0
EMP-0377,2025-12,60636000.0,60180000.0
EMP-0378,2025-01,89772000.0,90000000.0
EMP-0378,2025-02,88690000.0,89820000.0
EMP-0378,2025-03,87649000.0,87059000.0
EMP-0378,2025-04,84131000.0,86000000.0
EMP-0378,2025-05,79855000.0,79343000.0
EMP-0378,2025-06,84829000.0,83873000.0
EMP-0378,2025-07,83602000.0,83298000.0
EMP-0378,2025-08,88866000.0,88111000.0
EMP-0378,2025-09,90593000.0,90729000.0
EMP-0378,2025-10,92724000.0,93489000.0
EMP-0378,2025-11,90820000.0,91505000.0
EMP-0378,2025-12,89440000.0,90136000.0
EMP-0379,2025-01,140903000.0,140391000.0
EMP-0379,2025-02,145347000.0,145478000.0
EMP-0379,2025-03,140960000.0,138783000.0
EMP-0379,2025-04,143526000.0,142037000.0
EMP-0379,2025-05,139858000.0,141230000.0
EMP-0379,2025-06,148014000.0,147711000.0
EMP-0379,2025-07,151739000.0,151658000.0
EMP-0379,2025-08,153238000.0,153801000.0
EMP-0379,2025-09,157262000.0,153897000.0
EMP-0379,2025-10,156455000.0,156931000.0
EMP-0379,2025-11,158480000.0,157759000.0
EMP-0379,2025-12,156051000.0,157286000.0
EMP-0380,2025-01,65814000.0,65742000.0
EMP-0380,2025-02,66046000.0,65404000.0
EMP-0380,2025-03,64922000.0,64756000.0
EMP-0380,2025-04,66460000.0,65645000.0
EMP-0380,2025-05,67207000.0,68088000.0
EMP-0380,2025-06,65189000.0,65430000.0
EMP-0380,2025-07,65971000.0,66691000.0
EMP-0380,2025-08,62904000.0,63456000.0
EMP-0380,2025-09,63021000.0,62536000.0
EMP-0380,2025-10,62616000.0,62720000.0
EMP-0380,2025-11,62295000.0,62521000.0
EMP-0380,2025-12,65610000.0,66067000.0
EMP-0381,2025-01,115581000.0,116386000.0
EMP-0381,2025-02,115313000.0,114787000.0
EMP-0381,2025-03,109768000.0,110448000.0
EMP-0381,2025-04,109177000.0,109557000.0
EMP-0381,2025-05,113552000.0,112546000.0
EMP-0381,2025-06,113752000.0,113057000.0
EMP-0381,2025-07,113730000.0,114428000.0
EMP-0381,2025-08,118980000.0,118878000.0
EMP-0381,2025-09,111930000.0,111829000.0
EMP-0381,2025-10,107195000.0,106457000.0
EMP-0381,2025-11,107630000.0,108764000.0
EMP-0381,2025-12,103850000.0,105231000.0
EMP-0382,2025-01,114466000.0,113772000.0
EMP-0382,2025-02,118813000.0,119782000.0
EMP-0382,2025-03,117802000.0,118556000.0
EMP-0382,2025-04,120910000.0,120282000.0
EMP-0382,2025-05,121565000.0,120909000.0
EMP-0382,2025-06,122682000.0,123541000.0
EMP-0382,2025-07,123777000.0,121646000.0
EMP-0382,2025-08,121249000.0,118669000.0
EMP-0382,2025-09,122251000.0,123787000.0
EMP-0382,2025-10,124097000.0,124159000.0
EMP-0382,2025-11,122929000.0,123462000.0
EMP-0382,2025-12,121304000.0,124289000.0
EMP-0383,2025-01,106976000.0,107217000.0
EMP-0383,2025-02,108463000.0,108936000.0
EMP-0383,2025-03,108993000.0,108765000.0
EMP-0383,2025-04,106191000.0,105725000.0
EMP-0383,2025-05,107548000.0,106292000.0
EMP-0383,2025-06,106167000.0,106794000.0
EMP-0383,2025-07,105514000.0,105641000.0
EMP-0383,2025-08,106589000.0,105580000.0
EMP-0383,2025-09,108628000.0,109687000.0
EMP-0383,2025-10,113947000.0,113368000.0
EMP-0383,2025-11,112212000.0,112337000.0
EMP-0383,2025-12,118453000.0,119132000.0
EMP-0384,2025-01,127037000.0,127352000.0
EMP-0384,2025-02,131257000.0,131036000.0
EMP-0384,2025-03,132033000.0,130287000.0
EMP-0384,2025-04,129148000.0,129472000.0
EMP-0384,2025-05,129495000.0,130798000.0
EMP-0384,2025-06,133328000.0,131825000.0
EMP-0384,2025-07,133362000.0,131605000.0
EMP-0384,2025-08,132663000.0,134640000.0
EMP-0384,2025-09,136280000.0,134952000.0
EMP-0384,2025-10,133724000.0,132998000.0
EMP-0384,2025-11,134634000.0,134241000.0
EMP-0384,2025-12,134199000.0,135319000.0
EMP-0385,2025-01,111862000.0,110282000.0
EMP-0385,2025-02,115050000.0,114735000.0
EMP-0385,2025-03,111931000.0,110647000.0
EMP-0385,2025-04,115698000.0,118092000.0
EMP-0385,2025-05,112746000.0,112069000.0
EMP-0385,2025-06,109959000.0,108890000.0
EMP-0385,2025-07,113147000.0,112341000.0
EMP-0385,2025-08,114777000.0,114567000.0
EMP-0385,2025-09,111583000.0,111756000.0
EMP-0385,2025-10,112059000.0,112858000.0
EMP-0385,2025-11,112702000.0,111806000.0
EMP-0385,2025-12,113474000.0,112614000.0
EMP-0386,2025-01,146090000.0,143071000.0
EMP-0386,2025-02,155152000.0,153477000.0
EMP-0386,2025-03,151382000.0,150451000.0
EMP-0386,2025-04,148513000.0,150804000.0
EMP-0386,2025-05,148643000.0,148755000.0
EMP-0386,2025-06,147904000.0,147391000.0
EMP-0386,2025-07,143507000.0,145712000.0
EMP-0386,2025-08,146532000.0,146144000.0
EMP-0386,2025-09,147038000.0,145805000.0
EMP-0386,2025-10,147242000.0,146051000.0
EMP-0386,2025-11,140970000.0,139406000.0
EMP-0386,2025-12,147467000.0,146286000.0
EMP-0387,2025-01,66186000.0,66221000.0
EMP-0387,2025-02,67472000.0,67341000.0
EMP-0387,2025-03,67330000.0,68036000.0
EMP-0387,2025-04,65993000.0,66215000.0
EMP-0387,2025-05,68290000.0,68964000.0
EMP-0387,2025-06,66861000.0,67787000.0
EMP-0387,2025-07,69201000.0,53540000.0
EMP-0387,2025-08,67995000.0,52607000.0
EMP-0387,2025-09,67687000.0,52369000.0
EMP-0387,2025-10,67672000.0,52357000.0
EMP-0387,2025-11,68218000.0,52779000.0
EMP-0387,2025-12,68539000.0,53028000.0
EMP-0388,2025-01,111592000.0,113862000.0
EMP-0388,2025-02,115929000.0,115442000.0
EMP-0388,2025-03,109059000.0,109505000.0
EMP-0388,2025-04,116497000.0,114886000.0
EMP-0388,2025-05,111387000.0,111576000.0
EMP-0388,2025-06,115417000.0,116281000.0
EMP-0388,2025-07,116114000.0,117677000.0
EMP-0388,2025-08,113176000.0,110091000.0
EMP-0388,2025-09,113901000.0,112258000.0
EMP-0388,2025-10,118032000.0,117483000.0
EMP-0388,2025-11,114474000.0,111863000.0
EMP-0388,2025-12,119454000.0,119694000.0
EMP-0389,2025-01,61797000.0,62872000.0
EMP-0389,2025-02,63127000.0,62933000.0
EMP-0389,2025-03,61040000.0,61567000.0
EMP-0389,2025-04,58481000.0,58492000.0
EMP-0389,2025-05,58948000.0,58456000.0
EMP-0389,2025-06,59509000.0,58815000.0
EMP-0389,2025-07,59407000.0,59815000.0
EMP-0389,2025-08,59470000.0,59870000.0
EMP-0389,2025-09,59017000.0,59052000.0
EMP-0389,2025-10,56101000.0,56224000.0
EMP-0389,2025-11,56283000.0,57331000.0
EMP-0389,2025-12,59200000.0,60116000.0
EMP-0390,2025-01,132493000.0,130784000.0
EMP-0390,2025-02,135642000.0,133533000.0
EMP-0390,2025-03,130088000.0,130985000.0
EMP-0390,2025-04,135834000.0,133707000.0
EMP-0390,2025-05,138367000.0,138933000.0
EMP-0390,2025-06,143511000.0,145007000.0
EMP-0390,2025-07,142342000.0,141301000.0
EMP-0390,2025-08,143899000.0,143833000.0
EMP-0390,2025-09,139975000.0,140870000.0
EMP-0390,2025-10,140404000.0,139748000.0
EMP-0390,2025-11,140947000.0,142238000.0
EMP-0390,2025-12,139651000.0,139307000.0
EMP-0391,2025-01,143134000.0,143772000.0
EMP-0391,2025-02,139946000.0,137827000.0
EMP-0391,2025-03,140058000.0,140147000.0
EMP-0391,2025-04,141817000.0,142550000.0
EMP-0391,2025-05,143308000.0,142373000.0
EMP-0391,2025-06,137456000.0,136490000.0
EMP-0391,2025-07,143128000.0,144585000.0
EMP-0391,2025-08,135117000.0,136052000.0
EMP-0391,2025-09,132114000.0,132317000.0
EMP-0391,2025-10,131201000.0,131953000.0
EMP-0391,2025-11,130988000.0,128845000.0
EMP-0391,2025-12,137258000.0,137344000.0
EMP-0392,2025-01,108478000.0,107535000.0
EMP-0392,2025-02,111640000.0,111599000.0
EMP-0392,2025-03,108677000.0,107043000.0
EMP-0392,2025-04,114207000.0,114873000.0
EMP-0392,2025-05,112179000.0,110944000.0
EMP-0392,2025-06,110495000.0,113386000.0
EMP-0392,2025-07,114189000.0,114096000.0
EMP-0392,2025-08,113790000.0,113222000.0
EMP-0392,2025-09,111035000.0,110840000.0
EMP-0392,2025-10,110257000.0,108363000.0
EMP-0392,2025-11,109080000.0,108949000.0
EMP-0392,2025-12,112228000.0,113237000.0
EMP-0393,2025-01,86109000.0,86509000.0
EMP-0393,2025-02,83493000.0,83065000.0
EMP-0393,2025-03,81762000.0,82910000.0
EMP-0393,2025-04,81653000.0,81153000.0
EMP-0393,2025-05,77853000.0,77539000.0
EMP-0393,2025-06,74100000.0,54451000.0
EMP-0393,2025-07,76331000.0,56091000.0
EMP-0393,2025-08,76712000.0,56370000.0
EMP-0393,2025-09,75641000.0,55583000.0
EMP-0393,2025-10,76132000.0,55944000.0
EMP-0393,2025-11,77987000.0,57307000.0
EMP-0393,2025-12,79453000.0,58385000.0
EMP-0394,2025-01,44221000.0,44639000.0
EMP-0394,2025-02,43875000.0,43226000.0
EMP-0394,2025-03,43371000.0,43488000.0
EMP-0394,2025-04,42514000.0,42527000.0
EMP-0394,2025-05,42846000.0,43248000.0
EMP-0394,2025-06,43492000.0,43598000.0
EMP-0394,2025-07,42846000.0,43296000.0
EMP-0394,2025-08,42922000.0,43255000.0
EMP-0394,2025-09,45974000.0,46196000.0
EMP-0394,2025-10,45936000.0,46355000.0
EMP-0394,2025-11,46409000.0,46207000.0
EMP-0394,2025-12,46484000.0,46337000.0
EMP-0395,2025-01,108413000.0,110008000.0
EMP-0395,2025-02,104023000.0,105142000.0
EMP-0395,2025-03,107574000.0,108418000.0
EMP-0395,2025-04,106153000.0,106661000.0
EMP-0395,2025-05,106311000.0,104465000.0
EMP-0395,2025-06,106102000.0,106586000.0
EMP-0395,2025-07,104098000.0,103882000.0
EMP-0395,2025-08,104537000.0,105699000.0
EMP-0395,2025-09,104474000.0,104134000.0
EMP-0395,2025-10,108338000.0,105273000.0
EMP-0395,2025-11,106639000.0,107208000.0
EMP-0395,2025-12,105686000.0,105390000.0
EMP-0396,2025-01,82304000.0,82142000.0
EMP-0396,2025-02,78775000.0,78784000.0
EMP-0396,2025-03,82413000.0,83501000.0
EMP-0396,2025-04,79546000.0,81303000.0
EMP-0396,2025-05,81993000.0,82031000.0
EMP-0396,2025-06,78864000.0,78152000.0
EMP-0396,2025-07,80083000.0,78168000.0
EMP-0396,2025-08,82990000.0,84532000.0
EMP-0396,2025-09,84425000.0,86288000.0
EMP-0396,2025-10,84858000.0,83717000.0
EMP-0396,2025-11,83137000.0,83345000.0
EMP-0396,2025-12,83222000.0,83295000.0
EMP-0397,2025-01,123653000.0,121564000.0
EMP-0397,2025-02,122145000.0,122542000.0
EMP-0397,2025-03,120694000.0,121449000.0
EMP-0397,2025-04,119679000.0,119330000.0
EMP-0397,2025-05,117233000.0,117423000.0
EMP-0397,2025-06,114617000.0,115187000.0
EMP-0397,2025-07,107746000.0,107708000.0
EMP-0397,2025-08,111123000.0,110790000.0
EMP-0397,2025-09,116263000.0,115893000.0
EMP-0397,2025-10,114279000.0,114974000.0
EMP-0397,2025-11,112644000.0,113229000.0
EMP-0397,2025-12,114642000.0,115765000.0
EMP-0398,2025-01,122990000.0,123336000.0
EMP-0398,2025-02,117552000.0,118496000.0
EMP-0398,2025-03,124725000.0,126555000.0
EMP-0398,2025-04,127036000.0,125304000.0
EMP-0398,2025-05,126826000.0,127280000.0
EMP-0398,2025-06,125727000.0,126135000.0
EMP-0398,2025-07,124153000.0,123139000.0
EMP-0398,2025-08,119694000.0,120584000.0
EMP-0398,2025-09,117908000.0,117700000.0
EMP-0398,2025-10,126759000.0,126512000.0
EMP-0398,2025-11,126352000.0,124161000.0
EMP-0398,2025-12,121380000.0,121389000.0
EMP-0399,2025-01,82662000.0,82762000.0
EMP-0399,2025-02,80876000.0,81714000.0
EMP-0399,2025-03,82210000.0,83084000.0
EMP-0399,2025-04,85046000.0,84925000.0
EMP-0399,2025-05,82319000.0,59705000.0
EMP-0399,2025-06,84301000.0,61143000.0
EMP-0399,2025-07,87160000.0,63216000.0
EMP-0399,2025-08,86284000.0,62581000.0
EMP-0399,2025-09,85309000.0,61874000.0
EMP-0399,2025-10,84452000.0,61252000.0
EMP-0399,2025-11,90696000.0,65781000.0
EMP-0399,2025-12,92083000.0,66787000.0
EMP-0400,2025-01,102630000.0,101418000.0
EMP-0400,2025-02,106889000.0,108289000.0
EMP-0400,2025-03,108954000.0,109073000.0
EMP-0400,2025-04,109733000.0,108755000.0
EMP-0400,2025-05,109384000.0,110859000.0
EMP-0400,2025-06,104762000.0,105540000.0
EMP-0400,2025-07,108071000.0,106172000.0
EMP-0400,2025-08,104619000.0,104599000.0
EMP-0400,2025-09,102409000.0,103393000.0
EMP-0400,2025-10,100910000.0,99576000.0
EMP-0400,2025-11,104604000.0,103380000.0
EMP-0400,2025-12,105135000.0,104870000.0
EMP-0401,2025-01,56522000.0,56954000.0
EMP-0401,2025-02,56487000.0,57157000.0
EMP-0401,2025-03,57117000.0,57045000.0
EMP-0401,2025-04,56999000.0,56485000.0
EMP-0401,2025-05,57749000.0,57698000.0
EMP-0401,2025-06,57658000.0,56989000.0
EMP-0401,2025-07,57883000.0,58073000.0
EMP-0401,2025-08,55649000.0,55252000.0
EMP-0401,2025-09,54593000.0,53747000.0
EMP-0401,2025-10,55229000.0,55527000.0
EMP-0401,2025-11,55954000.0,55496000.0
EMP-0401,2025-12,56903000.0,56146000.0
EMP-0402,2025-01,109936000.0,110295000.0
EMP-0402,2025-02,114812000.0,113239000.0
EMP-0402,2025-03,113159000.0,111761000.0
EMP-0402,2025-04,118189000.0,116937000.0
EMP-0402,2025-05,116934000.0,118320000.0
EMP-0402,2025-06,112565000.0,112204000.0
EMP-0402,2025-07,110096000.0,110602000.0
EMP-0402,2025-08,110100000.0,111141000.0
EMP-0402,2025-09,113198000.0,112888000.0
EMP-0402,2025-10,112814000.0,112863000.0
EMP-0402,2025-11,114479000.0,115144000.0
EMP-0402,2025-12,114768000.0,114864000.0
EMP-0403,2025-01,129257000.0,128992000.0
EMP-0403,2025-02,133471000.0,133730000.0
EMP-0403,2025-03,126961000.0,126484000.0
EMP-0403,2025-04,129857000.0,128987000.0
EMP-0403,2025-05,129248000.0,128750000.0
EMP-0403,2025-06,126613000.0,125977000.0
EMP-0403,2025-07,129588000.0,130619000.0
EMP-0403,2025-08,130425000.0,128240000.0
EMP-0403,2025-09,129149000.0,130046000.0
EMP-0403,2025-10,129450000.0,132420000.0
EMP-0403,2025-11,127114000.0,127314000.0
EMP-0403,2025-12,126980000.0,126891000.0
EMP-0404,2025-01,106308000.0,105478000.0
EMP-0404,2025-02,109727000.0,107969000.0
EMP-0404,2025-03,108800000.0,108411000.0
EMP-0404,2025-04,106936000.0,106874000.0
EMP-0404,2025-05,113017000.0,110907000.0
EMP-0404,2025-06,108356000.0,107465000.0
EMP-0404,2025-07,107227000.0,106141000.0
EMP-0404,2025-08,109762000.0,110849000.0
EMP-0404,2025-09,105925000.0,106377000.0
EMP-0404,2025-10,107357000.0,107086000.0
EMP-0404,2025-11,109590000.0,109873000.0
EMP-0404,2025-12,107817000.0,107585000.0
EMP-0405,2025-01,49182000.0,49925000.0
EMP-0405,2025-02,46568000.0,46674000.0
EMP-0405,2025-03,46924000.0,46846000.0
EMP-0405,2025-04,46944000.0,46546000.0
EMP-0405,2025-05,46293000.0,46703000.0
EMP-0405,2025-06,44170000.0,42900000.0
EMP-0405,2025-07,47273000.0,46629000.0
EMP-0405,2025-08,48120000.0,48878000.0
EMP-0405,2025-09,47738000.0,46740000.0
EMP-0405,2025-10,46306000.0,45914000.0
EMP-0405,2025-11,45147000.0,45399000.0
EMP-0405,2025-12,46383000.0,46509000.0
EMP-0406,2025-01,116556000.0,116155000.0
EMP-0406,2025-02,115218000.0,114499000.0
EMP-0406,2025-03,113250000.0,112045000.0
EMP-0406,2025-04,115594000.0,115919000.0
EMP-0406,2025-05,112892000.0,112189000.0
EMP-0406,2025-06,112147000.0,109437000.0
EMP-0406,2025-07,116206000.0,114732000.0
EMP-0406,2025-08,110331000.0,110936000.0
EMP-0406,2025-09,103101000.0,104567000.0
EMP-0406,2025-10,106030000.0,106040000.0
EMP-0406,2025-11,105869000.0,105089000.0
EMP-0406,2025-12,106931000.0,107250000.0
EMP-0407,2025-01,89764000.0,89536000.0
EMP-0407,2025-02,86843000.0,87407000.0
EMP-0407,2025-03,88912000.0,90468000.0
EMP-0407,2025-04,85269000.0,84684000.0
EMP-0407,2025-05,82636000.0,84578000.0
EMP-0407,2025-06,85395000.0,84511000.0
EMP-0407,2025-07,89899000.0,88159000.0
EMP-0407,2025-08,85636000.0,85444000.0
EMP-0407,2025-09,89058000.0,87420000.0
EMP-0407,2025-10,85295000.0,84803000.0
EMP-0407,2025-11,86322000.0,85114000.0
EMP-0407,2025-12,85556000.0,85349000.0
EMP-0408,2025-01,76176000.0,76296000.0
EMP-0408,2025-02,77820000.0,77550000.0
EMP-0408,2025-03,79428000.0,79544000.0
EMP-0408,2025-04,79539000.0,79404000.0
EMP-0408,2025-05,80506000.0,79447000.0
EMP-0408,2025-06,80315000.0,79742000.0
EMP-0408,2025-07,77265000.0,76414000.0
EMP-0408,2025-08,77314000.0,77095000.0
EMP-0408,2025-09,78124000.0,77921000.0
EMP-0408,2025-10,76159000.0,76367000.0
EMP-0408,2025-11,74916000.0,73979000.0
EMP-0408,2025-12,77629000.0,77611000.0
EMP-0409,2025-01,2956000.0,2933000.0
EMP-0409,2025-02,2937000.0,2940000.0
EMP-0409,2025-03,3024000.0,3017000.0
EMP-0409,2025-04,2931000.0,2957000.0
EMP-0409,2025-05,2954000.0,2948000.0
EMP-0409,2025-06,2823000.0,2745000.0
EMP-0409,2025-07,2767000.0,2775000.0
EMP-0409,2025-08,2808000.0,2766000.0
EMP-0409,2025-09,2675000.0,2693000.0
EMP-0409,2025-10,2737000.0,2723000.0
EMP-0409,2025-11,2690000.0,2688000.0
EMP-0409,2025-12,2667000.0,2702000.0
EMP-0410,2025-01,5571000.0,5583000.0
EMP-0410,2025-02,5587000.0,5588000.0
EMP-0410,2025-03,5522000.0,5541000.0
EMP-0410,2025-04,5500000.0,5435000.0
EMP-0410,2025-05,5539000.0,5605000.0
EMP-0410,2025-06,5655000.0,5627000.0
EMP-0410,2025-07,5650000.0,5648000.0
EMP-0410,2025-08,5725000.0,5710000.0
EMP-0410,2025-09,5526000.0,5448000.0
EMP-0410,2025-10,5510000.0,5401000.0
EMP-0410,2025-11,5417000.0,5405000.0
EMP-0410,2025-12,5570000.0,5622000.0
EMP-0411,2025-01,2597000.0,2611000.0
EMP-0411,2025-02,2684000.0,2716000.0
EMP-0411,2025-03,2677000.0,2729000.0
EMP-0411,2025-04,2725000.0,2722000.0
EMP-0411,2025-05,2661000.0,2647000.0
EMP-0411,2025-06,2824000.0,2813000.0
EMP-0411,2025-07,2788000.0,2785000.0
EMP-0411,2025-08,2816000.0,2827000.0
EMP-0411,2025-09,2830000.0,2800000.0
EMP-0411,2025-10,2825000.0,2800000.0
EMP-0411,2025-11,2718000.0,2712000.0
EMP-0411,2025-12,2764000.0,2788000.0
EMP-0412,2025-01,7534000.0,7526000.0
EMP-0412,2025-02,7085000.0,7152000.0
EMP-0412,2025-03,7136000.0,7153000.0
EMP-0412,2025-04,6904000.0,6894000.0
EMP-0412,2025-05,6907000.0,6925000.0
EMP-0412,2025-06,6701000.0,6697000.0
EMP-0412,2025-07,6931000.0,6918000.0
EMP-0412,2025-08,6745000.0,6824000.0
EMP-0412,2025-09,7042000.0,7115000.0
EMP-0412,2025-10,7160000.0,7151000.0
EMP-0412,2025-11,7074000.0,7057000.0
EMP-0412,2025-12,6971000.0,7054000.0
EMP-0413,2025-01,3585000.0,3578000.0
EMP-0413,2025-02,3582000.0,3607000.0
EMP-0413,2025-03,3347000.0,3374000.0
EMP-0413,2025-04,3307000.0,3343000.0
EMP-0413,2025-05,3461000.0,3500000.0
EMP-0413,2025-06,3607000.0,3604000.0
EMP-0413,2025-07,3599000.0,3644000.0
EMP-0413,2025-08,3700000.0,3730000.0
EMP-0413,2025-09,3733000.0,3715000.0
EMP-0413,2025-10,3763000.0,3784000.0
EMP-0413,2025-11,3912000.0,3951000.0
EMP-0413,2025-12,3778000.0,3747000.0
EMP-0414,2025-01,7258000.0,7283000.0
EMP-0414,2025-02,7733000.0,7824000.0
EMP-0414,2025-03,7752000.0,7703000.0
EMP-0414,2025-04,7707000.0,7764000.0
EMP-0414,2025-05,7536000.0,7448000.0
EMP-0414,2025-06,7706000.0,7598000.0
EMP-0414,2025-07,7400000.0,7419000.0
EMP-0414,2025-08,7349000.0,7316000.0
EMP-0414,2025-09,7335000.0,7465000.0
EMP-0414,2025-10,7220000.0,7127000.0
EMP-0414,2025-11,6869000.0,6860000.0
EMP-0414,2025-12,6796000.0,6771000.0
EMP-0415,2025-01,7335000.0,7313000.0
EMP-0415,2025-02,7348000.0,7505000.0
EMP-0415,2025-03,7374000.0,7321000.0
EMP-0415,2025-04,7179000.0,7125000.0
EMP-0415,2025-05,7156000.0,7232000.0
EMP-0415,2025-06,6967000.0,6827000.0
EMP-0415,2025-07,7137000.0,7144000.0
EMP-0415,2025-08,3450000.0,3393000.0
EMP-0415,2025-09,3559000.0,3490000.0
EMP-0415,2025-10,3643000.0,3635000.0
EMP-0415,2025-11,3596000.0,3524000.0
EMP-0415,2025-12,3670000.0,3629000.0
EMP-0416,2025-01,6790000.0,6739000.0
EMP-0416,2025-02,6845000.0,6917000.0
EMP-0416,2025-03,7050000.0,7068000.0
EMP-0416,2025-04,7064000.0,7049000.0
EMP-0416,2025-05,6779000.0,6850000.0
EMP-0416,2025-06,6916000.0,6699000.0
EMP-0416,2025-07,7178000.0,7052000.0
EMP-0416,2025-08,6848000.0,6742000.0
EMP-0416,2025-09,7257000.0,7334000.0
EMP-0416,2025-10,7449000.0,7508000.0
EMP-0416,2025-11,7496000.0,7506000.0
EMP-0416,2025-12,7752000.0,7866000.0
EMP-0417,2025-01,2121000.0,2142000.0
EMP-0417,2025-02,2120000.0,2135000.0
EMP-0417,2025-03,2121000.0,2100000.0
EMP-0417,2025-04,2077000.0,2089000.0
EMP-0417,2025-05,2132000.0,2152000.0
EMP-0417,2025-06,2152000.0,2181000.0
EMP-0417,2025-07,2105000.0,2111000.0
EMP-0417,2025-08,2098000.0,2083000.0
EMP-0417,2025-09,2122000.0,2117000.0
EMP-0417,2025-10,2017000.0,2037000.0
EMP-0417,2025-11,1962000.0,1968000.0
EMP-0417,2025-12,2064000.0,2044000.0
EMP-0418,2025-01,2335000.0,2341000.0
EMP-0418,2025-02,2274000.0,2238000.0
EMP-0418,2025-03,2277000.0,2280000.0
EMP-0418,2025-04,2344000.0,2393000.0
EMP-0418,2025-05,2327000.0,2346000.0
EMP-0418,2025-06,2195000.0,2185000.0
EMP-0418,2025-07,2208000.0,2274000.0
EMP-0418,2025-08,2169000.0,2147000.0
EMP-0418,2025-09,2170000.0,2143000.0
EMP-0418,2025-10,2209000.0,2189000.0
EMP-0418,2025-11,2264000.0,2247000.0
EMP-0418,2025-12,2237000.0,2267000.0
EMP-0419,2025-01,4760000.0,4755000.0
EMP-0419,2025-02,4551000.0,4503000.0
EMP-0419,2025-03,4610000.0,4567000.0
EMP-0419,2025-04,4732000.0,4784000.0
EMP-0419,2025-05,4494000.0,4477000.0
EMP-0419,2025-06,2392000.0,2371000.0
EMP-0419,2025-07,2388000.0,2366000.0
EMP-0419,2025-08,2497000.0,2500000.0
EMP-0419,2025-09,2420000.0,2402000.0
EMP-0419,2025-10,2453000.0,2450000.0
EMP-0419,2025-11,2325000.0,2315000.0
EMP-0419,2025-12,2434000.0,2429000.0
EMP-0420,2025-01,3914000.0,3935000.0
EMP-0420,2025-02,3980000.0,3936000.0
EMP-0420,2025-03,4028000.0,4052000.0
EMP-0420,2025-04,3938000.0,3872000.0
EMP-0420,2025-05,3978000.0,4016000.0
EMP-0420,2025-06,3961000.0,3952000.0
EMP-0420,2025-07,3822000.0,3853000.0
EMP-0420,2025-08,3944000.0,3962000.0
EMP-0420,2025-09,3766000.0,3823000.0
EMP-0420,2025-10,3840000.0,3844000.0
EMP-0420,2025-11,3866000.0,3921000.0
EMP-0420,2025-12,3969000.0,3996000.0
EMP-0421,2025-01,3079000.0,3044000.0
EMP-0421,2025-02,2997000.0,3029000.0
EMP-0421,2025-03,2964000.0,2971000.0
EMP-0421,2025-04,2811000.0,2803000.0
EMP-0421,2025-05,2730000.0,2735000.0
EMP-0421,2025-06,2639000.0,2620000.0
EMP-0421,2025-07,2740000.0,2816000.0
EMP-0421,2025-08,2732000.0,2727000.0
EMP-0421,2025-09,2752000.0,2727000.0
EMP-0421,2025-10,2625000.0,2571000.0
EMP-0421,2025-11,2512000.0,2535000.0
EMP-0421,2025-12,2513000.0,2521000.0
EMP-0422,2025-01,6110000.0,6114000.0
EMP-0422,2025-02,6352000.0,6391000.0
EMP-0422,2025-03,6298000.0,6343000.0
EMP-0422,2025-04,6601000.0,6657000.0
EMP-0422,2025-05,6590000.0,6574000.0
EMP-0422,2025-06,6619000.0,6512000.0
EMP-0422,2025-07,6669000.0,6617000.0
EMP-0422,2025-08,7046000.0,7073000.0
EMP-0422,2025-09,6917000.0,6901000.0
EMP-0422,2025-10,6996000.0,7061000.0
EMP-0422,2025-11,6774000.0,6847000.0
EMP-0422,2025-12,7107000.0,7097000.0
EMP-0423,2025-01,3445000.0,3419000.0
EMP-0423,2025-02,3465000.0,3449000.0
EMP-0423,2025-03,3587000.0,3588000.0
EMP-0423,2025-04,3794000.0,3805000.0
EMP-0423,2025-05,3887000.0,3941000.0
EMP-0423,2025-06,3600000.0,3611000.0
EMP-0423,2025-07,3723000.0,3729000.0
EMP-0423,2025-08,3601000.0,3540000.0
EMP-0423,2025-09,3488000.0,3517000.0
EMP-0423,2025-10,3658000.0,3654000.0
EMP-0423,2025-11,3471000.0,3411000.0
EMP-0423,2025-12,3470000.0,3396000.0
EMP-0424,2025-01,2487000.0,2477000.0
EMP-0424,2025-02,2321000.0,2337000.0
EMP-0424,2025-03,2360000.0,2330000.0
EMP-0424,2025-04,2327000.0,2326000.0
EMP-0424,2025-05,2507000.0,2467000.0
EMP-0424,2025-06,2457000.0,2442000.0
EMP-0424,2025-07,2498000.0,2477000.0
EMP-0424,2025-08,2429000.0,2409000.0
EMP-0424,2025-09,2525000.0,2545000.0
EMP-0424,2025-10,2548000.0,2542000.0
EMP-0424,2025-11,2363000.0,2378000.0
EMP-0424,2025-12,2497000.0,2505000.0
EMP-0425,2025-01,6522000.0,6549000.0
EMP-0425,2025-02,6707000.0,6682000.0
EMP-0425,2025-03,6792000.0,6815000.0
EMP-0425,2025-04,6636000.0,6633000.0
EMP-0425,2025-05,6477000.0,6455000.0
EMP-0425,2025-06,6166000.0,6324000.0
EMP-0425,2025-07,6678000.0,6665000.0
EMP-0425,2025-08,6454000.0,6498000.0
EMP-0425,2025-09,6230000.0,6219000.0
EMP-0425,2025-10,6409000.0,6515000.0
EMP-0425,2025-11,6411000.0,6352000.0
EMP-0425,2025-12,6402000.0,6463000.0
EMP-0426,2025-01,3462000.0,3402000.0
EMP-0426,2025-02,3490000.0,3454000.0
EMP-0426,2025-03,3539000.0,3566000.0
EMP-0426,2025-04,3505000.0,3525000.0
EMP-0426,2025-05,3475000.0,3441000.0
EMP-0426,2025-06,3728000.0,3713000.0
EMP-0426,2025-07,3777000.0,3816000.0
EMP-0426,2025-08,3817000.0,3871000.0
EMP-0426,2025-09,3844000.0,3859000.0
EMP-0426,2025-10,3890000.0,3881000.0
EMP-0426,2025-11,3978000.0,4022000.0
EMP-0426,2025-12,3954000.0,3934000.0
EMP-0427,2025-01,6663000.0,6637000.0
EMP-0427,2025-02,6574000.0,6529000.0
EMP-0427,2025-03,6800000.0,6706000.0
EMP-0427,2025-04,6911000.0,6953000.0
EMP-0427,2025-05,6703000.0,6707000.0
EMP-0427,2025-06,6709000.0,6748000.0
EMP-0427,2025-07,6599000.0,6628000.0
EMP-0427,2025-08,6874000.0,6988000.0
EMP-0427,2025-09,6928000.0,7012000.0
EMP-0427,2025-10,6914000.0,6890000.0
EMP-0427,2025-11,6918000.0,6914000.0
EMP-0427,2025-12,6645000.0,6621000.0
EMP-0428,2025-01,3282000.0,3278000.0
EMP-0428,2025-02,3197000.0,3212000.0
EMP-0428,2025-03,3268000.0,3290000.0
EMP-0428,2025-04,3201000.0,3244000.0
EMP-0428,2025-05,3223000.0,3267000.0
EMP-0428,2025-06,3274000.0,3273000.0
EMP-0428,2025-07,3221000.0,3199000.0
EMP-0428,2025-08,3416000.0,3425000.0
EMP-0428,2025-09,3386000.0,3369000.0
EMP-0428,2025-10,3271000.0,3296000.0
EMP-0428,2025-11,3310000.0,3352000.0
EMP-0428,2025-12,3265000.0,3285000.0
EMP-0429,2025-01,3912000.0,3920000.0
EMP-0429,2025-02,4011000.0,4034000.0
EMP-0429,2025-03,4000000.0,3992000.0
EMP-0429,2025-04,4059000.0,4028000.0
EMP-0429,2025-05,3855000.0,3871000.0
EMP-0429,2025-06,3890000.0,3942000.0
EMP-0429,2025-07,3939000.0,3921000.0
EMP-0429,2025-08,3795000.0,3783000.0
EMP-0429,2025-09,3705000.0,3737000.0
EMP-0429,2025-10,3787000.0,3784000.0
EMP-0429,2025-11,3885000.0,3883000.0
EMP-0429,2025-12,3945000.0,3919000.0
EMP-0430,2025-01,4751000.0,4776000.0
EMP-0430,2025-02,4946000.0,4940000.0
EMP-0430,2025-03,4830000.0,4761000.0
EMP-0430,2025-04,4876000.0,4904000.0
EMP-0430,2025-05,4871000.0,4908000.0
EMP-0430,2025-06,4703000.0,4692000.0
EMP-0430,2025-07,4834000.0,4879000.0
EMP-0430,2025-08,5148000.0,5086000.0
EMP-0430,2025-09,5028000.0,4984000.0
EMP-0430,2025-10,5223000.0,5200000.0
EMP-0430,2025-11,4937000.0,4940000.0
EMP-0430,2025-12,5067000.0,5086000.0
EMP-0431,2025-01,3166000.0,3151000.0
EMP-0431,2025-02,3102000.0,3123000.0
EMP-0431,2025-03,2985000.0,2969000.0
EMP-0431,2025-04,3122000.0,3047000.0
EMP-0431,2025-05,3138000.0,3097000.0
EMP-0431,2025-06,3126000.0,3177000.0
EMP-0431,2025-07,3063000.0,3041000.0
EMP-0431,2025-08,2958000.0,2940000.0
EMP-0431,2025-09,2970000.0,2371000.0
EMP-0431,2025-10,3025000.0,2415000.0
EMP-0431,2025-11,2992000.0,2389000.0
EMP-0431,2025-12,2941000.0,2348000.0
EMP-0432,2025-01,7082000.0,7074000.0
EMP-0432,2025-02,6992000.0,6874000.0
EMP-0432,2025-03,7128000.0,7091000.0
EMP-0432,2025-04,6963000.0,7048000.0
EMP-0432,2025-05,7082000.0,7092000.0
EMP-0432,2025-06,6892000.0,6762000.0
EMP-0432,2025-07,6611000.0,6601000.0
EMP-0432,2025-08,6647000.0,6617000.0
EMP-0432,2025-09,6772000.0,6745000.0
EMP-0432,2025-10,7181000.0,7139000.0
EMP-0432,2025-11,7377000.0,7333000.0
EMP-0432,2025-12,6793000.0,6783000.0
EMP-0433,2025-01,1886000.0,1874000.0
EMP-0433,2025-02,1876000.0,1892000.0
EMP-0433,2025-03,2024000.0,2010000.0
EMP-0433,2025-04,1973000.0,1949000.0
EMP-0433,2025-05,1930000.0,1952000.0
EMP-0433,2025-06,1853000.0,1844000.0
EMP-0433,2025-07,1872000.0,1866000.0
EMP-0433,2025-08,1835000.0,1802000.0
EMP-0433,2025-09,1905000.0,1868000.0
EMP-0433,2025-10,1929000.0,1929000.0
EMP-0433,2025-11,1932000.0,1943000.0
EMP-0433,2025-12,1908000.0,1932000.0
EMP-0434,2025-01,4135000.0,4129000.0
EMP-0434,2025-02,4185000.0,4188000.0
EMP-0434,2025-03,4249000.0,4225000.0
EMP-0434,2025-04,4131000.0,4159000.0
EMP-0434,2025-05,4073000.0,4084000.0
EMP-0434,2025-06,4186000.0,4158000.0
EMP-0434,2025-07,4422000.0,4402000.0
EMP-0434,2025-08,4256000.0,4198000.0
EMP-0434,2025-09,4148000.0,4124000.0
EMP-0434,2025-10,4090000.0,4103000.0
EMP-0434,2025-11,4219000.0,4234000.0
EMP-0434,2025-12,4111000.0,4077000.0
EMP-0435,2025-01,3007000.0,2962000.0
EMP-0435,2025-02,3014000.0,3006000.0
EMP-0435,2025-03,2990000.0,3061000.0
EMP-0435,2025-04,2954000.0,2963000.0
EMP-0435,2025-05,3037000.0,3001000.0
EMP-0435,2025-06,2917000.0,2907000.0
EMP-0435,2025-07,3031000.0,3005000.0
EMP-0435,2025-08,3048000.0,3058000.0
EMP-0435,2025-09,3101000.0,3061000.0
EMP-0435,2025-10,2962000.0,2987000.0
EMP-0435,2025-11,2971000.0,2971000.0
EMP-0435,2025-12,2999000.0,2998000.0
EMP-0436,2025-01,3304000.0,3269000.0
EMP-0436,2025-02,3248000.0,3224000.0
EMP-0436,2025-03,3264000.0,3195000.0
EMP-0436,2025-04,3266000.0,3265000.0
EMP-0436,2025-05,3139000.0,3171000.0
EMP-0436,2025-06,3173000.0,3148000.0
EMP-0436,2025-07,1476000.0,1473000.0
EMP-0436,2025-08,1477000.0,1466000.0
EMP-0436,2025-09,1463000.0,1451000.0
EMP-0436,2025-10,1506000.0,1491000.0
EMP-0436,2025-11,1490000.0,1502000.0
EMP-0436,2025-12,1620000.0,1618000.0
EMP-0437,2025-01,6358000.0,6289000.0
EMP-0437,2025-02,6240000.0,6275000.0
EMP-0437,2025-03,6580000.0,6504000.0
EMP-0437,2025-04,6599000.0,6615000.0
EMP-0437,2025-05,6389000.0,6377000.0
EMP-0437,2025-06,6526000.0,6589000.0
EMP-0437,2025-07,6365000.0,6374000.0
EMP-0437,2025-08,3858000.0,3873000.0
EMP-0437,2025-09,3849000.0,3834000.0
EMP-0437,2025-10,3834000.0,3849000.0
EMP-0437,2025-11,4068000.0,4055000.0
EMP-0437,2025-12,3821000.0,3835000.0
EMP-0438,2025-01,4053000.0,4073000.0
EMP-0438,2025-02,4130000.0,4209000.0
EMP-0438,2025-03,4062000.0,3955000.0
EMP-0438,2025-04,3975000.0,3943000.0
EMP-0438,2025-05,3956000.0,3896000.0
EMP-0438,2025-06,4081000.0,4044000.0
EMP-0438,2025-07,3878000.0,3886000.0
EMP-0438,2025-08,3934000.0,3936000.0
EMP-0438,2025-09,4011000.0,4057000.0
EMP-0438,2025-10,4007000.0,4038000.0
EMP-0438,2025-11,3932000.0,3941000.0
EMP-0438,2025-12,3919000.0,4003000.0
EMP-0439,2025-01,3370000.0,3351000.0
EMP-0439,2025-02,3390000.0,3423000.0
EMP-0439,2025-03,3382000.0,3357000.0
EMP-0439,2025-04,3516000.0,3465000.0
EMP-0439,2025-05,3535000.0,3517000.0
EMP-0439,2025-06,3547000.0,3578000.0
EMP-0439,2025-07,3534000.0,3514000.0
EMP-0439,2025-08,3570000.0,3575000.0
EMP-0439,2025-09,3314000.0,3290000.0
EMP-0439,2025-10,3377000.0,3373000.0
EMP-0439,2025-11,3543000.0,3587000.0
EMP-0439,2025-12,3534000.0,3521000.0
EMP-0440,2025-01,2806000.0,2840000.0
EMP-0440,2025-02,2746000.0,2709000.0
EMP-0440,2025-03,2758000.0,2687000.0
EMP-0440,2025-04,2714000.0,2680000.0
EMP-0440,2025-05,2827000.0,2836000.0
EMP-0440,2025-06,1510000.0,1506000.0
EMP-0440,2025-07,1529000.0,1520000.0
EMP-0440,2025-08,1551000.0,1525000.0
EMP-0440,2025-09,1523000.0,1504000.0
EMP-0440,2025-10,1516000.0,1503000.0
EMP-0440,2025-11,1523000.0,1525000.0
EMP-0440,2025-12,1520000.0,1532000.0
EMP-0441,2025-01,7519000.0,7464000.0
EMP-0441,2025-02,7388000.0,7328000.0
EMP-0441,2025-03,7363000.0,7290000.0
EMP-0441,2025-04,7327000.0,7409000.0
EMP-0441,2025-05,7327000.0,7308000.0
EMP-0441,2025-06,7493000.0,7509000.0
EMP-0441,2025-07,7560000.0,7531000.0
EMP-0441,2025-08,7552000.0,7433000.0
EMP-0441,2025-09,7262000.0,7235000.0
EMP-0441,2025-10,7114000.0,7160000.0
EMP-0441,2025-11,7470000.0,7444000.0
EMP-0441,2025-12,7380000.0,7356000.0
EMP-0442,2025-01,2029000.0,1998000.0
EMP-0442,2025-02,1995000.0,2025000.0
EMP-0442,2025-03,2135000.0,2134000.0
EMP-0442,2025-04,2186000.0,2211000.0
EMP-0442,2025-05,2137000.0,2127000.0
EMP-0442,2025-06,2220000.0,2234000.0
EMP-0442,2025-07,2207000.0,2211000.0
EMP-0442,2025-08,2211000.0,2224000.0
EMP-0442,2025-09,2300000.0,2357000.0
EMP-0442,2025-10,2304000.0,2307000.0
EMP-0442,2025-11,2254000.0,2249000.0
EMP-0442,2025-12,2330000.0,2345000.0
EMP-0443,2025-01,13240000.0,13132000.0
EMP-0443,2025-02,14226000.0,14111000.0
EMP-0443,2025-03,13619000.0,13618000.0
EMP-0443,2025-04,13844000.0,13848000.0
EMP-0443,2025-05,13595000.0,13862000.0
EMP-0443,2025-06,13667000.0,13511000.0
EMP-0443,2025-07,13982000.0,13991000.0
EMP-0443,2025-08,13667000.0,13689000.0
EMP-0443,2025-09,13838000.0,13688000.0
EMP-0443,2025-10,14224000.0,14297000.0
EMP-0443,2025-11,14656000.0,14755000.0
EMP-0443,2025-12,14566000.0,14594000.0
EMP-0444,2025-01,8646000.0,8717000.0
EMP-0444,2025-02,8322000.0,8192000.0
EMP-0444,2025-03,8312000.0,8392000.0
EMP-0444,2025-04,8617000.0,8537000.0
EMP-0444,2025-05,8715000.0,8565000.0
EMP-0444,2025-06,8432000.0,8442000.0
EMP-0444,2025-07,8443000.0,8257000.0
EMP-0444,2025-08,7943000.0,7947000.0
EMP-0444,2025-09,7960000.0,8004000.0
EMP-0444,2025-10,7653000.0,7539000.0
EMP-0444,2025-11,7624000.0,7551000.0
EMP-0444,2025-12,7583000.0,7611000.0
EMP-0445,2025-01,19951000.0,19772000.0
EMP-0445,2025-02,20146000.0,19889000.0
EMP-0445,2025-03,20923000.0,20840000.0
EMP-0445,2025-04,20414000.0,20619000.0
EMP-0445,2025-05,21011000.0,21311000.0
EMP-0445,2025-06,21263000.0,21046000.0
EMP-0445,2025-07,21175000.0,21377000.0
EMP-0445,2025-08,21162000.0,21380000.0
EMP-0445,2025-09,21597000.0,21996000.0
EMP-0445,2025-10,21164000.0,21105000.0
EMP-0445,2025-11,21060000.0,21270000.0
EMP-0445,2025-12,21332000.0,21374000.0
EMP-0446,2025-01,17545000.0,17420000.0
EMP-0446,2025-02,17785000.0,17866000.0
EMP-0446,2025-03,17558000.0,17228000.0
EMP-0446,2025-04,18040000.0,18222000.0
EMP-0446,2025-05,18094000.0,18376000.0
EMP-0446,2025-06,18025000.0,18126000.0
EMP-0446,2025-07,17482000.0,17417000.0
EMP-0446,2025-08,17260000.0,17202000.0
EMP-0446,2025-09,16520000.0,16742000.0
EMP-0446,2025-10,17209000.0,16977000.0
EMP-0446,2025-11,16306000.0,16469000.0
EMP-0446,2025-12,16320000.0,16581000.0
EMP-0447,2025-01,30600000.0,30742000.0
EMP-0447,2025-02,30410000.0,30619000.0
EMP-0447,2025-03,30929000.0,29841000.0
EMP-0447,2025-04,32619000.0,32928000.0
EMP-0447,2025-05,31437000.0,31521000.0
EMP-0447,2025-06,31583000.0,31649000.0
EMP-0447,2025-07,31715000.0,31711000.0
EMP-0447,2025-08,31867000.0,32249000.0
EMP-0447,2025-09,33004000.0,33463000.0
EMP-0447,2025-10,33943000.0,34074000.0
EMP-0447,2025-11,31357000.0,30907000.0
EMP-0447,2025-12,31359000.0,31489000.0
EMP-0448,2025-01,21575000.0,21571000.0
EMP-0448,2025-02,21105000.0,21319000.0
EMP-0448,2025-03,20644000.0,20652000.0
EMP-0448,2025-04,20854000.0,20926000.0
EMP-0448,2025-05,21918000.0,21634000.0
EMP-0448,2025-06,21320000.0,21211000.0
EMP-0448,2025-07,22112000.0,21853000.0
EMP-0448,2025-08,20487000.0,20354000.0
EMP-0448,2025-09,22266000.0,22305000.0
EMP-0448,2025-10,22249000.0,22413000.0
EMP-0448,2025-11,21983000.0,21871000.0
EMP-0448,2025-12,22315000.0,22440000.0
EMP-0449,2025-01,8649000.0,8638000.0
EMP-0449,2025-02,8828000.0,8769000.0
EMP-0449,2025-03,8353000.0,8396000.0
EMP-0449,2025-04,8337000.0,8274000.0
EMP-0449,2025-05,8397000.0,8457000.0
EMP-0449,2025-06,8727000.0,8652000.0
EMP-0449,2025-07,8535000.0,8743000.0
EMP-0449,2025-08,8558000.0,8700000.0
EMP-0449,2025-09,8403000.0,8312000.0
EMP-0449,2025-10,8206000.0,8183000.0
EMP-0449,2025-11,8192000.0,8143000.0
EMP-0449,2025-12,8221000.0,8176000.0
EMP-0450,2025-01,14580000.0,14695000.0
EMP-0450,2025-02,14364000.0,14432000.0
EMP-0450,2025-03,14602000.0,14507000.0
EMP-0450,2025-04,14120000.0,14046000.0
EMP-0450,2025-05,14096000.0,14191000.0
EMP-0450,2025-06,14469000.0,14321000.0
EMP-0450,2025-07,14784000.0,14833000.0
EMP-0450,2025-08,14390000.0,14276000.0
EMP-0450,2025-09,13905000.0,13996000.0
EMP-0450,2025-10,14251000.0,14181000.0
EMP-0450,2025-11,14122000.0,14122000.0
EMP-0450,2025-12,14010000.0,13949000.0
EMP-0451,2025-01,17561000.0,17774000.0
EMP-0451,2025-02,16873000.0,17010000.0
EMP-0451,2025-03,17297000.0,17340000.0
EMP-0451,2025-04,17108000.0,17245000.0
EMP-0451,2025-05,17078000.0,17145000.0
EMP-0451,2025-06,17130000.0,17019000.0
EMP-0451,2025-07,17226000.0,17065000.0
EMP-0451,2025-08,16435000.0,16446000.0
EMP-0451,2025-09,7773000.0,7790000.0
EMP-0451,2025-10,7461000.0,7443000.0
EMP-0451,2025-11,7403000.0,7316000.0
EMP-0451,2025-12,7303000.0,7320000.0
EMP-0452,2025-01,9653000.0,9692000.0
EMP-0452,2025-02,9900000.0,10035000.0
EMP-0452,2025-03,9619000.0,9601000.0
EMP-0452,2025-04,9796000.0,9674000.0
EMP-0452,2025-05,10075000.0,10083000.0
EMP-0452,2025-06,9496000.0,9508000.0
EMP-0452,2025-07,9028000.0,8971000.0
EMP-0452,2025-08,9102000.0,9053000.0
EMP-0452,2025-09,9122000.0,9203000.0
EMP-0452,2025-10,9208000.0,9182000.0
EMP-0452,2025-11,9335000.0,9320000.0
EMP-0452,2025-12,9480000.0,9378000.0
EMP-0453,2025-01,13384000.0,13397000.0
EMP-0453,2025-02,13359000.0,13261000.0
EMP-0453,2025-03,13075000.0,12972000.0
EMP-0453,2025-04,12707000.0,12526000.0
EMP-0453,2025-05,12318000.0,12377000.0
EMP-0453,2025-06,12049000.0,11969000.0
EMP-0453,2025-07,12228000.0,12119000.0
EMP-0453,2025-08,12179000.0,12146000.0
EMP-0453,2025-09,12060000.0,12143000.0
EMP-0453,2025-10,12070000.0,12118000.0
EMP-0453,2025-11,11544000.0,11558000.0
EMP-0453,2025-12,11852000.0,11966000.0
EMP-0454,2025-01,34285000.0,34586000.0
EMP-0454,2025-02,34255000.0,34297000.0
EMP-0454,2025-03,35006000.0,35141000.0
EMP-0454,2025-04,35899000.0,36138000.0
EMP-0454,2025-05,34424000.0,34616000.0
EMP-0454,2025-06,34263000.0,34518000.0
EMP-0454,2025-07,33652000.0,33410000.0
EMP-0454,2025-08,33129000.0,33008000.0
EMP-0454,2025-09,32787000.0,32954000.0
EMP-0454,2025-10,33923000.0,34015000.0
EMP-0454,2025-11,35754000.0,36224000.0
EMP-0454,2025-12,33534000.0,34048000.0
EMP-0455,2025-01,23852000.0,24052000.0
EMP-0455,2025-02,23634000.0,23141000.0
EMP-0455,2025-03,23108000.0,23291000.0
EMP-0455,2025-04,23118000.0,23099000.0
EMP-0455,2025-05,22796000.0,22592000.0
EMP-0455,2025-06,23479000.0,23347000.0
EMP-0455,2025-07,23945000.0,23657000.0
EMP-0455,2025-08,22849000.0,23071000.0
EMP-0455,2025-09,23861000.0,23992000.0
EMP-0455,2025-10,23404000.0,22970000.0
EMP-0455,2025-11,22749000.0,22776000.0
EMP-0455,2025-12,21804000.0,21535000.0
EMP-0456,2025-01,25935000.0,26164000.0
EMP-0456,2025-02,26057000.0,25760000.0
EMP-0456,2025-03,26306000.0,25687000.0
EMP-0456,2025-04,26211000.0,26302000.0
EMP-0456,2025-05,26464000.0,26642000.0
EMP-0456,2025-06,26964000.0,27184000.0
EMP-0456,2025-07,25594000.0,25539000.0
EMP-0456,2025-08,27025000.0,27021000.0
EMP-0456,2025-09,26177000.0,26321000.0
EMP-0456,2025-10,26193000.0,26465000.0
EMP-0456,2025-11,25181000.0,25132000.0
EMP-0456,2025-12,25201000.0,25108000.0
EMP-0457,2025-01,12043000.0,11760000.0
EMP-0457,2025-02,11858000.0,11866000.0
EMP-0457,2025-03,11770000.0,11929000.0
EMP-0457,2025-04,11580000.0,11664000.0
EMP-0457,2025-05,11515000.0,11633000.0
EMP-0457,2025-06,11511000.0,11566000.0
EMP-0457,2025-07,11668000.0,11703000.0
EMP-0457,2025-08,11848000.0,11736000.0
EMP-0457,2025-09,11861000.0,11787000.0
EMP-0457,2025-10,11803000.0,11656000.0
EMP-0457,2025-11,11575000.0,11653000.0
EMP-0457,2025-12,11670000.0,11807000.0
EMP-0458,2025-01,32738000.0,33124000.0
EMP-0458,2025-02,34012000.0,33651000.0
EMP-0458,2025-03,34012000.0,33907000.0
EMP-0458,2025-04,33010000.0,32493000.0
EMP-0458,2025-05,31568000.0,31212000.0
EMP-0458,2025-06,31074000.0,30717000.0
EMP-0458,2025-07,31600000.0,32041000.0
EMP-0458,2025-08,30886000.0,30780000.0
EMP-0458,2025-09,31578000.0,31166000.0
EMP-0458,2025-10,31609000.0,31367000.0
EMP-0458,2025-11,31420000.0,31754000.0
EMP-0458,2025-12,31769000.0,31815000.0
EMP-0459,2025-01,10904000.0,10792000.0
EMP-0459,2025-02,10940000.0,11080000.0
EMP-0459,2025-03,10800000.0,10845000.0
EMP-0459,2025-04,10328000.0,10247000.0
EMP-0459,2025-05,9979000.0,9973000.0
EMP-0459,2025-06,9760000.0,9849000.0
EMP-0459,2025-07,10200000.0,10128000.0
EMP-0459,2025-08,10058000.0,10105000.0
EMP-0459,2025-09,10375000.0,10404000.0
EMP-0459,2025-10,10028000.0,9943000.0
EMP-0459,2025-11,10085000.0,9991000.0
EMP-0459,2025-12,10514000.0,10273000.0
EMP-0460,2025-01,25060000.0,24952000.0
EMP-0460,2025-02,25135000.0,24663000.0
EMP-0460,2025-03,24237000.0,23804000.0
EMP-0460,2025-04,24112000.0,23600000.0
EMP-0460,2025-05,23593000.0,23505000.0
EMP-0460,2025-06,23402000.0,23594000.0
EMP-0460,2025-07,23578000.0,23298000.0
EMP-0460,2025-08,23496000.0,23746000.0
EMP-0460,2025-09,23283000.0,23541000.0
EMP-0460,2025-10,23997000.0,23752000.0
EMP-0460,2025-11,24262000.0,23772000.0
EMP-0460,2025-12,23480000.0,23711000.0
EMP-0461,2025-01,23981000.0,24273000.0
EMP-0461,2025-02,24774000.0,24759000.0
EMP-0461,2025-03,25380000.0,25396000.0
EMP-0461,2025-04,24313000.0,24321000.0
EMP-0461,2025-05,24862000.0,24951000.0
EMP-0461,2025-06,25949000.0,26156000.0
EMP-0461,2025-07,25354000.0,25226000.0
EMP-0461,2025-08,25712000.0,25420000.0
EMP-0461,2025-09,24829000.0,24705000.0
EMP-0461,2025-10,24572000.0,24586000.0
EMP-0461,2025-11,24569000.0,24699000.0
EMP-0461,2025-12,25930000.0,26168000.0
EMP-0462,2025-01,21065000.0,21208000.0
EMP-0462,2025-02,20295000.0,20357000.0
EMP-0462,2025-03,19326000.0,19225000.0
EMP-0462,2025-04,19634000.0,19269000.0
EMP-0462,2025-05,19805000.0,13908000.0
EMP-0462,2025-06,19685000.0,13823000.0
EMP-0462,2025-07,20446000.0,14358000.0
EMP-0462,2025-08,19680000.0,13820000.0
EMP-0462,2025-09,20006000.0,14049000.0
EMP-0462,2025-10,20463000.0,14370000.0
EMP-0462,2025-11,20636000.0,14491000.0
EMP-0462,2025-12,20096000.0,14112000.0
EMP-0463,2025-01,25417000.0,25240000.0
EMP-0463,2025-02,26545000.0,26565000.0
EMP-0463,2025-03,25521000.0,25597000.0
EMP-0463,2025-04,25943000.0,26424000.0
EMP-0463,2025-05,25563000.0,25342000.0
EMP-0463,2025-06,26255000.0,26475000.0
EMP-0463,2025-07,26903000.0,26666000.0
EMP-0463,2025-08,27611000.0,27573000.0
EMP-0463,2025-09,27697000.0,28309000.0
EMP-0463,2025-10,27646000.0,27676000.0
EMP-0463,2025-11,25398000.0,25618000.0
EMP-0463,2025-12,25860000.0,25916000.0
EMP-0464,2025-01,29570000.0,29632000.0
EMP-0464,2025-02,29545000.0,29755000.0
EMP-0464,2025-03,29013000.0,28752000.0
EMP-0464,2025-04,29166000.0,29267000.0
EMP-0464,2025-05,29257000.0,28783000.0
EMP-0464,2025-06,29519000.0,29219000.0
EMP-0464,2025-07,28903000.0,29273000.0
EMP-0464,2025-08,30527000.0,30262000.0
EMP-0464,2025-09,30406000.0,30650000.0
EMP-0464,2025-10,29921000.0,28794000.0
EMP-0464,2025-11,30218000.0,30014000.0
EMP-0464,2025-12,28272000.0,28127000.0
EMP-0465,2025-01,11317000.0,11246000.0
EMP-0465,2025-02,12237000.0,12221000.0
EMP-0465,2025-03,12276000.0,12320000.0
EMP-0465,2025-04,12516000.0,12468000.0
EMP-0465,2025-05,12193000.0,12241000.0
EMP-0465,2025-06,11941000.0,11935000.0
EMP-0465,2025-07,11732000.0,11875000.0
EMP-0465,2025-08,12398000.0,12585000.0
EMP-0465,2025-09,11649000.0,11695000.0
EMP-0465,2025-10,11018000.0,11135000.0
EMP-0465,2025-11,11070000.0,11076000.0
EMP-0465,2025-12,11124000.0,11244000.0
EMP-0466,2025-01,24206000.0,24243000.0
EMP-0466,2025-02,25011000.0,24967000.0
EMP-0466,2025-03,24684000.0,24187000.0
EMP-0466,2025-04,24926000.0,25012000.0
EMP-0466,2025-05,26197000.0,26286000.0
EMP-0466,2025-06,24164000.0,23887000.0
EMP-0466,2025-07,25321000.0,25172000.0
EMP-0466,2025-08,25556000.0,25157000.0
EMP-0466,2025-09,24778000.0,24966000.0
EMP-0466,2025-10,24238000.0,24069000.0
EMP-0466,2025-11,23463000.0,23638000.0
EMP-0466,2025-12,22888000.0,22776000.0
EMP-0467,2025-01,26779000.0,26539000.0
EMP-0467,2025-02,27220000.0,27505000.0
EMP-0467,2025-03,26225000.0,26062000.0
EMP-0467,2025-04,26247000.0,26515000.0
EMP-0467,2025-05,26376000.0,26179000.0
EMP-0467,2025-06,26150000.0,26107000.0
EMP-0467,2025-07,26537000.0,26879000.0
EMP-0467,2025-08,26445000.0,26519000.0
EMP-0467,2025-09,26995000.0,27236000.0
EMP-0467,2025-10,26101000.0,26654000.0
EMP-0467,2025-11,27547000.0,27510000.0
EMP-0467,2025-12,26951000.0,27200000.0
EMP-0468,2025-01,15190000.0,15188000.0
EMP-0468,2025-02,16508000.0,16532000.0
EMP-0468,2025-03,15933000.0,15865000.0
EMP-0468,2025-04,15539000.0,15560000.0
EMP-0468,2025-05,15483000.0,15319000.0
EMP-0468,2025-06,15452000.0,15632000.0
EMP-0468,2025-07,16305000.0,16730000.0
EMP-0468,2025-08,16588000.0,16628000.0
EMP-0468,2025-09,16615000.0,16536000.0
EMP-0468,2025-10,16673000.0,16973000.0
EMP-0468,2025-11,16681000.0,16629000.0
EMP-0468,2025-12,16590000.0,16519000.0
EMP-0469,2025-01,31640000.0,31720000.0
EMP-0469,2025-02,31800000.0,31675000.0
EMP-0469,2025-03,31434000.0,31827000.0
EMP-0469,2025-04,32654000.0,32117000.0
EMP-0469,2025-05,32002000.0,32090000.0
EMP-0469,2025-06,32162000.0,32660000.0
EMP-0469,2025-07,31259000.0,30504000.0
EMP-0469,2025-08,31618000.0,32133000.0
EMP-0469,2025-09,31590000.0,31681000.0
EMP-0469,2025-10,31095000.0,31687000.0
EMP-0469,2025-11,32199000.0,32742000.0
EMP-0469,2025-12,31882000.0,31442000.0
EMP-0470,2025-01,9636000.0,9843000.0
EMP-0470,2025-02,9876000.0,9772000.0
EMP-0470,2025-03,9704000.0,9748000.0
EMP-0470,2025-04,9614000.0,9382000.0
EMP-0470,2025-05,9478000.0,9547000.0
EMP-0470,2025-06,9521000.0,9569000.0
EMP-0470,2025-07,9540000.0,9701000.0
EMP-0470,2025-08,9571000.0,9635000.0
EMP-0470,2025-09,10110000.0,9987000.0
EMP-0470,2025-10,9856000.0,9933000.0
EMP-0470,2025-11,10268000.0,10215000.0
EMP-0470,2025-12,9774000.0,9977000.0
EMP-0471,2025-01,33384000.0,33541000.0
EMP-0471,2025-02,33274000.0,33170000.0
EMP-0471,2025-03,32216000.0,32578000.0
EMP-0471,2025-04,31718000.0,31748000.0
EMP-0471,2025-05,31422000.0,31999000.0
EMP-0471,2025-06,30856000.0,30506000.0
EMP-0471,2025-07,30917000.0,30749000.0
EMP-0471,2025-08,30332000.0,30638000.0
EMP-0471,2025-09,28713000.0,28602000.0
EMP-0471,2025-10,28864000.0,29134000.0
EMP-0471,2025-11,29694000.0,29887000.0
EMP-0471,2025-12,30987000.0,30737000.0
EMP-0472,2025-01,31376000.0,31487000.0
EMP-0472,2025-02,31546000.0,31505000.0
EMP-0472,2025-03,32613000.0,32416000.0
EMP-0472,2025-04,31956000.0,32174000.0
EMP-0472,2025-05,32232000.0,31985000.0
EMP-0472,2025-06,30038000.0,30069000.0
EMP-0472,2025-07,30727000.0,31324000.0
EMP-0472,2025-08,32004000.0,32077000.0
EMP-0472,2025-09,30872000.0,30700000.0
EMP-0472,2025-10,30334000.0,29882000.0
EMP-0472,2025-11,31070000.0,30589000.0
EMP-0472,2025-12,30848000.0,30524000.0
EMP-0473,2025-01,16651000.0,16608000.0
EMP-0473,2025-02,15804000.0,15420000.0
EMP-0473,2025-03,16210000.0,16183000.0
EMP-0473,2025-04,16005000.0,15780000.0
EMP-0473,2025-05,16050000.0,16031000.0
EMP-0473,2025-06,16333000.0,16323000.0
EMP-0473,2025-07,16186000.0,16247000.0
EMP-0473,2025-08,15818000.0,15819000.0
EMP-0473,2025-09,16252000.0,16132000.0
EMP-0473,2025-10,16447000.0,16287000.0
EMP-0473,2025-11,16606000.0,16379000.0
EMP-0473,2025-12,16887000.0,17111000.0
EMP-0474,2025-01,18462000.0,18649000.0
EMP-0474,2025-02,18441000.0,18366000.0
EMP-0474,2025-03,18559000.0,18564000.0
EMP-0474,2025-04,19010000.0,18996000.0
EMP-0474,2025-05,18678000.0,18913000.0
EMP-0474,2025-06,19789000.0,19711000.0
EMP-0474,2025-07,20217000.0,19782000.0
EMP-0474,2025-08,19629000.0,19733000.0
EMP-0474,2025-09,19905000.0,19609000.0
EMP-0474,2025-10,19137000.0,19342000.0
EMP-0474,2025-11,19186000.0,18994000.0
EMP-0474,2025-12,18866000.0,18933000.0
EMP-0475,2025-01,23515000.0,23454000.0
EMP-0475,2025-02,24125000.0,24072000.0
EMP-0475,2025-03,23726000.0,23868000.0
EMP-0475,2025-04,23240000.0,23271000.0
EMP-0475,2025-05,22956000.0,22861000.0
EMP-0475,2025-06,22716000.0,22644000.0
EMP-0475,2025-07,23282000.0,22974000.0
EMP-0475,2025-08,23662000.0,23697000.0
EMP-0475,2025-09,24368000.0,24450000.0
EMP-0475,2025-10,24618000.0,25389000.0
EMP-0475,2025-11,23771000.0,23809000.0
EMP-0475,2025-12,23813000.0,23784000.0
EMP-0476,2025-01,29983000.0,29659000.0
EMP-0476,2025-02,29647000.0,29537000.0
EMP-0476,2025-03,30486000.0,30494000.0
EMP-0476,2025-04,30757000.0,30456000.0
EMP-0476,2025-05,29330000.0,29530000.0
EMP-0476,2025-06,29654000.0,29587000.0
EMP-0476,2025-07,31122000.0,31324000.0
EMP-0476,2025-08,30088000.0,29827000.0
EMP-0476,2025-09,30376000.0,30452000.0
EMP-0476,2025-10,30360000.0,30296000.0
EMP-0476,2025-11,31154000.0,31553000.0
EMP-0476,2025-12,31228000.0,31241000.0
EMP-0477,2025-01,38440000.0,37955000.0
EMP-0477,2025-02,38526000.0,38432000.0
EMP-0477,2025-03,39735000.0,39047000.0
EMP-0477,2025-04,38910000.0,39027000.0
EMP-0477,2025-05,37645000.0,38167000.0
EMP-0477,2025-06,37755000.0,37845000.0
EMP-0477,2025-07,38569000.0,38674000.0
EMP-0477,2025-08,40991000.0,41149000.0
EMP-0477,2025-09,40723000.0,40362000.0
EMP-0477,2025-10,40771000.0,40462000.0
EMP-0477,2025-11,40811000.0,41025000.0
EMP-0477,2025-12,40457000.0,40364000.0
EMP-0478,2025-01,46599000.0,47581000.0
EMP-0478,2025-02,45444000.0,46101000.0
EMP-0478,2025-03,47114000.0,46758000.0
EMP-0478,2025-04,47628000.0,47284000.0
EMP-0478,2025-05,47954000.0,47301000.0
EMP-0478,2025-06,25531000.0,25337000.0
EMP-0478,2025-07,26888000.0,26819000.0
EMP-0478,2025-08,25748000.0,25821000.0
EMP-0478,2025-09,26086000.0,26054000.0
EMP-0478,2025-10,23439000.0,23918000.0
EMP-0478,2025-11,25522000.0,25760000.0
EMP-0478,2025-12,25213000.0,25337000.0
EMP-0479,2025-01,117369000.0,117986000.0
EMP-0479,2025-02,116823000.0,114432000.0
EMP-0479,2025-03,111741000.0,109123000.0
EMP-0479,2025-04,114558000.0,114535000.0
EMP-0479,2025-05,123321000.0,124429000.0
EMP-0479,2025-06,126433000.0,125784000.0
EMP-0479,2025-07,122000000.0,122472000.0
EMP-0479,2025-08,132212000.0,133195000.0
EMP-0479,2025-09,128070000.0,129389000.0
EMP-0479,2025-10,126320000.0,125677000.0
EMP-0479,2025-11,128786000.0,128515000.0
EMP-0479,2025-12,132069000.0,131576000.0
EMP-0480,2025-01,102441000.0,101712000.0
EMP-0480,2025-02,102364000.0,102522000.0
EMP-0480,2025-03,98357000.0,97257000.0
EMP-0480,2025-04,99186000.0,100506000.0
EMP-0480,2025-05,95344000.0,95248000.0
EMP-0480,2025-06,94518000.0,94321000.0
EMP-0480,2025-07,96104000.0,94498000.0
EMP-0480,2025-08,94867000.0,93671000.0
EMP-0480,2025-09,96740000.0,97748000.0
EMP-0480,2025-10,94375000.0,97952000.0
EMP-0480,2025-11,94436000.0,95164000.0
EMP-0480,2025-12,90933000.0,90687000.0
EMP-0481,2025-01,105520000.0,104827000.0
EMP-0481,2025-02,98174000.0,97044000.0
EMP-0481,2025-03,100736000.0,99143000.0
EMP-0481,2025-04,96171000.0,96491000.0
EMP-0481,2025-05,100167000.0,100261000.0
EMP-0481,2025-06,100047000.0,99274000.0
EMP-0481,2025-07,102506000.0,102439000.0
EMP-0481,2025-08,100191000.0,100408000.0
EMP-0481,2025-09,100326000.0,98584000.0
EMP-0481,2025-10,101852000.0,102875000.0
EMP-0481,2025-11,99202000.0,100644000.0
EMP-0481,2025-12,99579000.0,99599000.0
EMP-0482,2025-01,54065000.0,55129000.0
EMP-0482,2025-02,52229000.0,52547000.0
EMP-0482,2025-03,52246000.0,53112000.0
EMP-0482,2025-04,50351000.0,50257000.0
EMP-0482,2025-05,49875000.0,50378000.0
EMP-0482,2025-06,51608000.0,51754000.0
EMP-0482,2025-07,49554000.0,49162000.0
EMP-0482,2025-08,51399000.0,51788000.0
EMP-0482,2025-09,51756000.0,52308000.0
EMP-0482,2025-10,50474000.0,50509000.0
EMP-0482,2025-11,52462000.0,52424000.0
EMP-0482,2025-12,52469000.0,53070000.0
EMP-0483,2025-01,116386000.0,115190000.0
EMP-0483,2025-02,115796000.0,115030000.0
EMP-0483,2025-03,115250000.0,114810000.0
EMP-0483,2025-04,117309000.0,116925000.0
EMP-0483,2025-05,117581000.0,116239000.0
EMP-0483,2025-06,115593000.0,114409000.0
EMP-0483,2025-07,112301000.0,113131000.0
EMP-0483,2025-08,117441000.0,116988000.0
EMP-0483,2025-09,114979000.0,112950000.0
EMP-0483,2025-10,109165000.0,109276000.0
EMP-0483,2025-11,109884000.0,110590000.0
EMP-0483,2025-12,110145000.0,110989000.0
EMP-0484,2025-01,99954000.0,101884000.0
EMP-0484,2025-02,99862000.0,99531000.0
EMP-0484,2025-03,99308000.0,98933000.0
EMP-0484,2025-04,101753000.0,102431000.0
EMP-0484,2025-05,95555000.0,95598000.0
EMP-0484,2025-06,101074000.0,100891000.0
EMP-0484,2025-07,102685000.0,102756000.0
EMP-0484,2025-08,101728000.0,102232000.0
EMP-0484,2025-09,94853000.0,95471000.0
EMP-0484,2025-10,101166000.0,101343000.0
EMP-0484,2025-11,98896000.0,97384000.0
EMP-0484,2025-12,102473000.0,102919000.0
EMP-0485,2025-01,50962000.0,49896000.0
EMP-0485,2025-02,49892000.0,49616000.0
EMP-0485,2025-03,51366000.0,51124000.0
EMP-0485,2025-04,50238000.0,49963000.0
EMP-0485,2025-05,49859000.0,50289000.0
EMP-0485,2025-06,48759000.0,48367000.0
EMP-0485,2025-07,47510000.0,48189000.0
EMP-0485,2025-08,47341000.0,46866000.0
EMP-0485,2025-09,47254000.0,47716000.0
EMP-0485,2025-10,46143000.0,47130000.0
EMP-0485,2025-11,47169000.0,46594000.0
EMP-0485,2025-12,46159000.0,45972000.0
EMP-0486,2025-01,47957000.0,47948000.0
EMP-0486,2025-02,48400000.0,48605000.0
EMP-0486,2025-03,48762000.0,48730000.0
EMP-0486,2025-04,48833000.0,48891000.0
EMP-0486,2025-05,46400000.0,46532000.0
EMP-0486,2025-06,47683000.0,47294000.0
EMP-0486,2025-07,46788000.0,46987000.0
EMP-0486,2025-08,46483000.0,46910000.0
EMP-0486,2025-09,46442000.0,46743000.0
EMP-0486,2025-10,46551000.0,47226000.0
EMP-0486,2025-11,46991000.0,46622000.0
EMP-0486,2025-12,46958000.0,47542000.0
EMP-0487,2025-01,86475000.0,87620000.0
EMP-0487,2025-02,83730000.0,83293000.0
EMP-0487,2025-03,84144000.0,84181000.0
EMP-0487,2025-04,82438000.0,81271000.0
EMP-0487,2025-05,84445000.0,83994000.0
EMP-0487,2025-06,83576000.0,83157000.0
EMP-0487,2025-07,86351000.0,86526000.0
EMP-0487,2025-08,84502000.0,83593000.0
EMP-0487,2025-09,86021000.0,85241000.0
EMP-0487,2025-10,84566000.0,84081000.0
EMP-0487,2025-11,87622000.0,86517000.0
EMP-0487,2025-12,85226000.0,84548000.0
EMP-0488,2025-01,130438000.0,132784000.0
EMP-0488,2025-02,126980000.0,126178000.0
EMP-0488,2025-03,126859000.0,128460000.0
EMP-0488,2025-04,125233000.0,125598000.0
EMP-0488,2025-05,129348000.0,129999000.0
EMP-0488,2025-06,127106000.0,126729000.0
EMP-0488,2025-07,123394000.0,121841000.0
EMP-0488,2025-08,121269000.0,123363000.0
EMP-0488,2025-09,120428000.0,119244000.0
EMP-0488,2025-10,130351000.0,130697000.0
EMP-0488,2025-11,123943000.0,124443000.0
EMP-0488,2025-12,129927000.0,127432000.0
EMP-0489,2025-01,60595000.0,59860000.0
EMP-0489,2025-02,63192000.0,63572000.0
EMP-0489,2025-03,60039000.0,60278000.0
EMP-0489,2025-04,62765000.0,62807000.0
EMP-0489,2025-05,58482000.0,58872000.0
EMP-0489,2025-06,55831000.0,55841000.0
EMP-0489,2025-07,55778000.0,55339000.0
EMP-0489,2025-08,55922000.0,56314000.0
EMP-0489,2025-09,56117000.0,55262000.0
EMP-0489,2025-10,56649000.0,56305000.0
EMP-0489,2025-11,59694000.0,60249000.0
EMP-0489,2025-12,58573000.0,59026000.0
EMP-0490,2025-01,44820000.0,45032000.0
EMP-0490,2025-02,45839000.0,46715000.0
EMP-0490,2025-03,45731000.0,45829000.0
EMP-0490,2025-04,46556000.0,46536000.0
EMP-0490,2025-05,46617000.0,47291000.0
EMP-0490,2025-06,46784000.0,47045000.0
EMP-0490,2025-07,49184000.0,49178000.0
EMP-0490,2025-08,48095000.0,48381000.0
EMP-0490,2025-09,45478000.0,45770000.0
EMP-0490,2025-10,47057000.0,46862000.0
EMP-0490,2025-11,48702000.0,48188000.0
EMP-0490,2025-12,48037000.0,47956000.0
EMP-0491,2025-01,59705000.0,61188000.0
EMP-0491,2025-02,60555000.0,61856000.0
EMP-0491,2025-03,60187000.0,59872000.0
EMP-0491,2025-04,59738000.0,59501000.0
EMP-0491,2025-05,56643000.0,56788000.0
EMP-0491,2025-06,58149000.0,57984000.0
EMP-0491,2025-07,56700000.0,57682000.0
EMP-0491,2025-08,56090000.0,56094000.0
EMP-0491,2025-09,56038000.0,55887000.0
EMP-0491,2025-10,54647000.0,54017000.0
EMP-0491,2025-11,54999000.0,56048000.0
EMP-0491,2025-12,55178000.0,55157000.0
EMP-0492,2025-01,76582000.0,76879000.0
EMP-0492,2025-02,77305000.0,77878000.0
EMP-0492,2025-03,75459000.0,75521000.0
EMP-0492,2025-04,73667000.0,73411000.0
EMP-0492,2025-05,75024000.0,74939000.0
EMP-0492,2025-06,38081000.0,38358000.0
EMP-0492,2025-07,37225000.0,37536000.0
EMP-0492,2025-08,37773000.0,36828000.0
EMP-0492,2025-09,39382000.0,39414000.0
EMP-0492,2025-10,39082000.0,39256000.0
EMP-0492,2025-11,36746000.0,37183000.0
EMP-0492,2025-12,37384000.0,37757000.0
EMP-0493,2025-01,140604000.0,141659000.0
EMP-0493,2025-02,138283000.0,139159000.0
EMP-0493,2025-03,131428000.0,133749000.0
EMP-0493,2025-04,137788000.0,141047000.0
EMP-0493,2025-05,135202000.0,134520000.0
EMP-0493,2025-06,132238000.0,133397000.0
EMP-0493,2025-07,135391000.0,133627000.0
EMP-0493,2025-08,129673000.0,131112000.0
EMP-0493,2025-09,127087000.0,126589000.0
EMP-0493,2025-10,118019000.0,119817000.0
EMP-0493,2025-11,126734000.0,126518000.0
EMP-0493,2025-12,120786000.0,120046000.0
EMP-0494,2025-01,133650000.0,132688000.0
EMP-0494,2025-02,130786000.0,131963000.0
EMP-0494,2025-03,129743000.0,129861000.0
EMP-0494,2025-04,127891000.0,128483000.0
EMP-0494,2025-05,127849000.0,126749000.0
EMP-0494,2025-06,131648000.0,131906000.0
EMP-0494,2025-07,133921000.0,134749000.0
EMP-0494,2025-08,126456000.0,129438000.0
EMP-0494,2025-09,123742000.0,122054000.0
EMP-0494,2025-10,118824000.0,119042000.0
EMP-0494,2025-11,115786000.0,114890000.0
EMP-0494,2025-12,114960000.0,115050000.0
EMP-0495,2025-01,128791000.0,129352000.0
EMP-0495,2025-02,122698000.0,124254000.0
EMP-0495,2025-03,126556000.0,126250000.0
EMP-0495,2025-04,131268000.0,132396000.0
EMP-0495,2025-05,129411000.0,131134000.0
EMP-0495,2025-06,126977000.0,125708000.0
EMP-0495,2025-07,125812000.0,123642000.0
EMP-0495,2025-08,122480000.0,120828000.0
EMP-0495,2025-09,123892000.0,122641000.0
EMP-0495,2025-10,122681000.0,122572000.0
EMP-0495,2025-11,115333000.0,115849000.0
EMP-0495,2025-12,115129000.0,113649000.0
EMP-0496,2025-01,122415000.0,124176000.0
EMP-0496,2025-02,125890000.0,128067000.0
EMP-0496,2025-03,125942000.0,125573000.0
EMP-0496,2025-04,120754000.0,119105000.0
EMP-0496,2025-05,125940000.0,127085000.0
EMP-0496,2025-06,127460000.0,127626000.0
EMP-0496,2025-07,118195000.0,117169000.0
EMP-0496,2025-08,117794000.0,119833000.0
EMP-0496,2025-09,117241000.0,116393000.0
EMP-0496,2025-10,118139000.0,119332000.0
EMP-0496,2025-11,111172000.0,110701000.0
EMP-0496,2025-12,115869000.0,116891000.0
EMP-0497,2025-01,86161000.0,85589000.0
EMP-0497,2025-02,83105000.0,83848000.0
EMP-0497,2025-03,79687000.0,79157000.0
EMP-0497,2025-04,86162000.0,87535000.0
EMP-0497,2025-05,81228000.0,81438000.0
EMP-0497,2025-06,84562000.0,83383000.0
EMP-0497,2025-07,77949000.0,77758000.0
EMP-0497,2025-08,77654000.0,77547000.0
EMP-0497,2025-09,75921000.0,74814000.0
EMP-0497,2025-10,79322000.0,80167000.0
EMP-0497,2025-11,76351000.0,76880000.0
EMP-0497,2025-12,74355000.0,73183000.0
EMP-0498,2025-01,102438000.0,102994000.0
EMP-0498,2025-02,102245000.0,101102000.0
EMP-0498,2025-03,100508000.0,100243000.0
EMP-0498,2025-04,100653000.0,100030000.0
EMP-0498,2025-05,102625000.0,102267000.0
EMP-0498,2025-06,104495000.0,103805000.0
EMP-0498,2025-07,103280000.0,104410000.0
EMP-0498,2025-08,99443000.0,100197000.0
EMP-0498,2025-09,99118000.0,99550000.0
EMP-0498,2025-10,102707000.0,102062000.0
EMP-0498,2025-11,96808000.0,97279000.0
EMP-0498,2025-12,98300000.0,98300000.0
EMP-0499,2025-01,133793000.0,133765000.0
EMP-0499,2025-02,122564000.0,123129000.0
EMP-0499,2025-03,129345000.0,129654000.0
EMP-0499,2025-04,127182000.0,128917000.0
EMP-0499,2025-05,126104000.0,127057000.0
EMP-0499,2025-06,124291000.0,125836000.0
EMP-0499,2025-07,129948000.0,129232000.0
EMP-0499,2025-08,126352000.0,128626000.0
EMP-0499,2025-09,130577000.0,130313000.0
EMP-0499,2025-10,126213000.0,127775000.0
EMP-0499,2025-11,136720000.0,137693000.0
EMP-0499,2025-12,127694000.0,128199000.0
EMP-0500,2025-01,121227000.0,121391000.0
EMP-0500,2025-02,121546000.0,124165000.0
EMP-0500,2025-03,126494000.0,128824000.0
EMP-0500,2025-04,126042000.0,126357000.0
EMP-0500,2025-05,128550000.0,128867000.0
EMP-0500,2025-06,124026000.0,123113000.0
EMP-0500,2025-07,121379000.0,120209000.0
EMP-0500,2025-08,118309000.0,117918000.0
EMP-0500,2025-09,59788000.0,59785000.0
EMP-0500,2025-10,57909000.0,58417000.0
EMP-0500,2025-11,58035000.0,59220000.0
EMP-0500,2025-12,59105000.0,57881000.0
EMP-0501,2025-01,80056000.0,79095000.0
EMP-0501,2025-02,78008000.0,78384000.0
EMP-0501,2025-03,79738000.0,78555000.0
EMP-0501,2025-04,75959000.0,76917000.0
EMP-0501,2025-05,76699000.0,77428000.0
EMP-0501,2025-06,78660000.0,79251000.0
EMP-0501,2025-07,80559000.0,79473000.0
EMP-0501,2025-08,77954000.0,77164000.0
EMP-0501,2025-09,81866000.0,82790000.0
EMP-0501,2025-10,83459000.0,81876000.0
EMP-0501,2025-11,81096000.0,81376000.0
EMP-0501,2025-12,81603000.0,81054000.0
EMP-0502,2025-01,108188000.0,106884000.0
EMP-0502,2025-02,104171000.0,103969000.0
EMP-0502,2025-03,106841000.0,109764000.0
EMP-0502,2025-04,107498000.0,107870000.0
EMP-0502,2025-05,107384000.0,108173000.0
EMP-0502,2025-06,111250000.0,110935000.0
EMP-0502,2025-07,101774000.0,102832000.0
EMP-0502,2025-08,103335000.0,104648000.0
EMP-0502,2025-09,102173000.0,102176000.0
EMP-0502,2025-10,103596000.0,102900000.0
EMP-0502,2025-11,99997000.0,100430000.0
EMP-0502,2025-12,104885000.0,105832000.0
EMP-0503,2025-01,117394000.0,118011000.0
EMP-0503,2025-02,121664000.0,121191000.0
EMP-0503,2025-03,121299000.0,122162000.0
EMP-0503,2025-04,122551000.0,122277000.0
EMP-0503,2025-05,119322000.0,121099000.0
EMP-0503,2025-06,124178000.0,124257000.0
EMP-0503,2025-07,123532000.0,121650000.0
EMP-0503,2025-08,127997000.0,129044000.0
EMP-0503,2025-09,130352000.0,130741000.0
EMP-0503,2025-10,124603000.0,124319000.0
EMP-0503,2025-11,127893000.0,127851000.0
EMP-0503,2025-12,125647000.0,124041000.0
EMP-0504,2025-01,134414000.0,133198000.0
EMP-0504,2025-02,139792000.0,138941000.0
EMP-0504,2025-03,140503000.0,141527000.0
EMP-0504,2025-04,136184000.0,137012000.0
EMP-0504,2025-05,138508000.0,136737000.0
EMP-0504,2025-06,139104000.0,138821000.0
EMP-0504,2025-07,144639000.0,144872000.0
EMP-0504,2025-08,134920000.0,136073000.0
EMP-0504,2025-09,136865000.0,133450000.0
EMP-0504,2025-10,134168000.0,132276000.0
EMP-0504,2025-11,140913000.0,139969000.0
EMP-0504,2025-12,141438000.0,137966000.0
EMP-0505,2025-01,100904000.0,102207000.0
EMP-0505,2025-02,100002000.0,100269000.0
EMP-0505,2025-03,102565000.0,103292000.0
EMP-0505,2025-04,102558000.0,101932000.0
EMP-0505,2025-05,109967000.0,110271000.0
EMP-0505,2025-06,109923000.0,110209000.0
EMP-0505,2025-07,112789000.0,112369000.0
EMP-0505,2025-08,110919000.0,112084000.0
EMP-0505,2025-09,110376000.0,110897000.0
EMP-0505,2025-10,107848000.0,108076000.0
EMP-0505,2025-11,112460000.0,112176000.0
EMP-0505,2025-12,109608000.0,108830000.0
EMP-0506,2025-01,53756000.0,53780000.0
EMP-0506,2025-02,53947000.0,54183000.0
EMP-0506,2025-03,50733000.0,50698000.0
EMP-0506,2025-04,53648000.0,54429000.0
EMP-0506,2025-05,53703000.0,53500000.0
EMP-0506,2025-06,53597000.0,53987000.0
EMP-0506,2025-07,53926000.0,53275000.0
EMP-0506,2025-08,53803000.0,53479000.0
EMP-0506,2025-09,54283000.0,53514000.0
EMP-0506,2025-10,52022000.0,51754000.0
EMP-0506,2025-11,50718000.0,51366000.0
EMP-0506,2025-12,51641000.0,51085000.0
EMP-0507,2025-01,54353000.0,55162000.0
EMP-0507,2025-02,54555000.0,54343000.0
EMP-0507,2025-03,55516000.0,54884000.0
EMP-0507,2025-04,53844000.0,53808000.0
EMP-0507,2025-05,52627000.0,52556000.0
EMP-0507,2025-06,51829000.0,51868000.0
EMP-0507,2025-07,53027000.0,52289000.0
EMP-0507,2025-08,52138000.0,52094000.0
EMP-0507,2025-09,53458000.0,52649000.0
EMP-0507,2025-10,53467000.0,53222000.0
EMP-0507,2025-11,52443000.0,52055000.0
EMP-0507,2025-12,55714000.0,55234000.0
EMP-0508,2025-01,128485000.0,129449000.0
EMP-0508,2025-02,128375000.0,130135000.0
EMP-0508,2025-03,132998000.0,133389000.0
EMP-0508,2025-04,132693000.0,131350000.0
EMP-0508,2025-05,132164000.0,131948000.0
EMP-0508,2025-06,135440000.0,137044000.0
EMP-0508,2025-07,134418000.0,135310000.0
EMP-0508,2025-08,77242000.0,79036000.0
EMP-0508,2025-09,78615000.0,77550000.0
EMP-0508,2025-10,80347000.0,79567000.0
EMP-0508,2025-11,80479000.0,81128000.0
EMP-0508,2025-12,77316000.0,77492000.0
EMP-0509,2025-01,71439000.0,70717000.0
EMP-0509,2025-02,68413000.0,67920000.0
EMP-0509,2025-03,66854000.0,66980000.0
EMP-0509,2025-04,67476000.0,67663000.0
EMP-0509,2025-05,64099000.0,64423000.0
EMP-0509,2025-06,64362000.0,65514000.0
EMP-0509,2025-07,64503000.0,65726000.0
EMP-0509,2025-08,63197000.0,62550000.0
EMP-0509,2025-09,62799000.0,63176000.0
EMP-0509,2025-10,60596000.0,60271000.0
EMP-0509,2025-11,61563000.0,62487000.0
EMP-0509,2025-12,59615000.0,59321000.0
EMP-0510,2025-01,105736000.0,104473000.0
EMP-0510,2025-02,108079000.0,109227000.0
EMP-0510,2025-03,108601000.0,110047000.0
EMP-0510,2025-04,109794000.0,108909000.0
EMP-0510,2025-05,117756000.0,118967000.0
EMP-0510,2025-06,120220000.0,118981000.0
EMP-0510,2025-07,115987000.0,115216000.0
EMP-0510,2025-08,118483000.0,116238000.0
EMP-0510,2025-09,114452000.0,115501000.0
EMP-0510,2025-10,119767000.0,120211000.0
EMP-0510,2025-11,117554000.0,117027000.0
EMP-0510,2025-12,114234000.0,113852000.0
EMP-0511,2025-01,14289000.0,14315000.0
EMP-0511,2025-02,14077000.0,14098000.0
EMP-0511,2025-03,14301000.0,14367000.0
EMP-0511,2025-04,15134000.0,14973000.0
EMP-0511,2025-05,14852000.0,14946000.0
EMP-0511,2025-06,15003000.0,15012000.0
EMP-0511,2025-07,15162000.0,14935000.0
EMP-0511,2025-08,15480000.0,15776000.0
EMP-0511,2025-09,16602000.0,16439000.0
EMP-0511,2025-10,16264000.0,16104000.0
EMP-0511,2025-11,16525000.0,16388000.0
EMP-0511,2025-12,16864000.0,16750000.0
EMP-0512,2025-01,9335000.0,9253000.0
EMP-0512,2025-02,9489000.0,9444000.0
EMP-0512,2025-03,9678000.0,9741000.0
EMP-0512,2025-04,9729000.0,9744000.0
EMP-0512,2025-05,9262000.0,9172000.0
EMP-0512,2025-06,9904000.0,9963000.0
EMP-0512,2025-07,9856000.0,9976000.0
EMP-0512,2025-08,10023000.0,9991000.0
EMP-0512,2025-09,10108000.0,10093000.0
EMP-0512,2025-10,9648000.0,9610000.0
EMP-0512,2025-11,9632000.0,9543000.0
EMP-0512,2025-12,9452000.0,9245000.0
EMP-0513,2025-01,13082000.0,13041000.0
EMP-0513,2025-02,12767000.0,13138000.0
EMP-0513,2025-03,12246000.0,12211000.0
EMP-0513,2025-04,12298000.0,12154000.0
EMP-0513,2025-05,11717000.0,11791000.0
EMP-0513,2025-06,11956000.0,11933000.0
EMP-0513,2025-07,12589000.0,12664000.0
EMP-0513,2025-08,12564000.0,12614000.0
EMP-0513,2025-09,12671000.0,12639000.0
EMP-0513,2025-10,12779000.0,12794000.0
EMP-0513,2025-11,12803000.0,12998000.0
EMP-0513,2025-12,13095000.0,13076000.0
EMP-0514,2025-01,11145000.0,11308000.0
EMP-0514,2025-02,10187000.0,10240000.0
EMP-0514,2025-03,10466000.0,10562000.0
EMP-0514,2025-04,10563000.0,10638000.0
EMP-0514,2025-05,10793000.0,10764000.0
EMP-0514,2025-06,10849000.0,10992000.0
EMP-0514,2025-07,10671000.0,10720000.0
EMP-0514,2025-08,10393000.0,10340000.0
EMP-0514,2025-09,10464000.0,10328000.0
EMP-0514,2025-10,10605000.0,10687000.0
EMP-0514,2025-11,10481000.0,10317000.0
EMP-0514,2025-12,10427000.0,10341000.0
EMP-0515,2025-01,14578000.0,14397000.0
EMP-0515,2025-02,14162000.0,14284000.0
EMP-0515,2025-03,13663000.0,13727000.0
EMP-0515,2025-04,13466000.0,13506000.0
EMP-0515,2025-05,13468000.0,13501000.0
EMP-0515,2025-06,13289000.0,13310000.0
EMP-0515,2025-07,12993000.0,13208000.0
EMP-0515,2025-08,13088000.0,12912000.0
EMP-0515,2025-09,14090000.0,14270000.0
EMP-0515,2025-10,14210000.0,14196000.0
EMP-0515,2025-11,13574000.0,13810000.0
EMP-0515,2025-12,13477000.0,13547000.0
EMP-0516,2025-01,7690000.0,7764000.0
EMP-0516,2025-02,7625000.0,7651000.0
EMP-0516,2025-03,7575000.0,7501000.0
EMP-0516,2025-04,7373000.0,7378000.0
EMP-0516,2025-05,7351000.0,7357000.0
EMP-0516,2025-06,7076000.0,7120000.0
EMP-0516,2025-07,7472000.0,7523000.0
EMP-0516,2025-08,7335000.0,7414000.0
EMP-0516,2025-09,7118000.0,7160000.0
EMP-0516,2025-10,7262000.0,7255000.0
EMP-0516,2025-11,7107000.0,7044000.0
EMP-0516,2025-12,7020000.0,7074000.0
EMP-0517,2025-01,12352000.0,12206000.0
EMP-0517,2025-02,12143000.0,12197000.0
EMP-0517,2025-03,12249000.0,12377000.0
EMP-0517,2025-04,12030000.0,12081000.0
EMP-0517,2025-05,12330000.0,12227000.0
EMP-0517,2025-06,12755000.0,12736000.0
EMP-0517,2025-07,12303000.0,12309000.0
EMP-0517,2025-08,12415000.0,12412000.0
EMP-0517,2025-09,12193000.0,12233000.0
EMP-0517,2025-10,11901000.0,11995000.0
EMP-0517,2025-11,12746000.0,12707000.0
EMP-0517,2025-12,12450000.0,12532000.0
EMP-0518,2025-01,6659000.0,6694000.0
EMP-0518,2025-02,6697000.0,6759000.0
EMP-0518,2025-03,6632000.0,6606000.0
EMP-0518,2025-04,6753000.0,6768000.0
EMP-0518,2025-05,6664000.0,6636000.0
EMP-0518,2025-06,6698000.0,6689000.0
EMP-0518,2025-07,6691000.0,6660000.0
EMP-0518,2025-08,6674000.0,6627000.0
EMP-0518,2025-09,6970000.0,7073000.0
EMP-0518,2025-10,6609000.0,6641000.0
EMP-0518,2025-11,6608000.0,6543000.0
EMP-0518,2025-12,6745000.0,6736000.0
EMP-0519,2025-01,10696000.0,10593000.0
EMP-0519,2025-02,10534000.0,10543000.0
EMP-0519,2025-03,10261000.0,10237000.0
EMP-0519,2025-04,10233000.0,10248000.0
EMP-0519,2025-05,10601000.0,10402000.0
EMP-0519,2025-06,10463000.0,10291000.0
EMP-0519,2025-07,9745000.0,9732000.0
EMP-0519,2025-08,9929000.0,10007000.0
EMP-0519,2025-09,9710000.0,9718000.0
EMP-0519,2025-10,9648000.0,9574000.0
EMP-0519,2025-11,9870000.0,9781000.0
EMP-0519,2025-12,9407000.0,9524000.0
EMP-0520,2025-01,13058000.0,12935000.0
EMP-0520,2025-02,12404000.0,12437000.0
EMP-0520,2025-03,12645000.0,12493000.0
EMP-0520,2025-04,12934000.0,12899000.0
EMP-0520,2025-05,12736000.0,12843000.0
EMP-0520,2025-06,12138000.0,11975000.0
EMP-0520,2025-07,12170000.0,12072000.0
EMP-0520,2025-08,12215000.0,12348000.0
EMP-0520,2025-09,12317000.0,12482000.0
EMP-0520,2025-10,12371000.0,12509000.0
EMP-0520,2025-11,12451000.0,12500000.0
EMP-0520,2025-12,12444000.0,12225000.0
EMP-0521,2025-01,10270000.0,10190000.0
EMP-0521,2025-02,10140000.0,10186000.0
EMP-0521,2025-03,9981000.0,9871000.0
EMP-0521,2025-04,9801000.0,9693000.0
EMP-0521,2025-05,9736000.0,9853000.0
EMP-0521,2025-06,9681000.0,9589000.0
EMP-0521,2025-07,9787000.0,9943000.0
EMP-0521,2025-08,9475000.0,9540000.0
EMP-0521,2025-09,9686000.0,9745000.0
EMP-0521,2025-10,9978000.0,9980000.0
EMP-0521,2025-11,10520000.0,10777000.0
EMP-0521,2025-12,10459000.0,10510000.0
EMP-0522,2025-01,16795000.0,16742000.0
EMP-0522,2025-02,17716000.0,17690000.0
EMP-0522,2025-03,17344000.0,17402000.0
EMP-0522,2025-04,16921000.0,16971000.0
EMP-0522,2025-05,16780000.0,16841000.0
EMP-0522,2025-06,17843000.0,17918000.0
EMP-0522,2025-07,17200000.0,17290000.0
EMP-0522,2025-08,18005000.0,17714000.0
EMP-0522,2025-09,17841000.0,17923000.0
EMP-0522,2025-10,18157000.0,18367000.0
EMP-0522,2025-11,18078000.0,18095000.0
EMP-0522,2025-12,17355000.0,17397000.0
EMP-0523,2025-01,9259000.0,9267000.0
EMP-0523,2025-02,9104000.0,9105000.0
EMP-0523,2025-03,8732000.0,8777000.0
EMP-0523,2025-04,8959000.0,8962000.0
EMP-0523,2025-05,8696000.0,8698000.0
EMP-0523,2025-06,8834000.0,8810000.0
EMP-0523,2025-07,8690000.0,8623000.0
EMP-0523,2025-08,8556000.0,8423000.0
EMP-0523,2025-09,8601000.0,8582000.0
EMP-0523,2025-10,8969000.0,8934000.0
EMP-0523,2025-11,8742000.0,8888000.0
EMP-0523,2025-12,9257000.0,9306000.0
EMP-0524,2025-01,12066000.0,12047000.0
EMP-0524,2025-02,11830000.0,11858000.0
EMP-0524,2025-03,12288000.0,12314000.0
EMP-0524,2025-04,12089000.0,12197000.0
EMP-0524,2025-05,12011000.0,11954000.0
EMP-0524,2025-06,11896000.0,11975000.0
EMP-0524,2025-07,12326000.0,12229000.0
EMP-0524,2025-08,11565000.0,11536000.0
EMP-0524,2025-09,11749000.0,11634000.0
EMP-0524,2025-10,11065000.0,10916000.0
EMP-0524,2025-11,11032000.0,11255000.0
EMP-0524,2025-12,10937000.0,10977000.0
EMP-0525,2025-01,7253000.0,7260000.0
EMP-0525,2025-02,7463000.0,7420000.0
EMP-0525,2025-03,8090000.0,8176000.0
EMP-0525,2025-04,8321000.0,8349000.0
EMP-0525,2025-05,7834000.0,7821000.0
EMP-0525,2025-06,8298000.0,8199000.0
EMP-0525,2025-07,8205000.0,8303000.0
EMP-0525,2025-08,8279000.0,8272000.0
EMP-0525,2025-09,8046000.0,7992000.0
EMP-0525,2025-10,7784000.0,7767000.0
EMP-0525,2025-11,7863000.0,7994000.0
EMP-0525,2025-12,8063000.0,8147000.0
EMP-0526,2025-01,18536000.0,18475000.0
EMP-0526,2025-02,18572000.0,19066000.0
EMP-0526,2025-03,18646000.0,18683000.0
EMP-0526,2025-04,17795000.0,17534000.0
EMP-0526,2025-05,17311000.0,17324000.0
EMP-0526,2025-06,17787000.0,17697000.0
EMP-0526,2025-07,17339000.0,17448000.0
EMP-0526,2025-08,17485000.0,17482000.0
EMP-0526,2025-09,17361000.0,17248000.0
EMP-0526,2025-10,16755000.0,16840000.0
EMP-0526,2025-11,17467000.0,17211000.0
EMP-0526,2025-12,16575000.0,16613000.0
EMP-0527,2025-01,14939000.0,15291000.0
EMP-0527,2025-02,15024000.0,15196000.0
EMP-0527,2025-03,14629000.0,14459000.0
EMP-0527,2025-04,14953000.0,15175000.0
EMP-0527,2025-05,14509000.0,14529000.0
EMP-0527,2025-06,14816000.0,14722000.0
EMP-0527,2025-07,14519000.0,14530000.0
EMP-0527,2025-08,14836000.0,15002000.0
EMP-0527,2025-09,14624000.0,14548000.0
EMP-0527,2025-10,14052000.0,13840000.0
EMP-0527,2025-11,15041000.0,14911000.0
EMP-0527,2025-12,14808000.0,14820000.0
EMP-0528,2025-01,4296000.0,4255000.0
EMP-0528,2025-02,4043000.0,4050000.0
EMP-0528,2025-03,4258000.0,4241000.0
EMP-0528,2025-04,4011000.0,3964000.0
EMP-0528,2025-05,4127000.0,4148000.0
EMP-0528,2025-06,3965000.0,3984000.0
EMP-0528,2025-07,4088000.0,4101000.0
EMP-0528,2025-08,4259000.0,4183000.0
EMP-0528,2025-09,4314000.0,4263000.0
EMP-0528,2025-10,4234000.0,4262000.0
EMP-0528,2025-11,4333000.0,4321000.0
EMP-0528,2025-12,4374000.0,4407000.0
EMP-0529,2025-01,6555000.0,6493000.0
EMP-0529,2025-02,6350000.0,6283000.0
EMP-0529,2025-03,6210000.0,6177000.0
EMP-0529,2025-04,6470000.0,6469000.0
EMP-0529,2025-05,6481000.0,6510000.0
EMP-0529,2025-06,6501000.0,6511000.0
EMP-0529,2025-07,6533000.0,6565000.0
EMP-0529,2025-08,6534000.0,6566000.0
EMP-0529,2025-09,6298000.0,6258000.0
EMP-0529,2025-10,6540000.0,6620000.0
EMP-0529,2025-11,6360000.0,6323000.0
EMP-0529,2025-12,6468000.0,6405000.0
EMP-0530,2025-01,5828000.0,5845000.0
EMP-0530,2025-02,6098000.0,6081000.0
EMP-0530,2025-03,5952000.0,6029000.0
EMP-0530,2025-04,6093000.0,6073000.0
EMP-0530,2025-05,5867000.0,5823000.0
EMP-0530,2025-06,6074000.0,6047000.0
EMP-0530,2025-07,5933000.0,5949000.0
EMP-0530,2025-08,5862000.0,5882000.0
EMP-0530,2025-09,6123000.0,6060000.0
EMP-0530,2025-10,6076000.0,6085000.0
EMP-0530,2025-11,6296000.0,6268000.0
EMP-0530,2025-12,6279000.0,6268000.0
EMP-0531,2025-01,6313000.0,6298000.0
EMP-0531,2025-02,6606000.0,6631000.0
EMP-0531,2025-03,6653000.0,6699000.0
EMP-0531,2025-04,6533000.0,6535000.0
EMP-0531,2025-05,6580000.0,6676000.0
EMP-0531,2025-06,6392000.0,6485000.0
EMP-0531,2025-07,6213000.0,6245000.0
EMP-0531,2025-08,6252000.0,6307000.0
EMP-0531,2025-09,6346000.0,6279000.0
EMP-0531,2025-10,6206000.0,6204000.0
EMP-0531,2025-11,6186000.0,6103000.0
EMP-0531,2025-12,6039000.0,6038000.0
EMP-0532,2025-01,13817000.0,13759000.0
EMP-0532,2025-02,13902000.0,13901000.0
EMP-0532,2025-03,12887000.0,12825000.0
EMP-0532,2025-04,13693000.0,13671000.0
EMP-0532,2025-05,13149000.0,13207000.0
EMP-0532,2025-06,13469000.0,13360000.0
EMP-0532,2025-07,13583000.0,13590000.0
EMP-0532,2025-08,13532000.0,13585000.0
EMP-0532,2025-09,13627000.0,13571000.0
EMP-0532,2025-10,13934000.0,13780000.0
EMP-0532,2025-11,13251000.0,13263000.0
EMP-0532,2025-12,14270000.0,14392000.0
EMP-0533,2025-01,6461000.0,6490000.0
EMP-0533,2025-02,6316000.0,6275000.0
EMP-0533,2025-03,6678000.0,6646000.0
EMP-0533,2025-04,6695000.0,6659000.0
EMP-0533,2025-05,6714000.0,6621000.0
EMP-0533,2025-06,6839000.0,6969000.0
EMP-0533,2025-07,7059000.0,7074000.0
EMP-0533,2025-08,7091000.0,7154000.0
EMP-0533,2025-09,6973000.0,6966000.0
EMP-0533,2025-10,7451000.0,7351000.0
EMP-0533,2025-11,7298000.0,7347000.0
EMP-0533,2025-12,6781000.0,6885000.0
EMP-0534,2025-01,11588000.0,11473000.0
EMP-0534,2025-02,11876000.0,11690000.0
EMP-0534,2025-03,12008000.0,12037000.0
EMP-0534,2025-04,12484000.0,12744000.0
EMP-0534,2025-05,12170000.0,12181000.0
EMP-0534,2025-06,12226000.0,12131000.0
EMP-0534,2025-07,11856000.0,12014000.0
EMP-0534,2025-08,12054000.0,12031000.0
EMP-0534,2025-09,12106000.0,12044000.0
EMP-0534,2025-10,12306000.0,12376000.0
EMP-0534,2025-11,12222000.0,12341000.0
EMP-0534,2025-12,12546000.0,12348000.0
EMP-0535,2025-01,7286000.0,7322000.0
EMP-0535,2025-02,7524000.0,7443000.0
EMP-0535,2025-03,7349000.0,7276000.0
EMP-0535,2025-04,7591000.0,7649000.0
EMP-0535,2025-05,7429000.0,7414000.0
EMP-0535,2025-06,7595000.0,7531000.0
EMP-0535,2025-07,7493000.0,7562000.0
EMP-0535,2025-08,7498000.0,7542000.0
EMP-0535,2025-09,7635000.0,7638000.0
EMP-0535,2025-10,7721000.0,7679000.0
EMP-0535,2025-11,7368000.0,7329000.0
EMP-0535,2025-12,7554000.0,7437000.0
EMP-0536,2025-01,16389000.0,16670000.0
EMP-0536,2025-02,15568000.0,15601000.0
EMP-0536,2025-03,15302000.0,15141000.0
EMP-0536,2025-04,15660000.0,15984000.0
EMP-0536,2025-05,15206000.0,15171000.0
EMP-0536,2025-06,14995000.0,15100000.0
EMP-0536,2025-07,15451000.0,15363000.0
EMP-0536,2025-08,15041000.0,15024000.0
EMP-0536,2025-09,14831000.0,14817000.0
EMP-0536,2025-10,14109000.0,14177000.0
EMP-0536,2025-11,14615000.0,14780000.0
EMP-0536,2025-12,15434000.0,15375000.0
EMP-0537,2025-01,5498000.0,5491000.0
EMP-0537,2025-02,5245000.0,5321000.0
EMP-0537,2025-03,5475000.0,5501000.0
EMP-0537,2025-04,5886000.0,5883000.0
EMP-0537,2025-05,5927000.0,5989000.0
EMP-0537,2025-06,5570000.0,5555000.0
EMP-0537,2025-07,5720000.0,5693000.0
EMP-0537,2025-08,5655000.0,5671000.0
EMP-0537,2025-09,5586000.0,5591000.0
EMP-0537,2025-10,5592000.0,5568000.0
EMP-0537,2025-11,5574000.0,5592000.0
EMP-0537,2025-12,5708000.0,5618000.0
EMP-0538,2025-01,15320000.0,15239000.0
EMP-0538,2025-02,15569000.0,15355000.0
EMP-0538,2025-03,16021000.0,15834000.0
EMP-0538,2025-04,16174000.0,15907000.0
EMP-0538,2025-05,16463000.0,16440000.0
EMP-0538,2025-06,15670000.0,15581000.0
EMP-0538,2025-07,16790000.0,16852000.0
EMP-0538,2025-08,15982000.0,16051000.0
EMP-0538,2025-09,15984000.0,16188000.0
EMP-0538,2025-10,15850000.0,15733000.0
EMP-0538,2025-11,16091000.0,16125000.0
EMP-0538,2025-12,16246000.0,16201000.0
EMP-0539,2025-01,14890000.0,14946000.0
EMP-0539,2025-02,15234000.0,15272000.0
EMP-0539,2025-03,15128000.0,15079000.0
EMP-0539,2025-04,15611000.0,15600000.0
EMP-0539,2025-05,14462000.0,14258000.0
EMP-0539,2025-06,15231000.0,15310000.0
EMP-0539,2025-07,14326000.0,14050000.0
EMP-0539,2025-08,14072000.0,14137000.0
EMP-0539,2025-09,13889000.0,13694000.0
EMP-0539,2025-10,13759000.0,13857000.0
EMP-0539,2025-11,14192000.0,14255000.0
EMP-0539,2025-12,14005000.0,13919000.0
EMP-0540,2025-01,15058000.0,14766000.0
EMP-0540,2025-02,14885000.0,14946000.0
EMP-0540,2025-03,15043000.0,14827000.0
EMP-0540,2025-04,14734000.0,14861000.0
EMP-0540,2025-05,14832000.0,14631000.0
EMP-0540,2025-06,14733000.0,14516000.0
EMP-0540,2025-07,14900000.0,14852000.0
EMP-0540,2025-08,15046000.0,14822000.0
EMP-0540,2025-09,15056000.0,15020000.0
EMP-0540,2025-10,14945000.0,14680000.0
EMP-0540,2025-11,15145000.0,15179000.0
EMP-0540,2025-12,15303000.0,15174000.0
EMP-0541,2025-01,11692000.0,11928000.0
EMP-0541,2025-02,11546000.0,11560000.0
EMP-0541,2025-03,11405000.0,11434000.0
EMP-0541,2025-04,11277000.0,11283000.0
EMP-0541,2025-05,11524000.0,11317000.0
EMP-0541,2025-06,11232000.0,11256000.0
EMP-0541,2025-07,11095000.0,10848000.0
EMP-0541,2025-08,11331000.0,11573000.0
EMP-0541,2025-09,11421000.0,11203000.0
EMP-0541,2025-10,11365000.0,11205000.0
EMP-0541,2025-11,10915000.0,10980000.0
EMP-0541,2025-12,10901000.0,10985000.0
EMP-0542,2025-01,18349000.0,18595000.0
EMP-0542,2025-02,18012000.0,18252000.0
EMP-0542,2025-03,17989000.0,17811000.0
EMP-0542,2025-04,17937000.0,17574000.0
EMP-0542,2025-05,18286000.0,18333000.0
EMP-0542,2025-06,18933000.0,18718000.0
EMP-0542,2025-07,19580000.0,19476000.0
EMP-0542,2025-08,19043000.0,19024000.0
EMP-0542,2025-09,18471000.0,18721000.0
EMP-0542,2025-10,17553000.0,17651000.0
EMP-0542,2025-11,17525000.0,17438000.0
EMP-0542,2025-12,17176000.0,17013000.0
EMP-0543,2025-01,6365000.0,6288000.0
EMP-0543,2025-02,6655000.0,6808000.0
EMP-0543,2025-03,6295000.0,6271000.0
EMP-0543,2025-04,6282000.0,6313000.0
EMP-0543,2025-05,6348000.0,6419000.0
EMP-0543,2025-06,6292000.0,6299000.0
EMP-0543,2025-07,5908000.0,5961000.0
EMP-0543,2025-08,5783000.0,5760000.0
EMP-0543,2025-09,5574000.0,5638000.0
EMP-0543,2025-10,5577000.0,5644000.0
EMP-0543,2025-11,5684000.0,5630000.0
EMP-0543,2025-12,5639000.0,5630000.0
EMP-0544,2025-01,12740000.0,12804000.0
EMP-0544,2025-02,12292000.0,12337000.0
EMP-0544,2025-03,12163000.0,12164000.0
EMP-0544,2025-04,12231000.0,12326000.0
EMP-0544,2025-05,12001000.0,12185000.0
EMP-0544,2025-06,12051000.0,11838000.0
EMP-0544,2025-07,11869000.0,11771000.0
EMP-0544,2025-08,11919000.0,11733000.0
EMP-0544,2025-09,11660000.0,11811000.0
EMP-0544,2025-10,11303000.0,11321000.0
EMP-0544,2025-11,11032000.0,11006000.0
EMP-0544,2025-12,11284000.0,11253000.0
EMP-0545,2025-01,42253000.0,41702000.0
EMP-0545,2025-02,42821000.0,43002000.0
EMP-0545,2025-03,42646000.0,43278000.0
EMP-0545,2025-04,40150000.0,40447000.0
EMP-0545,2025-05,42031000.0,41746000.0
EMP-0545,2025-06,42038000.0,41604000.0
EMP-0545,2025-07,41438000.0,41666000.0
EMP-0545,2025-08,42224000.0,41814000.0
EMP-0545,2025-09,40531000.0,40338000.0
EMP-0545,2025-10,40822000.0,40427000.0
EMP-0545,2025-11,40241000.0,40341000.0
EMP-0545,2025-12,39736000.0,39172000.0
EMP-0546,2025-01,66787000.0,68382000.0
EMP-0546,2025-02,68516000.0,67925000.0
EMP-0546,2025-03,68642000.0,67709000.0
EMP-0546,2025-04,63904000.0,65311000.0
EMP-0546,2025-05,61966000.0,61488000.0
EMP-0546,2025-06,64665000.0,64744000.0
EMP-0546,2025-07,63893000.0,64853000.0
EMP-0546,2025-08,63721000.0,63194000.0
EMP-0546,2025-09,63081000.0,62237000.0
EMP-0546,2025-10,64041000.0,63575000.0
EMP-0546,2025-11,63621000.0,63016000.0
EMP-0546,2025-12,61859000.0,63496000.0
EMP-0547,2025-01,51836000.0,52136000.0
EMP-0547,2025-02,52990000.0,53012000.0
EMP-0547,2025-03,49912000.0,50086000.0
EMP-0547,2025-04,54588000.0,54017000.0
EMP-0547,2025-05,55735000.0,55777000.0
EMP-0547,2025-06,51991000.0,51865000.0
EMP-0547,2025-07,52822000.0,53112000.0
EMP-0547,2025-08,54498000.0,54203000.0
EMP-0547,2025-09,52206000.0,51864000.0
EMP-0547,2025-10,53227000.0,52414000.0
EMP-0547,2025-11,53308000.0,54602000.0
EMP-0547,2025-12,56251000.0,56447000.0
EMP-0548,2025-01,68800000.0,68232000.0
EMP-0548,2025-02,69039000.0,68705000.0
EMP-0548,2025-03,71172000.0,70551000.0
EMP-0548,2025-04,73518000.0,75012000.0
EMP-0548,2025-05,74308000.0,74351000.0
EMP-0548,2025-06,72485000.0,71987000.0
EMP-0548,2025-07,72645000.0,73478000.0
EMP-0548,2025-08,71702000.0,69514000.0
EMP-0548,2025-09,72354000.0,72305000.0
EMP-0548,2025-10,70968000.0,70276000.0
EMP-0548,2025-11,72279000.0,71855000.0
EMP-0548,2025-12,73775000.0,74064000.0
EMP-0549,2025-01,21434000.0,21190000.0
EMP-0549,2025-02,22343000.0,22440000.0
EMP-0549,2025-03,20936000.0,20724000.0
EMP-0549,2025-04,21865000.0,21557000.0
EMP-0549,2025-05,22101000.0,21934000.0
EMP-0549,2025-06,22682000.0,22847000.0
EMP-0549,2025-07,23076000.0,23216000.0
EMP-0549,2025-08,22969000.0,22880000.0
EMP-0549,2025-09,22485000.0,22495000.0
EMP-0549,2025-10,22280000.0,22658000.0
EMP-0549,2025-11,23093000.0,23331000.0
EMP-0549,2025-12,22827000.0,22679000.0
EMP-0550,2025-01,37421000.0,36713000.0
EMP-0550,2025-02,38591000.0,38860000.0
EMP-0550,2025-03,38519000.0,38349000.0
EMP-0550,2025-04,37835000.0,37110000.0
EMP-0550,2025-05,37062000.0,37117000.0
EMP-0550,2025-06,38355000.0,38534000.0
EMP-0550,2025-07,40009000.0,39614000.0
EMP-0550,2025-08,40256000.0,40887000.0
EMP-0550,2025-09,39033000.0,39007000.0
EMP-0550,2025-10,38529000.0,38659000.0
EMP-0550,2025-11,39032000.0,38566000.0
EMP-0550,2025-12,38409000.0,38426000.0
EMP-0551,2025-01,64097000.0,63780000.0
EMP-0551,2025-02,64274000.0,65643000.0
EMP-0551,2025-03,65834000.0,65475000.0
EMP-0551,2025-04,70386000.0,70237000.0
EMP-0551,2025-05,64904000.0,64062000.0
EMP-0551,2025-06,67660000.0,68633000.0
EMP-0551,2025-07,66778000.0,66407000.0
EMP-0551,2025-08,66860000.0,65884000.0
EMP-0551,2025-09,69949000.0,70383000.0
EMP-0551,2025-10,68404000.0,68860000.0
EMP-0551,2025-11,65788000.0,65327000.0
EMP-0551,2025-12,64106000.0,63277000.0
EMP-0552,2025-01,41382000.0,41316000.0
EMP-0552,2025-02,41124000.0,40887000.0
EMP-0552,2025-03,41575000.0,41387000.0
EMP-0552,2025-04,40622000.0,40791000.0
EMP-0552,2025-05,39820000.0,40055000.0
EMP-0552,2025-06,39570000.0,39565000.0
EMP-0552,2025-07,38850000.0,38360000.0
EMP-0552,2025-08,39682000.0,38820000.0
EMP-0552,2025-09,38419000.0,38379000.0
EMP-0552,2025-10,40885000.0,40010000.0
EMP-0552,2025-11,41960000.0,41622000.0
EMP-0552,2025-12,39403000.0,39478000.0
EMP-0553,2025-01,46729000.0,46808000.0
EMP-0553,2025-02,45261000.0,45145000.0
EMP-0553,2025-03,44502000.0,44499000.0
EMP-0553,2025-04,46432000.0,46606000.0
EMP-0553,2025-05,47265000.0,46575000.0
EMP-0553,2025-06,47463000.0,46935000.0
EMP-0553,2025-07,47756000.0,47962000.0
EMP-0553,2025-08,48549000.0,48666000.0
EMP-0553,2025-09,48556000.0,48344000.0
EMP-0553,2025-10,49419000.0,49841000.0
EMP-0553,2025-11,50072000.0,50728000.0
EMP-0553,2025-12,52142000.0,51723000.0
EMP-0554,2025-01,25525000.0,25743000.0
EMP-0554,2025-02,25283000.0,25171000.0
EMP-0554,2025-03,25855000.0,25371000.0
EMP-0554,2025-04,26100000.0,26122000.0
EMP-0554,2025-05,26134000.0,26378000.0
EMP-0554,2025-06,25861000.0,25679000.0
EMP-0554,2025-07,26341000.0,26640000.0
EMP-0554,2025-08,25975000.0,25901000.0
EMP-0554,2025-09,26939000.0,27111000.0
EMP-0554,2025-10,26462000.0,26638000.0
EMP-0554,2025-11,26566000.0,26564000.0
EMP-0554,2025-12,25669000.0,26196000.0
EMP-0555,2025-01,64626000.0,65497000.0
EMP-0555,2025-02,61080000.0,59958000.0
EMP-0555,2025-03,59987000.0,58697000.0
EMP-0555,2025-04,62146000.0,62388000.0
EMP-0555,2025-05,62141000.0,60721000.0
EMP-0555,2025-06,61463000.0,61392000.0
EMP-0555,2025-07,63698000.0,64329000.0
EMP-0555,2025-08,61527000.0,61814000.0
EMP-0555,2025-09,64509000.0,64103000.0
EMP-0555,2025-10,63629000.0,64351000.0
EMP-0555,2025-11,62096000.0,61915000.0
EMP-0555,2025-12,62368000.0,62372000.0
EMP-0556,2025-01,54849000.0,54646000.0
EMP-0556,2025-02,52898000.0,53183000.0
EMP-0556,2025-03,54637000.0,54000000.0
EMP-0556,2025-04,55738000.0,55628000.0
EMP-0556,2025-05,52361000.0,52619000.0
EMP-0556,2025-06,55591000.0,56669000.0
EMP-0556,2025-07,51941000.0,52236000.0
EMP-0556,2025-08,52337000.0,51193000.0
EMP-0556,2025-09,49818000.0,50064000.0
EMP-0556,2025-10,51794000.0,51487000.0
EMP-0556,2025-11,50656000.0,51017000.0
EMP-0556,2025-12,51536000.0,50790000.0
EMP-0557,2025-01,33674000.0,33340000.0
EMP-0557,2025-02,34687000.0,34581000.0
EMP-0557,2025-03,33089000.0,33007000.0
EMP-0557,2025-04,32407000.0,32642000.0
EMP-0557,2025-05,32592000.0,32807000.0
EMP-0557,2025-06,31744000.0,31404000.0
EMP-0557,2025-07,31524000.0,31942000.0
EMP-0557,2025-08,31669000.0,31726000.0
EMP-0557,2025-09,31738000.0,31397000.0
EMP-0557,2025-10,32015000.0,31288000.0
EMP-0557,2025-11,31000000.0,31391000.0
EMP-0557,2025-12,32268000.0,32075000.0
EMP-0558,2025-01,21356000.0,21202000.0
EMP-0558,2025-02,21401000.0,21550000.0
EMP-0558,2025-03,21392000.0,21118000.0
EMP-0558,2025-04,22528000.0,22411000.0
EMP-0558,2025-05,22648000.0,22492000.0
EMP-0558,2025-06,21835000.0,21809000.0
EMP-0558,2025-07,20634000.0,20732000.0
EMP-0558,2025-08,21398000.0,21564000.0
EMP-0558,2025-09,21585000.0,21700000.0
EMP-0558,2025-10,21408000.0,21684000.0
EMP-0558,2025-11,21455000.0,21290000.0
EMP-0558,2025-12,19584000.0,19648000.0
EMP-0559,2025-01,70848000.0,70488000.0
EMP-0559,2025-02,72241000.0,72137000.0
EMP-0559,2025-03,71969000.0,71853000.0
EMP-0559,2025-04,70943000.0,69922000.0
EMP-0559,2025-05,68583000.0,68712000.0
EMP-0559,2025-06,70783000.0,70831000.0
EMP-0559,2025-07,69484000.0,69478000.0
EMP-0559,2025-08,68539000.0,68309000.0
EMP-0559,2025-09,68595000.0,67099000.0
EMP-0559,2025-10,65916000.0,65990000.0
EMP-0559,2025-11,69270000.0,69655000.0
EMP-0559,2025-12,66326000.0,67443000.0
EMP-0560,2025-01,32906000.0,33026000.0
EMP-0560,2025-02,32734000.0,33607000.0
EMP-0560,2025-03,33673000.0,33679000.0
EMP-0560,2025-04,33582000.0,33658000.0
EMP-0560,2025-05,33272000.0,33201000.0
EMP-0560,2025-06,33478000.0,33307000.0
EMP-0560,2025-07,31567000.0,31749000.0
EMP-0560,2025-08,32808000.0,33222000.0
EMP-0560,2025-09,33192000.0,33367000.0
EMP-0560,2025-10,32496000.0,32571000.0
EMP-0560,2025-11,34075000.0,33952000.0
EMP-0560,2025-12,35103000.0,35088000.0
EMP-0561,2025-01,35123000.0,35115000.0
EMP-0561,2025-02,35773000.0,35862000.0
EMP-0561,2025-03,34715000.0,34753000.0
EMP-0561,2025-04,35674000.0,35349000.0
EMP-0561,2025-05,35619000.0,36127000.0
EMP-0561,2025-06,36086000.0,36807000.0
EMP-0561,2025-07,35399000.0,35386000.0
EMP-0561,2025-08,36944000.0,36979000.0
EMP-0561,2025-09,36826000.0,30457000.0
EMP-0561,2025-10,37274000.0,30827000.0
EMP-0561,2025-11,37023000.0,30620000.0
EMP-0561,2025-12,36301000.0,30023000.0
EMP-0562,2025-01,25311000.0,25224000.0
EMP-0562,2025-02,23561000.0,23268000.0
EMP-0562,2025-03,23924000.0,23824000.0
EMP-0562,2025-04,22903000.0,22954000.0
EMP-0562,2025-05,22022000.0,22405000.0
EMP-0562,2025-06,22346000.0,22290000.0
EMP-0562,2025-07,22540000.0,22424000.0
EMP-0562,2025-08,23455000.0,23560000.0
EMP-0562,2025-09,23152000.0,23424000.0
EMP-0562,2025-10,23287000.0,23609000.0
EMP-0562,2025-11,22868000.0,22541000.0
EMP-0562,2025-12,23402000.0,23425000.0
EMP-0563,2025-01,46087000.0,46929000.0
EMP-0563,2025-02,46303000.0,45726000.0
EMP-0563,2025-03,46358000.0,46460000.0
EMP-0563,2025-04,45273000.0,45401000.0
EMP-0563,2025-05,45155000.0,44539000.0
EMP-0563,2025-06,44682000.0,44923000.0
EMP-0563,2025-07,44153000.0,44421000.0
EMP-0563,2025-08,45007000.0,44760000.0
EMP-0563,2025-09,44253000.0,43725000.0
EMP-0563,2025-10,44338000.0,44951000.0
EMP-0563,2025-11,45009000.0,44509000.0
EMP-0563,2025-12,45180000.0,45839000.0
EMP-0564,2025-01,57429000.0,57646000.0
EMP-0564,2025-02,58942000.0,58845000.0
EMP-0564,2025-03,55168000.0,55930000.0
EMP-0564,2025-04,53205000.0,53067000.0
EMP-0564,2025-05,54360000.0,54353000.0
EMP-0564,2025-06,53683000.0,54068000.0
EMP-0564,2025-07,55557000.0,55188000.0
EMP-0564,2025-08,53480000.0,53611000.0
EMP-0564,2025-09,54687000.0,54050000.0
EMP-0564,2025-10,53184000.0,53516000.0
EMP-0564,2025-11,55193000.0,54811000.0
EMP-0564,2025-12,55510000.0,55674000.0
EMP-0565,2025-01,45667000.0,47246000.0
EMP-0565,2025-02,44001000.0,43654000.0
EMP-0565,2025-03,44912000.0,45643000.0
EMP-0565,2025-04,45339000.0,45292000.0
EMP-0565,2025-05,44336000.0,44699000.0
EMP-0565,2025-06,40991000.0,41405000.0
EMP-0565,2025-07,42097000.0,42419000.0
EMP-0565,2025-08,40960000.0,41062000.0
EMP-0565,2025-09,41586000.0,40812000.0
EMP-0565,2025-10,41452000.0,41837000.0
EMP-0565,2025-11,41118000.0,41141000.0
EMP-0565,2025-12,42495000.0,42198000.0
EMP-0566,2025-01,28011000.0,27855000.0
EMP-0566,2025-02,27917000.0,27542000.0
EMP-0566,2025-03,28844000.0,28886000.0
EMP-0566,2025-04,29556000.0,29420000.0
EMP-0566,2025-05,28868000.0,28772000.0
EMP-0566,2025-06,29036000.0,29250000.0
EMP-0566,2025-07,29583000.0,29496000.0
EMP-0566,2025-08,29050000.0,29120000.0
EMP-0566,2025-09,29941000.0,29823000.0
EMP-0566,2025-10,30850000.0,30914000.0
EMP-0566,2025-11,30931000.0,30694000.0
EMP-0566,2025-12,32014000.0,31591000.0
EMP-0567,2025-01,40500000.0,40355000.0
EMP-0567,2025-02,39123000.0,38971000.0
EMP-0567,2025-03,38471000.0,38248000.0
EMP-0567,2025-04,38843000.0,38954000.0
EMP-0567,2025-05,37902000.0,38397000.0
EMP-0567,2025-06,37552000.0,37006000.0
EMP-0567,2025-07,37643000.0,37899000.0
EMP-0567,2025-08,38128000.0,38730000.0
EMP-0567,2025-09,39324000.0,39612000.0
EMP-0567,2025-10,39310000.0,39392000.0
EMP-0567,2025-11,39000000.0,39134000.0
EMP-0567,2025-12,38563000.0,38838000.0
EMP-0568,2025-01,60123000.0,58239000.0
EMP-0568,2025-02,59575000.0,58355000.0
EMP-0568,2025-03,62332000.0,62421000.0
EMP-0568,2025-04,62242000.0,62271000.0
EMP-0568,2025-05,65318000.0,66203000.0
EMP-0568,2025-06,63399000.0,63353000.0
EMP-0568,2025-07,62105000.0,61674000.0
EMP-0568,2025-08,61108000.0,60207000.0
EMP-0568,2025-09,58964000.0,58708000.0
EMP-0568,2025-10,57935000.0,57503000.0
EMP-0568,2025-11,57098000.0,57264000.0
EMP-0568,2025-12,53732000.0,54080000.0
EMP-0569,2025-01,33793000.0,33402000.0
EMP-0569,2025-02,33301000.0,33569000.0
EMP-0569,2025-03,33786000.0,32931000.0
EMP-0569,2025-04,33068000.0,33488000.0
EMP-0569,2025-05,34990000.0,34681000.0
EMP-0569,2025-06,33568000.0,33925000.0
EMP-0569,2025-07,33012000.0,32774000.0
EMP-0569,2025-08,34165000.0,34236000.0
EMP-0569,2025-09,32632000.0,32455000.0
EMP-0569,2025-10,31425000.0,31635000.0
EMP-0569,2025-11,31422000.0,31112000.0
EMP-0569,2025-12,32321000.0,31834000.0
EMP-0570,2025-01,55257000.0,55578000.0
EMP-0570,2025-02,53165000.0,52872000.0
EMP-0570,2025-03,55295000.0,56232000.0
EMP-0570,2025-04,54038000.0,54297000.0
EMP-0570,2025-05,55790000.0,56432000.0
EMP-0570,2025-06,56290000.0,56982000.0
EMP-0570,2025-07,54496000.0,54249000.0
EMP-0570,2025-08,54032000.0,54031000.0
EMP-0570,2025-09,57803000.0,57990000.0
EMP-0570,2025-10,56744000.0,56298000.0
EMP-0570,2025-11,60629000.0,60256000.0
EMP-0570,2025-12,57652000.0,57675000.0
EMP-0571,2025-01,64178000.0,64945000.0
EMP-0571,2025-02,64714000.0,64753000.0
EMP-0571,2025-03,60682000.0,60882000.0
EMP-0571,2025-04,57497000.0,57873000.0
EMP-0571,2025-05,58953000.0,59640000.0
EMP-0571,2025-06,58610000.0,59023000.0
EMP-0571,2025-07,62084000.0,61922000.0
EMP-0571,2025-08,59558000.0,59374000.0
EMP-0571,2025-09,60692000.0,58931000.0
EMP-0571,2025-10,61406000.0,60887000.0
EMP-0571,2025-11,63004000.0,63355000.0
EMP-0571,2025-12,62687000.0,62068000.0
EMP-0572,2025-01,63621000.0,63061000.0
EMP-0572,2025-02,63220000.0,63805000.0
EMP-0572,2025-03,63170000.0,62470000.0
EMP-0572,2025-04,61756000.0,61228000.0
EMP-0572,2025-05,65707000.0,65152000.0
EMP-0572,2025-06,63687000.0,62807000.0
EMP-0572,2025-07,62838000.0,62365000.0
EMP-0572,2025-08,62460000.0,60710000.0
EMP-0572,2025-09,62201000.0,63683000.0
EMP-0572,2025-10,62297000.0,62106000.0
EMP-0572,2025-11,64268000.0,64298000.0
EMP-0572,2025-12,62365000.0,61019000.0
EMP-0573,2025-01,62143000.0,61567000.0
EMP-0573,2025-02,65930000.0,65939000.0
EMP-0573,2025-03,66997000.0,66052000.0
EMP-0573,2025-04,68366000.0,68928000.0
EMP-0573,2025-05,68352000.0,68445000.0
EMP-0573,2025-06,71665000.0,71365000.0
EMP-0573,2025-07,69816000.0,69761000.0
EMP-0573,2025-08,68045000.0,67632000.0
EMP-0573,2025-09,64004000.0,62723000.0
EMP-0573,2025-10,67200000.0,67312000.0
EMP-0573,2025-11,65477000.0,64555000.0
EMP-0573,2025-12,66877000.0,66852000.0
EMP-0574,2025-01,68940000.0,69659000.0
EMP-0574,2025-02,70987000.0,70864000.0
EMP-0574,2025-03,70059000.0,70124000.0
EMP-0574,2025-04,71407000.0,70609000.0
EMP-0574,2025-05,70250000.0,69188000.0
EMP-0574,2025-06,67366000.0,68024000.0
EMP-0574,2025-07,65976000.0,66536000.0
EMP-0574,2025-08,64223000.0,65009000.0
EMP-0574,2025-09,62397000.0,63743000.0
EMP-0574,2025-10,59085000.0,58757000.0
EMP-0574,2025-11,59896000.0,60095000.0
EMP-0574,2025-12,57504000.0,58150000.0
EMP-0575,2025-01,68461000.0,69807000.0
EMP-0575,2025-02,65800000.0,66533000.0
EMP-0575,2025-03,71874000.0,71210000.0
EMP-0575,2025-04,74221000.0,75463000.0
EMP-0575,2025-05,70232000.0,70845000.0
EMP-0575,2025-06,72820000.0,73020000.0
EMP-0575,2025-07,73604000.0,73243000.0
EMP-0575,2025-08,72540000.0,73671000.0
EMP-0575,2025-09,69920000.0,71876000.0
EMP-0575,2025-10,70521000.0,70409000.0
EMP-0575,2025-11,69780000.0,69903000.0
EMP-0575,2025-12,70840000.0,71210000.0
EMP-0576,2025-01,62417000.0,61753000.0
EMP-0576,2025-02,62721000.0,62736000.0
EMP-0576,2025-03,61901000.0,62296000.0
EMP-0576,2025-04,61096000.0,62284000.0
EMP-0576,2025-05,61127000.0,61020000.0
EMP-0576,2025-06,60092000.0,60385000.0
EMP-0576,2025-07,61526000.0,61120000.0
EMP-0576,2025-08,57640000.0,58157000.0
EMP-0576,2025-09,58607000.0,58530000.0
EMP-0576,2025-10,57242000.0,57780000.0
EMP-0576,2025-11,58367000.0,57961000.0
EMP-0576,2025-12,55832000.0,54955000.0
EMP-0577,2025-01,20263000.0,20106000.0
EMP-0577,2025-02,20049000.0,20358000.0
EMP-0577,2025-03,20786000.0,20752000.0
EMP-0577,2025-04,20750000.0,20727000.0
EMP-0577,2025-05,20904000.0,20967000.0
EMP-0577,2025-06,21140000.0,21156000.0
EMP-0577,2025-07,22342000.0,22454000.0
EMP-0577,2025-08,21757000.0,21790000.0
EMP-0577,2025-09,21653000.0,22344000.0
EMP-0577,2025-10,21641000.0,21934000.0
EMP-0577,2025-11,20729000.0,20920000.0
EMP-0577,2025-12,20361000.0,20527000.0
EMP-0578,2025-01,62358000.0,62625000.0
EMP-0578,2025-02,64128000.0,63935000.0
EMP-0578,2025-03,64948000.0,65405000.0
EMP-0578,2025-04,64167000.0,63351000.0
EMP-0578,2025-05,61304000.0,60586000.0
EMP-0578,2025-06,62675000.0,62468000.0
EMP-0578,2025-07,65035000.0,65288000.0
EMP-0578,2025-08,65516000.0,65043000.0
EMP-0578,2025-09,69085000.0,69438000.0
EMP-0578,2025-10,68047000.0,67100000.0
EMP-0578,2025-11,68342000.0,68154000.0
EMP-0578,2025-12,69371000.0,68287000.0
EMP-0579,2025-01,166775000.0,167101000.0
EMP-0579,2025-02,169581000.0,172435000.0
EMP-0579,2025-03,164413000.0,164539000.0
EMP-0579,2025-04,154833000.0,156510000.0
EMP-0579,2025-05,165236000.0,166954000.0
EMP-0579,2025-06,166678000.0,166291000.0
EMP-0579,2025-07,158419000.0,159445000.0
EMP-0579,2025-08,161783000.0,159724000.0
EMP-0579,2025-09,152826000.0,152526000.0
EMP-0579,2025-10,150368000.0,150423000.0
EMP-0579,2025-11,152268000.0,150869000.0
EMP-0579,2025-12,146849000.0,147023000.0
EMP-0580,2025-01,92232000.0,91599000.0
EMP-0580,2025-02,89093000.0,89941000.0
EMP-0580,2025-03,89728000.0,88616000.0
EMP-0580,2025-04,86802000.0,86126000.0
EMP-0580,2025-05,86786000.0,86787000.0
EMP-0580,2025-06,86800000.0,85917000.0
EMP-0580,2025-07,86463000.0,87947000.0
EMP-0580,2025-08,86789000.0,60758000.0
EMP-0580,2025-09,85079000.0,59560000.0
EMP-0580,2025-10,88311000.0,61823000.0
EMP-0580,2025-11,85137000.0,59601000.0
EMP-0580,2025-12,85616000.0,59936000.0
EMP-0581,2025-01,147104000.0,145614000.0
EMP-0581,2025-02,158399000.0,157480000.0
EMP-0581,2025-03,155306000.0,157679000.0
EMP-0581,2025-04,151713000.0,152841000.0
EMP-0581,2025-05,152517000.0,151293000.0
EMP-0581,2025-06,152144000.0,153898000.0
EMP-0581,2025-07,146192000.0,146643000.0
EMP-0581,2025-08,146468000.0,146657000.0
EMP-0581,2025-09,143787000.0,144375000.0
EMP-0581,2025-10,137050000.0,135787000.0
EMP-0581,2025-11,140293000.0,140773000.0
EMP-0581,2025-12,138732000.0,138338000.0
EMP-0582,2025-01,164848000.0,169389000.0
EMP-0582,2025-02,159304000.0,161927000.0
EMP-0582,2025-03,158588000.0,158280000.0
EMP-0582,2025-04,160153000.0,160837000.0
EMP-0582,2025-05,152137000.0,150590000.0
EMP-0582,2025-06,154620000.0,155146000.0
EMP-0582,2025-07,146819000.0,145120000.0
EMP-0582,2025-08,148456000.0,147686000.0
EMP-0582,2025-09,145231000.0,146089000.0
EMP-0582,2025-10,148330000.0,146705000.0
EMP-0582,2025-11,143918000.0,142499000.0
EMP-0582,2025-12,148646000.0,147389000.0
EMP-0583,2025-01,184579000.0,184362000.0
EMP-0583,2025-02,176960000.0,179405000.0
EMP-0583,2025-03,177127000.0,179205000.0
EMP-0583,2025-04,184861000.0,184035000.0
EMP-0583,2025-05,187470000.0,190016000.0
EMP-0583,2025-06,193899000.0,193805000.0
EMP-0583,2025-07,190661000.0,190967000.0
EMP-0583,2025-08,188569000.0,188450000.0
EMP-0583,2025-09,193475000.0,194814000.0
EMP-0583,2025-10,191344000.0,189671000.0
EMP-0583,2025-11,179390000.0,178529000.0
EMP-0583,2025-12,176159000.0,178125000.0
EMP-0584,2025-01,196547000.0,195705000.0
EMP-0584,2025-02,191275000.0,189996000.0
EMP-0584,2025-03,185851000.0,183031000.0
EMP-0584,2025-04,188489000.0,189475000.0
EMP-0584,2025-05,180302000.0,178354000.0
EMP-0584,2025-06,185556000.0,188553000.0
EMP-0584,2025-07,190410000.0,191458000.0
EMP-0584,2025-08,190607000.0,188062000.0
EMP-0584,2025-09,189648000.0,190015000.0
EMP-0584,2025-10,191767000.0,190500000.0
EMP-0584,2025-11,196436000.0,197766000.0
EMP-0584,2025-12,193022000.0,192462000.0
EMP-0585,2025-01,193176000.0,197565000.0
EMP-0585,2025-02,181758000.0,185808000.0
EMP-0585,2025-03,181453000.0,180496000.0
EMP-0585,2025-04,186103000.0,185836000.0
EMP-0585,2025-05,187075000.0,188565000.0
EMP-0585,2025-06,197806000.0,196667000.0
EMP-0585,2025-07,187025000.0,185976000.0
EMP-0585,2025-08,190386000.0,187457000.0
EMP-0585,2025-09,186828000.0,184221000.0
EMP-0585,2025-10,189878000.0,191510000.0
EMP-0585,2025-11,191557000.0,191777000.0
EMP-0585,2025-12,187329000.0,186063000.0
EMP-0586,2025-01,81303000.0,81892000.0
EMP-0586,2025-02,83795000.0,82113000.0
EMP-0586,2025-03,78183000.0,77988000.0
EMP-0586,2025-04,79202000.0,79221000.0
EMP-0586,2025-05,76403000.0,75500000.0
EMP-0586,2025-06,72482000.0,72930000.0
EMP-0586,2025-07,76006000.0,76717000.0
EMP-0586,2025-08,76562000.0,76669000.0
EMP-0586,2025-09,79783000.0,79293000.0
EMP-0586,2025-10,80562000.0,79899000.0
EMP-0586,2025-11,81997000.0,81986000.0
EMP-0586,2025-12,82443000.0,81835000.0
EMP-0587,2025-01,147334000.0,147526000.0
EMP-0587,2025-02,141836000.0,143362000.0
EMP-0587,2025-03,145045000.0,146089000.0
EMP-0587,2025-04,144248000.0,143871000.0
EMP-0587,2025-05,143102000.0,143751000.0
EMP-0587,2025-06,145135000.0,145180000.0
EMP-0587,2025-07,142886000.0,143361000.0
EMP-0587,2025-08,147923000.0,148222000.0
EMP-0587,2025-09,140076000.0,143161000.0
EMP-0587,2025-10,138981000.0,139535000.0
EMP-0587,2025-11,143429000.0,145200000.0
EMP-0587,2025-12,153395000.0,151502000.0
EMP-0588,2025-01,125481000.0,126534000.0
EMP-0588,2025-02,129732000.0,129338000.0
EMP-0588,2025-03,124556000.0,125116000.0
EMP-0588,2025-04,130595000.0,130757000.0
EMP-0588,2025-05,134455000.0,129601000.0
EMP-0588,2025-06,130099000.0,132596000.0
EMP-0588,2025-07,123639000.0,121920000.0
EMP-0588,2025-08,131443000.0,129934000.0
EMP-0588,2025-09,127537000.0,127076000.0
EMP-0588,2025-10,130303000.0,129276000.0
EMP-0588,2025-11,123805000.0,122873000.0
EMP-0588,2025-12,123532000.0,123776000.0
EMP-0589,2025-01,174892000.0,175455000.0
EMP-0589,2025-02,188392000.0,187863000.0
EMP-0589,2025-03,173433000.0,173095000.0
EMP-0589,2025-04,177680000.0,177134000.0
EMP-0589,2025-05,186675000.0,186290000.0
EMP-0589,2025-06,189169000.0,190791000.0
EMP-0589,2025-07,187819000.0,191347000.0
EMP-0589,2025-08,193640000.0,194858000.0
EMP-0589,2025-09,200420000.0,205430000.0
EMP-0589,2025-10,195675000.0,190182000.0
EMP-0589,2025-11,184966000.0,184191000.0
EMP-0589,2025-12,190353000.0,188669000.0
EMP-0590,2025-01,206224000.0,209402000.0
EMP-0590,2025-02,209720000.0,211319000.0
EMP-0590,2025-03,218676000.0,218970000.0
EMP-0590,2025-04,205422000.0,207400000.0
EMP-0590,2025-05,201635000.0,204844000.0
EMP-0590,2025-06,201957000.0,200179000.0
EMP-0590,2025-07,214183000.0,212301000.0
EMP-0590,2025-08,209538000.0,209029000.0
EMP-0590,2025-09,217212000.0,217862000.0
EMP-0590,2025-10,219752000.0,221225000.0
EMP-0590,2025-11,234245000.0,234479000.0
EMP-0590,2025-12,237171000.0,237674000.0
EMP-0591,2025-01,101242000.0,102050000.0
EMP-0591,2025-02,97768000.0,98373000.0
EMP-0591,2025-03,101748000.0,101622000.0
EMP-0591,2025-04,103564000.0,104437000.0
EMP-0591,2025-05,103348000.0,102956000.0
EMP-0591,2025-06,104047000.0,103989000.0
EMP-0591,2025-07,104327000.0,106619000.0
EMP-0591,2025-08,100798000.0,99706000.0
EMP-0591,2025-09,104207000.0,104569000.0
EMP-0591,2025-10,104300000.0,104435000.0
EMP-0591,2025-11,110967000.0,112271000.0
EMP-0591,2025-12,104545000.0,107102000.0
EMP-0592,2025-01,120046000.0,121576000.0
EMP-0592,2025-02,120656000.0,121009000.0
EMP-0592,2025-03,124310000.0,124953000.0
EMP-0592,2025-04,125996000.0,125197000.0
EMP-0592,2025-05,125030000.0,125665000.0
EMP-0592,2025-06,119784000.0,121231000.0
EMP-0592,2025-07,118497000.0,120459000.0
EMP-0592,2025-08,118091000.0,117579000.0
EMP-0592,2025-09,119490000.0,120334000.0
EMP-0592,2025-10,118735000.0,117337000.0
EMP-0592,2025-11,117662000.0,117377000.0
EMP-0592,2025-12,115851000.0,115534000.0
EMP-0593,2025-01,283169000.0,287578000.0
EMP-0593,2025-02,283233000.0,276135000.0
EMP-0593,2025-03,284008000.0,289140000.0
EMP-0593,2025-04,270654000.0,266970000.0
EMP-0593,2025-05,264458000.0,264014000.0
EMP-0593,2025-06,257899000.0,262935000.0
EMP-0593,2025-07,273140000.0,266668000.0
EMP-0593,2025-08,261028000.0,257799000.0
EMP-0593,2025-09,265338000.0,267837000.0
EMP-0593,2025-10,258124000.0,253607000.0
EMP-0593,2025-11,261290000.0,267407000.0
EMP-0593,2025-12,257117000.0,256631000.0
EMP-0594,2025-01,89359000.0,89582000.0
EMP-0594,2025-02,88445000.0,88683000.0
EMP-0594,2025-03,86807000.0,86485000.0
EMP-0594,2025-04,82357000.0,83416000.0
EMP-0594,2025-05,84435000.0,83353000.0
EMP-0594,2025-06,87535000.0,87114000.0
EMP-0594,2025-07,91078000.0,91083000.0
EMP-0594,2025-08,90089000.0,89628000.0
EMP-0594,2025-09,88966000.0,87341000.0
EMP-0594,2025-10,84882000.0,85246000.0
EMP-0594,2025-11,87460000.0,87146000.0
EMP-0594,2025-12,85707000.0,85215000.0
EMP-0595,2025-01,116002000.0,118607000.0
EMP-0595,2025-02,118041000.0,118773000.0
EMP-0595,2025-03,121634000.0,120654000.0
EMP-0595,2025-04,120449000.0,120120000.0
EMP-0595,2025-05,120955000.0,119878000.0
EMP-0595,2025-06,121854000.0,95668000.0
EMP-0595,2025-07,121905000.0,95709000.0
EMP-0595,2025-08,116323000.0,91326000.0
EMP-0595,2025-09,121540000.0,95422000.0
EMP-0595,2025-10,116533000.0,91491000.0
EMP-0595,2025-11,122526000.0,96196000.0
EMP-0595,2025-12,117736000.0,92435000.0
EMP-0596,2025-01,187309000.0,188063000.0
EMP-0596,2025-02,184225000.0,183478000.0
EMP-0596,2025-03,175568000.0,176526000.0
EMP-0596,2025-04,184068000.0,180209000.0
EMP-0596,2025-05,186805000.0,183460000.0
EMP-0596,2025-06,184873000.0,184725000.0
EMP-0596,2025-07,187786000.0,188923000.0
EMP-0596,2025-08,202288000.0,201142000.0
EMP-0596,2025-09,199081000.0,200370000.0
EMP-0596,2025-10,207497000.0,208513000.0
EMP-0596,2025-11,201859000.0,205261000.0
EMP-0596,2025-12,211604000.0,209859000.0
EMP-0597,2025-01,153892000.0,153320000.0
EMP-0597,2025-02,145205000.0,145489000.0
EMP-0597,2025-03,147038000.0,147732000.0
EMP-0597,2025-04,136273000.0,133523000.0
EMP-0597,2025-05,134811000.0,134783000.0
EMP-0597,2025-06,134158000.0,134442000.0
EMP-0597,2025-07,135196000.0,134427000.0
EMP-0597,2025-08,137933000.0,140669000.0
EMP-0597,2025-09,137242000.0,137267000.0
EMP-0597,2025-10,138833000.0,137709000.0
EMP-0597,2025-11,135521000.0,137254000.0
EMP-0597,2025-12,140274000.0,139946000.0
EMP-0598,2025-01,199313000.0,199446000.0
EMP-0598,2025-02,191889000.0,191850000.0
EMP-0598,2025-03,204504000.0,207151000.0
EMP-0598,2025-04,203695000.0,202607000.0
EMP-0598,2025-05,201075000.0,199518000.0
EMP-0598,2025-06,194528000.0,192241000.0
EMP-0598,2025-07,194403000.0,194056000.0
EMP-0598,2025-08,192843000.0,193015000.0
EMP-0598,2025-09,190974000.0,190488000.0
EMP-0598,2025-10,191654000.0,190805000.0
EMP-0598,2025-11,192044000.0,190646000.0
EMP-0598,2025-12,190319000.0,193201000.0
EMP-0599,2025-01,211392000.0,209134000.0
EMP-0599,2025-02,205005000.0,200975000.0
EMP-0599,2025-03,197435000.0,197369000.0
EMP-0599,2025-04,196567000.0,200155000.0
EMP-0599,2025-05,195211000.0,196497000.0
EMP-0599,2025-06,193039000.0,193972000.0
EMP-0599,2025-07,199576000.0,201377000.0
EMP-0599,2025-08,190838000.0,189644000.0
EMP-0599,2025-09,192904000.0,191333000.0
EMP-0599,2025-10,195174000.0,195142000.0
EMP-0599,2025-11,199136000.0,200995000.0
EMP-0599,2025-12,195505000.0,194282000.0
EMP-0600,2025-01,232219000.0,230369000.0
EMP-0600,2025-02,234664000.0,234153000.0
EMP-0600,2025-03,241195000.0,243583000.0
EMP-0600,2025-04,231846000.0,232753000.0
EMP-0600,2025-05,230175000.0,230469000.0
EMP-0600,2025-06,138243000.0,136734000.0
EMP-0600,2025-07,136464000.0,135623000.0
EMP-0600,2025-08,135032000.0,133534000.0
EMP-0600,2025-09,136064000.0,134200000.0
EMP-0600,2025-10,129042000.0,127704000.0
EMP-0600,2025-11,134316000.0,135371000.0
EMP-0600,2025-12,134582000.0,135050000.0
EMP-0601,2025-01,201485000.0,201400000.0
EMP-0601,2025-02,206133000.0,204135000.0
EMP-0601,2025-03,196262000.0,195530000.0
EMP-0601,2025-04,198578000.0,199121000.0
EMP-0601,2025-05,201683000.0,199984000.0
EMP-0601,2025-06,208577000.0,207984000.0
EMP-0601,2025-07,197196000.0,197064000.0
EMP-0601,2025-08,204182000.0,207218000.0
EMP-0601,2025-09,195369000.0,197232000.0
EMP-0601,2025-10,194414000.0,198061000.0
EMP-0601,2025-11,191772000.0,190643000.0
EMP-0601,2025-12,187327000.0,188368000.0
EMP-0602,2025-01,89024000.0,89281000.0
EMP-0602,2025-02,92345000.0,93346000.0
EMP-0602,2025-03,88008000.0,89478000.0
EMP-0602,2025-04,86110000.0,85195000.0
EMP-0602,2025-05,91004000.0,90477000.0
EMP-0602,2025-06,86532000.0,85139000.0
EMP-0602,2025-07,84523000.0,85176000.0
EMP-0602,2025-08,85735000.0,85004000.0
EMP-0602,2025-09,89068000.0,88370000.0
EMP-0602,2025-10,90082000.0,90543000.0
EMP-0602,2025-11,86973000.0,85702000.0
EMP-0602,2025-12,86808000.0,85713000.0
EMP-0603,2025-01,209251000.0,208115000.0
EMP-0603,2025-02,204016000.0,204070000.0
EMP-0603,2025-03,205792000.0,205086000.0
EMP-0603,2025-04,202260000.0,202605000.0
EMP-0603,2025-05,204711000.0,206993000.0
EMP-0603,2025-06,195210000.0,196313000.0
EMP-0603,2025-07,204064000.0,202778000.0
EMP-0603,2025-08,200887000.0,199653000.0
EMP-0603,2025-09,197802000.0,198847000.0
EMP-0603,2025-10,195681000.0,195240000.0
EMP-0603,2025-11,189726000.0,191754000.0
EMP-0603,2025-12,185913000.0,185888000.0
EMP-0604,2025-01,185685000.0,183114000.0
EMP-0604,2025-02,182820000.0,183104000.0
EMP-0604,2025-03,189723000.0,189549000.0
EMP-0604,2025-04,187806000.0,188212000.0
EMP-0604,2025-05,183881000.0,181496000.0
EMP-0604,2025-06,184311000.0,181817000.0
EMP-0604,2025-07,184749000.0,187625000.0
EMP-0604,2025-08,186006000.0,184546000.0
EMP-0604,2025-09,191009000.0,190311000.0
EMP-0604,2025-10,189605000.0,185927000.0
EMP-0604,2025-11,195188000.0,195301000.0
EMP-0604,2025-12,199276000.0,195831000.0
EMP-0605,2025-01,179952000.0,179789000.0
EMP-0605,2025-02,179242000.0,179587000.0
EMP-0605,2025-03,180211000.0,179234000.0
EMP-0605,2025-04,173613000.0,174673000.0
EMP-0605,2025-05,177303000.0,177393000.0
EMP-0605,2025-06,175360000.0,175966000.0
EMP-0605,2025-07,178075000.0,177652000.0
EMP-0605,2025-08,183324000.0,183337000.0
EMP-0605,2025-09,168716000.0,172267000.0
EMP-0605,2025-10,178288000.0,177926000.0
EMP-0605,2025-11,179030000.0,177223000.0
EMP-0605,2025-12,169528000.0,169113000.0
EMP-0606,2025-01,286055000.0,288682000.0
EMP-0606,2025-02,281325000.0,278522000.0
EMP-0606,2025-03,280718000.0,274742000.0
EMP-0606,2025-04,283553000.0,276358000.0
EMP-0606,2025-05,291876000.0,291979000.0
EMP-0606,2025-06,288362000.0,286756000.0
EMP-0606,2025-07,293672000.0,296588000.0
EMP-0606,2025-08,287756000.0,287190000.0
EMP-0606,2025-09,306811000.0,311217000.0
EMP-0606,2025-10,294377000.0,289765000.0
EMP-0606,2025-11,302500000.0,302822000.0
EMP-0606,2025-12,304653000.0,306790000.0
EMP-0607,2025-01,288819000.0,288979000.0
EMP-0607,2025-02,286363000.0,287785000.0
EMP-0607,2025-03,274376000.0,275163000.0
EMP-0607,2025-04,275968000.0,272340000.0
EMP-0607,2025-05,277452000.0,274346000.0
EMP-0607,2025-06,283998000.0,284235000.0
EMP-0607,2025-07,273598000.0,279068000.0
EMP-0607,2025-08,291108000.0,289103000.0
EMP-0607,2025-09,293126000.0,294708000.0
EMP-0607,2025-10,302170000.0,302026000.0
EMP-0607,2025-11,288729000.0,290111000.0
EMP-0607,2025-12,282377000.0,282624000.0
EMP-0608,2025-01,109239000.0,108383000.0
EMP-0608,2025-02,113317000.0,114001000.0
EMP-0608,2025-03,108732000.0,108986000.0
EMP-0608,2025-04,112590000.0,114393000.0
EMP-0608,2025-05,111194000.0,111775000.0
EMP-0608,2025-06,106539000.0,105149000.0
EMP-0608,2025-07,111203000.0,111977000.0
EMP-0608,2025-08,105245000.0,106081000.0
EMP-0608,2025-09,107232000.0,107669000.0
EMP-0608,2025-10,110645000.0,112142000.0
EMP-0608,2025-11,110853000.0,108764000.0
EMP-0608,2025-12,110389000.0,112034000.0
EMP-0609,2025-01,95896000.0,96165000.0
EMP-0609,2025-02,98928000.0,99899000.0
EMP-0609,2025-03,102814000.0,101987000.0
EMP-0609,2025-04,101569000.0,99760000.0
EMP-0609,2025-05,97894000.0,97759000.0
EMP-0609,2025-06,104479000.0,104621000.0
EMP-0609,2025-07,104392000.0,103008000.0
EMP-0609,2025-08,104959000.0,105583000.0
EMP-0609,2025-09,104322000.0,104694000.0
EMP-0609,2025-10,104422000.0,106015000.0
EMP-0609,2025-11,104812000.0,104877000.0
EMP-0609,2025-12,105938000.0,107310000.0
EMP-0610,2025-01,127083000.0,127132000.0
EMP-0610,2025-02,124579000.0,124795000.0
EMP-0610,2025-03,118838000.0,119682000.0
EMP-0610,2025-04,122638000.0,122879000.0
EMP-0610,2025-05,119061000.0,118162000.0
EMP-0610,2025-06,120788000.0,119178000.0
EMP-0610,2025-07,121111000.0,120042000.0
EMP-0610,2025-08,120095000.0,120582000.0
EMP-0610,2025-09,116019000.0,116455000.0
EMP-0610,2025-10,119197000.0,120708000.0
EMP-0610,2025-11,116962000.0,116910000.0
EMP-0610,2025-12,113939000.0,114400000.0
EMP-0611,2025-01,129334000.0,130438000.0
EMP-0611,2025-02,129063000.0,127267000.0
EMP-0611,2025-03,132102000.0,130763000.0
EMP-0611,2025-04,132461000.0,133843000.0
EMP-0611,2025-05,134332000.0,133106000.0
EMP-0611,2025-06,143365000.0,142361000.0
EMP-0611,2025-07,142096000.0,143042000.0
EMP-0611,2025-08,142526000.0,140592000.0
EMP-0611,2025-09,140692000.0,139228000.0
EMP-0611,2025-10,148624000.0,148492000.0
EMP-0611,2025-11,154796000.0,153704000.0
EMP-0611,2025-12,156826000.0,154290000.0
EMP-0612,2025-01,304120000.0,303787000.0
EMP-0612,2025-02,304712000.0,306180000.0
EMP-0612,2025-03,304213000.0,300874000.0
EMP-0612,2025-04,307382000.0,306764000.0
EMP-0612,2025-05,302603000.0,306301000.0
EMP-0612,2025-06,309691000.0,311053000.0
EMP-0612,2025-07,306043000.0,302959000.0
EMP-0612,2025-08,297401000.0,300749000.0
EMP-0612,2025-09,291583000.0,292911000.0
EMP-0612,2025-10,295955000.0,295036000.0
EMP-0612,2025-11,304322000.0,306174000.0
EMP-0612,2025-12,303497000.0,301295000.0
EMP-0613,2025-01,4550000.0,4547000.0
EMP-0613,2025-02,4393000.0,4377000.0
EMP-0613,2025-03,4391000.0,4440000.0
EMP-0613,2025-04,4435000.0,4388000.0
EMP-0613,2025-05,4404000.0,4427000.0
EMP-0613,2025-06,4357000.0,4349000.0
EMP-0613,2025-07,4345000.0,4312000.0
EMP-0613,2025-08,4698000.0,4646000.0
EMP-0613,2025-09,4968000.0,5018000.0
EMP-0613,2025-10,4864000.0,4895000.0
EMP-0613,2025-11,5144000.0,5057000.0
EMP-0613,2025-12,5164000.0,5196000.0
EMP-0614,2025-01,14656000.0,14447000.0
EMP-0614,2025-02,14826000.0,14881000.0
EMP-0614,2025-03,15338000.0,14960000.0
EMP-0614,2025-04,15237000.0,14878000.0
EMP-0614,2025-05,14137000.0,14193000.0
EMP-0614,2025-06,13748000.0,13969000.0
EMP-0614,2025-07,13238000.0,13426000.0
EMP-0614,2025-08,13418000.0,13388000.0
EMP-0614,2025-09,13475000.0,13592000.0
EMP-0614,2025-10,13053000.0,13046000.0
EMP-0614,2025-11,12878000.0,12918000.0
EMP-0614,2025-12,12922000.0,12878000.0
EMP-0615,2025-01,4580000.0,4617000.0
EMP-0615,2025-02,4754000.0,4791000.0
EMP-0615,2025-03,4544000.0,4562000.0
EMP-0615,2025-04,4626000.0,4562000.0
EMP-0615,2025-05,4655000.0,4688000.0
EMP-0615,2025-06,4836000.0,4850000.0
EMP-0615,2025-07,4678000.0,4693000.0
EMP-0615,2025-08,4472000.0,4300000.0
EMP-0615,2025-09,4392000.0,4305000.0
EMP-0615,2025-10,4746000.0,4782000.0
EMP-0615,2025-11,4893000.0,4985000.0
EMP-0615,2025-12,4720000.0,4678000.0
EMP-0616,2025-01,7438000.0,7427000.0
EMP-0616,2025-02,7617000.0,7411000.0
EMP-0616,2025-03,7759000.0,7728000.0
EMP-0616,2025-04,7487000.0,7471000.0
EMP-0616,2025-05,7094000.0,7048000.0
EMP-0616,2025-06,7228000.0,7327000.0
EMP-0616,2025-07,7220000.0,7239000.0
EMP-0616,2025-08,7553000.0,7509000.0
EMP-0616,2025-09,7331000.0,7367000.0
EMP-0616,2025-10,7079000.0,7155000.0
EMP-0616,2025-11,7109000.0,7023000.0
EMP-0616,2025-12,7227000.0,7158000.0
EMP-0617,2025-01,10386000.0,10212000.0
EMP-0617,2025-02,10571000.0,10543000.0
EMP-0617,2025-03,10419000.0,10445000.0
EMP-0617,2025-04,10500000.0,10405000.0
EMP-0617,2025-05,10869000.0,11005000.0
EMP-0617,2025-06,10619000.0,10708000.0
EMP-0617,2025-07,10573000.0,10472000.0
EMP-0617,2025-08,10344000.0,10237000.0
EMP-0617,2025-09,11211000.0,11048000.0
EMP-0617,2025-10,11656000.0,11601000.0
EMP-0617,2025-11,12094000.0,12274000.0
EMP-0617,2025-12,12291000.0,12177000.0
EMP-0618,2025-01,13440000.0,13511000.0
EMP-0618,2025-02,13392000.0,13392000.0
EMP-0618,2025-03,13090000.0,12856000.0
EMP-0618,2025-04,12939000.0,13047000.0
EMP-0618,2025-05,12806000.0,12737000.0
EMP-0618,2025-06,12998000.0,12919000.0
EMP-0618,2025-07,12885000.0,12880000.0
EMP-0618,2025-08,12693000.0,12653000.0
EMP-0618,2025-09,12889000.0,13012000.0
EMP-0618,2025-10,12373000.0,12294000.0
EMP-0618,2025-11,13216000.0,13242000.0
EMP-0618,2025-12,12750000.0,12814000.0
EMP-0619,2025-01,9436000.0,9330000.0
EMP-0619,2025-02,9267000.0,9270000.0
EMP-0619,2025-03,8937000.0,8853000.0
EMP-0619,2025-04,9381000.0,9423000.0
EMP-0619,2025-05,9045000.0,8821000.0
EMP-0619,2025-06,9145000.0,9263000.0
EMP-0619,2025-07,9247000.0,9200000.0
EMP-0619,2025-08,9241000.0,9255000.0
EMP-0619,2025-09,9622000.0,9644000.0
EMP-0619,2025-10,9968000.0,9916000.0
EMP-0619,2025-11,9726000.0,9663000.0
EMP-0619,2025-12,9845000.0,9863000.0
EMP-0620,2025-01,11456000.0,11598000.0
EMP-0620,2025-02,11705000.0,11759000.0
EMP-0620,2025-03,11371000.0,11323000.0
EMP-0620,2025-04,11596000.0,11745000.0
EMP-0620,2025-05,11832000.0,12032000.0
EMP-0620,2025-06,11890000.0,11856000.0
EMP-0620,2025-07,11890000.0,11923000.0
EMP-0620,2025-08,12084000.0,12127000.0
EMP-0620,2025-09,12912000.0,13113000.0
EMP-0620,2025-10,12838000.0,12923000.0
EMP-0620,2025-11,12706000.0,12825000.0
EMP-0620,2025-12,12369000.0,12598000.0
EMP-0621,2025-01,12562000.0,12591000.0
EMP-0621,2025-02,13053000.0,13137000.0
EMP-0621,2025-03,12900000.0,12938000.0
EMP-0621,2025-04,12166000.0,12157000.0
EMP-0621,2025-05,12245000.0,12079000.0
EMP-0621,2025-06,13239000.0,13095000.0
EMP-0621,2025-07,13058000.0,12855000.0
EMP-0621,2025-08,13338000.0,13390000.0
EMP-0621,2025-09,13616000.0,13697000.0
EMP-0621,2025-10,13150000.0,13009000.0
EMP-0621,2025-11,13718000.0,13630000.0
EMP-0621,2025-12,13892000.0,13881000.0
EMP-0622,2025-01,11028000.0,11200000.0
EMP-0622,2025-02,10246000.0,10211000.0
EMP-0622,2025-03,10556000.0,10721000.0
EMP-0622,2025-04,10546000.0,10224000.0
EMP-0622,2025-05,10354000.0,10456000.0
EMP-0622,2025-06,10593000.0,10450000.0
EMP-0622,2025-07,10267000.0,10254000.0
EMP-0622,2025-08,10646000.0,10549000.0
EMP-0622,2025-09,10672000.0,10645000.0
EMP-0622,2025-10,11259000.0,11229000.0
EMP-0622,2025-11,10714000.0,10635000.0
EMP-0622,2025-12,11101000.0,11094000.0
EMP-0623,2025-01,6301000.0,6310000.0
EMP-0623,2025-02,6023000.0,5952000.0
EMP-0623,2025-03,6102000.0,6041000.0
EMP-0623,2025-04,5835000.0,5916000.0
EMP-0623,2025-05,6006000.0,6002000.0
EMP-0623,2025-06,6227000.0,6231000.0
EMP-0623,2025-07,5943000.0,5892000.0
EMP-0623,2025-08,5838000.0,5845000.0
EMP-0623,2025-09,6217000.0,6182000.0
EMP-0623,2025-10,5998000.0,6032000.0
EMP-0623,2025-11,6008000.0,5979000.0
EMP-0623,2025-12,6265000.0,6249000.0
EMP-0624,2025-01,7906000.0,8067000.0
EMP-0624,2025-02,7849000.0,7889000.0
EMP-0624,2025-03,7535000.0,7520000.0
EMP-0624,2025-04,8051000.0,8054000.0
EMP-0624,2025-05,8364000.0,8462000.0
EMP-0624,2025-06,8026000.0,7938000.0
EMP-0624,2025-07,8125000.0,8123000.0
EMP-0624,2025-08,8080000.0,8082000.0
EMP-0624,2025-09,8574000.0,8588000.0
EMP-0624,2025-10,8531000.0,8484000.0
EMP-0624,2025-11,8458000.0,8438000.0
EMP-0624,2025-12,8440000.0,8279000.0
EMP-0625,2025-01,6759000.0,6799000.0
EMP-0625,2025-02,6823000.0,6767000.0
EMP-0625,2025-03,6731000.0,6858000.0
EMP-0625,2025-04,6699000.0,6700000.0
EMP-0625,2025-05,6374000.0,6309000.0
EMP-0625,2025-06,6917000.0,6813000.0
EMP-0625,2025-07,6504000.0,6486000.0
EMP-0625,2025-08,6462000.0,6491000.0
EMP-0625,2025-09,6659000.0,6689000.0
EMP-0625,2025-10,6232000.0,6173000.0
EMP-0625,2025-11,6180000.0,6380000.0
EMP-0625,2025-12,5960000.0,6018000.0
EMP-0626,2025-01,11279000.0,11435000.0
EMP-0626,2025-02,10641000.0,10678000.0
EMP-0626,2025-03,10566000.0,10459000.0
EMP-0626,2025-04,10610000.0,10624000.0
EMP-0626,2025-05,10436000.0,10420000.0
EMP-0626,2025-06,10443000.0,10525000.0
EMP-0626,2025-07,10521000.0,10480000.0
EMP-0626,2025-08,10568000.0,10538000.0
EMP-0626,2025-09,10315000.0,10131000.0
EMP-0626,2025-10,10605000.0,10626000.0
EMP-0626,2025-11,11108000.0,11009000.0
EMP-0626,2025-12,11246000.0,11228000.0
EMP-0627,2025-01,5268000.0,5253000.0
EMP-0627,2025-02,5278000.0,5206000.0
EMP-0627,2025-03,4954000.0,4928000.0
EMP-0627,2025-04,5116000.0,5084000.0
EMP-0627,2025-05,5331000.0,5348000.0
EMP-0627,2025-06,5179000.0,5137000.0
EMP-0627,2025-07,5576000.0,5609000.0
EMP-0627,2025-08,5481000.0,5510000.0
EMP-0627,2025-09,5412000.0,5385000.0
EMP-0627,2025-10,5483000.0,5474000.0
EMP-0627,2025-11,5545000.0,5557000.0
EMP-0627,2025-12,5458000.0,5431000.0
EMP-0628,2025-01,8760000.0,8793000.0
EMP-0628,2025-02,8310000.0,8384000.0
EMP-0628,2025-03,8082000.0,8178000.0
EMP-0628,2025-04,8330000.0,8418000.0
EMP-0628,2025-05,8385000.0,8398000.0
EMP-0628,2025-06,8041000.0,7990000.0
EMP-0628,2025-07,7760000.0,7857000.0
EMP-0628,2025-08,8257000.0,8252000.0
EMP-0628,2025-09,8085000.0,8115000.0
EMP-0628,2025-10,7565000.0,7357000.0
EMP-0628,2025-11,7747000.0,7883000.0
EMP-0628,2025-12,7619000.0,7743000.0
EMP-0629,2025-01,10474000.0,10353000.0
EMP-0629,2025-02,10574000.0,10538000.0
EMP-0629,2025-03,10936000.0,10878000.0
EMP-0629,2025-04,10916000.0,10751000.0
EMP-0629,2025-05,11242000.0,11149000.0
EMP-0629,2025-06,10992000.0,11232000.0
EMP-0629,2025-07,11038000.0,11077000.0
EMP-0629,2025-08,11320000.0,11476000.0
EMP-0629,2025-09,11182000.0,11178000.0
EMP-0629,2025-10,11588000.0,11339000.0
EMP-0629,2025-11,11192000.0,11162000.0
EMP-0629,2025-12,10828000.0,10819000.0
EMP-0630,2025-01,5325000.0,5304000.0
EMP-0630,2025-02,5417000.0,5322000.0
EMP-0630,2025-03,5611000.0,5660000.0
EMP-0630,2025-04,5551000.0,5497000.0
EMP-0630,2025-05,5437000.0,5414000.0
EMP-0630,2025-06,5440000.0,5481000.0
EMP-0630,2025-07,5491000.0,5440000.0
EMP-0630,2025-08,5525000.0,5525000.0
EMP-0630,2025-09,5828000.0,5851000.0
EMP-0630,2025-10,5681000.0,5795000.0
EMP-0630,2025-11,5582000.0,5571000.0
EMP-0630,2025-12,5734000.0,5778000.0
EMP-0631,2025-01,7905000.0,7874000.0
EMP-0631,2025-02,7514000.0,7632000.0
EMP-0631,2025-03,7407000.0,7276000.0
EMP-0631,2025-04,7612000.0,7502000.0
EMP-0631,2025-05,7137000.0,7146000.0
EMP-0631,2025-06,7470000.0,7428000.0
EMP-0631,2025-07,7332000.0,7379000.0
EMP-0631,2025-08,7447000.0,7506000.0
EMP-0631,2025-09,7198000.0,7067000.0
EMP-0631,2025-10,7200000.0,7276000.0
EMP-0631,2025-11,7313000.0,7334000.0
EMP-0631,2025-12,7562000.0,7706000.0
EMP-0632,2025-01,14671000.0,14598000.0
EMP-0632,2025-02,14583000.0,14692000.0
EMP-0632,2025-03,14332000.0,14419000.0
EMP-0632,2025-04,13747000.0,13951000.0
EMP-0632,2025-05,13307000.0,12951000.0
EMP-0632,2025-06,13049000.0,12843000.0
EMP-0632,2025-07,12966000.0,13101000.0
EMP-0632,2025-08,12626000.0,12807000.0
EMP-0632,2025-09,8073000.0,8129000.0
EMP-0632,2025-10,7974000.0,7874000.0
EMP-0632,2025-11,7977000.0,7952000.0
EMP-0632,2025-12,8240000.0,8325000.0
EMP-0633,2025-01,9892000.0,9864000.0
EMP-0633,2025-02,10163000.0,10149000.0
EMP-0633,2025-03,10566000.0,10717000.0
EMP-0633,2025-04,10466000.0,10527000.0
EMP-0633,2025-05,9775000.0,9784000.0
EMP-0633,2025-06,10092000.0,10131000.0
EMP-0633,2025-07,10323000.0,10397000.0
EMP-0633,2025-08,9931000.0,9922000.0
EMP-0633,2025-09,10028000.0,10084000.0
EMP-0633,2025-10,10199000.0,10111000.0
EMP-0633,2025-11,10108000.0,10194000.0
EMP-0633,2025-12,9833000.0,9793000.0
EMP-0634,2025-01,13070000.0,12964000.0
EMP-0634,2025-02,12660000.0,12812000.0
EMP-0634,2025-03,12630000.0,12674000.0
EMP-0634,2025-04,12039000.0,12069000.0
EMP-0634,2025-05,11965000.0,12019000.0
EMP-0634,2025-06,12126000.0,11936000.0
EMP-0634,2025-07,12288000.0,12379000.0
EMP-0634,2025-08,12305000.0,12288000.0
EMP-0634,2025-09,12145000.0,12336000.0
EMP-0634,2025-10,11703000.0,11994000.0
EMP-0634,2025-11,11973000.0,12013000.0
EMP-0634,2025-12,11403000.0,11454000.0
EMP-0635,2025-01,10418000.0,10438000.0
EMP-0635,2025-02,10470000.0,10278000.0
EMP-0635,2025-03,10876000.0,10712000.0
EMP-0635,2025-04,10717000.0,10583000.0
EMP-0635,2025-05,11098000.0,11171000.0
EMP-0635,2025-06,11365000.0,11538000.0
EMP-0635,2025-07,11622000.0,11679000.0
EMP-0635,2025-08,11462000.0,11322000.0
EMP-0635,2025-09,11247000.0,11015000.0
EMP-0635,2025-10,11186000.0,11133000.0
EMP-0635,2025-11,11360000.0,11312000.0
EMP-0635,2025-12,12054000.0,12147000.0
EMP-0636,2025-01,11190000.0,11312000.0
EMP-0636,2025-02,11441000.0,11460000.0
EMP-0636,2025-03,10898000.0,10773000.0
EMP-0636,2025-04,11018000.0,11025000.0
EMP-0636,2025-05,11293000.0,11071000.0
EMP-0636,2025-06,11268000.0,11238000.0
EMP-0636,2025-07,11402000.0,11537000.0
EMP-0636,2025-08,11506000.0,11489000.0
EMP-0636,2025-09,11263000.0,11410000.0
EMP-0636,2025-10,11275000.0,11230000.0
EMP-0636,2025-11,10771000.0,10825000.0
EMP-0636,2025-12,10503000.0,10354000.0
EMP-0637,2025-01,13857000.0,13914000.0
EMP-0637,2025-02,14292000.0,14283000.0
EMP-0637,2025-03,14284000.0,14224000.0
EMP-0637,2025-04,13600000.0,13765000.0
EMP-0637,2025-05,13977000.0,14046000.0
EMP-0637,2025-06,13685000.0,13631000.0
EMP-0637,2025-07,13524000.0,13700000.0
EMP-0637,2025-08,14115000.0,14413000.0
EMP-0637,2025-09,13093000.0,12947000.0
EMP-0637,2025-10,13245000.0,13202000.0
EMP-0637,2025-11,13168000.0,13193000.0
EMP-0637,2025-12,13486000.0,13856000.0
EMP-0638,2025-01,8316000.0,8255000.0
EMP-0638,2025-02,8106000.0,8092000.0
EMP-0638,2025-03,7754000.0,7852000.0
EMP-0638,2025-04,7586000.0,7695000.0
EMP-0638,2025-05,7507000.0,7427000.0
EMP-0638,2025-06,7334000.0,7347000.0
EMP-0638,2025-07,7791000.0,7768000.0
EMP-0638,2025-08,7752000.0,7605000.0
EMP-0638,2025-09,7724000.0,7657000.0
EMP-0638,2025-10,7947000.0,8005000.0
EMP-0638,2025-11,8232000.0,8182000.0
EMP-0638,2025-12,7653000.0,7731000.0
EMP-0639,2025-01,4146000.0,4166000.0
EMP-0639,2025-02,4118000.0,4126000.0
EMP-0639,2025-03,3956000.0,3942000.0
EMP-0639,2025-04,4063000.0,4070000.0
EMP-0639,2025-05,4123000.0,4172000.0
EMP-0639,2025-06,4137000.0,4059000.0
EMP-0639,2025-07,4153000.0,4105000.0
EMP-0639,2025-08,4179000.0,4233000.0
EMP-0639,2025-09,4075000.0,3996000.0
EMP-0639,2025-10,4134000.0,4088000.0
EMP-0639,2025-11,3859000.0,3879000.0
EMP-0639,2025-12,3834000.0,3844000.0
EMP-0640,2025-01,6940000.0,6890000.0
EMP-0640,2025-02,7096000.0,7157000.0
EMP-0640,2025-03,6991000.0,6887000.0
EMP-0640,2025-04,6865000.0,7051000.0
EMP-0640,2025-05,6925000.0,6972000.0
EMP-0640,2025-06,6443000.0,6440000.0
EMP-0640,2025-07,6717000.0,6801000.0
EMP-0640,2025-08,6772000.0,6839000.0
EMP-0640,2025-09,6521000.0,6593000.0
EMP-0640,2025-10,6728000.0,6713000.0
EMP-0640,2025-11,6591000.0,6488000.0
EMP-0640,2025-12,6586000.0,6657000.0
EMP-0641,2025-01,9469000.0,9552000.0
EMP-0641,2025-02,8725000.0,8800000.0
EMP-0641,2025-03,8507000.0,8444000.0
EMP-0641,2025-04,8563000.0,8647000.0
EMP-0641,2025-05,8658000.0,8621000.0
EMP-0641,2025-06,8451000.0,8561000.0
EMP-0641,2025-07,8387000.0,8377000.0
EMP-0641,2025-08,8590000.0,8482000.0
EMP-0641,2025-09,8748000.0,8664000.0
EMP-0641,2025-10,8396000.0,8345000.0
EMP-0641,2025-11,8400000.0,8508000.0
EMP-0641,2025-12,8232000.0,8228000.0
EMP-0642,2025-01,12635000.0,12583000.0
EMP-0642,2025-02,12491000.0,12822000.0
EMP-0642,2025-03,12953000.0,12923000.0
EMP-0642,2025-04,13239000.0,13102000.0
EMP-0642,2025-05,13678000.0,13993000.0
EMP-0642,2025-06,14242000.0,14138000.0
EMP-0642,2025-07,13649000.0,13493000.0
EMP-0642,2025-08,13480000.0,13641000.0
EMP-0642,2025-09,13637000.0,13528000.0
EMP-0642,2025-10,13644000.0,13607000.0
EMP-0642,2025-11,13768000.0,13794000.0
EMP-0642,2025-12,13372000.0,13332000.0
EMP-0643,2025-01,4651000.0,4641000.0
EMP-0643,2025-02,4591000.0,4619000.0
EMP-0643,2025-03,4584000.0,4578000.0
EMP-0643,2025-04,4576000.0,4537000.0
EMP-0643,2025-05,4885000.0,4877000.0
EMP-0643,2025-06,4594000.0,4648000.0
EMP-0643,2025-07,4413000.0,4393000.0
EMP-0643,2025-08,4437000.0,4480000.0
EMP-0643,2025-09,4309000.0,4318000.0
EMP-0643,2025-10,4372000.0,4353000.0
EMP-0643,2025-11,4385000.0,4356000.0
EMP-0643,2025-12,4383000.0,4384000.0
EMP-0644,2025-01,3511000.0,3562000.0
EMP-0644,2025-02,3837000.0,3829000.0
EMP-0644,2025-03,3781000.0,3742000.0
EMP-0644,2025-04,3795000.0,3766000.0
EMP-0644,2025-05,3840000.0,3870000.0
EMP-0644,2025-06,3806000.0,3780000.0
EMP-0644,2025-07,3957000.0,4015000.0
EMP-0644,2025-08,3820000.0,3861000.0
EMP-0644,2025-09,3860000.0,3829000.0
EMP-0644,2025-10,3713000.0,3709000.0
EMP-0644,2025-11,3775000.0,3820000.0
EMP-0644,2025-12,3511000.0,3497000.0
EMP-0645,2025-01,6944000.0,6945000.0
EMP-0645,2025-02,6799000.0,6864000.0
EMP-0645,2025-03,7280000.0,7390000.0
EMP-0645,2025-04,6983000.0,7029000.0
EMP-0645,2025-05,7058000.0,7068000.0
EMP-0645,2025-06,7168000.0,7141000.0
EMP-0645,2025-07,7480000.0,7385000.0
EMP-0645,2025-08,7411000.0,7388000.0
EMP-0645,2025-09,7207000.0,7186000.0
EMP-0645,2025-10,7095000.0,7145000.0
EMP-0645,2025-11,7037000.0,7025000.0
EMP-0645,2025-12,7311000.0,7313000.0
EMP-0646,2025-01,8291000.0,8405000.0
EMP-0646,2025-02,8152000.0,8157000.0
EMP-0646,2025-03,7908000.0,7865000.0
EMP-0646,2025-04,7762000.0,7670000.0
EMP-0646,2025-05,7713000.0,7678000.0
EMP-0646,2025-06,7889000.0,7814000.0
EMP-0646,2025-07,7586000.0,7542000.0
EMP-0646,2025-08,7171000.0,7373000.0
EMP-0646,2025-09,7317000.0,7297000.0
EMP-0646,2025-10,7052000.0,7076000.0
EMP-0646,2025-11,7127000.0,7268000.0
EMP-0646,2025-12,6934000.0,6865000.0
EMP-0647,2025-01,32063000.0,32189000.0
EMP-0647,2025-02,31857000.0,32211000.0
EMP-0647,2025-03,33607000.0,33721000.0
EMP-0647,2025-04,32956000.0,32812000.0
EMP-0647,2025-05,32964000.0,33143000.0
EMP-0647,2025-06,33629000.0,33331000.0
EMP-0647,2025-07,33746000.0,33680000.0
EMP-0647,2025-08,32964000.0,32437000.0
EMP-0647,2025-09,33631000.0,33828000.0
EMP-0647,2025-10,33003000.0,33411000.0
EMP-0647,2025-11,33077000.0,33339000.0
EMP-0647,2025-12,34237000.0,34452000.0
EMP-0648,2025-01,25270000.0,25264000.0
EMP-0648,2025-02,26041000.0,25902000.0
EMP-0648,2025-03,26731000.0,26357000.0
EMP-0648,2025-04,26728000.0,26495000.0
EMP-0648,2025-05,26784000.0,26585000.0
EMP-0648,2025-06,26876000.0,26989000.0
EMP-0648,2025-07,27629000.0,27952000.0
EMP-0648,2025-08,27668000.0,20326000.0
EMP-0648,2025-09,27597000.0,20273000.0
EMP-0648,2025-10,27472000.0,20182000.0
EMP-0648,2025-11,25759000.0,18923000.0
EMP-0648,2025-12,26679000.0,19599000.0
EMP-0649,2025-01,35895000.0,35868000.0
EMP-0649,2025-02,35158000.0,35002000.0
EMP-0649,2025-03,35368000.0,34748000.0
EMP-0649,2025-04,35000000.0,35394000.0
EMP-0649,2025-05,34731000.0,34797000.0
EMP-0649,2025-06,34486000.0,35109000.0
EMP-0649,2025-07,34160000.0,34549000.0
EMP-0649,2025-08,33845000.0,33645000.0
EMP-0649,2025-09,35723000.0,35904000.0
EMP-0649,2025-10,35047000.0,35207000.0
EMP-0649,2025-11,35139000.0,35114000.0
EMP-0649,2025-12,35419000.0,34771000.0
EMP-0650,2025-01,35262000.0,35556000.0
EMP-0650,2025-02,33581000.0,33003000.0
EMP-0650,2025-03,34823000.0,34349000.0
EMP-0650,2025-04,36689000.0,36805000.0
EMP-0650,2025-05,35929000.0,35561000.0
EMP-0650,2025-06,22021000.0,21856000.0
EMP-0650,2025-07,22184000.0,22218000.0
EMP-0650,2025-08,22489000.0,22658000.0
EMP-0650,2025-09,22681000.0,22613000.0
EMP-0650,2025-10,22175000.0,22540000.0
EMP-0650,2025-11,22063000.0,21844000.0
EMP-0650,2025-12,22232000.0,22509000.0
EMP-0651,2025-01,40880000.0,40547000.0
EMP-0651,2025-02,39810000.0,40560000.0
EMP-0651,2025-03,40347000.0,40938000.0
EMP-0651,2025-04,39535000.0,39684000.0
EMP-0651,2025-05,40218000.0,40569000.0
EMP-0651,2025-06,38488000.0,38882000.0
EMP-0651,2025-07,40641000.0,40528000.0
EMP-0651,2025-08,40655000.0,40721000.0
EMP-0651,2025-09,41765000.0,41199000.0
EMP-0651,2025-10,42862000.0,42325000.0
EMP-0651,2025-11,41860000.0,42346000.0
EMP-0651,2025-12,41989000.0,42006000.0
EMP-0652,2025-01,24009000.0,24279000.0
EMP-0652,2025-02,23813000.0,23982000.0
EMP-0652,2025-03,23571000.0,23626000.0
EMP-0652,2025-04,22990000.0,23316000.0
EMP-0652,2025-05,23661000.0,23952000.0
EMP-0652,2025-06,25067000.0,24891000.0
EMP-0652,2025-07,24811000.0,24479000.0
EMP-0652,2025-08,25659000.0,25413000.0
EMP-0652,2025-09,26024000.0,26371000.0
EMP-0652,2025-10,25896000.0,26118000.0
EMP-0652,2025-11,26844000.0,26444000.0
EMP-0652,2025-12,26400000.0,26370000.0
EMP-0653,2025-01,15772000.0,15952000.0
EMP-0653,2025-02,15668000.0,15539000.0
EMP-0653,2025-03,15541000.0,15544000.0
EMP-0653,2025-04,16375000.0,16543000.0
EMP-0653,2025-05,15807000.0,15931000.0
EMP-0653,2025-06,15006000.0,14827000.0
EMP-0653,2025-07,15771000.0,15885000.0
EMP-0653,2025-08,15422000.0,15460000.0
EMP-0653,2025-09,16032000.0,16169000.0
EMP-0653,2025-10,16294000.0,16200000.0
EMP-0653,2025-11,16662000.0,16818000.0
EMP-0653,2025-12,16750000.0,16829000.0
EMP-0654,2025-01,51266000.0,52055000.0
EMP-0654,2025-02,47618000.0,47557000.0
EMP-0654,2025-03,47993000.0,47641000.0
EMP-0654,2025-04,49165000.0,48558000.0
EMP-0654,2025-05,50860000.0,51517000.0
EMP-0654,2025-06,50010000.0,48913000.0
EMP-0654,2025-07,51790000.0,50962000.0
EMP-0654,2025-08,51192000.0,51224000.0
EMP-0654,2025-09,52539000.0,52237000.0
EMP-0654,2025-10,52055000.0,51333000.0
EMP-0654,2025-11,52388000.0,52694000.0
EMP-0654,2025-12,51262000.0,51585000.0
EMP-0655,2025-01,46295000.0,46402000.0
EMP-0655,2025-02,45205000.0,45656000.0
EMP-0655,2025-03,45075000.0,45206000.0
EMP-0655,2025-04,46947000.0,45964000.0
EMP-0655,2025-05,46288000.0,46132000.0
EMP-0655,2025-06,47467000.0,47576000.0
EMP-0655,2025-07,48355000.0,48648000.0
EMP-0655,2025-08,48326000.0,48476000.0
EMP-0655,2025-09,48784000.0,49072000.0
EMP-0655,2025-10,48735000.0,48467000.0
EMP-0655,2025-11,48103000.0,48104000.0
EMP-0655,2025-12,49175000.0,49466000.0
EMP-0656,2025-01,27931000.0,28565000.0
EMP-0656,2025-02,26990000.0,26738000.0
EMP-0656,2025-03,26399000.0,26568000.0
EMP-0656,2025-04,26178000.0,25885000.0
EMP-0656,2025-05,25960000.0,25809000.0
EMP-0656,2025-06,26892000.0,27163000.0
EMP-0656,2025-07,25551000.0,25636000.0
EMP-0656,2025-08,25000000.0,24951000.0
EMP-0656,2025-09,25814000.0,26390000.0
EMP-0656,2025-10,24676000.0,24537000.0
EMP-0656,2025-11,23931000.0,24038000.0
EMP-0656,2025-12,23413000.0,23584000.0
EMP-0657,2025-01,23920000.0,23529000.0
EMP-0657,2025-02,23643000.0,23595000.0
EMP-0657,2025-03,22820000.0,22546000.0
EMP-0657,2025-04,23101000.0,22565000.0
EMP-0657,2025-05,23648000.0,23736000.0
EMP-0657,2025-06,24964000.0,25091000.0
EMP-0657,2025-07,24794000.0,24644000.0
EMP-0657,2025-08,23479000.0,23244000.0
EMP-0657,2025-09,24274000.0,24646000.0
EMP-0657,2025-10,24142000.0,24615000.0
EMP-0657,2025-11,24326000.0,24475000.0
EMP-0657,2025-12,24151000.0,24166000.0
EMP-0658,2025-01,43350000.0,43087000.0
EMP-0658,2025-02,43229000.0,43354000.0
EMP-0658,2025-03,42469000.0,42444000.0
EMP-0658,2025-04,41274000.0,41563000.0
EMP-0658,2025-05,41735000.0,42258000.0
EMP-0658,2025-06,42645000.0,42780000.0
EMP-0658,2025-07,41919000.0,41945000.0
EMP-0658,2025-08,42400000.0,41769000.0
EMP-0658,2025-09,41787000.0,41965000.0
EMP-0658,2025-10,42229000.0,42502000.0
EMP-0658,2025-11,43740000.0,44201000.0
EMP-0658,2025-12,43270000.0,42507000.0
EMP-0659,2025-01,54149000.0,54334000.0
EMP-0659,2025-02,53715000.0,53350000.0
EMP-0659,2025-03,53412000.0,53801000.0
EMP-0659,2025-04,52966000.0,53077000.0
EMP-0659,2025-05,51564000.0,51234000.0
EMP-0659,2025-06,52627000.0,53511000.0
EMP-0659,2025-07,52741000.0,52539000.0
EMP-0659,2025-08,54148000.0,53811000.0
EMP-0659,2025-09,53221000.0,52993000.0
EMP-0659,2025-10,52957000.0,51967000.0
EMP-0659,2025-11,52842000.0,51997000.0
EMP-0659,2025-12,53984000.0,54631000.0
EMP-0660,2025-01,62510000.0,62538000.0
EMP-0660,2025-02,61338000.0,61647000.0
EMP-0660,2025-03,61894000.0,62040000.0
EMP-0660,2025-04,61353000.0,61533000.0
EMP-0660,2025-05,59705000.0,59681000.0
EMP-0660,2025-06,60008000.0,59631000.0
EMP-0660,2025-07,62156000.0,62533000.0
EMP-0660,2025-08,64138000.0,64258000.0
EMP-0660,2025-09,63495000.0,62792000.0
EMP-0660,2025-10,64855000.0,65257000.0
EMP-0660,2025-11,64257000.0,65262000.0
EMP-0660,2025-12,62330000.0,62553000.0
EMP-0661,2025-01,31344000.0,31152000.0
EMP-0661,2025-02,30825000.0,30900000.0
EMP-0661,2025-03,31629000.0,31872000.0
EMP-0661,2025-04,31778000.0,31436000.0
EMP-0661,2025-05,30870000.0,30717000.0
EMP-0661,2025-06,29725000.0,29734000.0
EMP-0661,2025-07,29091000.0,28998000.0
EMP-0661,2025-08,28342000.0,28393000.0
EMP-0661,2025-09,27288000.0,27672000.0
EMP-0661,2025-10,27325000.0,26920000.0
EMP-0661,2025-11,28533000.0,28141000.0
EMP-0661,2025-12,28685000.0,28567000.0
EMP-0662,2025-01,47775000.0,47890000.0
EMP-0662,2025-02,48568000.0,47952000.0
EMP-0662,2025-03,48142000.0,49014000.0
EMP-0662,2025-04,46471000.0,46886000.0
EMP-0662,2025-05,46379000.0,45773000.0
EMP-0662,2025-06,48076000.0,48103000.0
EMP-0662,2025-07,47869000.0,48064000.0
EMP-0662,2025-08,49028000.0,48607000.0
EMP-0662,2025-09,48873000.0,48048000.0
EMP-0662,2025-10,49696000.0,49297000.0
EMP-0662,2025-11,54564000.0,55098000.0
EMP-0662,2025-12,52604000.0,51942000.0
EMP-0663,2025-01,57194000.0,57949000.0
EMP-0663,2025-02,57495000.0,56943000.0
EMP-0663,2025-03,55729000.0,54286000.0
EMP-0663,2025-04,55323000.0,55981000.0
EMP-0663,2025-05,55132000.0,54867000.0
EMP-0663,2025-06,56481000.0,56349000.0
EMP-0663,2025-07,54241000.0,54397000.0
EMP-0663,2025-08,53671000.0,52957000.0
EMP-0663,2025-09,54231000.0,53635000.0
EMP-0663,2025-10,54784000.0,54566000.0
EMP-0663,2025-11,55462000.0,56025000.0
EMP-0663,2025-12,55837000.0,55996000.0
EMP-0664,2025-01,64918000.0,65091000.0
EMP-0664,2025-02,60060000.0,60650000.0
EMP-0664,2025-03,64267000.0,64785000.0
EMP-0664,2025-04,63427000.0,62895000.0
EMP-0664,2025-05,62227000.0,61745000.0
EMP-0664,2025-06,61872000.0,62195000.0
EMP-0664,2025-07,61775000.0,61685000.0
EMP-0664,2025-08,60132000.0,60063000.0
EMP-0664,2025-09,56954000.0,55798000.0
EMP-0664,2025-10,57777000.0,57768000.0
EMP-0664,2025-11,58408000.0,58864000.0
EMP-0664,2025-12,58238000.0,58025000.0
EMP-0665,2025-01,36574000.0,36495000.0
EMP-0665,2025-02,35476000.0,36020000.0
EMP-0665,2025-03,36313000.0,36075000.0
EMP-0665,2025-04,35560000.0,36194000.0
EMP-0665,2025-05,35427000.0,34860000.0
EMP-0665,2025-06,33673000.0,33829000.0
EMP-0665,2025-07,35267000.0,34668000.0
EMP-0665,2025-08,35576000.0,35790000.0
EMP-0665,2025-09,35325000.0,34992000.0
EMP-0665,2025-10,34842000.0,34424000.0
EMP-0665,2025-11,36121000.0,35900000.0
EMP-0665,2025-12,35497000.0,35262000.0
EMP-0666,2025-01,19996000.0,19980000.0
EMP-0666,2025-02,20183000.0,20334000.0
EMP-0666,2025-03,20058000.0,20302000.0
EMP-0666,2025-04,20362000.0,20757000.0
EMP-0666,2025-05,19961000.0,19924000.0
EMP-0666,2025-06,20223000.0,20174000.0
EMP-0666,2025-07,20061000.0,20092000.0
EMP-0666,2025-08,19930000.0,19834000.0
EMP-0666,2025-09,19920000.0,19468000.0
EMP-0666,2025-10,19665000.0,19717000.0
EMP-0666,2025-11,20562000.0,20315000.0
EMP-0666,2025-12,20893000.0,20891000.0
EMP-0667,2025-01,41439000.0,41241000.0
EMP-0667,2025-02,43718000.0,43217000.0
EMP-0667,2025-03,42073000.0,41791000.0
EMP-0667,2025-04,43073000.0,42630000.0
EMP-0667,2025-05,41445000.0,41491000.0
EMP-0667,2025-06,41192000.0,41008000.0
EMP-0667,2025-07,42156000.0,42227000.0
EMP-0667,2025-08,41566000.0,41032000.0
EMP-0667,2025-09,41763000.0,41922000.0
EMP-0667,2025-10,41096000.0,41753000.0
EMP-0667,2025-11,42623000.0,42739000.0
EMP-0667,2025-12,42221000.0,42665000.0
EMP-0668,2025-01,68399000.0,68213000.0
EMP-0668,2025-02,67364000.0,67153000.0
EMP-0668,2025-03,64831000.0,65256000.0
EMP-0668,2025-04,67137000.0,66988000.0
EMP-0668,2025-05,69641000.0,70379000.0
EMP-0668,2025-06,69118000.0,69040000.0
EMP-0668,2025-07,66076000.0,66220000.0
EMP-0668,2025-08,69053000.0,68710000.0
EMP-0668,2025-09,63715000.0,62893000.0
EMP-0668,2025-10,67681000.0,67593000.0
EMP-0668,2025-11,68108000.0,67944000.0
EMP-0668,2025-12,66001000.0,65641000.0
EMP-0669,2025-01,19037000.0,19128000.0
EMP-0669,2025-02,18842000.0,19048000.0
EMP-0669,2025-03,19109000.0,19338000.0
EMP-0669,2025-04,19140000.0,19115000.0
EMP-0669,2025-05,19326000.0,19215000.0
EMP-0669,2025-06,18968000.0,18811000.0
EMP-0669,2025-07,19410000.0,19826000.0
EMP-0669,2025-08,18646000.0,18887000.0
EMP-0669,2025-09,18933000.0,18942000.0
EMP-0669,2025-10,19551000.0,19155000.0
EMP-0669,2025-11,19973000.0,19947000.0
EMP-0669,2025-12,20280000.0,20460000.0
EMP-0670,2025-01,46470000.0,46136000.0
EMP-0670,2025-02,46361000.0,45834000.0
EMP-0670,2025-03,45697000.0,46003000.0
EMP-0670,2025-04,47449000.0,47462000.0
EMP-0670,2025-05,47124000.0,47145000.0
EMP-0670,2025-06,46242000.0,46252000.0
EMP-0670,2025-07,47048000.0,46436000.0
EMP-0670,2025-08,46797000.0,46471000.0
EMP-0670,2025-09,47240000.0,47217000.0
EMP-0670,2025-10,47034000.0,46429000.0
EMP-0670,2025-11,46783000.0,46353000.0
EMP-0670,2025-12,47849000.0,48566000.0
EMP-0671,2025-01,18606000.0,18650000.0
EMP-0671,2025-02,18529000.0,18572000.0
EMP-0671,2025-03,18251000.0,18382000.0
EMP-0671,2025-04,17337000.0,17443000.0
EMP-0671,2025-05,17074000.0,17101000.0
EMP-0671,2025-06,17520000.0,17392000.0
EMP-0671,2025-07,17415000.0,17243000.0
EMP-0671,2025-08,17567000.0,17629000.0
EMP-0671,2025-09,17470000.0,17734000.0
EMP-0671,2025-10,16622000.0,16229000.0
EMP-0671,2025-11,16628000.0,16763000.0
EMP-0671,2025-12,16466000.0,16259000.0
EMP-0672,2025-01,45662000.0,45847000.0
EMP-0672,2025-02,46381000.0,46274000.0
EMP-0672,2025-03,48278000.0,48075000.0
EMP-0672,2025-04,46222000.0,46261000.0
EMP-0672,2025-05,46164000.0,46412000.0
EMP-0672,2025-06,46965000.0,47504000.0
EMP-0672,2025-07,47923000.0,47590000.0
EMP-0672,2025-08,47601000.0,47838000.0
EMP-0672,2025-09,49243000.0,49396000.0
EMP-0672,2025-10,49544000.0,49747000.0
EMP-0672,2025-11,49174000.0,49123000.0
EMP-0672,2025-12,51602000.0,51869000.0
EMP-0673,2025-01,20939000.0,21335000.0
EMP-0673,2025-02,21381000.0,21418000.0
EMP-0673,2025-03,22526000.0,22489000.0
EMP-0673,2025-04,21441000.0,21393000.0
EMP-0673,2025-05,22400000.0,22448000.0
EMP-0673,2025-06,23183000.0,23159000.0
EMP-0673,2025-07,22893000.0,23270000.0
EMP-0673,2025-08,23024000.0,22757000.0
EMP-0673,2025-09,22984000.0,23300000.0
EMP-0673,2025-10,23488000.0,23387000.0
EMP-0673,2025-11,23921000.0,23904000.0
EMP-0673,2025-12,23998000.0,24147000.0
EMP-0674,2025-01,36076000.0,35883000.0
EMP-0674,2025-02,36165000.0,35943000.0
EMP-0674,2025-03,36618000.0,36302000.0
EMP-0674,2025-04,38477000.0,38198000.0
EMP-0674,2025-05,36899000.0,36963000.0
EMP-0674,2025-06,38768000.0,39545000.0
EMP-0674,2025-07,38237000.0,38461000.0
EMP-0674,2025-08,37802000.0,38111000.0
EMP-0674,2025-09,37633000.0,37214000.0
EMP-0674,2025-10,37820000.0,37411000.0
EMP-0674,2025-11,37683000.0,37988000.0
EMP-0674,2025-12,38125000.0,37393000.0
EMP-0675,2025-01,55053000.0,55013000.0
EMP-0675,2025-02,55871000.0,56508000.0
EMP-0675,2025-03,54447000.0,54339000.0
EMP-0675,2025-04,52233000.0,52127000.0
EMP-0675,2025-05,52645000.0,53043000.0
EMP-0675,2025-06,51397000.0,51303000.0
EMP-0675,2025-07,48876000.0,49361000.0
EMP-0675,2025-08,46699000.0,46404000.0
EMP-0675,2025-09,45747000.0,46296000.0
EMP-0675,2025-10,47154000.0,47146000.0
EMP-0675,2025-11,45624000.0,45013000.0
EMP-0675,2025-12,45772000.0,45894000.0
EMP-0676,2025-01,42566000.0,41966000.0
EMP-0676,2025-02,44500000.0,44509000.0
EMP-0676,2025-03,45428000.0,44985000.0
EMP-0676,2025-04,44644000.0,43869000.0
EMP-0676,2025-05,45279000.0,44379000.0
EMP-0676,2025-06,46533000.0,46914000.0
EMP-0676,2025-07,46065000.0,45555000.0
EMP-0676,2025-08,45029000.0,45260000.0
EMP-0676,2025-09,44482000.0,44688000.0
EMP-0676,2025-10,46247000.0,46856000.0
EMP-0676,2025-11,46229000.0,46441000.0
EMP-0676,2025-12,46072000.0,45088000.0
EMP-0677,2025-01,51434000.0,51938000.0
EMP-0677,2025-02,52344000.0,52213000.0
EMP-0677,2025-03,53662000.0,54438000.0
EMP-0677,2025-04,52971000.0,53094000.0
EMP-0677,2025-05,54520000.0,54881000.0
EMP-0677,2025-06,52218000.0,52654000.0
EMP-0677,2025-07,51056000.0,50646000.0
EMP-0677,2025-08,52011000.0,52391000.0
EMP-0677,2025-09,50779000.0,50979000.0
EMP-0677,2025-10,50504000.0,50859000.0
EMP-0677,2025-11,47819000.0,47894000.0
EMP-0677,2025-12,47332000.0,47108000.0
EMP-0678,2025-01,42898000.0,42403000.0
EMP-0678,2025-02,42939000.0,42914000.0
EMP-0678,2025-03,42675000.0,43023000.0
EMP-0678,2025-04,42719000.0,42697000.0
EMP-0678,2025-05,41617000.0,41809000.0
EMP-0678,2025-06,42027000.0,40820000.0
EMP-0678,2025-07,41955000.0,42398000.0
EMP-0678,2025-08,42758000.0,43081000.0
EMP-0678,2025-09,40981000.0,41123000.0
EMP-0678,2025-10,42274000.0,42773000.0
EMP-0678,2025-11,39507000.0,39566000.0
EMP-0678,2025-12,40561000.0,40968000.0
EMP-0679,2025-01,63485000.0,63462000.0
EMP-0679,2025-02,65770000.0,65497000.0
EMP-0679,2025-03,63608000.0,63772000.0
EMP-0679,2025-04,64989000.0,64221000.0
EMP-0679,2025-05,66459000.0,67229000.0
EMP-0679,2025-06,67294000.0,68072000.0
EMP-0679,2025-07,66865000.0,68085000.0
EMP-0679,2025-08,63681000.0,63630000.0
EMP-0679,2025-09,62733000.0,62834000.0
EMP-0679,2025-10,64141000.0,45598000.0
EMP-0679,2025-11,63798000.0,45354000.0
EMP-0679,2025-12,65587000.0,46626000.0
EMP-0680,2025-01,56609000.0,56783000.0
EMP-0680,2025-02,60212000.0,58689000.0
EMP-0680,2025-03,58631000.0,58047000.0
EMP-0680,2025-04,58773000.0,59382000.0
EMP-0680,2025-05,59203000.0,59367000.0
EMP-0680,2025-06,58347000.0,57278000.0
EMP-0680,2025-07,57892000.0,57312000.0
EMP-0680,2025-08,57114000.0,57152000.0
EMP-0680,2025-09,54241000.0,53780000.0
EMP-0680,2025-10,56051000.0,56366000.0
EMP-0680,2025-11,56666000.0,56907000.0
EMP-0680,2025-12,55778000.0,56081000.0
EMP-0681,2025-01,272718000.0,272921000.0
EMP-0681,2025-02,283301000.0,283126000.0
EMP-0681,2025-03,288076000.0,293059000.0
EMP-0681,2025-04,280261000.0,277740000.0
EMP-0681,2025-05,274769000.0,266941000.0
EMP-0681,2025-06,293360000.0,288262000.0
EMP-0681,2025-07,297959000.0,295443000.0
EMP-0681,2025-08,313610000.0,319692000.0
EMP-0681,2025-09,314386000.0,317238000.0
EMP-0681,2025-10,307311000.0,303626000.0
EMP-0681,2025-11,292076000.0,289402000.0
EMP-0681,2025-12,291990000.0,293180000.0
EMP-0682,2025-01,230916000.0,230474000.0
EMP-0682,2025-02,218268000.0,215583000.0
EMP-0682,2025-03,211583000.0,208911000.0
EMP-0682,2025-04,206346000.0,204527000.0
EMP-0682,2025-05,207841000.0,205578000.0
EMP-0682,2025-06,208863000.0,207097000.0
EMP-0682,2025-07,214738000.0,215051000.0
EMP-0682,2025-08,213746000.0,214122000.0
EMP-0682,2025-09,209772000.0,205537000.0
EMP-0682,2025-10,202423000.0,202293000.0
EMP-0682,2025-11,192766000.0,191448000.0
EMP-0682,2025-12,188328000.0,188943000.0
EMP-0683,2025-01,153138000.0,154551000.0
EMP-0683,2025-02,151105000.0,151938000.0
EMP-0683,2025-03,144934000.0,143099000.0
EMP-0683,2025-04,152985000.0,153197000.0
EMP-0683,2025-05,150598000.0,152127000.0
EMP-0683,2025-06,149797000.0,149028000.0
EMP-0683,2025-07,152643000.0,148166000.0
EMP-0683,2025-08,148740000.0,149864000.0
EMP-0683,2025-09,148928000.0,147085000.0
EMP-0683,2025-10,146491000.0,148476000.0
EMP-0683,2025-11,153547000.0,152981000.0
EMP-0683,2025-12,152483000.0,154043000.0
EMP-0684,2025-01,297156000.0,294152000.0
EMP-0684,2025-02,285016000.0,284033000.0
EMP-0684,2025-03,284481000.0,285813000.0
EMP-0684,2025-04,290525000.0,294018000.0
EMP-0684,2025-05,290359000.0,291602000.0
EMP-0684,2025-06,287491000.0,288352000.0
EMP-0684,2025-07,290515000.0,291505000.0
EMP-0684,2025-08,299802000.0,233883000.0
EMP-0684,2025-09,287416000.0,224220000.0
EMP-0684,2025-10,291443000.0,227362000.0
EMP-0684,2025-11,285933000.0,223063000.0
EMP-0684,2025-12,285178000.0,222474000.0
EMP-0685,2025-01,118101000.0,118131000.0
EMP-0685,2025-02,121396000.0,120929000.0
EMP-0685,2025-03,115330000.0,114848000.0
EMP-0685,2025-04,114329000.0,114734000.0
EMP-0685,2025-05,111358000.0,111256000.0
EMP-0685,2025-06,108571000.0,109110000.0
EMP-0685,2025-07,113168000.0,113927000.0
EMP-0685,2025-08,115597000.0,112367000.0
EMP-0685,2025-09,116419000.0,118314000.0
EMP-0685,2025-10,121112000.0,119730000.0
EMP-0685,2025-11,118316000.0,118735000.0
EMP-0685,2025-12,116104000.0,117149000.0
EMP-0686,2025-01,259954000.0,261721000.0
EMP-0686,2025-02,262900000.0,265379000.0
EMP-0686,2025-03,242298000.0,239358000.0
EMP-0686,2025-04,240145000.0,239928000.0
EMP-0686,2025-05,238424000.0,240201000.0
EMP-0686,2025-06,247032000.0,246190000.0
EMP-0686,2025-07,251875000.0,254027000.0
EMP-0686,2025-08,243310000.0,244254000.0
EMP-0686,2025-09,250237000.0,250427000.0
EMP-0686,2025-10,244176000.0,246742000.0
EMP-0686,2025-11,246431000.0,241705000.0
EMP-0686,2025-12,248937000.0,244651000.0
EMP-0687,2025-01,190398000.0,191628000.0
EMP-0687,2025-02,189480000.0,189326000.0
EMP-0687,2025-03,183086000.0,182790000.0
EMP-0687,2025-04,199096000.0,198773000.0
EMP-0687,2025-05,199764000.0,202245000.0
EMP-0687,2025-06,207389000.0,206427000.0
EMP-0687,2025-07,199097000.0,199649000.0
EMP-0687,2025-08,198716000.0,199312000.0
EMP-0687,2025-09,202586000.0,204782000.0
EMP-0687,2025-10,205239000.0,205749000.0
EMP-0687,2025-11,198152000.0,198954000.0
EMP-0687,2025-12,199115000.0,196606000.0
EMP-0688,2025-01,400652000.0,395850000.0
EMP-0688,2025-02,403709000.0,400053000.0
EMP-0688,2025-03,417901000.0,416804000.0
EMP-0688,2025-04,434908000.0,431528000.0
EMP-0688,2025-05,444406000.0,443986000.0
EMP-0688,2025-06,446577000.0,445248000.0
EMP-0688,2025-07,412448000.0,403397000.0
EMP-0688,2025-08,422571000.0,420929000.0
EMP-0688,2025-09,424143000.0,420942000.0
EMP-0688,2025-10,420504000.0,424430000.0
EMP-0688,2025-11,423649000.0,425645000.0
EMP-0688,2025-12,398978000.0,403404000.0
EMP-0689,2025-01,332698000.0,336633000.0
EMP-0689,2025-02,337039000.0,345033000.0
EMP-0689,2025-03,342093000.0,339494000.0
EMP-0689,2025-04,352318000.0,354513000.0
EMP-0689,2025-05,354700000.0,353315000.0
EMP-0689,2025-06,347647000.0,346581000.0
EMP-0689,2025-07,346031000.0,341701000.0
EMP-0689,2025-08,351542000.0,348416000.0
EMP-0689,2025-09,346396000.0,352427000.0
EMP-0689,2025-10,355857000.0,355162000.0
EMP-0689,2025-11,359837000.0,354084000.0
EMP-0689,2025-12,391594000.0,388700000.0
EMP-0690,2025-01,269175000.0,268522000.0
EMP-0690,2025-02,270063000.0,267002000.0
EMP-0690,2025-03,245778000.0,247391000.0
EMP-0690,2025-04,252355000.0,251839000.0
EMP-0690,2025-05,249398000.0,250289000.0
EMP-0690,2025-06,242033000.0,237835000.0
EMP-0690,2025-07,247241000.0,244248000.0
EMP-0690,2025-08,247172000.0,244428000.0
EMP-0690,2025-09,249762000.0,252210000.0
EMP-0690,2025-10,238379000.0,237739000.0
EMP-0690,2025-11,231476000.0,232279000.0
EMP-0690,2025-12,238628000.0,243585000.0
EMP-0691,2025-01,152794000.0,151733000.0
EMP-0691,2025-02,156491000.0,156245000.0
EMP-0691,2025-03,150902000.0,150583000.0
EMP-0691,2025-04,149942000.0,147946000.0
EMP-0691,2025-05,149129000.0,149679000.0
EMP-0691,2025-06,145553000.0,144174000.0
EMP-0691,2025-07,150881000.0,148587000.0
EMP-0691,2025-08,141996000.0,136437000.0
EMP-0691,2025-09,147089000.0,147148000.0
EMP-0691,2025-10,146625000.0,146784000.0
EMP-0691,2025-11,136277000.0,137227000.0
EMP-0691,2025-12,139967000.0,142035000.0
EMP-0692,2025-01,313570000.0,313301000.0
EMP-0692,2025-02,318070000.0,317920000.0
EMP-0692,2025-03,315566000.0,309952000.0
EMP-0692,2025-04,315583000.0,321982000.0
EMP-0692,2025-05,321326000.0,311437000.0
EMP-0692,2025-06,324518000.0,323819000.0
EMP-0692,2025-07,326627000.0,331739000.0
EMP-0692,2025-08,318130000.0,316399000.0
EMP-0692,2025-09,323805000.0,319291000.0
EMP-0692,2025-10,319539000.0,321446000.0
EMP-0692,2025-11,311599000.0,317335000.0
EMP-0692,2025-12,296249000.0,303345000.0
EMP-0693,2025-01,149059000.0,147539000.0
EMP-0693,2025-02,156808000.0,157569000.0
EMP-0693,2025-03,156060000.0,157958000.0
EMP-0693,2025-04,156163000.0,157113000.0
EMP-0693,2025-05,162151000.0,162959000.0
EMP-0693,2025-06,160374000.0,159478000.0
EMP-0693,2025-07,160728000.0,160153000.0
EMP-0693,2025-08,162054000.0,161130000.0
EMP-0693,2025-09,159637000.0,157392000.0
EMP-0693,2025-10,162288000.0,160616000.0
EMP-0693,2025-11,158662000.0,157217000.0
EMP-0693,2025-12,155343000.0,156774000.0
EMP-0694,2025-01,220368000.0,221666000.0
EMP-0694,2025-02,218285000.0,217720000.0
EMP-0694,2025-03,227321000.0,225950000.0
EMP-0694,2025-04,233560000.0,228131000.0
EMP-0694,2025-05,234041000.0,233172000.0
EMP-0694,2025-06,226423000.0,226810000.0
EMP-0694,2025-07,215902000.0,220524000.0
EMP-0694,2025-08,210416000.0,212539000.0
EMP-0694,2025-09,217104000.0,217206000.0
EMP-0694,2025-10,223454000.0,223347000.0
EMP-0694,2025-11,224569000.0,221960000.0
EMP-0694,2025-12,228745000.0,229276000.0
EMP-0695,2025-01,307035000.0,307739000.0
EMP-0695,2025-02,304965000.0,305743000.0
EMP-0695,2025-03,304960000.0,302094000.0
EMP-0695,2025-04,315040000.0,320387000.0
EMP-0695,2025-05,312852000.0,318782000.0
EMP-0695,2025-06,309087000.0,308920000.0
EMP-0695,2025-07,295622000.0,297924000.0
EMP-0695,2025-08,295788000.0,290969000.0
EMP-0695,2025-09,301626000.0,297724000.0
EMP-0695,2025-10,292403000.0,294064000.0
EMP-0695,2025-11,293989000.0,295568000.0
EMP-0695,2025-12,292827000.0,294452000.0
EMP-0696,2025-01,369262000.0,369274000.0
EMP-0696,2025-02,371719000.0,374591000.0
EMP-0696,2025-03,380363000.0,376428000.0
EMP-0696,2025-04,373726000.0,372575000.0
EMP-0696,2025-05,370896000.0,378312000.0
EMP-0696,2025-06,365098000.0,364425000.0
EMP-0696,2025-07,381674000.0,385783000.0
EMP-0696,2025-08,398035000.0,396946000.0
EMP-0696,2025-09,394182000.0,395237000.0
EMP-0696,2025-10,391765000.0,396029000.0
EMP-0696,2025-11,384628000.0,379917000.0
EMP-0696,2025-12,404636000.0,410025000.0
EMP-0697,2025-01,313185000.0,312219000.0
EMP-0697,2025-02,286814000.0,288264000.0
EMP-0697,2025-03,291287000.0,289138000.0
EMP-0697,2025-04,288276000.0,286476000.0
EMP-0697,2025-05,288438000.0,284267000.0
EMP-0697,2025-06,281497000.0,278899000.0
EMP-0697,2025-07,285312000.0,285352000.0
EMP-0697,2025-08,265903000.0,266060000.0
EMP-0697,2025-09,272446000.0,274426000.0
EMP-0697,2025-10,278407000.0,277711000.0
EMP-0697,2025-11,286221000.0,289177000.0
EMP-0697,2025-12,291971000.0,295042000.0
EMP-0698,2025-01,346365000.0,344281000.0
EMP-0698,2025-02,358044000.0,344647000.0
EMP-0698,2025-03,368018000.0,369278000.0
EMP-0698,2025-04,374995000.0,374828000.0
EMP-0698,2025-05,363707000.0,359347000.0
EMP-0698,2025-06,378981000.0,384746000.0
EMP-0698,2025-07,393614000.0,391829000.0
EMP-0698,2025-08,375959000.0,371979000.0
EMP-0698,2025-09,393094000.0,296405000.0
EMP-0698,2025-10,386465000.0,291407000.0
EMP-0698,2025-11,386206000.0,291211000.0
EMP-0698,2025-12,387405000.0,292115000.0
EMP-0699,2025-01,146167000.0,144229000.0
EMP-0699,2025-02,149562000.0,148463000.0
EMP-0699,2025-03,148399000.0,148084000.0
EMP-0699,2025-04,145218000.0,147487000.0
EMP-0699,2025-05,143154000.0,141793000.0
EMP-0699,2025-06,149299000.0,150776000.0
EMP-0699,2025-07,152772000.0,153458000.0
EMP-0699,2025-08,148848000.0,148659000.0
EMP-0699,2025-09,152898000.0,151758000.0
EMP-0699,2025-10,152033000.0,150368000.0
EMP-0699,2025-11,154918000.0,159919000.0
EMP-0699,2025-12,156946000.0,158674000.0
EMP-0700,2025-01,295691000.0,294847000.0
EMP-0700,2025-02,282226000.0,281870000.0
EMP-0700,2025-03,290673000.0,288916000.0
EMP-0700,2025-04,272718000.0,268695000.0
EMP-0700,2025-05,281541000.0,279912000.0
EMP-0700,2025-06,289734000.0,288430000.0
EMP-0700,2025-07,294132000.0,298383000.0
EMP-0700,2025-08,303843000.0,303947000.0
EMP-0700,2025-09,305473000.0,303569000.0
EMP-0700,2025-10,295638000.0,300700000.0
EMP-0700,2025-11,298855000.0,296694000.0
EMP-0700,2025-12,308463000.0,307545000.0
EMP-0701,2025-01,241226000.0,244263000.0
EMP-0701,2025-02,248214000.0,245621000.0
EMP-0701,2025-03,248356000.0,246543000.0
EMP-0701,2025-04,246621000.0,245207000.0
EMP-0701,2025-05,256877000.0,257813000.0
EMP-0701,2025-06,258270000.0,253971000.0
EMP-0701,2025-07,253137000.0,252574000.0
EMP-0701,2025-08,241105000.0,238434000.0
EMP-0701,2025-09,242538000.0,241886000.0
EMP-0701,2025-10,251800000.0,253078000.0
EMP-0701,2025-11,249194000.0,246313000.0
EMP-0701,2025-12,245329000.0,242221000.0
EMP-0702,2025-01,274451000.0,273023000.0
EMP-0702,2025-02,271421000.0,269885000.0
EMP-0702,2025-03,259762000.0,261619000.0
EMP-0702,2025-04,262981000.0,257931000.0
EMP-0702,2025-05,258663000.0,258175000.0
EMP-0702,2025-06,267654000.0,265053000.0
EMP-0702,2025-07,266270000.0,262648000.0
EMP-0702,2025-08,268754000.0,265755000.0
EMP-0702,2025-09,267986000.0,265646000.0
EMP-0702,2025-10,256283000.0,253090000.0
EMP-0702,2025-11,268536000.0,265928000.0
EMP-0702,2025-12,271435000.0,270669000.0
EMP-0703,2025-01,225958000.0,223428000.0
EMP-0703,2025-02,224498000.0,224351000.0
EMP-0703,2025-03,233221000.0,234216000.0
EMP-0703,2025-04,232414000.0,232831000.0
EMP-0703,2025-05,219730000.0,218746000.0
EMP-0703,2025-06,221145000.0,221387000.0
EMP-0703,2025-07,226355000.0,222771000.0
EMP-0703,2025-08,223668000.0,220536000.0
EMP-0703,2025-09,214836000.0,215391000.0
EMP-0703,2025-10,216275000.0,215364000.0
EMP-0703,2025-11,220493000.0,219790000.0
EMP-0703,2025-12,217440000.0,216241000.0
EMP-0704,2025-01,268739000.0,270767000.0
EMP-0704,2025-02,269182000.0,273088000.0
EMP-0704,2025-03,265884000.0,264196000.0
EMP-0704,2025-04,286265000.0,286155000.0
EMP-0704,2025-05,279380000.0,281214000.0
EMP-0704,2025-06,268515000.0,269940000.0
EMP-0704,2025-07,272863000.0,270348000.0
EMP-0704,2025-08,255144000.0,250399000.0
EMP-0704,2025-09,265817000.0,270615000.0
EMP-0704,2025-10,254329000.0,251376000.0
EMP-0704,2025-11,248747000.0,252843000.0
EMP-0704,2025-12,243566000.0,248391000.0
EMP-0705,2025-01,185518000.0,186563000.0
EMP-0705,2025-02,197834000.0,199457000.0
EMP-0705,2025-03,197298000.0,196781000.0
EMP-0705,2025-04,201054000.0,201226000.0
EMP-0705,2025-05,197103000.0,195314000.0
EMP-0705,2025-06,203111000.0,205637000.0
EMP-0705,2025-07,209370000.0,214174000.0
EMP-0705,2025-08,190977000.0,193362000.0
EMP-0705,2025-09,204106000.0,203413000.0
EMP-0705,2025-10,207837000.0,205483000.0
EMP-0705,2025-11,202495000.0,206382000.0
EMP-0705,2025-12,197079000.0,194657000.0
EMP-0706,2025-01,149995000.0,150382000.0
EMP-0706,2025-02,144149000.0,145408000.0
EMP-0706,2025-03,154438000.0,156171000.0
EMP-0706,2025-04,149264000.0,151133000.0
EMP-0706,2025-05,150476000.0,150105000.0
EMP-0706,2025-06,149758000.0,148992000.0
EMP-0706,2025-07,153200000.0,151359000.0
EMP-0706,2025-08,152792000.0,149547000.0
EMP-0706,2025-09,153849000.0,153989000.0
EMP-0706,2025-10,154458000.0,156350000.0
EMP-0706,2025-11,159200000.0,158127000.0
EMP-0706,2025-12,153981000.0,154507000.0
EMP-0707,2025-01,341171000.0,342910000.0
EMP-0707,2025-02,330193000.0,328659000.0
EMP-0707,2025-03,352694000.0,355124000.0
EMP-0707,2025-04,321851000.0,330748000.0
EMP-0707,2025-05,345666000.0,345363000.0
EMP-0707,2025-06,334138000.0,335179000.0
EMP-0707,2025-07,331322000.0,331672000.0
EMP-0707,2025-08,316013000.0,310226000.0
EMP-0707,2025-09,329974000.0,322923000.0
EMP-0707,2025-10,330529000.0,331057000.0
EMP-0707,2025-11,322689000.0,322508000.0
EMP-0707,2025-12,330106000.0,327701000.0
EMP-0708,2025-01,370594000.0,370950000.0
EMP-0708,2025-02,369059000.0,371796000.0
EMP-0708,2025-03,385497000.0,380667000.0
EMP-0708,2025-04,379961000.0,377315000.0
EMP-0708,2025-05,378087000.0,367410000.0
EMP-0708,2025-06,360790000.0,363313000.0
EMP-0708,2025-07,370638000.0,374556000.0
EMP-0708,2025-08,379722000.0,380786000.0
EMP-0708,2025-09,373669000.0,367689000.0
EMP-0708,2025-10,359490000.0,363096000.0
EMP-0708,2025-11,376452000.0,378222000.0
EMP-0708,2025-12,370732000.0,368204000.0
EMP-0709,2025-01,164933000.0,166268000.0
EMP-0709,2025-02,154027000.0,154753000.0
EMP-0709,2025-03,155937000.0,154634000.0
EMP-0709,2025-04,150567000.0,148671000.0
EMP-0709,2025-05,148124000.0,147149000.0
EMP-0709,2025-06,146328000.0,146409000.0
EMP-0709,2025-07,145005000.0,146271000.0
EMP-0709,2025-08,146305000.0,145331000.0
EMP-0709,2025-09,144992000.0,144158000.0
EMP-0709,2025-10,148521000.0,147139000.0
EMP-0709,2025-11,150427000.0,151853000.0
EMP-0709,2025-12,146057000.0,147198000.0
EMP-0710,2025-01,353348000.0,351799000.0
EMP-0710,2025-02,351569000.0,346859000.0
EMP-0710,2025-03,347959000.0,348250000.0
EMP-0710,2025-04,356659000.0,350872000.0
EMP-0710,2025-05,353034000.0,348495000.0
EMP-0710,2025-06,348418000.0,351387000.0
EMP-0710,2025-07,353305000.0,360606000.0
EMP-0710,2025-08,347039000.0,339455000.0
EMP-0710,2025-09,348907000.0,350494000.0
EMP-0710,2025-10,364821000.0,355159000.0
EMP-0710,2025-11,358292000.0,357636000.0
EMP-0710,2025-12,353931000.0,351509000.0
EMP-0711,2025-01,317707000.0,319189000.0
EMP-0711,2025-02,323525000.0,324780000.0
EMP-0711,2025-03,312136000.0,314667000.0
EMP-0711,2025-04,302915000.0,298852000.0
EMP-0711,2025-05,299063000.0,300319000.0
EMP-0711,2025-06,302655000.0,303339000.0
EMP-0711,2025-07,308686000.0,308192000.0
EMP-0711,2025-08,308204000.0,311164000.0
EMP-0711,2025-09,299539000.0,303729000.0
EMP-0711,2025-10,318160000.0,318771000.0
EMP-0711,2025-11,312953000.0,307658000.0
EMP-0711,2025-12,295670000.0,299101000.0
EMP-0712,2025-01,193371000.0,192995000.0
EMP-0712,2025-02,181075000.0,182064000.0
EMP-0712,2025-03,187151000.0,187070000.0
EMP-0712,2025-04,191113000.0,188003000.0
EMP-0712,2025-05,188778000.0,187453000.0
EMP-0712,2025-06,191381000.0,193045000.0
EMP-0712,2025-07,192316000.0,190194000.0
EMP-0712,2025-08,190138000.0,189576000.0
EMP-0712,2025-09,185987000.0,187938000.0
EMP-0712,2025-10,192101000.0,193812000.0
EMP-0712,2025-11,189869000.0,193146000.0
EMP-0712,2025-12,188439000.0,188379000.0
EMP-0713,2025-01,265142000.0,266720000.0
EMP-0713,2025-02,258171000.0,258688000.0
EMP-0713,2025-03,261335000.0,256655000.0
EMP-0713,2025-04,259862000.0,262677000.0
EMP-0713,2025-05,273663000.0,273469000.0
EMP-0713,2025-06,258977000.0,259072000.0
EMP-0713,2025-07,254268000.0,255604000.0
EMP-0713,2025-08,264052000.0,263981000.0
EMP-0713,2025-09,274397000.0,270158000.0
EMP-0713,2025-10,265529000.0,261424000.0
EMP-0713,2025-11,267225000.0,266772000.0
EMP-0713,2025-12,279247000.0,277749000.0
EMP-0714,2025-01,257399000.0,256622000.0
EMP-0714,2025-02,252250000.0,249636000.0
EMP-0714,2025-03,251573000.0,249547000.0
EMP-0714,2025-04,250445000.0,248175000.0
EMP-0714,2025-05,260607000.0,259071000.0
EMP-0714,2025-06,252105000.0,251409000.0
EMP-0714,2025-07,245763000.0,247928000.0
EMP-0714,2025-08,245847000.0,248499000.0
EMP-0714,2025-09,246947000.0,250247000.0
EMP-0714,2025-10,247492000.0,247127000.0
EMP-0714,2025-11,249232000.0,247766000.0
EMP-0714,2025-12,252497000.0,249016000.0
EMP-0715,2025-01,17178000.0,17234000.0
EMP-0715,2025-02,17362000.0,17340000.0
EMP-0715,2025-03,17751000.0,17767000.0
EMP-0715,2025-04,17779000.0,17817000.0
EMP-0715,2025-05,18478000.0,18684000.0
EMP-0715,2025-06,17943000.0,18028000.0
EMP-0715,2025-07,17381000.0,17435000.0
EMP-0715,2025-08,17889000.0,17733000.0
EMP-0715,2025-09,18224000.0,18501000.0
EMP-0715,2025-10,18320000.0,18311000.0
EMP-0715,2025-11,17313000.0,17291000.0
EMP-0715,2025-12,17245000.0,17320000.0
EMP-0716,2025-01,7864000.0,7804000.0
EMP-0716,2025-02,7521000.0,7572000.0
EMP-0716,2025-03,7506000.0,7629000.0
EMP-0716,2025-04,7569000.0,7526000.0
EMP-0716,2025-05,7564000.0,7569000.0
EMP-0716,2025-06,7705000.0,7668000.0
EMP-0716,2025-07,7596000.0,7622000.0
EMP-0716,2025-08,7778000.0,7823000.0
EMP-0716,2025-09,8070000.0,8106000.0
EMP-0716,2025-10,8063000.0,8127000.0
EMP-0716,2025-11,8149000.0,8036000.0
EMP-0716,2025-12,8080000.0,8132000.0
EMP-0717,2025-01,9542000.0,9557000.0
EMP-0717,2025-02,9344000.0,9532000.0
EMP-0717,2025-03,8983000.0,8963000.0
EMP-0717,2025-04,8819000.0,8978000.0
EMP-0717,2025-05,8595000.0,8694000.0
EMP-0717,2025-06,8748000.0,8834000.0
EMP-0717,2025-07,8892000.0,8898000.0
EMP-0717,2025-08,8863000.0,9003000.0
EMP-0717,2025-09,8969000.0,8886000.0
EMP-0717,2025-10,8633000.0,8692000.0
EMP-0717,2025-11,8484000.0,8647000.0
EMP-0717,2025-12,8769000.0,8742000.0
EMP-0718,2025-01,6484000.0,6519000.0
EMP-0718,2025-02,6597000.0,6534000.0
EMP-0718,2025-03,6478000.0,6604000.0
EMP-0718,2025-04,6850000.0,6829000.0
EMP-0718,2025-05,6988000.0,6982000.0
EMP-0718,2025-06,6788000.0,6748000.0
EMP-0718,2025-07,6842000.0,6815000.0
EMP-0718,2025-08,6602000.0,6585000.0
EMP-0718,2025-09,6619000.0,6649000.0
EMP-0718,2025-10,6545000.0,6532000.0
EMP-0718,2025-11,6672000.0,6523000.0
EMP-0718,2025-12,6955000.0,6991000.0
EMP-0719,2025-01,7304000.0,7435000.0
EMP-0719,2025-02,7654000.0,7542000.0
EMP-0719,2025-03,7565000.0,7596000.0
EMP-0719,2025-04,7585000.0,7805000.0
EMP-0719,2025-05,7256000.0,7232000.0
EMP-0719,2025-06,7401000.0,7401000.0
EMP-0719,2025-07,7366000.0,7321000.0
EMP-0719,2025-08,7209000.0,7294000.0
EMP-0719,2025-09,7387000.0,7455000.0
EMP-0719,2025-10,7522000.0,7459000.0
EMP-0719,2025-11,7253000.0,7273000.0
EMP-0719,2025-12,7548000.0,7495000.0
EMP-0720,2025-01,10063000.0,9994000.0
EMP-0720,2025-02,10099000.0,10024000.0
EMP-0720,2025-03,9860000.0,9815000.0
EMP-0720,2025-04,10054000.0,9989000.0
EMP-0720,2025-05,10422000.0,10431000.0
EMP-0720,2025-06,10482000.0,10651000.0
EMP-0720,2025-07,9743000.0,9675000.0
EMP-0720,2025-08,9633000.0,9558000.0
EMP-0720,2025-09,9931000.0,9977000.0
EMP-0720,2025-10,9998000.0,9948000.0
EMP-0720,2025-11,10012000.0,9928000.0
EMP-0720,2025-12,9614000.0,9635000.0
EMP-0721,2025-01,8532000.0,8528000.0
EMP-0721,2025-02,8308000.0,8275000.0
EMP-0721,2025-03,8607000.0,8686000.0
EMP-0721,2025-04,8966000.0,8932000.0
EMP-0721,2025-05,8930000.0,9030000.0
EMP-0721,2025-06,8929000.0,8957000.0
EMP-0721,2025-07,8781000.0,8652000.0
EMP-0721,2025-08,8514000.0,8546000.0
EMP-0721,2025-09,8153000.0,8117000.0
EMP-0721,2025-10,8159000.0,8055000.0
EMP-0721,2025-11,8074000.0,8074000.0
EMP-0721,2025-12,8199000.0,8159000.0
EMP-0722,2025-01,7888000.0,8062000.0
EMP-0722,2025-02,7923000.0,7892000.0
EMP-0722,2025-03,7999000.0,8017000.0
EMP-0722,2025-04,7965000.0,7898000.0
EMP-0722,2025-05,8211000.0,8198000.0
EMP-0722,2025-06,7921000.0,7965000.0
EMP-0722,2025-07,7966000.0,8166000.0
EMP-0722,2025-08,7994000.0,8014000.0
EMP-0722,2025-09,8043000.0,7920000.0
EMP-0722,2025-10,7787000.0,7907000.0
EMP-0722,2025-11,8368000.0,8446000.0
EMP-0722,2025-12,8223000.0,7995000.0
EMP-0723,2025-01,15835000.0,15592000.0
EMP-0723,2025-02,15355000.0,15285000.0
EMP-0723,2025-03,15867000.0,15718000.0
EMP-0723,2025-04,16145000.0,16130000.0
EMP-0723,2025-05,15585000.0,15500000.0
EMP-0723,2025-06,15950000.0,16101000.0
EMP-0723,2025-07,15784000.0,15953000.0
EMP-0723,2025-08,15063000.0,14881000.0
EMP-0723,2025-09,16584000.0,16921000.0
EMP-0723,2025-10,16456000.0,16695000.0
EMP-0723,2025-11,17091000.0,16600000.0
EMP-0723,2025-12,16789000.0,16637000.0
EMP-0724,2025-01,7539000.0,7453000.0
EMP-0724,2025-02,7620000.0,7546000.0
EMP-0724,2025-03,7252000.0,7070000.0
EMP-0724,2025-04,7225000.0,7237000.0
EMP-0724,2025-05,7538000.0,7479000.0
EMP-0724,2025-06,7248000.0,7288000.0
EMP-0724,2025-07,7359000.0,7533000.0
EMP-0724,2025-08,7255000.0,7376000.0
EMP-0724,2025-09,7202000.0,7156000.0
EMP-0724,2025-10,7330000.0,7327000.0
EMP-0724,2025-11,6943000.0,6991000.0
EMP-0724,2025-12,6969000.0,7098000.0
EMP-0725,2025-01,17821000.0,17835000.0
EMP-0725,2025-02,18368000.0,18156000.0
EMP-0725,2025-03,18176000.0,18297000.0
EMP-0725,2025-04,17976000.0,17749000.0
EMP-0725,2025-05,18176000.0,17952000.0
EMP-0725,2025-06,18654000.0,18844000.0
EMP-0725,2025-07,18697000.0,18932000.0
EMP-0725,2025-08,18574000.0,18879000.0
EMP-0725,2025-09,18767000.0,19060000.0
EMP-0725,2025-10,18982000.0,19115000.0
EMP-0725,2025-11,19037000.0,18945000.0
EMP-0725,2025-12,18361000.0,18102000.0
EMP-0726,2025-01,5604000.0,5598000.0
EMP-0726,2025-02,5431000.0,5415000.0
EMP-0726,2025-03,5827000.0,5816000.0
EMP-0726,2025-04,5576000.0,5572000.0
EMP-0726,2025-05,5672000.0,5648000.0
EMP-0726,2025-06,5643000.0,5660000.0
EMP-0726,2025-07,5742000.0,5682000.0
EMP-0726,2025-08,5969000.0,5996000.0
EMP-0726,2025-09,5799000.0,5721000.0
EMP-0726,2025-10,5906000.0,5927000.0
EMP-0726,2025-11,6040000.0,6016000.0
EMP-0726,2025-12,6187000.0,6213000.0
EMP-0727,2025-01,8117000.0,8245000.0
EMP-0727,2025-02,8339000.0,8163000.0
EMP-0727,2025-03,8445000.0,8422000.0
EMP-0727,2025-04,7781000.0,7809000.0
EMP-0727,2025-05,7636000.0,7609000.0
EMP-0727,2025-06,7592000.0,7599000.0
EMP-0727,2025-07,7691000.0,7703000.0
EMP-0727,2025-08,7347000.0,7460000.0
EMP-0727,2025-09,6992000.0,6887000.0
EMP-0727,2025-10,7099000.0,6973000.0
EMP-0727,2025-11,6959000.0,6980000.0
EMP-0727,2025-12,7033000.0,7127000.0
EMP-0728,2025-01,16585000.0,16783000.0
EMP-0728,2025-02,16470000.0,16390000.0
EMP-0728,2025-03,16520000.0,16319000.0
EMP-0728,2025-04,17140000.0,17214000.0
EMP-0728,2025-05,17091000.0,17190000.0
EMP-0728,2025-06,17138000.0,16895000.0
EMP-0728,2025-07,17896000.0,17766000.0
EMP-0728,2025-08,17016000.0,17073000.0
EMP-0728,2025-09,17097000.0,17099000.0
EMP-0728,2025-10,18033000.0,18257000.0
EMP-0728,2025-11,18145000.0,18199000.0
EMP-0728,2025-12,18828000.0,18571000.0
EMP-0729,2025-01,12985000.0,13028000.0
EMP-0729,2025-02,12726000.0,12541000.0
EMP-0729,2025-03,12931000.0,12988000.0
EMP-0729,2025-04,13324000.0,13284000.0
EMP-0729,2025-05,13521000.0,13826000.0
EMP-0729,2025-06,14345000.0,14404000.0
EMP-0729,2025-07,14007000.0,14177000.0
EMP-0729,2025-08,14197000.0,14170000.0
EMP-0729,2025-09,14189000.0,14118000.0
EMP-0729,2025-10,14353000.0,14434000.0
EMP-0729,2025-11,14443000.0,14359000.0
EMP-0729,2025-12,14377000.0,14416000.0
EMP-0730,2025-01,13108000.0,13003000.0
EMP-0730,2025-02,12972000.0,13206000.0
EMP-0730,2025-03,12950000.0,12958000.0
EMP-0730,2025-04,12592000.0,12498000.0
EMP-0730,2025-05,12402000.0,12344000.0
EMP-0730,2025-06,12429000.0,12551000.0
EMP-0730,2025-07,13424000.0,13450000.0
EMP-0730,2025-08,13279000.0,13164000.0
EMP-0730,2025-09,12765000.0,12924000.0
EMP-0730,2025-10,13132000.0,13143000.0
EMP-0730,2025-11,13719000.0,13758000.0
EMP-0730,2025-12,13922000.0,13815000.0
EMP-0731,2025-01,16237000.0,16187000.0
EMP-0731,2025-02,16275000.0,16256000.0
EMP-0731,2025-03,16812000.0,16651000.0
EMP-0731,2025-04,16876000.0,16473000.0
EMP-0731,2025-05,16662000.0,16896000.0
EMP-0731,2025-06,17591000.0,17342000.0
EMP-0731,2025-07,18278000.0,18134000.0
EMP-0731,2025-08,16848000.0,16750000.0
EMP-0731,2025-09,17359000.0,17657000.0
EMP-0731,2025-10,16811000.0,16751000.0
EMP-0731,2025-11,18214000.0,18271000.0
EMP-0731,2025-12,16812000.0,16938000.0
EMP-0732,2025-01,15534000.0,15749000.0
EMP-0732,2025-02,15902000.0,15793000.0
EMP-0732,2025-03,16473000.0,16571000.0
EMP-0732,2025-04,16997000.0,16872000.0
EMP-0732,2025-05,16588000.0,16297000.0
EMP-0732,2025-06,16793000.0,16768000.0
EMP-0732,2025-07,17426000.0,17296000.0
EMP-0732,2025-08,16789000.0,17076000.0
EMP-0732,2025-09,17383000.0,17649000.0
EMP-0732,2025-10,16943000.0,17133000.0
EMP-0732,2025-11,17002000.0,17025000.0
EMP-0732,2025-12,16775000.0,16770000.0
EMP-0733,2025-01,14033000.0,14080000.0
EMP-0733,2025-02,13875000.0,13871000.0
EMP-0733,2025-03,14150000.0,14061000.0
EMP-0733,2025-04,14650000.0,14577000.0
EMP-0733,2025-05,14593000.0,14705000.0
EMP-0733,2025-06,13975000.0,14273000.0
EMP-0733,2025-07,13535000.0,13557000.0
EMP-0733,2025-08,14333000.0,14335000.0
EMP-0733,2025-09,13669000.0,13579000.0
EMP-0733,2025-10,14560000.0,14303000.0
EMP-0733,2025-11,13794000.0,13883000.0
EMP-0733,2025-12,14103000.0,13970000.0
EMP-0734,2025-01,19973000.0,19614000.0
EMP-0734,2025-02,20393000.0,20711000.0
EMP-0734,2025-03,20362000.0,20576000.0
EMP-0734,2025-04,20400000.0,20056000.0
EMP-0734,2025-05,20079000.0,20578000.0
EMP-0734,2025-06,19820000.0,19513000.0
EMP-0734,2025-07,20186000.0,19875000.0
EMP-0734,2025-08,19352000.0,18990000.0
EMP-0734,2025-09,19045000.0,18958000.0
EMP-0734,2025-10,18433000.0,18665000.0
EMP-0734,2025-11,18226000.0,17922000.0
EMP-0734,2025-12,18039000.0,17913000.0
EMP-0735,2025-01,17033000.0,17093000.0
EMP-0735,2025-02,15975000.0,15888000.0
EMP-0735,2025-03,16306000.0,16307000.0
EMP-0735,2025-04,16487000.0,16644000.0
EMP-0735,2025-05,16579000.0,16480000.0
EMP-0735,2025-06,16675000.0,16514000.0
EMP-0735,2025-07,17380000.0,17452000.0
EMP-0735,2025-08,17688000.0,17691000.0
EMP-0735,2025-09,17299000.0,17429000.0
EMP-0735,2025-10,17186000.0,17341000.0
EMP-0735,2025-11,16548000.0,16224000.0
EMP-0735,2025-12,16624000.0,16491000.0
EMP-0736,2025-01,18053000.0,17954000.0
EMP-0736,2025-02,18115000.0,18039000.0
EMP-0736,2025-03,18654000.0,18975000.0
EMP-0736,2025-04,18209000.0,17702000.0
EMP-0736,2025-05,18028000.0,17939000.0
EMP-0736,2025-06,18175000.0,17983000.0
EMP-0736,2025-07,17600000.0,17779000.0
EMP-0736,2025-08,18272000.0,18112000.0
EMP-0736,2025-09,18091000.0,18368000.0
EMP-0736,2025-10,18572000.0,18560000.0
EMP-0736,2025-11,18876000.0,18824000.0
EMP-0736,2025-12,17845000.0,17737000.0
EMP-0737,2025-01,16627000.0,16564000.0
EMP-0737,2025-02,17025000.0,16711000.0
EMP-0737,2025-03,16938000.0,16683000.0
EMP-0737,2025-04,16524000.0,16423000.0
EMP-0737,2025-05,17197000.0,17323000.0
EMP-0737,2025-06,17002000.0,17172000.0
EMP-0737,2025-07,17017000.0,16720000.0
EMP-0737,2025-08,16698000.0,16856000.0
EMP-0737,2025-09,17290000.0,17330000.0
EMP-0737,2025-10,17679000.0,17794000.0
EMP-0737,2025-11,17521000.0,17500000.0
EMP-0737,2025-12,18033000.0,18209000.0
EMP-0738,2025-01,16241000.0,16119000.0
EMP-0738,2025-02,16332000.0,16307000.0
EMP-0738,2025-03,15858000.0,15683000.0
EMP-0738,2025-04,16328000.0,16071000.0
EMP-0738,2025-05,16834000.0,16268000.0
EMP-0738,2025-06,17050000.0,16917000.0
EMP-0738,2025-07,7914000.0,7915000.0
EMP-0738,2025-08,7990000.0,8058000.0
EMP-0738,2025-09,8211000.0,8314000.0
EMP-0738,2025-10,8100000.0,8293000.0
EMP-0738,2025-11,7824000.0,7787000.0
EMP-0738,2025-12,7917000.0,7867000.0
EMP-0739,2025-01,11204000.0,11602000.0
EMP-0739,2025-02,11163000.0,11169000.0
EMP-0739,2025-03,11360000.0,11241000.0
EMP-0739,2025-04,11206000.0,11118000.0
EMP-0739,2025-05,11114000.0,11040000.0
EMP-0739,2025-06,10845000.0,10917000.0
EMP-0739,2025-07,10819000.0,10793000.0
EMP-0739,2025-08,10916000.0,10881000.0
EMP-0739,2025-09,10745000.0,10850000.0
EMP-0739,2025-10,10309000.0,10277000.0
EMP-0739,2025-11,10287000.0,10252000.0
EMP-0739,2025-12,10464000.0,10377000.0
EMP-0740,2025-01,17947000.0,18137000.0
EMP-0740,2025-02,17719000.0,17888000.0
EMP-0740,2025-03,17967000.0,18027000.0
EMP-0740,2025-04,17654000.0,17636000.0
EMP-0740,2025-05,17769000.0,17984000.0
EMP-0740,2025-06,17790000.0,17510000.0
EMP-0740,2025-07,17995000.0,18218000.0
EMP-0740,2025-08,17535000.0,17618000.0
EMP-0740,2025-09,17120000.0,16931000.0
EMP-0740,2025-10,17214000.0,16910000.0
EMP-0740,2025-11,17640000.0,17526000.0
EMP-0740,2025-12,17520000.0,17499000.0
EMP-0741,2025-01,10901000.0,10997000.0
EMP-0741,2025-02,10532000.0,10613000.0
EMP-0741,2025-03,10698000.0,10759000.0
EMP-0741,2025-04,10398000.0,10486000.0
EMP-0741,2025-05,10636000.0,10784000.0
EMP-0741,2025-06,10755000.0,10971000.0
EMP-0741,2025-07,10833000.0,10773000.0
EMP-0741,2025-08,10709000.0,10702000.0
EMP-0741,2025-09,10769000.0,10641000.0
EMP-0741,2025-10,10585000.0,10581000.0
EMP-0741,2025-11,10694000.0,10604000.0
EMP-0741,2025-12,10906000.0,11072000.0
EMP-0742,2025-01,7412000.0,7409000.0
EMP-0742,2025-02,7591000.0,7500000.0
EMP-0742,2025-03,7655000.0,7605000.0
EMP-0742,2025-04,7244000.0,7215000.0
EMP-0742,2025-05,7406000.0,7302000.0
EMP-0742,2025-06,7331000.0,7335000.0
EMP-0742,2025-07,3721000.0,3767000.0
EMP-0742,2025-08,3750000.0,3689000.0
EMP-0742,2025-09,3794000.0,3810000.0
EMP-0742,2025-10,3686000.0,3598000.0
EMP-0742,2025-11,3800000.0,3829000.0
EMP-0742,2025-12,3681000.0,3643000.0
EMP-0743,2025-01,13592000.0,13786000.0
EMP-0743,2025-02,13850000.0,13988000.0
EMP-0743,2025-03,13909000.0,13975000.0
EMP-0743,2025-04,13665000.0,13641000.0
EMP-0743,2025-05,13489000.0,13363000.0
EMP-0743,2025-06,14384000.0,14429000.0
EMP-0743,2025-07,13788000.0,13796000.0
EMP-0743,2025-08,14426000.0,14484000.0
EMP-0743,2025-09,14089000.0,13957000.0
EMP-0743,2025-10,14178000.0,14385000.0
EMP-0743,2025-11,13856000.0,14087000.0
EMP-0743,2025-12,13947000.0,13889000.0
EMP-0744,2025-01,5841000.0,5842000.0
EMP-0744,2025-02,5772000.0,5777000.0
EMP-0744,2025-03,5850000.0,5859000.0
EMP-0744,2025-04,5805000.0,5757000.0
EMP-0744,2025-05,6140000.0,6175000.0
EMP-0744,2025-06,6273000.0,6201000.0
EMP-0744,2025-07,5908000.0,5925000.0
EMP-0744,2025-08,5641000.0,5524000.0
EMP-0744,2025-09,5424000.0,5460000.0
EMP-0744,2025-10,5562000.0,5577000.0
EMP-0744,2025-11,5638000.0,5601000.0
EMP-0744,2025-12,5683000.0,5708000.0
EMP-0745,2025-01,13303000.0,13523000.0
EMP-0745,2025-02,12484000.0,12694000.0
EMP-0745,2025-03,12746000.0,12828000.0
EMP-0745,2025-04,12845000.0,12917000.0
EMP-0745,2025-05,12736000.0,12889000.0
EMP-0745,2025-06,6991000.0,7059000.0
EMP-0745,2025-07,6979000.0,6915000.0
EMP-0745,2025-08,7347000.0,7379000.0
EMP-0745,2025-09,7082000.0,7060000.0
EMP-0745,2025-10,6976000.0,7113000.0
EMP-0745,2025-11,7268000.0,7322000.0
EMP-0745,2025-12,7106000.0,7090000.0
EMP-0746,2025-01,13193000.0,13168000.0
EMP-0746,2025-02,13028000.0,12826000.0
EMP-0746,2025-03,12135000.0,12156000.0
EMP-0746,2025-04,12508000.0,12434000.0
EMP-0746,2025-05,12426000.0,12454000.0
EMP-0746,2025-06,12407000.0,12769000.0
EMP-0746,2025-07,12334000.0,12331000.0
EMP-0746,2025-08,12156000.0,11979000.0
EMP-0746,2025-09,12233000.0,12184000.0
EMP-0746,2025-10,12268000.0,12264000.0
EMP-0746,2025-11,11270000.0,11231000.0
EMP-0746,2025-12,11507000.0,11537000.0
EMP-0747,2025-01,16419000.0,16413000.0
EMP-0747,2025-02,17028000.0,17106000.0
EMP-0747,2025-03,18198000.0,18247000.0
EMP-0747,2025-04,17876000.0,18167000.0
EMP-0747,2025-05,17586000.0,17713000.0
EMP-0747,2025-06,17345000.0,17549000.0
EMP-0747,2025-07,17853000.0,17723000.0
EMP-0747,2025-08,17685000.0,17809000.0
EMP-0747,2025-09,17448000.0,17574000.0
EMP-0747,2025-10,17676000.0,17489000.0
EMP-0747,2025-11,17280000.0,17189000.0
EMP-0747,2025-12,17313000.0,17357000.0
EMP-0748,2025-01,10251000.0,10275000.0
EMP-0748,2025-02,10516000.0,10557000.0
EMP-0748,2025-03,10658000.0,10654000.0
EMP-0748,2025-04,10676000.0,10708000.0
EMP-0748,2025-05,10415000.0,10391000.0
EMP-0748,2025-06,10331000.0,10332000.0
EMP-0748,2025-07,10304000.0,10395000.0
EMP-0748,2025-08,10563000.0,10525000.0
EMP-0748,2025-09,9738000.0,9824000.0
EMP-0748,2025-10,10219000.0,10264000.0
EMP-0748,2025-11,9923000.0,10071000.0
EMP-0748,2025-12,10051000.0,10082000.0
EMP-0749,2025-01,28043000.0,28253000.0
EMP-0749,2025-02,26169000.0,25200000.0
EMP-0749,2025-03,26968000.0,26686000.0
EMP-0749,2025-04,26721000.0,26797000.0
EMP-0749,2025-05,26615000.0,26869000.0
EMP-0749,2025-06,26046000.0,26146000.0
EMP-0749,2025-07,26161000.0,26060000.0
EMP-0749,2025-08,26314000.0,26033000.0
EMP-0749,2025-09,25728000.0,25668000.0
EMP-0749,2025-10,25934000.0,26069000.0
EMP-0749,2025-11,27557000.0,27648000.0
EMP-0749,2025-12,27908000.0,28154000.0
EMP-0750,2025-01,64243000.0,64156000.0
EMP-0750,2025-02,63195000.0,63278000.0
EMP-0750,2025-03,65254000.0,64257000.0
EMP-0750,2025-04,67478000.0,66985000.0
EMP-0750,2025-05,65700000.0,66529000.0
EMP-0750,2025-06,64326000.0,64759000.0
EMP-0750,2025-07,62488000.0,63108000.0
EMP-0750,2025-08,65848000.0,65548000.0
EMP-0750,2025-09,62934000.0,63936000.0
EMP-0750,2025-10,61014000.0,61213000.0
EMP-0750,2025-11,59864000.0,59457000.0
EMP-0750,2025-12,60718000.0,60975000.0
EMP-0751,2025-01,24135000.0,24321000.0
EMP-0751,2025-02,24204000.0,24336000.0
EMP-0751,2025-03,24136000.0,23966000.0
EMP-0751,2025-04,23738000.0,23746000.0
EMP-0751,2025-05,24620000.0,24877000.0
EMP-0751,2025-06,24365000.0,24265000.0
EMP-0751,2025-07,24648000.0,24678000.0
EMP-0751,2025-08,25315000.0,25056000.0
EMP-0751,2025-09,25219000.0,25452000.0
EMP-0751,2025-10,25702000.0,25555000.0
EMP-0751,2025-11,25966000.0,26427000.0
EMP-0751,2025-12,27796000.0,28035000.0
EMP-0752,2025-01,49704000.0,49663000.0
EMP-0752,2025-02,49964000.0,48989000.0
EMP-0752,2025-03,49758000.0,49734000.0
EMP-0752,2025-04,49465000.0,48315000.0
EMP-0752,2025-05,47980000.0,47744000.0
EMP-0752,2025-06,48859000.0,49777000.0
EMP-0752,2025-07,49720000.0,49630000.0
EMP-0752,2025-08,51181000.0,50870000.0
EMP-0752,2025-09,50952000.0,50751000.0
EMP-0752,2025-10,49569000.0,49773000.0
EMP-0752,2025-11,47897000.0,47947000.0
EMP-0752,2025-12,47963000.0,48969000.0
EMP-0753,2025-01,60550000.0,60827000.0
EMP-0753,2025-02,63324000.0,63450000.0
EMP-0753,2025-03,59725000.0,59661000.0
EMP-0753,2025-04,59512000.0,59441000.0
EMP-0753,2025-05,60383000.0,61371000.0
EMP-0753,2025-06,61243000.0,61679000.0
EMP-0753,2025-07,60672000.0,59886000.0
EMP-0753,2025-08,60434000.0,60891000.0
EMP-0753,2025-09,62035000.0,62661000.0
EMP-0753,2025-10,62217000.0,63490000.0
EMP-0753,2025-11,62038000.0,62079000.0
EMP-0753,2025-12,61283000.0,61126000.0
EMP-0754,2025-01,26676000.0,26983000.0
EMP-0754,2025-02,26498000.0,26456000.0
EMP-0754,2025-03,25583000.0,25739000.0
EMP-0754,2025-04,26688000.0,27230000.0
EMP-0754,2025-05,26867000.0,26948000.0
EMP-0754,2025-06,26809000.0,27004000.0
EMP-0754,2025-07,26960000.0,26902000.0
EMP-0754,2025-08,27866000.0,27408000.0
EMP-0754,2025-09,27948000.0,28225000.0
EMP-0754,2025-10,27572000.0,27719000.0
EMP-0754,2025-11,27066000.0,27333000.0
EMP-0754,2025-12,26430000.0,26180000.0
EMP-0755,2025-01,46420000.0,46025000.0
EMP-0755,2025-02,47456000.0,47665000.0
EMP-0755,2025-03,45538000.0,45541000.0
EMP-0755,2025-04,47214000.0,46644000.0
EMP-0755,2025-05,46466000.0,45986000.0
EMP-0755,2025-06,46915000.0,46798000.0
EMP-0755,2025-07,48874000.0,48631000.0
EMP-0755,2025-08,50581000.0,49994000.0
EMP-0755,2025-09,49260000.0,48845000.0
EMP-0755,2025-10,48566000.0,48533000.0
EMP-0755,2025-11,49734000.0,49774000.0
EMP-0755,2025-12,48305000.0,47759000.0
EMP-0756,2025-01,56107000.0,56571000.0
EMP-0756,2025-02,57758000.0,58034000.0
EMP-0756,2025-03,57368000.0,57447000.0
EMP-0756,2025-04,56480000.0,57108000.0
EMP-0756,2025-05,56538000.0,56889000.0
EMP-0756,2025-06,54546000.0,53639000.0
EMP-0756,2025-07,57163000.0,56329000.0
EMP-0756,2025-08,58424000.0,58916000.0
EMP-0756,2025-09,55980000.0,55424000.0
EMP-0756,2025-10,57507000.0,57800000.0
EMP-0756,2025-11,61106000.0,61350000.0
EMP-0756,2025-12,60590000.0,60475000.0
EMP-0757,2025-01,56770000.0,56091000.0
EMP-0757,2025-02,55336000.0,55355000.0
EMP-0757,2025-03,55644000.0,55010000.0
EMP-0757,2025-04,52505000.0,52878000.0
EMP-0757,2025-05,52826000.0,53597000.0
EMP-0757,2025-06,51932000.0,51753000.0
EMP-0757,2025-07,53340000.0,53463000.0
EMP-0757,2025-08,55588000.0,56207000.0
EMP-0757,2025-09,55273000.0,55114000.0
EMP-0757,2025-10,54518000.0,54166000.0
EMP-0757,2025-11,51982000.0,52301000.0
EMP-0757,2025-12,51698000.0,50946000.0
EMP-0758,2025-01,23161000.0,22778000.0
EMP-0758,2025-02,22016000.0,21647000.0
EMP-0758,2025-03,21915000.0,21866000.0
EMP-0758,2025-04,22054000.0,22070000.0
EMP-0758,2025-05,21469000.0,21337000.0
EMP-0758,2025-06,21990000.0,21742000.0
EMP-0758,2025-07,22087000.0,22153000.0
EMP-0758,2025-08,22147000.0,21965000.0
EMP-0758,2025-09,22772000.0,22896000.0
EMP-0758,2025-10,22662000.0,22956000.0
EMP-0758,2025-11,22668000.0,22959000.0
EMP-0758,2025-12,22255000.0,22346000.0
EMP-0759,2025-01,24024000.0,24076000.0
EMP-0759,2025-02,25201000.0,25108000.0
EMP-0759,2025-03,24434000.0,24506000.0
EMP-0759,2025-04,24802000.0,24998000.0
EMP-0759,2025-05,24198000.0,24458000.0
EMP-0759,2025-06,24216000.0,24550000.0
EMP-0759,2025-07,24623000.0,24530000.0
EMP-0759,2025-08,24050000.0,24335000.0
EMP-0759,2025-09,24417000.0,24311000.0
EMP-0759,2025-10,23939000.0,24101000.0
EMP-0759,2025-11,24195000.0,24171000.0
EMP-0759,2025-12,25155000.0,24924000.0
EMP-0760,2025-01,47974000.0,48799000.0
EMP-0760,2025-02,49831000.0,50433000.0
EMP-0760,2025-03,50864000.0,50154000.0
EMP-0760,2025-04,49472000.0,49624000.0
EMP-0760,2025-05,50177000.0,50012000.0
EMP-0760,2025-06,48683000.0,48885000.0
EMP-0760,2025-07,49295000.0,49565000.0
EMP-0760,2025-08,46611000.0,47000000.0
EMP-0760,2025-09,47876000.0,47397000.0
EMP-0760,2025-10,47865000.0,46976000.0
EMP-0760,2025-11,46406000.0,46775000.0
EMP-0760,2025-12,47319000.0,46807000.0
EMP-0761,2025-01,43953000.0,43796000.0
EMP-0761,2025-02,43169000.0,43153000.0
EMP-0761,2025-03,42966000.0,42874000.0
EMP-0761,2025-04,42142000.0,42467000.0
EMP-0761,2025-05,41392000.0,40756000.0
EMP-0761,2025-06,40346000.0,39924000.0
EMP-0761,2025-07,40809000.0,40581000.0
EMP-0761,2025-08,41794000.0,41679000.0
EMP-0761,2025-09,39362000.0,38794000.0
EMP-0761,2025-10,39960000.0,40211000.0
EMP-0761,2025-11,40253000.0,39726000.0
EMP-0761,2025-12,40496000.0,40001000.0
EMP-0762,2025-11,24265000.0,24462000.0
EMP-0762,2025-12,24211000.0,24128000.0
EMP-0763,2025-01,74608000.0,75418000.0
EMP-0763,2025-02,76556000.0,74137000.0
EMP-0763,2025-03,73489000.0,72983000.0
EMP-0763,2025-04,77154000.0,77939000.0
EMP-0763,2025-05,77427000.0,76900000.0
EMP-0763,2025-06,78257000.0,78691000.0
EMP-0763,2025-07,79649000.0,79046000.0
EMP-0763,2025-08,79722000.0,80075000.0
EMP-0763,2025-09,75847000.0,75605000.0
EMP-0763,2025-10,78403000.0,79919000.0
EMP-0763,2025-11,83346000.0,83473000.0
EMP-0763,2025-12,83971000.0,83420000.0
EMP-0764,2025-01,27720000.0,27446000.0
EMP-0764,2025-02,27218000.0,27391000.0
EMP-0764,2025-03,25896000.0,26183000.0
EMP-0764,2025-04,24569000.0,24351000.0
EMP-0764,2025-05,24571000.0,24891000.0
EMP-0764,2025-06,24973000.0,25157000.0
EMP-0764,2025-07,25505000.0,25522000.0
EMP-0764,2025-08,25533000.0,25513000.0
EMP-0764,2025-09,26660000.0,27056000.0
EMP-0764,2025-10,26021000.0,26120000.0
EMP-0764,2025-11,26817000.0,26863000.0
EMP-0764,2025-12,27967000.0,27776000.0
EMP-0765,2025-01,70140000.0,70102000.0
EMP-0765,2025-02,69681000.0,71053000.0
EMP-0765,2025-03,72804000.0,72724000.0
EMP-0765,2025-04,69890000.0,70972000.0
EMP-0765,2025-05,69584000.0,68024000.0
EMP-0765,2025-06,72194000.0,71820000.0
EMP-0765,2025-07,71240000.0,71800000.0
EMP-0765,2025-08,71646000.0,72086000.0
EMP-0765,2025-09,70631000.0,69933000.0
EMP-0765,2025-10,69298000.0,70348000.0
EMP-0765,2025-11,68562000.0,70959000.0
EMP-0765,2025-12,70597000.0,71986000.0
EMP-0766,2025-01,70919000.0,71858000.0
EMP-0766,2025-02,73177000.0,72400000.0
EMP-0766,2025-03,73611000.0,74085000.0
EMP-0766,2025-04,77823000.0,77905000.0
EMP-0766,2025-05,75073000.0,75574000.0
EMP-0766,2025-06,72720000.0,71798000.0
EMP-0766,2025-07,74221000.0,74589000.0
EMP-0766,2025-08,75487000.0,75186000.0
EMP-0766,2025-09,79317000.0,79035000.0
EMP-0766,2025-10,80138000.0,80142000.0
EMP-0766,2025-11,81037000.0,79793000.0
EMP-0766,2025-12,81381000.0,82357000.0
EMP-0767,2025-01,62945000.0,63342000.0
EMP-0767,2025-02,61591000.0,61590000.0
EMP-0767,2025-03,61275000.0,60439000.0
EMP-0767,2025-04,65140000.0,64338000.0
EMP-0767,2025-05,66353000.0,66997000.0
EMP-0767,2025-06,65854000.0,65432000.0
EMP-0767,2025-07,66297000.0,65696000.0
EMP-0767,2025-08,68087000.0,67069000.0
EMP-0767,2025-09,64375000.0,64402000.0
EMP-0767,2025-10,63011000.0,62467000.0
EMP-0767,2025-11,65262000.0,64845000.0
EMP-0767,2025-12,63956000.0,64572000.0
EMP-0768,2025-01,50449000.0,50444000.0
EMP-0768,2025-02,50756000.0,49988000.0
EMP-0768,2025-03,50960000.0,50715000.0
EMP-0768,2025-04,48171000.0,48305000.0
EMP-0768,2025-05,49453000.0,49652000.0
EMP-0768,2025-06,51066000.0,51985000.0
EMP-0768,2025-07,52551000.0,52899000.0
EMP-0768,2025-08,55326000.0,55429000.0
EMP-0768,2025-09,54968000.0,55548000.0
EMP-0768,2025-10,55286000.0,55714000.0
EMP-0768,2025-11,53875000.0,52275000.0
EMP-0768,2025-12,52856000.0,52480000.0
EMP-0769,2025-01,58391000.0,58311000.0
EMP-0769,2025-02,60644000.0,59686000.0
EMP-0769,2025-03,60145000.0,59601000.0
EMP-0769,2025-04,60642000.0,61163000.0
EMP-0769,2025-05,62963000.0,62702000.0
EMP-0769,2025-06,60461000.0,60761000.0
EMP-0769,2025-07,59305000.0,59455000.0
EMP-0769,2025-08,59664000.0,60307000.0
EMP-0769,2025-09,60545000.0,60371000.0
EMP-0769,2025-10,57277000.0,57947000.0
EMP-0769,2025-11,56711000.0,57378000.0
EMP-0769,2025-12,58091000.0,57473000.0
EMP-0770,2025-01,65620000.0,65916000.0
EMP-0770,2025-02,68302000.0,68209000.0
EMP-0770,2025-03,68185000.0,67866000.0
EMP-0770,2025-04,67000000.0,68069000.0
EMP-0770,2025-05,66034000.0,66179000.0
EMP-0770,2025-06,69239000.0,68364000.0
EMP-0770,2025-07,69211000.0,69496000.0
EMP-0770,2025-08,67811000.0,67868000.0
EMP-0770,2025-09,67646000.0,67064000.0
EMP-0770,2025-10,69320000.0,69910000.0
EMP-0770,2025-11,70054000.0,70425000.0
EMP-0770,2025-12,74684000.0,73509000.0
EMP-0771,2025-01,66457000.0,66697000.0
EMP-0771,2025-02,67025000.0,66555000.0
EMP-0771,2025-03,68855000.0,68949000.0
EMP-0771,2025-04,68989000.0,68450000.0
EMP-0771,2025-05,72657000.0,73000000.0
EMP-0771,2025-06,69849000.0,70303000.0
EMP-0771,2025-07,68577000.0,68252000.0
EMP-0771,2025-08,66324000.0,65933000.0
EMP-0771,2025-09,67603000.0,67476000.0
EMP-0771,2025-10,67912000.0,68152000.0
EMP-0771,2025-11,67318000.0,67017000.0
EMP-0771,2025-12,66721000.0,66643000.0
EMP-0772,2025-01,83231000.0,81978000.0
EMP-0772,2025-02,80743000.0,80872000.0
EMP-0772,2025-03,82020000.0,81487000.0
EMP-0772,2025-04,81220000.0,81431000.0
EMP-0772,2025-05,81995000.0,82366000.0
EMP-0772,2025-06,81894000.0,82572000.0
EMP-0772,2025-07,80234000.0,80125000.0
EMP-0772,2025-08,80109000.0,79611000.0
EMP-0772,2025-09,82615000.0,83827000.0
EMP-0772,2025-10,79875000.0,80709000.0
EMP-0772,2025-11,80024000.0,79923000.0
EMP-0772,2025-12,80723000.0,81565000.0
EMP-0773,2025-01,22110000.0,22250000.0
EMP-0773,2025-02,22760000.0,23145000.0
EMP-0773,2025-03,21832000.0,21984000.0
EMP-0773,2025-04,21970000.0,22048000.0
EMP-0773,2025-05,22475000.0,22390000.0
EMP-0773,2025-06,22932000.0,23000000.0
EMP-0773,2025-07,22059000.0,21880000.0
EMP-0773,2025-08,21577000.0,21787000.0
EMP-0773,2025-09,21899000.0,21736000.0
EMP-0773,2025-10,22110000.0,22245000.0
EMP-0773,2025-11,21649000.0,21617000.0
EMP-0773,2025-12,21025000.0,21176000.0
EMP-0774,2025-01,56786000.0,57250000.0
EMP-0774,2025-02,58256000.0,58578000.0
EMP-0774,2025-03,56445000.0,56416000.0
EMP-0774,2025-04,54992000.0,55329000.0
EMP-0774,2025-05,57297000.0,56649000.0
EMP-0774,2025-06,56891000.0,57702000.0
EMP-0774,2025-07,55045000.0,55583000.0
EMP-0774,2025-08,55702000.0,55072000.0
EMP-0774,2025-09,55212000.0,56008000.0
EMP-0774,2025-10,51469000.0,50488000.0
EMP-0774,2025-11,53526000.0,53867000.0
EMP-0774,2025-12,50630000.0,50178000.0
EMP-0775,2025-01,64106000.0,64131000.0
EMP-0775,2025-02,64136000.0,64449000.0
EMP-0775,2025-03,63908000.0,64655000.0
EMP-0775,2025-04,63084000.0,63126000.0
EMP-0775,2025-05,65278000.0,65063000.0
EMP-0775,2025-06,63718000.0,63032000.0
EMP-0775,2025-07,63227000.0,63342000.0
EMP-0775,2025-08,64829000.0,64000000.0
EMP-0775,2025-09,66782000.0,67281000.0
EMP-0775,2025-10,68171000.0,68314000.0
EMP-0775,2025-11,65675000.0,65977000.0
EMP-0775,2025-12,65082000.0,65759000.0
EMP-0776,2025-01,73691000.0,74133000.0
EMP-0776,2025-02,73774000.0,74719000.0
EMP-0776,2025-03,74215000.0,73780000.0
EMP-0776,2025-04,70901000.0,70966000.0
EMP-0776,2025-05,71391000.0,70747000.0
EMP-0776,2025-06,70866000.0,69931000.0
EMP-0776,2025-07,70290000.0,69889000.0
EMP-0776,2025-08,68234000.0,68191000.0
EMP-0776,2025-09,66787000.0,67191000.0
EMP-0776,2025-10,68075000.0,68027000.0
EMP-0776,2025-11,66974000.0,67417000.0
EMP-0776,2025-12,67983000.0,69389000.0
EMP-0777,2025-01,32967000.0,32632000.0
EMP-0777,2025-02,33877000.0,34065000.0
EMP-0777,2025-03,34953000.0,34653000.0
EMP-0777,2025-04,33812000.0,34131000.0
EMP-0777,2025-05,33680000.0,33916000.0
EMP-0777,2025-06,33218000.0,32697000.0
EMP-0777,2025-07,31969000.0,31789000.0
EMP-0777,2025-08,31448000.0,32202000.0
EMP-0777,2025-09,31916000.0,31464000.0
EMP-0777,2025-10,32032000.0,31611000.0
EMP-0777,2025-11,33064000.0,33262000.0
EMP-0777,2025-12,31535000.0,31530000.0
EMP-0778,2025-01,46565000.0,45955000.0
EMP-0778,2025-02,45694000.0,46028000.0
EMP-0778,2025-03,45953000.0,46355000.0
EMP-0778,2025-04,45151000.0,44410000.0
EMP-0778,2025-05,45707000.0,46664000.0
EMP-0778,2025-06,44383000.0,44831000.0
EMP-0778,2025-07,44941000.0,45090000.0
EMP-0778,2025-08,45900000.0,45506000.0
EMP-0778,2025-09,46475000.0,46164000.0
EMP-0778,2025-10,43841000.0,43378000.0
EMP-0778,2025-11,44128000.0,43486000.0
EMP-0778,2025-12,43769000.0,43870000.0
EMP-0779,2025-01,65661000.0,65534000.0
EMP-0779,2025-02,61835000.0,62404000.0
EMP-0779,2025-03,68232000.0,68627000.0
EMP-0779,2025-04,64814000.0,65135000.0
EMP-0779,2025-05,65324000.0,65378000.0
EMP-0779,2025-06,66522000.0,65977000.0
EMP-0779,2025-07,67498000.0,67965000.0
EMP-0779,2025-08,67692000.0,67868000.0
EMP-0779,2025-09,66001000.0,65909000.0
EMP-0779,2025-10,66585000.0,66310000.0
EMP-0779,2025-11,65181000.0,65060000.0
EMP-0779,2025-12,62647000.0,62024000.0
EMP-0780,2025-01,61277000.0,62060000.0
EMP-0780,2025-02,61887000.0,60826000.0
EMP-0780,2025-03,61137000.0,61234000.0
EMP-0780,2025-04,63292000.0,63330000.0
EMP-0780,2025-05,63018000.0,63287000.0
EMP-0780,2025-06,64844000.0,64532000.0
EMP-0780,2025-07,62221000.0,62357000.0
EMP-0780,2025-08,61094000.0,61805000.0
EMP-0780,2025-09,61601000.0,61226000.0
EMP-0780,2025-10,60945000.0,61655000.0
EMP-0780,2025-11,61072000.0,61007000.0
EMP-0780,2025-12,59363000.0,59661000.0
EMP-0781,2025-01,64628000.0,63789000.0
EMP-0781,2025-02,64464000.0,65130000.0
EMP-0781,2025-03,62865000.0,64186000.0
EMP-0781,2025-04,64037000.0,63430000.0
EMP-0781,2025-05,66447000.0,66296000.0
EMP-0781,2025-06,62260000.0,62948000.0
EMP-0781,2025-07,61782000.0,61136000.0
EMP-0781,2025-08,62450000.0,62967000.0
EMP-0781,2025-09,62781000.0,62087000.0
EMP-0781,2025-10,63976000.0,63544000.0
EMP-0781,2025-11,62527000.0,62919000.0
EMP-0781,2025-12,61216000.0,62001000.0
EMP-0782,2025-01,29365000.0,29614000.0
EMP-0782,2025-02,28613000.0,28710000.0
EMP-0782,2025-03,30100000.0,29858000.0
EMP-0782,2025-04,30199000.0,30217000.0
EMP-0782,2025-05,29527000.0,29467000.0
EMP-0782,2025-06,29985000.0,30145000.0
EMP-0782,2025-07,28832000.0,28842000.0
EMP-0782,2025-08,29173000.0,29032000.0
EMP-0782,2025-09,28633000.0,28834000.0
EMP-0782,2025-10,29694000.0,29622000.0
EMP-0782,2025-11,29678000.0,29479000.0
EMP-0782,2025-12,30070000.0,30075000.0
EMP-0783,2025-01,103993000.0,103206000.0
EMP-0783,2025-02,105243000.0,104489000.0
EMP-0783,2025-03,108169000.0,109450000.0
EMP-0783,2025-04,106240000.0,104954000.0
EMP-0783,2025-05,111436000.0,113193000.0
EMP-0783,2025-06,109166000.0,110488000.0
EMP-0783,2025-07,115195000.0,113732000.0
EMP-0783,2025-08,113900000.0,114165000.0
EMP-0783,2025-09,116305000.0,116703000.0
EMP-0783,2025-10,116135000.0,116289000.0
EMP-0783,2025-11,111739000.0,111606000.0
EMP-0783,2025-12,109360000.0,108929000.0
EMP-0784,2025-01,247936000.0,246023000.0
EMP-0784,2025-02,253818000.0,252658000.0
EMP-0784,2025-03,243651000.0,246684000.0
EMP-0784,2025-04,244283000.0,248144000.0
EMP-0784,2025-05,239198000.0,234442000.0
EMP-0784,2025-06,232186000.0,232271000.0
EMP-0784,2025-07,241590000.0,241749000.0
EMP-0784,2025-08,230491000.0,231097000.0
EMP-0784,2025-09,227271000.0,226500000.0
EMP-0784,2025-10,223984000.0,225501000.0
EMP-0784,2025-11,223352000.0,225912000.0
EMP-0784,2025-12,219706000.0,221500000.0
EMP-0785,2025-01,120600000.0,117806000.0
EMP-0785,2025-02,119527000.0,119490000.0
EMP-0785,2025-03,124579000.0,124097000.0
EMP-0785,2025-04,121743000.0,121313000.0
EMP-0785,2025-05,121999000.0,122215000.0
EMP-0785,2025-06,122550000.0,120786000.0
EMP-0785,2025-07,126306000.0,128787000.0
EMP-0785,2025-08,122081000.0,124957000.0
EMP-0785,2025-09,125821000.0,126516000.0
EMP-0785,2025-10,129591000.0,129159000.0
EMP-0785,2025-11,122413000.0,123654000.0
EMP-0785,2025-12,125880000.0,125173000.0
EMP-0786,2025-01,208150000.0,211065000.0
EMP-0786,2025-02,209843000.0,214270000.0
EMP-0786,2025-03,222380000.0,222327000.0
EMP-0786,2025-04,215742000.0,217478000.0
EMP-0786,2025-05,221028000.0,223674000.0
EMP-0786,2025-06,219486000.0,218669000.0
EMP-0786,2025-07,219021000.0,218374000.0
EMP-0786,2025-08,225583000.0,224865000.0
EMP-0786,2025-09,231828000.0,233358000.0
EMP-0786,2025-10,223857000.0,223449000.0
EMP-0786,2025-11,225462000.0,224699000.0
EMP-0786,2025-12,230568000.0,235236000.0
EMP-0787,2025-01,111672000.0,111693000.0
EMP-0787,2025-02,113763000.0,113340000.0
EMP-0787,2025-03,109179000.0,110664000.0
EMP-0787,2025-04,108649000.0,108220000.0
EMP-0787,2025-05,109054000.0,109519000.0
EMP-0787,2025-06,113020000.0,113080000.0
EMP-0787,2025-07,108876000.0,109035000.0
EMP-0787,2025-08,109181000.0,106582000.0
EMP-0787,2025-09,114362000.0,114867000.0
EMP-0787,2025-10,120657000.0,121675000.0
EMP-0787,2025-11,120724000.0,121744000.0
EMP-0787,2025-12,115926000.0,118246000.0
EMP-0788,2025-01,273994000.0,271651000.0
EMP-0788,2025-02,262784000.0,260312000.0
EMP-0788,2025-03,267495000.0,269651000.0
EMP-0788,2025-04,265358000.0,263509000.0
EMP-0788,2025-05,269721000.0,273610000.0
EMP-0788,2025-06,272885000.0,274812000.0
EMP-0788,2025-07,269150000.0,270924000.0
EMP-0788,2025-08,263660000.0,264266000.0
EMP-0788,2025-09,262977000.0,262646000.0
EMP-0788,2025-10,258948000.0,260854000.0
EMP-0788,2025-11,263053000.0,265244000.0
EMP-0788,2025-12,250149000.0,251518000.0
EMP-0789,2025-11,145064000.0,144922000.0
EMP-0789,2025-12,142806000.0,140383000.0
EMP-0790,2025-01,102331000.0,101946000.0
EMP-0790,2025-02,101449000.0,101225000.0
EMP-0790,2025-03,101078000.0,101722000.0
EMP-0790,2025-04,99597000.0,101336000.0
EMP-0790,2025-05,95446000.0,94176000.0
EMP-0790,2025-06,95902000.0,95458000.0
EMP-0790,2025-07,94194000.0,93625000.0
EMP-0790,2025-08,93505000.0,92710000.0
EMP-0790,2025-09,95616000.0,96107000.0
EMP-0790,2025-10,97482000.0,98132000.0
EMP-0790,2025-11,99749000.0,99695000.0
EMP-0790,2025-12,99760000.0,100472000.0
EMP-0791,2025-01,184198000.0,189255000.0
EMP-0791,2025-02,185200000.0,186319000.0
EMP-0791,2025-03,182374000.0,178908000.0
EMP-0791,2025-04,184621000.0,185487000.0
EMP-0791,2025-05,183512000.0,184435000.0
EMP-0791,2025-06,186995000.0,185492000.0
EMP-0791,2025-07,186268000.0,186744000.0
EMP-0791,2025-08,190913000.0,192124000.0
EMP-0791,2025-09,183080000.0,183232000.0
EMP-0791,2025-10,190521000.0,192974000.0
EMP-0791,2025-11,190790000.0,191445000.0
EMP-0791,2025-12,190867000.0,190874000.0
EMP-0792,2025-01,242554000.0,239122000.0
EMP-0792,2025-02,243028000.0,239547000.0
EMP-0792,2025-03,243174000.0,240464000.0
EMP-0792,2025-04,246996000.0,248713000.0
EMP-0792,2025-05,242164000.0,241153000.0
EMP-0792,2025-06,240667000.0,238162000.0
EMP-0792,2025-07,234680000.0,234414000.0
EMP-0792,2025-08,252152000.0,251961000.0
EMP-0792,2025-09,248369000.0,246438000.0
EMP-0792,2025-10,239184000.0,239865000.0
EMP-0792,2025-11,251552000.0,255672000.0
EMP-0792,2025-12,241473000.0,239050000.0
EMP-0793,2025-11,220873000.0,221803000.0
EMP-0793,2025-12,227173000.0,224449000.0
EMP-0794,2025-01,274157000.0,277947000.0
EMP-0794,2025-02,281798000.0,278563000.0
EMP-0794,2025-03,280178000.0,274988000.0
EMP-0794,2025-04,277956000.0,278942000.0
EMP-0794,2025-05,270655000.0,268059000.0
EMP-0794,2025-06,286116000.0,292172000.0
EMP-0794,2025-07,283412000.0,279921000.0
EMP-0794,2025-08,282636000.0,278272000.0
EMP-0794,2025-09,292787000.0,293335000.0
EMP-0794,2025-10,293282000.0,286708000.0
EMP-0794,2025-11,287011000.0,282636000.0
EMP-0794,2025-12,277698000.0,274890000.0
EMP-0795,2025-01,266774000.0,263907000.0
EMP-0795,2025-02,268341000.0,266504000.0
EMP-0795,2025-03,279203000.0,277308000.0
EMP-0795,2025-04,275065000.0,272533000.0
EMP-0795,2025-05,272690000.0,275064000.0
EMP-0795,2025-06,271074000.0,270754000.0
EMP-0795,2025-07,269828000.0,269859000.0
EMP-0795,2025-08,271103000.0,270958000.0
EMP-0795,2025-09,270050000.0,269797000.0
EMP-0795,2025-10,261994000.0,262267000.0
EMP-0795,2025-11,276876000.0,278303000.0
EMP-0795,2025-12,269571000.0,272545000.0
EMP-0796,2025-01,281063000.0,283868000.0
EMP-0796,2025-02,278370000.0,285439000.0
EMP-0796,2025-03,269315000.0,267146000.0
EMP-0796,2025-04,273716000.0,271842000.0
EMP-0796,2025-05,281204000.0,283392000.0
EMP-0796,2025-06,274252000.0,271789000.0
EMP-0796,2025-07,269289000.0,269371000.0
EMP-0796,2025-08,268768000.0,274935000.0
EMP-0796,2025-09,261692000.0,266343000.0
EMP-0796,2025-10,260146000.0,257809000.0
EMP-0796,2025-11,270577000.0,267022000.0
EMP-0796,2025-12,265171000.0,259740000.0
EMP-0797,2025-01,137364000.0,137401000.0
EMP-0797,2025-02,141629000.0,141036000.0
EMP-0797,2025-03,142021000.0,141885000.0
EMP-0797,2025-04,137588000.0,137175000.0
EMP-0797,2025-05,140677000.0,140179000.0
EMP-0797,2025-06,143871000.0,143215000.0
EMP-0797,2025-07,146796000.0,146876000.0
EMP-0797,2025-08,143294000.0,144993000.0
EMP-0797,2025-09,146197000.0,142680000.0
EMP-0797,2025-10,143184000.0,142687000.0
EMP-0797,2025-11,144721000.0,143181000.0
EMP-0797,2025-12,144850000.0,145595000.0
EMP-0798,2025-01,210149000.0,209246000.0
EMP-0798,2025-02,199093000.0,201384000.0
EMP-0798,2025-03,207066000.0,209134000.0
EMP-0798,2025-04,202722000.0,200977000.0
EMP-0798,2025-05,200882000.0,201443000.0
EMP-0798,2025-06,197375000.0,199614000.0
EMP-0798,2025-07,198368000.0,197719000.0
EMP-0798,2025-08,201795000.0,201741000.0
EMP-0798,2025-09,199841000.0,198535000.0
EMP-0798,2025-10,200178000.0,199700000.0
EMP-0798,2025-11,195269000.0,195870000.0
EMP-0798,2025-12,189124000.0,190235000.0
EMP-0799,2025-01,209276000.0,210849000.0
EMP-0799,2025-02,215054000.0,214883000.0
EMP-0799,2025-03,215879000.0,214092000.0
EMP-0799,2025-04,217444000.0,216606000.0
EMP-0799,2025-05,224182000.0,226858000.0
EMP-0799,2025-06,214916000.0,217978000.0
EMP-0799,2025-07,220552000.0,220244000.0
EMP-0799,2025-08,221627000.0,222228000.0
EMP-0799,2025-09,208462000.0,208653000.0
EMP-0799,2025-10,218480000.0,218606000.0
EMP-0799,2025-11,213486000.0,208599000.0
EMP-0799,2025-12,219724000.0,217075000.0
EMP-0800,2025-01,190465000.0,191830000.0
EMP-0800,2025-02,187724000.0,188069000.0
EMP-0800,2025-03,188074000.0,189976000.0
EMP-0800,2025-04,189152000.0,188899000.0
EMP-0800,2025-05,187304000.0,185030000.0
EMP-0800,2025-06,187680000.0,187431000.0
EMP-0800,2025-07,186234000.0,188096000.0
EMP-0800,2025-08,180091000.0,180574000.0
EMP-0800,2025-09,186477000.0,183402000.0
EMP-0800,2025-10,184800000.0,183001000.0
EMP-0800,2025-11,188762000.0,187518000.0
EMP-0800,2025-12,192498000.0,189682000.0
EMP-0801,2025-01,222036000.0,221076000.0
EMP-0801,2025-02,226232000.0,228255000.0
EMP-0801,2025-03,225528000.0,223220000.0
EMP-0801,2025-04,221595000.0,223409000.0
EMP-0801,2025-05,237694000.0,238843000.0
EMP-0801,2025-06,243238000.0,242016000.0
EMP-0801,2025-07,232660000.0,233436000.0
EMP-0801,2025-08,241272000.0,240176000.0
EMP-0801,2025-09,234476000.0,235831000.0
EMP-0801,2025-10,239104000.0,244301000.0
EMP-0801,2025-11,223065000.0,227531000.0
EMP-0801,2025-12,232501000.0,227318000.0
EMP-0802,2025-01,228971000.0,228160000.0
EMP-0802,2025-02,228744000.0,227546000.0
EMP-0802,2025-03,227315000.0,228756000.0
EMP-0802,2025-04,227634000.0,229900000.0
EMP-0802,2025-05,226591000.0,228241000.0
EMP-0802,2025-06,233131000.0,234106000.0
EMP-0802,2025-07,237894000.0,235547000.0
EMP-0802,2025-08,230067000.0,233134000.0
EMP-0802,2025-09,234563000.0,233387000.0
EMP-0802,2025-10,248758000.0,245127000.0
EMP-0802,2025-11,249017000.0,244687000.0
EMP-0802,2025-12,263606000.0,262864000.0
EMP-0803,2025-01,195013000.0,197038000.0
EMP-0803,2025-02,186415000.0,184512000.0
EMP-0803,2025-03,185249000.0,186453000.0
EMP-0803,2025-04,182791000.0,181491000.0
EMP-0803,2025-05,187715000.0,186623000.0
EMP-0803,2025-06,185766000.0,182963000.0
EMP-0803,2025-07,193244000.0,194806000.0
EMP-0803,2025-08,193941000.0,192847000.0
EMP-0803,2025-09,189070000.0,189592000.0
EMP-0803,2025-10,181732000.0,181621000.0
EMP-0803,2025-11,193704000.0,193278000.0
EMP-0803,2025-12,186031000.0,186116000.0
EMP-0804,2025-01,296244000.0,297936000.0
EMP-0804,2025-02,302951000.0,305832000.0
EMP-0804,2025-03,294355000.0,291802000.0
EMP-0804,2025-04,299766000.0,297027000.0
EMP-0804,2025-05,295900000.0,302097000.0
EMP-0804,2025-06,296807000.0,296517000.0
EMP-0804,2025-07,301474000.0,303032000.0
EMP-0804,2025-08,307283000.0,304603000.0
EMP-0804,2025-09,306685000.0,303374000.0
EMP-0804,2025-10,300836000.0,298668000.0
EMP-0804,2025-11,302031000.0,300848000.0
EMP-0804,2025-12,312105000.0,312627000.0
EMP-0805,2025-01,99610000.0,101779000.0
EMP-0805,2025-02,96893000.0,97364000.0
EMP-0805,2025-03,97758000.0,96835000.0
EMP-0805,2025-04,98047000.0,97762000.0
EMP-0805,2025-05,99955000.0,99128000.0
EMP-0805,2025-06,95807000.0,93992000.0
EMP-0805,2025-07,98653000.0,98611000.0
EMP-0805,2025-08,99919000.0,98674000.0
EMP-0805,2025-09,98861000.0,99566000.0
EMP-0805,2025-10,102192000.0,101898000.0
EMP-0805,2025-11,97426000.0,97609000.0
EMP-0805,2025-12,96698000.0,96232000.0
EMP-0806,2025-01,299578000.0,301794000.0
EMP-0806,2025-02,292679000.0,297089000.0
EMP-0806,2025-03,304238000.0,301138000.0
EMP-0806,2025-04,310935000.0,311115000.0
EMP-0806,2025-05,306224000.0,309983000.0
EMP-0806,2025-06,308896000.0,315053000.0
EMP-0806,2025-07,304442000.0,306935000.0
EMP-0806,2025-08,165108000.0,165321000.0
EMP-0806,2025-09,162627000.0,163369000.0
EMP-0806,2025-10,174530000.0,173107000.0
EMP-0806,2025-11,164738000.0,162927000.0
EMP-0806,2025-12,162955000.0,162751000.0
EMP-0807,2025-01,206802000.0,206899000.0
EMP-0807,2025-02,189619000.0,189180000.0
EMP-0807,2025-03,198190000.0,198596000.0
EMP-0807,2025-04,187712000.0,187547000.0
EMP-0807,2025-05,179045000.0,181368000.0
EMP-0807,2025-06,186673000.0,187890000.0
EMP-0807,2025-07,186244000.0,183192000.0
EMP-0807,2025-08,182627000.0,181776000.0
EMP-0807,2025-09,185808000.0,185457000.0
EMP-0807,2025-10,181617000.0,184454000.0
EMP-0807,2025-11,176694000.0,175845000.0
EMP-0807,2025-12,176721000.0,178102000.0
EMP-0808,2025-01,105244000.0,103651000.0
EMP-0808,2025-02,102766000.0,102328000.0
EMP-0808,2025-03,102198000.0,102940000.0
EMP-0808,2025-04,105664000.0,106485000.0
EMP-0808,2025-05,101737000.0,103314000.0
EMP-0808,2025-06,101470000.0,102101000.0
EMP-0808,2025-07,107713000.0,108652000.0
EMP-0808,2025-08,104108000.0,103773000.0
EMP-0808,2025-09,105336000.0,105576000.0
EMP-0808,2025-10,106283000.0,106905000.0
EMP-0808,2025-11,109374000.0,110526000.0
EMP-0808,2025-12,107865000.0,107443000.0
EMP-0809,2025-01,196543000.0,196646000.0
EMP-0809,2025-02,197826000.0,198459000.0
EMP-0809,2025-03,193813000.0,195613000.0
EMP-0809,2025-04,195012000.0,195838000.0
EMP-0809,2025-05,189574000.0,187598000.0
EMP-0809,2025-06,192702000.0,193846000.0
EMP-0809,2025-07,195147000.0,198820000.0
EMP-0809,2025-08,198560000.0,195995000.0
EMP-0809,2025-09,197372000.0,201246000.0
EMP-0809,2025-10,200651000.0,199858000.0
EMP-0809,2025-11,188925000.0,187466000.0
EMP-0809,2025-12,190278000.0,189337000.0
EMP-0810,2025-01,114389000.0,114304000.0
EMP-0810,2025-02,114681000.0,114655000.0
EMP-0810,2025-03,107352000.0,107463000.0
EMP-0810,2025-04,116246000.0,114193000.0
EMP-0810,2025-05,113141000.0,113768000.0
EMP-0810,2025-06,107791000.0,109430000.0
EMP-0810,2025-07,106320000.0,104617000.0
EMP-0810,2025-08,107398000.0,107629000.0
EMP-0810,2025-09,110139000.0,108914000.0
EMP-0810,2025-10,106780000.0,105527000.0
EMP-0810,2025-11,108686000.0,109683000.0
EMP-0810,2025-12,107902000.0,110047000.0
EMP-0811,2025-11,297545000.0,297450000.0
EMP-0811,2025-12,297261000.0,299687000.0
EMP-0812,2025-01,234343000.0,228605000.0
EMP-0812,2025-02,236481000.0,234058000.0
EMP-0812,2025-03,226444000.0,223448000.0
EMP-0812,2025-04,229427000.0,232041000.0
EMP-0812,2025-05,225012000.0,227782000.0
EMP-0812,2025-06,241916000.0,244378000.0
EMP-0812,2025-07,231165000.0,232185000.0
EMP-0812,2025-08,242454000.0,239202000.0
EMP-0812,2025-09,253297000.0,250797000.0
EMP-0812,2025-10,256891000.0,263288000.0
EMP-0812,2025-11,253550000.0,250211000.0
EMP-0812,2025-12,249365000.0,246229000.0
EMP-0813,2025-01,177795000.0,177523000.0
EMP-0813,2025-02,170853000.0,172831000.0
EMP-0813,2025-03,168329000.0,171042000.0
EMP-0813,2025-04,179614000.0,180421000.0
EMP-0813,2025-05,174107000.0,174618000.0
EMP-0813,2025-06,170317000.0,170272000.0
EMP-0813,2025-07,170333000.0,169778000.0
EMP-0813,2025-08,169596000.0,170305000.0
EMP-0813,2025-09,172390000.0,171881000.0
EMP-0813,2025-10,172634000.0,176162000.0
EMP-0813,2025-11,168091000.0,165763000.0
EMP-0813,2025-12,172276000.0,170041000.0
EMP-0814,2025-01,172951000.0,172683000.0
EMP-0814,2025-02,173831000.0,171688000.0
EMP-0814,2025-03,177762000.0,180077000.0
EMP-0814,2025-04,172308000.0,173027000.0
EMP-0814,2025-05,179609000.0,181336000.0
EMP-0814,2025-06,186219000.0,184838000.0
EMP-0814,2025-07,182687000.0,179699000.0
EMP-0814,2025-08,183363000.0,184029000.0
EMP-0814,2025-09,194746000.0,195670000.0
EMP-0814,2025-10,198361000.0,200988000.0
EMP-0814,2025-11,201176000.0,201279000.0
EMP-0814,2025-12,186414000.0,187229000.0
EMP-0815,2025-01,298036000.0,301171000.0
EMP-0815,2025-02,304657000.0,304271000.0
EMP-0815,2025-03,299814000.0,299409000.0
EMP-0815,2025-04,296508000.0,292907000.0
EMP-0815,2025-05,302454000.0,303321000.0
EMP-0815,2025-06,307311000.0,304397000.0
EMP-0815,2025-07,288730000.0,291834000.0
EMP-0815,2025-08,301745000.0,303194000.0
EMP-0815,2025-09,312079000.0,308084000.0
EMP-0815,2025-10,305830000.0,303660000.0
EMP-0815,2025-11,300333000.0,300703000.0
EMP-0815,2025-12,304139000.0,300212000.0
EMP-0816,2025-01,140477000.0,141286000.0
EMP-0816,2025-02,142937000.0,142432000.0
EMP-0816,2025-03,142709000.0,141846000.0
EMP-0816,2025-04,134379000.0,137146000.0
EMP-0816,2025-05,134069000.0,133446000.0
EMP-0816,2025-06,139609000.0,141585000.0
EMP-0816,2025-07,134944000.0,136728000.0
EMP-0816,2025-08,142949000.0,144917000.0
EMP-0816,2025-09,145132000.0,143906000.0
EMP-0816,2025-10,142592000.0,142167000.0
EMP-0816,2025-11,138361000.0,139781000.0
EMP-0816,2025-12,140100000.0,139843000.0
EMP-0817,2025-01,6235000.0,6202000.0
EMP-0817,2025-02,6125000.0,6199000.0
EMP-0817,2025-03,6043000.0,6032000.0
EMP-0817,2025-04,6096000.0,6161000.0
EMP-0817,2025-05,5986000.0,6007000.0
EMP-0817,2025-06,5887000.0,5870000.0
EMP-0817,2025-07,5587000.0,5429000.0
EMP-0817,2025-08,5996000.0,5980000.0
EMP-0817,2025-09,5837000.0,5881000.0
EMP-0817,2025-10,5824000.0,5780000.0
EMP-0817,2025-11,6156000.0,6068000.0
EMP-0817,2025-12,6348000.0,6364000.0
EMP-0818,2025-01,5410000.0,5372000.0
EMP-0818,2025-02,5479000.0,5401000.0
EMP-0818,2025-03,5427000.0,5502000.0
EMP-0818,2025-04,5400000.0,5408000.0
EMP-0818,2025-05,5426000.0,5462000.0
EMP-0818,2025-06,5304000.0,5260000.0
EMP-0818,2025-07,5181000.0,5171000.0
EMP-0818,2025-08,5089000.0,5128000.0
EMP-0818,2025-09,5074000.0,5055000.0
EMP-0818,2025-10,5364000.0,5243000.0
EMP-0818,2025-11,5175000.0,5157000.0
EMP-0818,2025-12,5226000.0,5222000.0
EMP-0819,2025-01,14720000.0,14821000.0
EMP-0819,2025-02,14847000.0,14851000.0
EMP-0819,2025-03,14589000.0,14517000.0
EMP-0819,2025-04,14662000.0,14562000.0
EMP-0819,2025-05,13990000.0,14139000.0
EMP-0819,2025-06,9619000.0,9726000.0
EMP-0819,2025-07,9311000.0,9176000.0
EMP-0819,2025-08,9170000.0,9220000.0
EMP-0819,2025-09,9200000.0,9072000.0
EMP-0819,2025-10,9625000.0,9716000.0
EMP-0819,2025-11,9847000.0,9883000.0
EMP-0819,2025-12,9856000.0,9963000.0
EMP-0820,2025-01,14910000.0,14993000.0
EMP-0820,2025-02,14664000.0,14420000.0
EMP-0820,2025-03,14224000.0,14262000.0
EMP-0820,2025-04,14744000.0,14924000.0
EMP-0820,2025-05,14735000.0,14941000.0
EMP-0820,2025-06,14874000.0,14676000.0
EMP-0820,2025-07,14393000.0,14307000.0
EMP-0820,2025-08,8962000.0,9070000.0
EMP-0820,2025-09,8807000.0,8816000.0
EMP-0820,2025-10,8595000.0,8665000.0
EMP-0820,2025-11,8827000.0,8841000.0
EMP-0820,2025-12,8813000.0,8707000.0
EMP-0821,2025-01,6367000.0,6397000.0
EMP-0821,2025-02,6667000.0,6764000.0
EMP-0821,2025-03,6816000.0,6789000.0
EMP-0821,2025-04,6550000.0,6555000.0
EMP-0821,2025-05,6702000.0,6556000.0
EMP-0821,2025-06,6866000.0,6825000.0
EMP-0821,2025-07,6852000.0,6859000.0
EMP-0821,2025-08,6758000.0,6741000.0
EMP-0821,2025-09,6964000.0,6928000.0
EMP-0821,2025-10,6766000.0,6693000.0
EMP-0821,2025-11,7138000.0,7027000.0
EMP-0821,2025-12,6612000.0,6746000.0
EMP-0822,2025-01,9342000.0,9418000.0
EMP-0822,2025-02,9811000.0,9858000.0
EMP-0822,2025-03,9678000.0,9627000.0
EMP-0822,2025-04,9765000.0,9687000.0
EMP-0822,2025-05,9862000.0,9862000.0
EMP-0822,2025-06,9660000.0,9528000.0
EMP-0822,2025-07,9647000.0,9664000.0
EMP-0822,2025-08,10043000.0,10013000.0
EMP-0822,2025-09,9978000.0,10048000.0
EMP-0822,2025-10,9969000.0,9813000.0
EMP-0822,2025-11,9638000.0,9658000.0
EMP-0822,2025-12,9794000.0,9779000.0
EMP-0823,2025-01,8891000.0,8928000.0
EMP-0823,2025-02,8967000.0,8896000.0
EMP-0823,2025-03,9506000.0,9423000.0
EMP-0823,2025-04,9094000.0,8962000.0
EMP-0823,2025-05,9736000.0,9521000.0
EMP-0823,2025-06,9376000.0,9513000.0
EMP-0823,2025-07,9003000.0,9183000.0
EMP-0823,2025-08,8942000.0,8965000.0
EMP-0823,2025-09,8943000.0,9036000.0
EMP-0823,2025-10,9132000.0,9051000.0
EMP-0823,2025-11,9097000.0,9066000.0
EMP-0823,2025-12,8683000.0,8678000.0
EMP-0824,2025-01,15084000.0,15012000.0
EMP-0824,2025-02,14605000.0,14715000.0
EMP-0824,2025-03,14954000.0,15016000.0
EMP-0824,2025-04,15013000.0,15105000.0
EMP-0824,2025-05,13562000.0,13797000.0
EMP-0824,2025-06,13364000.0,13220000.0
EMP-0824,2025-07,13367000.0,13212000.0
EMP-0824,2025-08,13095000.0,13074000.0
EMP-0824,2025-09,12898000.0,12917000.0
EMP-0824,2025-10,14008000.0,14157000.0
EMP-0824,2025-11,13498000.0,13527000.0
EMP-0824,2025-12,14230000.0,14107000.0
EMP-0825,2025-01,16923000.0,16599000.0
EMP-0825,2025-02,16271000.0,16219000.0
EMP-0825,2025-03,16331000.0,16440000.0
EMP-0825,2025-04,16273000.0,16125000.0
EMP-0825,2025-05,15872000.0,15940000.0
EMP-0825,2025-06,16417000.0,16624000.0
EMP-0825,2025-07,15563000.0,15283000.0
EMP-0825,2025-08,15875000.0,16089000.0
EMP-0825,2025-09,15750000.0,15994000.0
EMP-0825,2025-10,16221000.0,16003000.0
EMP-0825,2025-11,15704000.0,15921000.0
EMP-0825,2025-12,15551000.0,15554000.0
EMP-0826,2025-01,14998000.0,15051000.0
EMP-0826,2025-02,14900000.0,14599000.0
EMP-0826,2025-03,15236000.0,15161000.0
EMP-0826,2025-04,14626000.0,14584000.0
EMP-0826,2025-05,14439000.0,14584000.0
EMP-0826,2025-06,14815000.0,14757000.0
EMP-0826,2025-07,15104000.0,14988000.0
EMP-0826,2025-08,14841000.0,14673000.0
EMP-0826,2025-09,14916000.0,14909000.0
EMP-0826,2025-10,14474000.0,14481000.0
EMP-0826,2025-11,14781000.0,14897000.0
EMP-0826,2025-12,15047000.0,14900000.0
EMP-0827,2025-01,10878000.0,10794000.0
EMP-0827,2025-02,10853000.0,10996000.0
EMP-0827,2025-03,10950000.0,11059000.0
EMP-0827,2025-04,10894000.0,11003000.0
EMP-0827,2025-05,10888000.0,10689000.0
EMP-0827,2025-06,10911000.0,10805000.0
EMP-0827,2025-07,10613000.0,10637000.0
EMP-0827,2025-08,10352000.0,10363000.0
EMP-0827,2025-09,10446000.0,10379000.0
EMP-0827,2025-10,10026000.0,10096000.0
EMP-0827,2025-11,10235000.0,10246000.0
EMP-0827,2025-12,10452000.0,10498000.0
EMP-0828,2025-01,5908000.0,5889000.0
EMP-0828,2025-02,6202000.0,6154000.0
EMP-0828,2025-03,5946000.0,5985000.0
EMP-0828,2025-04,6000000.0,6024000.0
EMP-0828,2025-05,5769000.0,5704000.0
EMP-0828,2025-06,5752000.0,5757000.0
EMP-0828,2025-07,5704000.0,5683000.0
EMP-0828,2025-08,5881000.0,5835000.0
EMP-0828,2025-09,5843000.0,5838000.0
EMP-0828,2025-10,5789000.0,5760000.0
EMP-0828,2025-11,5726000.0,5714000.0
EMP-0828,2025-12,5587000.0,5671000.0
EMP-0829,2025-01,14319000.0,14388000.0
EMP-0829,2025-02,13742000.0,13881000.0
EMP-0829,2025-03,14403000.0,14321000.0
EMP-0829,2025-04,13832000.0,13747000.0
EMP-0829,2025-05,13551000.0,13623000.0
EMP-0829,2025-06,13093000.0,12818000.0
EMP-0829,2025-07,13673000.0,13543000.0
EMP-0829,2025-08,13439000.0,13509000.0
EMP-0829,2025-09,13900000.0,13943000.0
EMP-0829,2025-10,14121000.0,14054000.0
EMP-0829,2025-11,14204000.0,14224000.0
EMP-0829,2025-12,14769000.0,14683000.0
EMP-0830,2025-01,11043000.0,11174000.0
EMP-0830,2025-02,10292000.0,10401000.0
EMP-0830,2025-03,10570000.0,10447000.0
EMP-0830,2025-04,11115000.0,10990000.0
EMP-0830,2025-05,10461000.0,10653000.0
EMP-0830,2025-06,10177000.0,10146000.0
EMP-0830,2025-07,10666000.0,10770000.0
EMP-0830,2025-08,10452000.0,10376000.0
EMP-0830,2025-09,10530000.0,10476000.0
EMP-0830,2025-10,10469000.0,10433000.0
EMP-0830,2025-11,10418000.0,10469000.0
EMP-0830,2025-12,10538000.0,10562000.0
EMP-0831,2025-01,5960000.0,5869000.0
EMP-0831,2025-02,5663000.0,5619000.0
EMP-0831,2025-03,5660000.0,5624000.0
EMP-0831,2025-04,5538000.0,5534000.0
EMP-0831,2025-05,5525000.0,5552000.0
EMP-0831,2025-06,5496000.0,5491000.0
EMP-0831,2025-07,5763000.0,5680000.0
EMP-0831,2025-08,5750000.0,5770000.0
EMP-0831,2025-09,5647000.0,5624000.0
EMP-0831,2025-10,5822000.0,5894000.0
EMP-0831,2025-11,5905000.0,5894000.0
EMP-0831,2025-12,6056000.0,6023000.0
EMP-0832,2025-01,8713000.0,8665000.0
EMP-0832,2025-02,8503000.0,8556000.0
EMP-0832,2025-03,8550000.0,8448000.0
EMP-0832,2025-04,8470000.0,8394000.0
EMP-0832,2025-05,8489000.0,8463000.0
EMP-0832,2025-06,8599000.0,8650000.0
EMP-0832,2025-07,8617000.0,8619000.0
EMP-0832,2025-08,8406000.0,8405000.0
EMP-0832,2025-09,8640000.0,8690000.0
EMP-0832,2025-10,8281000.0,8200000.0
EMP-0832,2025-11,8419000.0,8476000.0
EMP-0832,2025-12,8690000.0,8760000.0
EMP-0833,2025-01,14039000.0,14248000.0
EMP-0833,2025-02,13706000.0,14108000.0
EMP-0833,2025-03,14741000.0,14822000.0
EMP-0833,2025-04,13916000.0,14046000.0
EMP-0833,2025-05,13967000.0,13881000.0
EMP-0833,2025-06,14298000.0,14386000.0
EMP-0833,2025-07,14073000.0,14333000.0
EMP-0833,2025-08,14322000.0,14115000.0
EMP-0833,2025-09,14142000.0,14306000.0
EMP-0833,2025-10,14462000.0,14540000.0
EMP-0833,2025-11,14840000.0,14962000.0
EMP-0833,2025-12,14140000.0,14208000.0
EMP-0834,2025-01,10552000.0,10406000.0
EMP-0834,2025-02,10245000.0,10055000.0
EMP-0834,2025-03,10299000.0,10306000.0
EMP-0834,2025-04,10021000.0,9883000.0
EMP-0834,2025-05,10150000.0,10321000.0
EMP-0834,2025-06,10471000.0,10366000.0
EMP-0834,2025-07,10779000.0,10892000.0
EMP-0834,2025-08,10703000.0,10735000.0
EMP-0834,2025-09,10666000.0,10743000.0
EMP-0834,2025-10,10150000.0,10057000.0
EMP-0834,2025-11,10373000.0,10570000.0
EMP-0834,2025-12,9999000.0,9997000.0
EMP-0835,2025-01,15799000.0,16130000.0
EMP-0835,2025-02,16090000.0,16170000.0
EMP-0835,2025-03,16407000.0,16285000.0
EMP-0835,2025-04,16173000.0,16272000.0
EMP-0835,2025-05,15808000.0,15946000.0
EMP-0835,2025-06,15994000.0,15934000.0
EMP-0835,2025-07,16390000.0,16471000.0
EMP-0835,2025-08,15570000.0,15712000.0
EMP-0835,2025-09,15755000.0,15600000.0
EMP-0835,2025-10,16785000.0,16675000.0
EMP-0835,2025-11,16826000.0,16633000.0
EMP-0835,2025-12,17893000.0,18214000.0
EMP-0836,2025-01,9275000.0,9236000.0
EMP-0836,2025-02,9798000.0,9984000.0
EMP-0836,2025-03,9599000.0,9601000.0
EMP-0836,2025-04,10054000.0,9833000.0
EMP-0836,2025-05,9968000.0,10040000.0
EMP-0836,2025-06,9972000.0,10022000.0
EMP-0836,2025-07,10071000.0,10041000.0
EMP-0836,2025-08,10145000.0,10135000.0
EMP-0836,2025-09,10084000.0,10217000.0
EMP-0836,2025-10,10039000.0,10037000.0
EMP-0836,2025-11,9869000.0,9835000.0
EMP-0836,2025-12,9969000.0,9755000.0
EMP-0837,2025-01,6143000.0,6193000.0
EMP-0837,2025-02,6122000.0,6131000.0
EMP-0837,2025-03,6142000.0,6154000.0
EMP-0837,2025-04,6124000.0,6163000.0
EMP-0837,2025-05,6204000.0,6231000.0
EMP-0837,2025-06,6271000.0,6190000.0
EMP-0837,2025-07,6212000.0,6180000.0
EMP-0837,2025-08,6138000.0,6154000.0
EMP-0837,2025-09,6228000.0,6232000.0
EMP-0837,2025-10,6239000.0,6123000.0
EMP-0837,2025-11,6203000.0,6161000.0
EMP-0837,2025-12,6267000.0,6341000.0
EMP-0838,2025-01,15055000.0,14531000.0
EMP-0838,2025-02,15216000.0,14829000.0
EMP-0838,2025-03,15574000.0,15542000.0
EMP-0838,2025-04,15654000.0,15688000.0
EMP-0838,2025-05,15526000.0,15492000.0
EMP-0838,2025-06,14850000.0,14974000.0
EMP-0838,2025-07,14843000.0,15171000.0
EMP-0838,2025-08,14854000.0,14982000.0
EMP-0838,2025-09,15935000.0,15634000.0
EMP-0838,2025-10,16443000.0,16305000.0
EMP-0838,2025-11,15866000.0,15880000.0
EMP-0838,2025-12,15768000.0,15508000.0
EMP-0839,2025-11,14003000.0,14071000.0
EMP-0839,2025-12,14054000.0,14140000.0
EMP-0840,2025-01,15563000.0,15229000.0
EMP-0840,2025-02,16125000.0,16147000.0
EMP-0840,2025-03,16145000.0,16202000.0
EMP-0840,2025-04,16395000.0,16188000.0
EMP-0840,2025-05,16157000.0,16119000.0
EMP-0840,2025-06,15702000.0,15786000.0
EMP-0840,2025-07,15495000.0,15398000.0
EMP-0840,2025-08,16036000.0,16209000.0
EMP-0840,2025-09,16047000.0,15871000.0
EMP-0840,2025-10,15824000.0,15778000.0
EMP-0840,2025-11,16137000.0,16083000.0
EMP-0840,2025-12,15865000.0,15828000.0
EMP-0841,2025-01,12022000.0,12055000.0
EMP-0841,2025-02,11994000.0,11893000.0
EMP-0841,2025-03,12397000.0,12311000.0
EMP-0841,2025-04,12464000.0,12329000.0
EMP-0841,2025-05,12332000.0,12350000.0
EMP-0841,2025-06,12886000.0,12970000.0
EMP-0841,2025-07,12831000.0,12796000.0
EMP-0841,2025-08,13050000.0,12942000.0
EMP-0841,2025-09,12822000.0,12724000.0
EMP-0841,2025-10,12286000.0,12356000.0
EMP-0841,2025-11,11964000.0,11707000.0
EMP-0841,2025-12,12345000.0,12315000.0
EMP-0842,2025-01,5356000.0,5310000.0
EMP-0842,2025-02,5398000.0,5351000.0
EMP-0842,2025-03,5733000.0,5777000.0
EMP-0842,2025-04,5605000.0,5597000.0
EMP-0842,2025-05,5878000.0,5829000.0
EMP-0842,2025-06,5928000.0,5948000.0
EMP-0842,2025-07,6004000.0,6031000.0
EMP-0842,2025-08,5541000.0,5602000.0
EMP-0842,2025-09,5700000.0,5707000.0
EMP-0842,2025-10,5617000.0,5588000.0
EMP-0842,2025-11,5629000.0,5720000.0
EMP-0842,2025-12,5827000.0,5914000.0
EMP-0843,2025-01,15106000.0,15474000.0
EMP-0843,2025-02,15295000.0,15471000.0
EMP-0843,2025-03,15621000.0,15724000.0
EMP-0843,2025-04,15278000.0,14911000.0
EMP-0843,2025-05,14317000.0,14549000.0
EMP-0843,2025-06,14027000.0,14028000.0
EMP-0843,2025-07,14240000.0,14212000.0
EMP-0843,2025-08,14417000.0,14483000.0
EMP-0843,2025-09,15076000.0,14979000.0
EMP-0843,2025-10,14586000.0,14738000.0
EMP-0843,2025-11,14130000.0,13908000.0
EMP-0843,2025-12,14596000.0,14742000.0
EMP-0844,2025-01,14510000.0,14592000.0
EMP-0844,2025-02,14293000.0,14294000.0
EMP-0844,2025-03,14415000.0,14604000.0
EMP-0844,2025-04,14618000.0,14721000.0
EMP-0844,2025-05,14942000.0,15425000.0
EMP-0844,2025-06,14668000.0,14577000.0
EMP-0844,2025-07,14471000.0,14477000.0
EMP-0844,2025-08,14315000.0,14343000.0
EMP-0844,2025-09,14674000.0,14830000.0
EMP-0844,2025-10,14546000.0,14563000.0
EMP-0844,2025-11,14392000.0,14197000.0
EMP-0844,2025-12,14402000.0,14026000.0
EMP-0845,2025-01,11316000.0,11225000.0
EMP-0845,2025-02,12000000.0,12060000.0
EMP-0845,2025-03,11742000.0,11778000.0
EMP-0845,2025-04,12445000.0,12326000.0
EMP-0845,2025-05,11404000.0,11374000.0
EMP-0845,2025-06,11938000.0,11783000.0
EMP-0845,2025-07,12229000.0,12154000.0
EMP-0845,2025-08,12180000.0,12299000.0
EMP-0845,2025-09,11914000.0,11814000.0
EMP-0845,2025-10,11929000.0,12069000.0
EMP-0845,2025-11,11660000.0,11447000.0
EMP-0845,2025-12,12052000.0,11972000.0
EMP-0846,2025-01,12832000.0,13077000.0
EMP-0846,2025-02,12721000.0,12394000.0
EMP-0846,2025-03,12843000.0,12837000.0
EMP-0846,2025-04,13411000.0,13504000.0
EMP-0846,2025-05,13422000.0,13435000.0
EMP-0846,2025-06,14238000.0,14380000.0
EMP-0846,2025-07,14019000.0,14149000.0
EMP-0846,2025-08,13565000.0,13471000.0
EMP-0846,2025-09,13446000.0,13539000.0
EMP-0846,2025-10,13121000.0,13081000.0
EMP-0846,2025-11,13580000.0,13622000.0
EMP-0846,2025-12,13824000.0,13729000.0
EMP-0847,2025-01,10155000.0,10402000.0
EMP-0847,2025-02,9839000.0,9797000.0
EMP-0847,2025-03,9642000.0,9546000.0
EMP-0847,2025-04,9612000.0,9708000.0
EMP-0847,2025-05,9673000.0,9662000.0
EMP-0847,2025-06,9714000.0,9809000.0
EMP-0847,2025-07,9250000.0,9223000.0
EMP-0847,2025-08,9795000.0,9668000.0
EMP-0847,2025-09,9852000.0,9967000.0
EMP-0847,2025-10,9821000.0,9722000.0
EMP-0847,2025-11,9813000.0,9718000.0
EMP-0847,2025-12,10021000.0,10004000.0
EMP-0848,2025-01,4232000.0,4205000.0
EMP-0848,2025-02,4231000.0,4190000.0
EMP-0848,2025-03,4302000.0,4239000.0
EMP-0848,2025-04,4253000.0,4290000.0
EMP-0848,2025-05,4431000.0,4494000.0
EMP-0848,2025-06,4224000.0,4195000.0
EMP-0848,2025-07,4108000.0,4160000.0
EMP-0848,2025-08,4037000.0,4052000.0
EMP-0848,2025-09,4072000.0,4099000.0
EMP-0848,2025-10,4069000.0,4094000.0
EMP-0848,2025-11,3890000.0,3868000.0
EMP-0848,2025-12,4023000.0,3993000.0
EMP-0849,2025-01,10972000.0,10952000.0
EMP-0849,2025-02,10192000.0,10177000.0
EMP-0849,2025-03,10281000.0,10376000.0
EMP-0849,2025-04,10541000.0,10574000.0
EMP-0849,2025-05,10216000.0,10226000.0
EMP-0849,2025-06,9715000.0,9767000.0
EMP-0849,2025-07,10554000.0,10445000.0
EMP-0849,2025-08,10512000.0,10570000.0
EMP-0849,2025-09,10306000.0,10329000.0
EMP-0849,2025-10,10793000.0,11192000.0
EMP-0849,2025-11,10653000.0,10527000.0
EMP-0849,2025-12,10707000.0,10755000.0
EMP-0850,2025-01,9196000.0,9132000.0
EMP-0850,2025-02,9088000.0,9102000.0
EMP-0850,2025-03,9195000.0,9319000.0
EMP-0850,2025-04,8685000.0,8850000.0
EMP-0850,2025-05,8897000.0,8834000.0
EMP-0850,2025-06,8994000.0,8972000.0
EMP-0850,2025-07,9197000.0,9003000.0
EMP-0850,2025-08,9335000.0,9493000.0
EMP-0850,2025-09,9377000.0,9313000.0
EMP-0850,2025-10,9120000.0,8957000.0
EMP-0850,2025-11,9048000.0,9063000.0
EMP-0850,2025-12,8747000.0,8648000.0
EMP-0851,2025-01,12022000.0,11908000.0
EMP-0851,2025-02,11171000.0,11084000.0
EMP-0851,2025-03,12064000.0,12216000.0
EMP-0851,2025-04,12540000.0,12754000.0
EMP-0851,2025-05,12197000.0,12258000.0
EMP-0851,2025-06,12139000.0,12117000.0
EMP-0851,2025-07,11992000.0,11843000.0
EMP-0851,2025-08,11814000.0,11766000.0
EMP-0851,2025-09,12137000.0,12178000.0
EMP-0851,2025-10,12371000.0,12451000.0
EMP-0851,2025-11,12417000.0,12496000.0
EMP-0851,2025-12,11898000.0,11952000.0
EMP-0852,2025-01,17944000.0,18026000.0
EMP-0852,2025-02,17666000.0,17735000.0
EMP-0852,2025-03,17536000.0,17635000.0
EMP-0852,2025-04,17678000.0,17442000.0
EMP-0852,2025-05,17713000.0,17502000.0
EMP-0852,2025-06,18014000.0,18196000.0
EMP-0852,2025-07,18526000.0,18552000.0
EMP-0852,2025-08,17910000.0,18105000.0
EMP-0852,2025-09,18911000.0,19094000.0
EMP-0852,2025-10,18293000.0,18182000.0
EMP-0852,2025-11,17440000.0,17660000.0
EMP-0852,2025-12,17325000.0,17590000.0
EMP-0853,2025-01,14244000.0,14223000.0
EMP-0853,2025-02,14936000.0,15149000.0
EMP-0853,2025-03,14971000.0,14912000.0
EMP-0853,2025-04,15191000.0,15278000.0
EMP-0853,2025-05,14678000.0,14824000.0
EMP-0853,2025-06,15191000.0,15110000.0
EMP-0853,2025-07,15441000.0,15422000.0
EMP-0853,2025-08,16028000.0,15934000.0
EMP-0853,2025-09,15111000.0,15083000.0
EMP-0853,2025-10,15298000.0,15531000.0
EMP-0853,2025-11,15023000.0,14997000.0
EMP-0853,2025-12,15612000.0,15622000.0
EMP-0854,2025-01,28603000.0,28796000.0
EMP-0854,2025-02,29073000.0,28855000.0
EMP-0854,2025-03,27913000.0,27587000.0
EMP-0854,2025-04,26896000.0,26759000.0
EMP-0854,2025-05,28670000.0,28529000.0
EMP-0854,2025-06,29042000.0,28908000.0
EMP-0854,2025-07,30129000.0,30422000.0
EMP-0854,2025-08,28104000.0,27593000.0
EMP-0854,2025-09,29095000.0,29583000.0
EMP-0854,2025-10,28485000.0,28844000.0
EMP-0854,2025-11,27846000.0,27264000.0
EMP-0854,2025-12,26997000.0,27069000.0
EMP-0855,2025-01,17276000.0,17059000.0
EMP-0855,2025-02,16472000.0,16493000.0
EMP-0855,2025-03,16362000.0,16193000.0
EMP-0855,2025-04,16732000.0,16630000.0
EMP-0855,2025-05,15820000.0,15773000.0
EMP-0855,2025-06,15544000.0,15590000.0
EMP-0855,2025-07,15640000.0,15628000.0
EMP-0855,2025-08,15045000.0,15052000.0
EMP-0855,2025-09,15265000.0,15446000.0
EMP-0855,2025-10,14165000.0,14266000.0
EMP-0855,2025-11,14780000.0,14811000.0
EMP-0855,2025-12,14483000.0,14439000.0
EMP-0856,2025-01,17597000.0,17899000.0
EMP-0856,2025-02,18037000.0,18180000.0
EMP-0856,2025-03,18130000.0,17991000.0
EMP-0856,2025-04,17406000.0,17495000.0
EMP-0856,2025-05,17405000.0,17511000.0
EMP-0856,2025-06,18132000.0,18249000.0
EMP-0856,2025-07,17355000.0,17367000.0
EMP-0856,2025-08,17643000.0,18033000.0
EMP-0856,2025-09,17039000.0,17108000.0
EMP-0856,2025-10,16333000.0,15999000.0
EMP-0856,2025-11,17095000.0,16723000.0
EMP-0856,2025-12,16611000.0,16369000.0
EMP-0857,2025-01,14897000.0,14971000.0
EMP-0857,2025-02,14453000.0,14597000.0
EMP-0857,2025-03,14312000.0,14523000.0
EMP-0857,2025-04,15103000.0,15083000.0
EMP-0857,2025-05,14141000.0,14123000.0
EMP-0857,2025-06,14097000.0,14184000.0
EMP-0857,2025-07,14678000.0,14663000.0
EMP-0857,2025-08,14550000.0,14625000.0
EMP-0857,2025-09,7542000.0,7489000.0
EMP-0857,2025-10,7600000.0,7619000.0
EMP-0857,2025-11,7846000.0,7828000.0
EMP-0857,2025-12,7570000.0,7685000.0
EMP-0858,2025-01,14362000.0,14462000.0
EMP-0858,2025-02,14454000.0,14741000.0
EMP-0858,2025-03,14979000.0,15057000.0
EMP-0858,2025-04,14618000.0,14544000.0
EMP-0858,2025-05,14924000.0,14836000.0
EMP-0858,2025-06,14584000.0,14507000.0
EMP-0858,2025-07,15011000.0,15155000.0
EMP-0858,2025-08,15318000.0,15365000.0
EMP-0858,2025-09,15537000.0,15509000.0
EMP-0858,2025-10,15842000.0,16012000.0
EMP-0858,2025-11,15522000.0,15667000.0
EMP-0858,2025-12,15217000.0,15298000.0
EMP-0859,2025-01,12747000.0,12684000.0
EMP-0859,2025-02,12904000.0,12732000.0
EMP-0859,2025-03,13398000.0,13538000.0
EMP-0859,2025-04,13551000.0,13607000.0
EMP-0859,2025-05,13676000.0,13830000.0
EMP-0859,2025-06,13234000.0,13032000.0
EMP-0859,2025-07,13262000.0,13313000.0
EMP-0859,2025-08,13816000.0,13626000.0
EMP-0859,2025-09,13307000.0,13327000.0
EMP-0859,2025-10,14026000.0,14004000.0
EMP-0859,2025-11,13585000.0,13700000.0
EMP-0859,2025-12,13607000.0,13715000.0
EMP-0860,2025-01,20256000.0,20181000.0
EMP-0860,2025-02,21708000.0,21692000.0
EMP-0860,2025-03,21245000.0,21145000.0
EMP-0860,2025-04,20752000.0,20353000.0
EMP-0860,2025-05,21623000.0,21628000.0
EMP-0860,2025-06,21377000.0,20897000.0
EMP-0860,2025-07,20993000.0,20801000.0
EMP-0860,2025-08,21348000.0,21405000.0
EMP-0860,2025-09,21872000.0,21900000.0
EMP-0860,2025-10,22495000.0,22691000.0
EMP-0860,2025-11,22620000.0,22601000.0
EMP-0860,2025-12,23124000.0,23392000.0
EMP-0861,2025-01,13319000.0,13387000.0
EMP-0861,2025-02,13210000.0,13250000.0
EMP-0861,2025-03,13493000.0,13287000.0
EMP-0861,2025-04,13391000.0,13618000.0
EMP-0861,2025-05,13660000.0,13496000.0
EMP-0861,2025-06,13565000.0,13602000.0
EMP-0861,2025-07,14082000.0,14360000.0
EMP-0861,2025-08,13770000.0,13488000.0
EMP-0861,2025-09,13785000.0,13724000.0
EMP-0861,2025-10,13520000.0,13181000.0
EMP-0861,2025-11,12982000.0,13076000.0
EMP-0861,2025-12,13097000.0,13085000.0
EMP-0862,2025-11,30109000.0,29938000.0
EMP-0862,2025-12,29932000.0,29681000.0
EMP-0863,2025-01,29379000.0,29274000.0
EMP-0863,2025-02,28457000.0,28623000.0
EMP-0863,2025-03,29070000.0,28828000.0
EMP-0863,2025-04,27653000.0,27587000.0
EMP-0863,2025-05,27350000.0,27386000.0
EMP-0863,2025-06,28607000.0,28501000.0
EMP-0863,2025-07,28775000.0,28830000.0
EMP-0863,2025-08,28838000.0,28506000.0
EMP-0863,2025-09,27442000.0,27203000.0
EMP-0863,2025-10,28475000.0,28432000.0
EMP-0863,2025-11,28283000.0,27845000.0
EMP-0863,2025-12,29854000.0,29723000.0
EMP-0864,2025-01,39128000.0,38960000.0
EMP-0864,2025-02,38481000.0,38731000.0
EMP-0864,2025-03,37607000.0,38008000.0
EMP-0864,2025-04,36508000.0,36926000.0
EMP-0864,2025-05,37323000.0,37415000.0
EMP-0864,2025-06,37321000.0,36816000.0
EMP-0864,2025-07,35861000.0,35452000.0
EMP-0864,2025-08,35743000.0,35879000.0
EMP-0864,2025-09,35657000.0,35911000.0
EMP-0864,2025-10,34571000.0,34140000.0
EMP-0864,2025-11,35020000.0,35513000.0
EMP-0864,2025-12,35579000.0,35999000.0
EMP-0865,2025-01,29403000.0,29836000.0
EMP-0865,2025-02,29195000.0,29260000.0
EMP-0865,2025-03,30945000.0,30581000.0
EMP-0865,2025-04,31238000.0,31428000.0
EMP-0865,2025-05,30117000.0,30084000.0
EMP-0865,2025-06,30306000.0,30302000.0
EMP-0865,2025-07,32184000.0,32606000.0
EMP-0865,2025-08,31922000.0,31745000.0
EMP-0865,2025-09,30342000.0,30434000.0
EMP-0865,2025-10,31142000.0,31020000.0
EMP-0865,2025-11,30972000.0,30793000.0
EMP-0865,2025-12,31219000.0,31013000.0
EMP-0866,2025-01,10843000.0,10758000.0
EMP-0866,2025-02,10653000.0,10532000.0
EMP-0866,2025-03,11083000.0,11307000.0
EMP-0866,2025-04,10823000.0,10824000.0
EMP-0866,2025-05,10745000.0,10792000.0
EMP-0866,2025-06,10506000.0,10441000.0
EMP-0866,2025-07,10852000.0,10747000.0
EMP-0866,2025-08,10488000.0,10411000.0
EMP-0866,2025-09,10457000.0,10376000.0
EMP-0866,2025-10,10403000.0,10417000.0
EMP-0866,2025-11,10516000.0,10498000.0
EMP-0866,2025-12,10569000.0,10756000.0
EMP-0867,2025-01,35134000.0,34853000.0
EMP-0867,2025-02,34643000.0,34814000.0
EMP-0867,2025-03,35969000.0,35218000.0
EMP-0867,2025-04,34850000.0,34685000.0
EMP-0867,2025-05,35426000.0,36335000.0
EMP-0867,2025-06,35697000.0,35245000.0
EMP-0867,2025-07,36494000.0,36783000.0
EMP-0867,2025-08,34953000.0,35092000.0
EMP-0867,2025-09,35427000.0,35283000.0
EMP-0867,2025-10,35365000.0,34840000.0
EMP-0867,2025-11,36478000.0,36359000.0
EMP-0867,2025-12,36515000.0,36236000.0
EMP-0868,2025-01,21816000.0,21596000.0
EMP-0868,2025-02,22564000.0,22098000.0
EMP-0868,2025-03,22191000.0,22160000.0
EMP-0868,2025-04,22752000.0,22592000.0
EMP-0868,2025-05,22948000.0,22699000.0
EMP-0868,2025-06,23739000.0,23405000.0
EMP-0868,2025-07,22830000.0,22657000.0
EMP-0868,2025-08,23712000.0,23860000.0
EMP-0868,2025-09,23882000.0,23942000.0
EMP-0868,2025-10,23827000.0,23864000.0
EMP-0868,2025-11,24263000.0,24077000.0
EMP-0868,2025-12,24059000.0,24463000.0
EMP-0869,2025-01,32054000.0,31858000.0
EMP-0869,2025-02,32863000.0,32975000.0
EMP-0869,2025-03,32414000.0,32743000.0
EMP-0869,2025-04,31804000.0,31730000.0
EMP-0869,2025-05,30908000.0,30276000.0
EMP-0869,2025-06,29960000.0,30096000.0
EMP-0869,2025-07,29499000.0,29567000.0
EMP-0869,2025-08,28539000.0,28099000.0
EMP-0869,2025-09,29366000.0,29460000.0
EMP-0869,2025-10,29880000.0,29847000.0
EMP-0869,2025-11,27792000.0,27892000.0
EMP-0869,2025-12,28767000.0,28366000.0
EMP-0870,2025-01,15035000.0,15152000.0
EMP-0870,2025-02,15008000.0,14921000.0
EMP-0870,2025-03,15944000.0,15781000.0
EMP-0870,2025-04,15161000.0,15277000.0
EMP-0870,2025-05,16359000.0,16500000.0
EMP-0870,2025-06,16112000.0,16134000.0
EMP-0870,2025-07,15531000.0,15630000.0
EMP-0870,2025-08,15065000.0,14981000.0
EMP-0870,2025-09,15368000.0,15291000.0
EMP-0870,2025-10,15157000.0,15348000.0
EMP-0870,2025-11,15317000.0,14951000.0
EMP-0870,2025-12,15847000.0,15512000.0
EMP-0871,2025-01,33305000.0,33200000.0
EMP-0871,2025-02,33395000.0,33201000.0
EMP-0871,2025-03,33611000.0,34001000.0
EMP-0871,2025-04,33736000.0,33585000.0
EMP-0871,2025-05,32560000.0,32632000.0
EMP-0871,2025-06,34563000.0,34858000.0
EMP-0871,2025-07,34307000.0,34625000.0
EMP-0871,2025-08,32889000.0,32517000.0
EMP-0871,2025-09,33745000.0,33871000.0
EMP-0871,2025-10,34861000.0,34250000.0
EMP-0871,2025-11,34526000.0,34829000.0
EMP-0871,2025-12,36143000.0,36005000.0
EMP-0872,2025-01,25250000.0,25387000.0
EMP-0872,2025-02,24360000.0,24277000.0
EMP-0872,2025-03,24847000.0,24759000.0
EMP-0872,2025-04,24559000.0,24646000.0
EMP-0872,2025-05,25173000.0,25243000.0
EMP-0872,2025-06,24728000.0,24570000.0
EMP-0872,2025-07,24255000.0,23916000.0
EMP-0872,2025-08,25834000.0,25698000.0
EMP-0872,2025-09,24911000.0,24968000.0
EMP-0872,2025-10,24710000.0,25016000.0
EMP-0872,2025-11,25842000.0,25765000.0
EMP-0872,2025-12,24772000.0,24547000.0
EMP-0873,2025-01,15220000.0,15025000.0
EMP-0873,2025-02,14765000.0,14785000.0
EMP-0873,2025-03,14347000.0,14292000.0
EMP-0873,2025-04,14957000.0,14863000.0
EMP-0873,2025-05,14451000.0,14667000.0
EMP-0873,2025-06,14288000.0,14336000.0
EMP-0873,2025-07,14506000.0,14564000.0
EMP-0873,2025-08,13738000.0,13659000.0
EMP-0873,2025-09,13977000.0,13961000.0
EMP-0873,2025-10,13306000.0,13316000.0
EMP-0873,2025-11,13151000.0,13073000.0
EMP-0873,2025-12,12937000.0,13032000.0
EMP-0874,2025-01,15542000.0,15442000.0
EMP-0874,2025-02,16559000.0,16731000.0
EMP-0874,2025-03,16408000.0,16517000.0
EMP-0874,2025-04,16242000.0,16321000.0
EMP-0874,2025-05,16640000.0,16641000.0
EMP-0874,2025-06,16230000.0,16201000.0
EMP-0874,2025-07,16232000.0,16388000.0
EMP-0874,2025-08,15700000.0,15631000.0
EMP-0874,2025-09,15979000.0,15600000.0
EMP-0874,2025-10,16520000.0,16463000.0
EMP-0874,2025-11,17259000.0,17180000.0
EMP-0874,2025-12,16503000.0,16381000.0
EMP-0875,2025-01,16543000.0,16696000.0
EMP-0875,2025-02,16897000.0,16640000.0
EMP-0875,2025-03,17036000.0,16984000.0
EMP-0875,2025-04,16869000.0,16851000.0
EMP-0875,2025-05,16615000.0,16508000.0
EMP-0875,2025-06,15975000.0,16119000.0
EMP-0875,2025-07,15566000.0,15814000.0
EMP-0875,2025-08,16169000.0,16185000.0
EMP-0875,2025-09,15460000.0,15510000.0
EMP-0875,2025-10,15801000.0,15908000.0
EMP-0875,2025-11,15095000.0,15127000.0
EMP-0875,2025-12,15738000.0,16023000.0
EMP-0876,2025-01,37178000.0,37027000.0
EMP-0876,2025-02,37428000.0,37586000.0
EMP-0876,2025-03,37250000.0,37115000.0
EMP-0876,2025-04,37080000.0,37556000.0
EMP-0876,2025-05,36326000.0,36010000.0
EMP-0876,2025-06,37183000.0,36858000.0
EMP-0876,2025-07,38833000.0,38843000.0
EMP-0876,2025-08,38373000.0,38942000.0
EMP-0876,2025-09,39662000.0,40268000.0
EMP-0876,2025-10,39341000.0,38674000.0
EMP-0876,2025-11,40374000.0,40775000.0
EMP-0876,2025-12,43197000.0,43247000.0
EMP-0877,2025-01,33230000.0,33064000.0
EMP-0877,2025-02,33961000.0,34442000.0
EMP-0877,2025-03,32370000.0,32614000.0
EMP-0877,2025-04,32201000.0,32428000.0
EMP-0877,2025-05,30905000.0,31031000.0
EMP-0877,2025-06,31027000.0,30896000.0
EMP-0877,2025-07,32690000.0,32754000.0
EMP-0877,2025-08,32714000.0,32819000.0
EMP-0877,2025-09,31029000.0,30699000.0
EMP-0877,2025-10,32161000.0,32380000.0
EMP-0877,2025-11,33206000.0,33656000.0
EMP-0877,2025-12,32617000.0,33082000.0
EMP-0878,2025-01,17236000.0,17087000.0
EMP-0878,2025-02,17284000.0,17236000.0
EMP-0878,2025-03,16301000.0,16430000.0
EMP-0878,2025-04,16445000.0,16425000.0
EMP-0878,2025-05,16746000.0,16642000.0
EMP-0878,2025-06,16012000.0,16204000.0
EMP-0878,2025-07,16536000.0,16506000.0
EMP-0878,2025-08,16463000.0,16235000.0
EMP-0878,2025-09,16602000.0,16732000.0
EMP-0878,2025-10,16245000.0,16423000.0
EMP-0878,2025-11,16390000.0,16332000.0
EMP-0878,2025-12,16619000.0,16738000.0
EMP-0879,2025-01,38425000.0,37772000.0
EMP-0879,2025-02,37888000.0,37873000.0
EMP-0879,2025-03,36889000.0,36734000.0
EMP-0879,2025-04,37587000.0,38128000.0
EMP-0879,2025-05,37871000.0,38360000.0
EMP-0879,2025-06,38226000.0,38114000.0
EMP-0879,2025-07,37261000.0,37181000.0
EMP-0879,2025-08,36170000.0,36800000.0
EMP-0879,2025-09,36146000.0,36686000.0
EMP-0879,2025-10,35695000.0,35346000.0
EMP-0879,2025-11,36318000.0,36278000.0
EMP-0879,2025-12,36723000.0,36961000.0
EMP-0880,2025-01,27518000.0,27652000.0
EMP-0880,2025-02,28293000.0,28577000.0
EMP-0880,2025-03,29246000.0,29108000.0
EMP-0880,2025-04,27956000.0,28146000.0
EMP-0880,2025-05,28204000.0,28259000.0
EMP-0880,2025-06,28235000.0,28552000.0
EMP-0880,2025-07,28532000.0,28374000.0
EMP-0880,2025-08,29155000.0,28943000.0
EMP-0880,2025-09,27994000.0,28134000.0
EMP-0880,2025-10,28734000.0,28856000.0
EMP-0880,2025-11,28467000.0,28415000.0
EMP-0880,2025-12,28119000.0,28180000.0
EMP-0881,2025-01,10761000.0,10759000.0
EMP-0881,2025-02,10998000.0,11101000.0
EMP-0881,2025-03,11308000.0,11307000.0
EMP-0881,2025-04,11253000.0,11278000.0
EMP-0881,2025-05,11057000.0,11002000.0
EMP-0881,2025-06,10711000.0,10806000.0
EMP-0881,2025-07,10821000.0,10821000.0
EMP-0881,2025-08,10817000.0,11044000.0
EMP-0881,2025-09,10914000.0,10866000.0
EMP-0881,2025-10,11049000.0,11066000.0
EMP-0881,2025-11,10757000.0,10771000.0
EMP-0881,2025-12,10891000.0,10880000.0
EMP-0882,2025-01,25795000.0,26195000.0
EMP-0882,2025-02,24955000.0,24467000.0
EMP-0882,2025-03,25244000.0,25463000.0
EMP-0882,2025-04,25360000.0,25337000.0
EMP-0882,2025-05,25169000.0,25287000.0
EMP-0882,2025-06,25798000.0,25690000.0
EMP-0882,2025-07,25097000.0,25122000.0
EMP-0882,2025-08,25034000.0,25069000.0
EMP-0882,2025-09,24258000.0,24115000.0
EMP-0882,2025-10,24748000.0,24664000.0
EMP-0882,2025-11,24784000.0,25305000.0
EMP-0882,2025-12,25019000.0,25022000.0
EMP-0883,2025-01,23031000.0,23037000.0
EMP-0883,2025-02,22083000.0,22379000.0
EMP-0883,2025-03,22648000.0,22811000.0
EMP-0883,2025-04,23557000.0,23575000.0
EMP-0883,2025-05,23550000.0,23522000.0
EMP-0883,2025-06,23911000.0,23839000.0
EMP-0883,2025-07,23689000.0,24161000.0
EMP-0883,2025-08,23852000.0,23641000.0
EMP-0883,2025-09,22822000.0,22600000.0
EMP-0883,2025-10,21754000.0,21631000.0
EMP-0883,2025-11,22754000.0,22513000.0
EMP-0883,2025-12,22221000.0,22281000.0
EMP-0884,2025-01,34858000.0,35156000.0
EMP-0884,2025-02,35057000.0,34916000.0
EMP-0884,2025-03,34729000.0,34492000.0
EMP-0884,2025-04,36518000.0,36848000.0
EMP-0884,2025-05,37068000.0,37163000.0
EMP-0884,2025-06,37503000.0,36494000.0
EMP-0884,2025-07,37606000.0,36943000.0
EMP-0884,2025-08,36351000.0,36566000.0
EMP-0884,2025-09,36398000.0,36956000.0
EMP-0884,2025-10,35625000.0,35693000.0
EMP-0884,2025-11,34436000.0,34536000.0
EMP-0884,2025-12,34493000.0,34534000.0
EMP-0885,2025-01,82592000.0,83222000.0
EMP-0885,2025-02,82480000.0,81558000.0
EMP-0885,2025-03,84820000.0,85079000.0
EMP-0885,2025-04,84949000.0,84982000.0
EMP-0885,2025-05,79788000.0,79650000.0
EMP-0885,2025-06,81107000.0,80657000.0
EMP-0885,2025-07,82190000.0,82325000.0
EMP-0885,2025-08,85918000.0,85234000.0
EMP-0885,2025-09,83799000.0,83436000.0
EMP-0885,2025-10,85529000.0,86035000.0
EMP-0885,2025-11,84417000.0,84540000.0
EMP-0885,2025-12,80450000.0,79296000.0
EMP-0886,2025-01,103699000.0,104801000.0
EMP-0886,2025-02,102464000.0,101981000.0
EMP-0886,2025-03,102479000.0,102935000.0
EMP-0886,2025-04,102745000.0,102500000.0
EMP-0886,2025-05,98779000.0,98756000.0
EMP-0886,2025-06,97726000.0,98868000.0
EMP-0886,2025-07,97155000.0,96359000.0
EMP-0886,2025-08,94847000.0,94935000.0
EMP-0886,2025-09,99867000.0,99044000.0
EMP-0886,2025-10,99206000.0,99511000.0
EMP-0886,2025-11,103523000.0,101497000.0
EMP-0886,2025-12,103310000.0,102352000.0
EMP-0887,2025-01,130260000.0,132384000.0
EMP-0887,2025-02,131257000.0,128903000.0
EMP-0887,2025-03,131531000.0,131032000.0
EMP-0887,2025-04,133814000.0,133154000.0
EMP-0887,2025-05,133147000.0,133540000.0
EMP-0887,2025-06,127551000.0,126579000.0
EMP-0887,2025-07,128267000.0,128464000.0
EMP-0887,2025-08,123518000.0,122983000.0
EMP-0887,2025-09,123981000.0,122636000.0
EMP-0887,2025-10,121138000.0,98870000.0
EMP-0887,2025-11,121591000.0,99240000.0
EMP-0887,2025-12,117072000.0,95552000.0
EMP-0888,2025-01,83991000.0,83261000.0
EMP-0888,2025-02,84476000.0,84186000.0
EMP-0888,2025-03,83816000.0,84249000.0
EMP-0888,2025-04,82928000.0,82337000.0
EMP-0888,2025-05,80960000.0,80530000.0
EMP-0888,2025-06,84958000.0,84538000.0
EMP-0888,2025-07,83525000.0,84023000.0
EMP-0888,2025-08,82903000.0,82690000.0
EMP-0888,2025-09,79601000.0,80721000.0
EMP-0888,2025-10,80794000.0,81163000.0
EMP-0888,2025-11,79542000.0,78951000.0
EMP-0888,2025-12,79360000.0,79659000.0
EMP-0889,2025-01,104749000.0,105424000.0
EMP-0889,2025-02,105236000.0,104241000.0
EMP-0889,2025-03,104634000.0,105230000.0
EMP-0889,2025-04,105456000.0,104932000.0
EMP-0889,2025-05,110030000.0,109788000.0
EMP-0889,2025-06,107192000.0,108239000.0
EMP-0889,2025-07,106521000.0,105544000.0
EMP-0889,2025-08,107969000.0,107662000.0
EMP-0889,2025-09,104524000.0,104502000.0
EMP-0889,2025-10,101068000.0,101803000.0
EMP-0889,2025-11,104714000.0,103871000.0
EMP-0889,2025-12,104351000.0,104861000.0
EMP-0890,2025-01,73956000.0,75071000.0
EMP-0890,2025-02,76153000.0,76317000.0
EMP-0890,2025-03,74883000.0,73627000.0
EMP-0890,2025-04,76929000.0,77981000.0
EMP-0890,2025-05,75207000.0,75233000.0
EMP-0890,2025-06,70430000.0,71843000.0
EMP-0890,2025-07,67797000.0,67733000.0
EMP-0890,2025-08,68533000.0,69327000.0
EMP-0890,2025-09,70616000.0,72113000.0
EMP-0890,2025-10,69648000.0,68420000.0
EMP-0890,2025-11,71506000.0,71149000.0
EMP-0890,2025-12,69628000.0,69482000.0
EMP-0891,2025-01,121662000.0,123392000.0
EMP-0891,2025-02,118112000.0,117216000.0
EMP-0891,2025-03,109982000.0,111269000.0
EMP-0891,2025-04,105748000.0,105705000.0
EMP-0891,2025-05,109982000.0,109387000.0
EMP-0891,2025-06,109153000.0,108477000.0
EMP-0891,2025-07,110293000.0,111495000.0
EMP-0891,2025-08,108808000.0,109345000.0
EMP-0891,2025-09,108436000.0,107870000.0
EMP-0891,2025-10,114362000.0,116448000.0
EMP-0891,2025-11,108758000.0,109132000.0
EMP-0891,2025-12,109609000.0,110433000.0
EMP-0892,2025-01,77370000.0,79269000.0
EMP-0892,2025-02,75481000.0,76109000.0
EMP-0892,2025-03,78371000.0,79195000.0
EMP-0892,2025-04,75764000.0,75611000.0
EMP-0892,2025-05,79835000.0,79919000.0
EMP-0892,2025-06,80097000.0,79798000.0
EMP-0892,2025-07,81234000.0,81117000.0
EMP-0892,2025-08,80411000.0,80685000.0
EMP-0892,2025-09,78197000.0,77453000.0
EMP-0892,2025-10,78003000.0,78877000.0
EMP-0892,2025-11,75402000.0,75825000.0
EMP-0892,2025-12,76886000.0,77024000.0
EMP-0893,2025-01,86602000.0,86952000.0
EMP-0893,2025-02,90070000.0,89966000.0
EMP-0893,2025-03,86852000.0,85598000.0
EMP-0893,2025-04,87538000.0,86161000.0
EMP-0893,2025-05,88944000.0,88349000.0
EMP-0893,2025-06,88033000.0,89151000.0
EMP-0893,2025-07,84687000.0,83830000.0
EMP-0893,2025-08,91289000.0,90783000.0
EMP-0893,2025-09,89414000.0,91336000.0
EMP-0893,2025-10,83051000.0,82767000.0
EMP-0893,2025-11,85366000.0,83401000.0
EMP-0893,2025-12,81018000.0,80692000.0
EMP-0894,2025-01,119076000.0,118175000.0
EMP-0894,2025-02,117635000.0,117442000.0
EMP-0894,2025-03,118001000.0,118172000.0
EMP-0894,2025-04,116332000.0,118714000.0
EMP-0894,2025-05,118000000.0,118212000.0
EMP-0894,2025-06,114491000.0,113797000.0
EMP-0894,2025-07,117006000.0,116505000.0
EMP-0894,2025-08,120904000.0,120488000.0
EMP-0894,2025-09,118896000.0,119992000.0
EMP-0894,2025-10,119827000.0,121116000.0
EMP-0894,2025-11,125728000.0,124645000.0
EMP-0894,2025-12,127106000.0,127163000.0
EMP-0895,2025-01,43029000.0,42677000.0
EMP-0895,2025-02,44305000.0,44083000.0
EMP-0895,2025-03,45672000.0,45909000.0
EMP-0895,2025-04,43047000.0,43232000.0
EMP-0895,2025-05,44097000.0,43840000.0
EMP-0895,2025-06,43370000.0,44132000.0
EMP-0895,2025-07,41925000.0,42195000.0
EMP-0895,2025-08,40727000.0,41158000.0
EMP-0895,2025-09,41070000.0,41063000.0
EMP-0895,2025-10,41592000.0,41652000.0
EMP-0895,2025-11,41635000.0,41890000.0
EMP-0895,2025-12,42500000.0,42574000.0
EMP-0896,2025-01,61316000.0,61743000.0
EMP-0896,2025-02,65647000.0,66210000.0
EMP-0896,2025-03,67310000.0,66413000.0
EMP-0896,2025-04,65920000.0,65968000.0
EMP-0896,2025-05,67553000.0,66912000.0
EMP-0896,2025-06,67401000.0,66739000.0
EMP-0896,2025-07,68165000.0,68773000.0
EMP-0896,2025-08,68092000.0,68373000.0
EMP-0896,2025-09,71840000.0,72526000.0
EMP-0896,2025-10,69747000.0,69766000.0
EMP-0896,2025-11,64985000.0,64968000.0
EMP-0896,2025-12,65285000.0,65653000.0
EMP-0897,2025-01,133878000.0,134970000.0
EMP-0897,2025-02,136511000.0,135467000.0
EMP-0897,2025-03,140126000.0,140670000.0
EMP-0897,2025-04,136608000.0,136067000.0
EMP-0897,2025-05,139635000.0,139085000.0
EMP-0897,2025-06,140464000.0,141546000.0
EMP-0897,2025-07,143384000.0,143685000.0
EMP-0897,2025-08,145851000.0,145921000.0
EMP-0897,2025-09,153114000.0,150570000.0
EMP-0897,2025-10,153532000.0,152962000.0
EMP-0897,2025-11,151538000.0,152358000.0
EMP-0897,2025-12,146651000.0,147870000.0
EMP-0898,2025-01,104295000.0,104141000.0
EMP-0898,2025-02,102713000.0,102444000.0
EMP-0898,2025-03,103384000.0,102082000.0
EMP-0898,2025-04,101265000.0,100694000.0
EMP-0898,2025-05,98232000.0,98102000.0
EMP-0898,2025-06,96957000.0,97114000.0
EMP-0898,2025-07,98826000.0,99485000.0
EMP-0898,2025-08,100812000.0,101628000.0
EMP-0898,2025-09,101341000.0,99804000.0
EMP-0898,2025-10,100216000.0,100274000.0
EMP-0898,2025-11,99311000.0,99044000.0
EMP-0898,2025-12,100620000.0,100855000.0
EMP-0899,2025-01,117873000.0,118241000.0
EMP-0899,2025-02,120546000.0,119126000.0
EMP-0899,2025-03,119031000.0,121560000.0
EMP-0899,2025-04,113903000.0,114387000.0
EMP-0899,2025-05,116593000.0,115629000.0
EMP-0899,2025-06,115439000.0,115014000.0
EMP-0899,2025-07,112427000.0,111232000.0
EMP-0899,2025-08,108492000.0,108353000.0
EMP-0899,2025-09,111203000.0,111210000.0
EMP-0899,2025-10,110361000.0,110980000.0
EMP-0899,2025-11,115629000.0,115180000.0
EMP-0899,2025-12,112920000.0,115738000.0
EMP-0900,2025-01,86587000.0,86043000.0
EMP-0900,2025-02,83005000.0,82582000.0
EMP-0900,2025-03,83765000.0,83771000.0
EMP-0900,2025-04,85903000.0,85298000.0
EMP-0900,2025-05,86657000.0,87361000.0
EMP-0900,2025-06,80815000.0,80000000.0
EMP-0900,2025-07,85435000.0,85967000.0
EMP-0900,2025-08,84997000.0,84848000.0
EMP-0900,2025-09,87736000.0,89367000.0
EMP-0900,2025-10,86803000.0,86214000.0
EMP-0900,2025-11,85959000.0,87136000.0
EMP-0900,2025-12,87081000.0,87292000.0
EMP-0901,2025-01,99311000.0,99894000.0
EMP-0901,2025-02,100165000.0,98717000.0
EMP-0901,2025-03,99970000.0,99906000.0
EMP-0901,2025-04,94404000.0,94234000.0
EMP-0901,2025-05,94371000.0,95175000.0
EMP-0901,2025-06,93772000.0,93442000.0
EMP-0901,2025-07,96011000.0,97637000.0
EMP-0901,2025-08,94951000.0,94775000.0
EMP-0901,2025-09,95465000.0,93600000.0
EMP-0901,2025-10,94359000.0,94073000.0
EMP-0901,2025-11,95319000.0,95475000.0
EMP-0901,2025-12,94052000.0,94596000.0
EMP-0902,2025-01,119112000.0,118945000.0
EMP-0902,2025-02,121602000.0,124331000.0
EMP-0902,2025-03,119594000.0,120102000.0
EMP-0902,2025-04,116906000.0,116440000.0
EMP-0902,2025-05,111724000.0,110936000.0
EMP-0902,2025-06,113883000.0,115503000.0
EMP-0902,2025-07,115205000.0,114993000.0
EMP-0902,2025-08,111879000.0,112455000.0
EMP-0902,2025-09,109212000.0,110438000.0
EMP-0902,2025-10,112698000.0,112179000.0
EMP-0902,2025-11,116474000.0,116088000.0
EMP-0902,2025-12,116635000.0,118282000.0
EMP-0903,2025-01,118461000.0,117268000.0
EMP-0903,2025-02,118663000.0,119546000.0
EMP-0903,2025-03,118250000.0,119723000.0
EMP-0903,2025-04,123506000.0,123003000.0
EMP-0903,2025-05,128500000.0,130252000.0
EMP-0903,2025-06,121706000.0,121763000.0
EMP-0903,2025-07,118850000.0,118242000.0
EMP-0903,2025-08,124218000.0,123362000.0
EMP-0903,2025-09,122098000.0,123370000.0
EMP-0903,2025-10,120599000.0,120245000.0
EMP-0903,2025-11,127888000.0,128084000.0
EMP-0903,2025-12,122289000.0,122705000.0
EMP-0904,2025-01,102991000.0,101312000.0
EMP-0904,2025-02,100292000.0,100189000.0
EMP-0904,2025-03,99284000.0,100223000.0
EMP-0904,2025-04,96968000.0,95761000.0
EMP-0904,2025-05,99375000.0,98935000.0
EMP-0904,2025-06,104698000.0,104619000.0
EMP-0904,2025-07,101587000.0,101657000.0
EMP-0904,2025-08,97258000.0,97448000.0
EMP-0904,2025-09,98840000.0,99421000.0
EMP-0904,2025-10,96000000.0,97139000.0
EMP-0904,2025-11,94760000.0,95361000.0
EMP-0904,2025-12,99586000.0,99425000.0
EMP-0905,2025-01,64795000.0,64870000.0
EMP-0905,2025-02,65232000.0,65918000.0
EMP-0905,2025-03,65037000.0,65270000.0
EMP-0905,2025-04,60547000.0,60987000.0
EMP-0905,2025-05,61784000.0,61983000.0
EMP-0905,2025-06,61372000.0,61183000.0
EMP-0905,2025-07,62533000.0,61688000.0
EMP-0905,2025-08,62258000.0,61964000.0
EMP-0905,2025-09,61202000.0,61358000.0
EMP-0905,2025-10,59292000.0,59163000.0
EMP-0905,2025-11,57146000.0,56961000.0
EMP-0905,2025-12,55683000.0,55440000.0
EMP-0906,2025-01,63332000.0,63514000.0
EMP-0906,2025-02,66067000.0,66404000.0
EMP-0906,2025-03,63097000.0,62690000.0
EMP-0906,2025-04,62782000.0,62812000.0
EMP-0906,2025-05,61149000.0,61626000.0
EMP-0906,2025-06,57241000.0,58083000.0
EMP-0906,2025-07,59655000.0,60247000.0
EMP-0906,2025-08,58378000.0,58736000.0
EMP-0906,2025-09,57630000.0,57377000.0
EMP-0906,2025-10,56041000.0,56223000.0
EMP-0906,2025-11,56826000.0,57362000.0
EMP-0906,2025-12,57940000.0,57479000.0
EMP-0907,2025-01,131157000.0,129843000.0
EMP-0907,2025-02,132427000.0,132723000.0
EMP-0907,2025-03,131400000.0,129432000.0
EMP-0907,2025-04,134964000.0,134370000.0
EMP-0907,2025-05,130371000.0,129592000.0
EMP-0907,2025-06,128619000.0,129143000.0
EMP-0907,2025-07,127489000.0,127060000.0
EMP-0907,2025-08,124129000.0,124229000.0
EMP-0907,2025-09,126398000.0,125677000.0
EMP-0907,2025-10,127319000.0,127657000.0
EMP-0907,2025-11,118779000.0,118707000.0
EMP-0907,2025-12,123536000.0,122194000.0
EMP-0908,2025-01,60671000.0,60828000.0
EMP-0908,2025-02,60210000.0,60405000.0
EMP-0908,2025-03,59592000.0,60081000.0
EMP-0908,2025-04,59310000.0,59723000.0
EMP-0908,2025-05,61406000.0,61968000.0
EMP-0908,2025-06,59730000.0,59550000.0
EMP-0908,2025-07,62319000.0,62605000.0
EMP-0908,2025-08,62001000.0,61227000.0
EMP-0908,2025-09,60129000.0,59065000.0
EMP-0908,2025-10,63467000.0,62896000.0
EMP-0908,2025-11,64262000.0,63056000.0
EMP-0908,2025-12,67012000.0,67251000.0
EMP-0909,2025-01,68691000.0,68842000.0
EMP-0909,2025-02,71415000.0,70339000.0
EMP-0909,2025-03,72565000.0,73559000.0
EMP-0909,2025-04,75265000.0,75356000.0
EMP-0909,2025-05,78883000.0,77837000.0
EMP-0909,2025-06,79537000.0,80497000.0
EMP-0909,2025-07,84501000.0,83897000.0
EMP-0909,2025-08,85702000.0,86002000.0
EMP-0909,2025-09,89405000.0,89706000.0
EMP-0909,2025-10,87368000.0,86281000.0
EMP-0909,2025-11,85738000.0,86889000.0
EMP-0909,2025-12,83564000.0,85677000.0
EMP-0910,2025-01,44048000.0,43599000.0
EMP-0910,2025-02,45628000.0,45808000.0
EMP-0910,2025-03,44394000.0,44529000.0
EMP-0910,2025-04,42857000.0,42962000.0
EMP-0910,2025-05,41675000.0,42498000.0
EMP-0910,2025-06,43237000.0,43334000.0
EMP-0910,2025-07,44482000.0,44705000.0
EMP-0910,2025-08,44826000.0,45304000.0
EMP-0910,2025-09,46323000.0,47170000.0
EMP-0910,2025-10,45796000.0,45496000.0
EMP-0910,2025-11,44574000.0,44496000.0
EMP-0910,2025-12,43694000.0,43849000.0
EMP-0911,2025-01,118594000.0,117681000.0
EMP-0911,2025-02,115752000.0,116990000.0
EMP-0911,2025-03,116048000.0,116190000.0
EMP-0911,2025-04,117442000.0,116223000.0
EMP-0911,2025-05,121308000.0,121185000.0
EMP-0911,2025-06,118017000.0,116820000.0
EMP-0911,2025-07,116130000.0,115771000.0
EMP-0911,2025-08,113501000.0,111137000.0
EMP-0911,2025-09,111978000.0,112954000.0
EMP-0911,2025-10,115854000.0,115312000.0
EMP-0911,2025-11,112730000.0,111679000.0
EMP-0911,2025-12,113432000.0,113264000.0
EMP-0912,2025-01,100890000.0,102108000.0
EMP-0912,2025-02,101371000.0,102012000.0
EMP-0912,2025-03,102467000.0,104406000.0
EMP-0912,2025-04,98311000.0,96986000.0
EMP-0912,2025-05,99130000.0,97753000.0
EMP-0912,2025-06,98789000.0,98542000.0
EMP-0912,2025-07,97106000.0,98676000.0
EMP-0912,2025-08,98987000.0,99758000.0
EMP-0912,2025-09,98486000.0,99310000.0
EMP-0912,2025-10,97161000.0,96189000.0
EMP-0912,2025-11,97425000.0,97061000.0
EMP-0912,2025-12,97792000.0,97432000.0
EMP-0913,2025-01,121408000.0,121883000.0
EMP-0913,2025-02,122768000.0,123729000.0
EMP-0913,2025-03,120139000.0,120122000.0
EMP-0913,2025-04,121780000.0,120445000.0
EMP-0913,2025-05,120243000.0,119371000.0
EMP-0913,2025-06,128017000.0,128818000.0
EMP-0913,2025-07,121590000.0,123274000.0
EMP-0913,2025-08,124907000.0,125490000.0
EMP-0913,2025-09,121726000.0,121185000.0
EMP-0913,2025-10,120198000.0,119452000.0
EMP-0913,2025-11,116847000.0,116493000.0
EMP-0913,2025-12,118294000.0,120060000.0
EMP-0914,2025-01,53588000.0,53282000.0
EMP-0914,2025-02,54693000.0,54219000.0
EMP-0914,2025-03,52522000.0,52292000.0
EMP-0914,2025-04,53078000.0,53140000.0
EMP-0914,2025-05,56057000.0,55850000.0
EMP-0914,2025-06,54969000.0,54729000.0
EMP-0914,2025-07,53285000.0,53528000.0
EMP-0914,2025-08,53700000.0,52983000.0
EMP-0914,2025-09,55511000.0,55251000.0
EMP-0914,2025-10,57523000.0,57439000.0
EMP-0914,2025-11,56337000.0,56562000.0
EMP-0914,2025-12,54788000.0,54444000.0
EMP-0915,2025-01,123984000.0,122403000.0
EMP-0915,2025-02,118040000.0,118617000.0
EMP-0915,2025-03,115522000.0,118352000.0
EMP-0915,2025-04,110821000.0,110652000.0
EMP-0915,2025-05,110599000.0,111038000.0
EMP-0915,2025-06,115678000.0,115540000.0
EMP-0915,2025-07,112953000.0,112471000.0
EMP-0915,2025-08,110762000.0,111437000.0
EMP-0915,2025-09,115042000.0,114701000.0
EMP-0915,2025-10,117692000.0,96965000.0
EMP-0915,2025-11,113818000.0,93773000.0
EMP-0915,2025-12,112755000.0,92897000.0
EMP-0916,2025-01,57239000.0,57751000.0
EMP-0916,2025-02,59506000.0,59993000.0
EMP-0916,2025-03,58407000.0,59037000.0
EMP-0916,2025-04,56759000.0,56125000.0
EMP-0916,2025-05,55624000.0,55621000.0
EMP-0916,2025-06,55062000.0,56283000.0
EMP-0916,2025-07,55194000.0,54475000.0
EMP-0916,2025-08,54610000.0,54351000.0
EMP-0916,2025-09,55567000.0,55549000.0
EMP-0916,2025-10,55111000.0,54840000.0
EMP-0916,2025-11,54036000.0,53796000.0
EMP-0916,2025-12,53275000.0,53077000.0
EMP-0917,2025-01,81035000.0,79938000.0
EMP-0917,2025-02,80363000.0,79491000.0
EMP-0917,2025-03,80456000.0,80002000.0
EMP-0917,2025-04,84717000.0,82051000.0
EMP-0917,2025-05,85057000.0,84116000.0
EMP-0917,2025-06,84937000.0,84948000.0
EMP-0917,2025-07,81615000.0,81199000.0
EMP-0917,2025-08,83681000.0,82883000.0
EMP-0917,2025-09,85005000.0,84841000.0
EMP-0917,2025-10,85788000.0,85544000.0
EMP-0917,2025-11,87674000.0,88207000.0
EMP-0917,2025-12,88456000.0,88627000.0
EMP-0918,2025-01,51202000.0,51110000.0
EMP-0918,2025-02,48562000.0,48037000.0
EMP-0918,2025-03,48376000.0,48286000.0
EMP-0918,2025-04,49985000.0,49043000.0
EMP-0918,2025-05,48332000.0,49294000.0
EMP-0918,2025-06,47845000.0,47087000.0
EMP-0918,2025-07,46560000.0,46594000.0
EMP-0918,2025-08,45659000.0,45444000.0
EMP-0918,2025-09,45828000.0,45770000.0
EMP-0918,2025-10,46021000.0,46069000.0
EMP-0918,2025-11,47455000.0,46959000.0
EMP-0918,2025-12,47431000.0,47742000.0
EMP-0919,2025-01,2925000.0,2949000.0
EMP-0919,2025-02,2816000.0,2808000.0
EMP-0919,2025-03,2985000.0,3002000.0
EMP-0919,2025-04,2946000.0,2997000.0
EMP-0919,2025-05,3061000.0,3073000.0
EMP-0919,2025-06,2987000.0,2998000.0
EMP-0919,2025-07,3017000.0,2967000.0
EMP-0919,2025-08,3019000.0,3044000.0
EMP-0919,2025-09,3023000.0,3013000.0
EMP-0919,2025-10,2883000.0,2907000.0
EMP-0919,2025-11,2913000.0,2920000.0
EMP-0919,2025-12,2874000.0,2838000.0
EMP-0920,2025-01,3801000.0,3791000.0
EMP-0920,2025-02,3818000.0,3861000.0
EMP-0920,2025-03,3687000.0,3799000.0
EMP-0920,2025-04,3573000.0,3541000.0
EMP-0920,2025-05,3541000.0,3487000.0
EMP-0920,2025-06,3567000.0,3566000.0
EMP-0920,2025-07,3471000.0,3480000.0
EMP-0920,2025-08,3375000.0,3394000.0
EMP-0920,2025-09,3364000.0,3398000.0
EMP-0920,2025-10,3444000.0,3460000.0
EMP-0920,2025-11,3401000.0,3375000.0
EMP-0920,2025-12,3388000.0,3400000.0
EMP-0921,2025-01,5034000.0,4975000.0
EMP-0921,2025-02,4917000.0,4844000.0
EMP-0921,2025-03,4883000.0,4942000.0
EMP-0921,2025-04,4815000.0,4864000.0
EMP-0921,2025-05,4735000.0,4635000.0
EMP-0921,2025-06,4731000.0,4787000.0
EMP-0921,2025-07,4699000.0,4706000.0
EMP-0921,2025-08,4743000.0,4792000.0
EMP-0921,2025-09,4610000.0,4532000.0
EMP-0921,2025-10,4571000.0,4543000.0
EMP-0921,2025-11,4843000.0,4809000.0
EMP-0921,2025-12,4587000.0,4577000.0
EMP-0922,2025-01,5478000.0,5483000.0
EMP-0922,2025-02,5481000.0,5361000.0
EMP-0922,2025-03,5393000.0,5364000.0
EMP-0922,2025-04,5429000.0,5402000.0
EMP-0922,2025-05,5198000.0,5164000.0
EMP-0922,2025-06,5268000.0,5252000.0
EMP-0922,2025-07,5109000.0,5226000.0
EMP-0922,2025-08,5150000.0,5144000.0
EMP-0922,2025-09,5105000.0,5023000.0
EMP-0922,2025-10,5376000.0,5411000.0
EMP-0922,2025-11,5232000.0,5278000.0
EMP-0922,2025-12,5297000.0,5333000.0
EMP-0923,2025-01,2887000.0,2866000.0
EMP-0923,2025-02,2786000.0,2817000.0
EMP-0923,2025-03,2840000.0,2856000.0
EMP-0923,2025-04,2747000.0,2768000.0
EMP-0923,2025-05,2693000.0,2705000.0
EMP-0923,2025-06,2619000.0,2644000.0
EMP-0923,2025-07,2654000.0,2657000.0
EMP-0923,2025-08,2620000.0,2630000.0
EMP-0923,2025-09,2637000.0,2627000.0
EMP-0923,2025-10,2625000.0,2614000.0
EMP-0923,2025-11,2680000.0,2725000.0
EMP-0923,2025-12,2752000.0,2737000.0
EMP-0924,2025-01,4660000.0,4645000.0
EMP-0924,2025-02,4775000.0,4757000.0
EMP-0924,2025-03,4511000.0,4525000.0
EMP-0924,2025-04,4846000.0,4775000.0
EMP-0924,2025-05,4720000.0,4682000.0
EMP-0924,2025-06,4735000.0,4725000.0
EMP-0924,2025-07,4961000.0,4965000.0
EMP-0924,2025-08,4941000.0,4880000.0
EMP-0924,2025-09,4884000.0,4903000.0
EMP-0924,2025-10,4853000.0,4822000.0
EMP-0924,2025-11,4583000.0,4587000.0
EMP-0924,2025-12,4685000.0,4734000.0
EMP-0925,2025-01,2416000.0,2420000.0
EMP-0925,2025-02,2442000.0,2456000.0
EMP-0925,2025-03,2259000.0,2234000.0
EMP-0925,2025-04,2234000.0,2199000.0
EMP-0925,2025-05,2257000.0,2277000.0
EMP-0925,2025-06,2274000.0,2308000.0
EMP-0925,2025-07,2333000.0,2365000.0
EMP-0925,2025-08,2366000.0,2341000.0
EMP-0925,2025-09,2264000.0,2250000.0
EMP-0925,2025-10,2293000.0,2247000.0
EMP-0925,2025-11,2277000.0,2257000.0
EMP-0925,2025-12,2312000.0,2309000.0
EMP-0926,2025-01,3176000.0,3188000.0
EMP-0926,2025-02,3322000.0,3324000.0
EMP-0926,2025-03,3345000.0,3377000.0
EMP-0926,2025-04,3328000.0,3358000.0
EMP-0926,2025-05,3270000.0,3269000.0
EMP-0926,2025-06,3307000.0,3330000.0
EMP-0926,2025-07,3186000.0,3187000.0
EMP-0926,2025-08,3217000.0,3251000.0
EMP-0926,2025-09,3397000.0,3440000.0
EMP-0926,2025-10,3368000.0,3376000.0
EMP-0926,2025-11,3296000.0,3309000.0
EMP-0926,2025-12,3267000.0,3280000.0
EMP-0927,2025-01,5052000.0,5038000.0
EMP-0927,2025-02,5034000.0,5096000.0
EMP-0927,2025-03,5143000.0,5058000.0
EMP-0927,2025-04,5138000.0,5148000.0
EMP-0927,2025-05,5313000.0,5343000.0
EMP-0927,2025-06,5232000.0,5230000.0
EMP-0927,2025-07,5437000.0,5411000.0
EMP-0927,2025-08,5503000.0,5564000.0
EMP-0927,2025-09,5486000.0,5412000.0
EMP-0927,2025-10,5568000.0,5608000.0
EMP-0927,2025-11,5452000.0,5431000.0
EMP-0927,2025-12,5503000.0,5428000.0
EMP-0928,2025-01,4219000.0,4228000.0
EMP-0928,2025-02,4308000.0,4254000.0
EMP-0928,2025-03,4345000.0,4298000.0
EMP-0928,2025-04,4245000.0,4235000.0
EMP-0928,2025-05,4452000.0,4499000.0
EMP-0928,2025-06,4492000.0,4535000.0
EMP-0928,2025-07,4314000.0,4328000.0
EMP-0928,2025-08,4318000.0,4344000.0
EMP-0928,2025-09,4522000.0,4551000.0
EMP-0928,2025-10,4718000.0,4665000.0
EMP-0928,2025-11,4582000.0,4664000.0
EMP-0928,2025-12,4714000.0,4686000.0
EMP-0929,2025-01,1946000.0,1916000.0
EMP-0929,2025-02,1937000.0,1904000.0
EMP-0929,2025-03,1963000.0,1919000.0
EMP-0929,2025-04,1930000.0,1912000.0
EMP-0929,2025-05,2016000.0,2009000.0
EMP-0929,2025-06,1942000.0,1932000.0
EMP-0929,2025-07,1930000.0,1923000.0
EMP-0929,2025-08,1914000.0,1897000.0
EMP-0929,2025-09,1951000.0,1959000.0
EMP-0929,2025-10,1915000.0,1927000.0
EMP-0929,2025-11,1903000.0,1911000.0
EMP-0929,2025-12,1912000.0,1869000.0
EMP-0930,2025-11,4650000.0,4661000.0
EMP-0930,2025-12,4832000.0,4816000.0
EMP-0931,2025-01,2165000.0,2153000.0
EMP-0931,2025-02,2018000.0,2044000.0
EMP-0931,2025-03,2051000.0,2062000.0
EMP-0931,2025-04,2070000.0,2038000.0
EMP-0931,2025-05,1967000.0,1990000.0
EMP-0931,2025-06,2054000.0,2033000.0
EMP-0931,2025-07,2194000.0,2183000.0
EMP-0931,2025-08,1991000.0,1988000.0
EMP-0931,2025-09,1961000.0,1929000.0
EMP-0931,2025-10,1996000.0,1989000.0
EMP-0931,2025-11,1983000.0,1959000.0
EMP-0931,2025-12,1989000.0,1982000.0
EMP-0932,2025-01,4465000.0,4495000.0
EMP-0932,2025-02,4653000.0,4740000.0
EMP-0932,2025-03,4423000.0,4498000.0
EMP-0932,2025-04,4260000.0,4218000.0
EMP-0932,2025-05,4369000.0,4465000.0
EMP-0932,2025-06,4346000.0,4308000.0
EMP-0932,2025-07,4415000.0,4356000.0
EMP-0932,2025-08,4206000.0,4197000.0
EMP-0932,2025-09,4219000.0,4198000.0
EMP-0932,2025-10,4111000.0,4080000.0
EMP-0932,2025-11,4126000.0,4096000.0
EMP-0932,2025-12,4210000.0,4254000.0
EMP-0933,2025-01,5467000.0,5461000.0
EMP-0933,2025-02,5457000.0,5412000.0
EMP-0933,2025-03,5522000.0,5441000.0
EMP-0933,2025-04,5388000.0,5333000.0
EMP-0933,2025-05,5474000.0,5449000.0
EMP-0933,2025-06,5809000.0,5806000.0
EMP-0933,2025-07,5781000.0,5799000.0
EMP-0933,2025-08,5684000.0,5685000.0
EMP-0933,2025-09,5494000.0,5523000.0
EMP-0933,2025-10,5561000.0,5550000.0
EMP-0933,2025-11,5701000.0,5714000.0
EMP-0933,2025-12,5609000.0,5554000.0
EMP-0934,2025-01,4359000.0,4386000.0
EMP-0934,2025-02,4173000.0,4189000.0
EMP-0934,2025-03,4294000.0,4341000.0
EMP-0934,2025-04,4466000.0,4520000.0
EMP-0934,2025-05,4274000.0,4382000.0
EMP-0934,2025-06,4251000.0,4318000.0
EMP-0934,2025-07,4165000.0,4180000.0
EMP-0934,2025-08,4400000.0,4462000.0
EMP-0934,2025-09,4347000.0,4422000.0
EMP-0934,2025-10,4397000.0,4372000.0
EMP-0934,2025-11,4520000.0,4474000.0
EMP-0934,2025-12,4472000.0,4402000.0
EMP-0935,2025-01,3429000.0,3427000.0
EMP-0935,2025-02,3455000.0,3418000.0
EMP-0935,2025-03,3363000.0,3425000.0
EMP-0935,2025-04,3347000.0,3277000.0
EMP-0935,2025-05,3211000.0,3194000.0
EMP-0935,2025-06,3135000.0,3171000.0
EMP-0935,2025-07,3236000.0,3240000.0
EMP-0935,2025-08,3246000.0,3272000.0
EMP-0935,2025-09,3236000.0,3202000.0
EMP-0935,2025-10,3139000.0,3093000.0
EMP-0935,2025-11,3016000.0,3035000.0
EMP-0935,2025-12,3150000.0,3166000.0
EMP-0936,2025-01,4840000.0,4876000.0
EMP-0936,2025-02,4936000.0,4930000.0
EMP-0936,2025-03,4891000.0,4976000.0
EMP-0936,2025-04,4913000.0,4922000.0
EMP-0936,2025-05,5091000.0,5130000.0
EMP-0936,2025-06,4996000.0,5018000.0
EMP-0936,2025-07,5013000.0,4912000.0
EMP-0936,2025-08,5199000.0,5224000.0
EMP-0936,2025-09,4892000.0,4925000.0
EMP-0936,2025-10,4963000.0,5011000.0
EMP-0936,2025-11,5167000.0,5131000.0
EMP-0936,2025-12,4874000.0,4922000.0
EMP-0937,2025-01,2320000.0,2291000.0
EMP-0937,2025-02,2349000.0,2357000.0
EMP-0937,2025-03,2316000.0,2302000.0
EMP-0937,2025-04,2344000.0,2315000.0
EMP-0937,2025-05,2168000.0,2146000.0
EMP-0937,2025-06,2155000.0,2179000.0
EMP-0937,2025-07,2285000.0,2309000.0
EMP-0937,2025-08,2263000.0,2249000.0
EMP-0937,2025-09,2165000.0,2161000.0
EMP-0937,2025-10,2223000.0,2193000.0
EMP-0937,2025-11,2238000.0,2262000.0
EMP-0937,2025-12,2221000.0,2243000.0
EMP-0938,2025-01,4633000.0,4567000.0
EMP-0938,2025-02,4496000.0,4413000.0
EMP-0938,2025-03,4436000.0,4515000.0
EMP-0938,2025-04,4482000.0,4517000.0
EMP-0938,2025-05,4462000.0,4471000.0
EMP-0938,2025-06,4416000.0,4389000.0
EMP-0938,2025-07,4206000.0,4182000.0
EMP-0938,2025-08,4415000.0,4416000.0
EMP-0938,2025-09,4323000.0,4377000.0
EMP-0938,2025-10,4361000.0,4331000.0
EMP-0938,2025-11,4419000.0,4467000.0
EMP-0938,2025-12,4332000.0,4299000.0
EMP-0939,2025-01,2047000.0,2017000.0
EMP-0939,2025-02,2124000.0,2124000.0
EMP-0939,2025-03,2228000.0,2244000.0
EMP-0939,2025-04,2301000.0,2322000.0
EMP-0939,2025-05,2285000.0,2260000.0
EMP-0939,2025-06,2228000.0,2261000.0
EMP-0939,2025-07,2276000.0,2253000.0
EMP-0939,2025-08,2285000.0,2294000.0
EMP-0939,2025-09,2328000.0,2300000.0
EMP-0939,2025-10,2363000.0,2371000.0
EMP-0939,2025-11,2314000.0,2310000.0
EMP-0939,2025-12,2245000.0,2240000.0
EMP-0940,2025-01,1941000.0,1958000.0
EMP-0940,2025-02,1929000.0,1943000.0
EMP-0940,2025-03,1851000.0,1863000.0
EMP-0940,2025-04,1815000.0,1777000.0
EMP-0940,2025-05,1831000.0,1830000.0
EMP-0940,2025-06,1812000.0,1837000.0
EMP-0940,2025-07,1809000.0,1800000.0
EMP-0940,2025-08,1832000.0,1861000.0
EMP-0940,2025-09,1819000.0,1836000.0
EMP-0940,2025-10,1806000.0,1798000.0
EMP-0940,2025-11,1806000.0,1801000.0
EMP-0940,2025-12,1815000.0,1778000.0
EMP-0941,2025-01,3788000.0,3789000.0
EMP-0941,2025-02,3789000.0,3752000.0
EMP-0941,2025-03,3664000.0,3607000.0
EMP-0941,2025-04,3905000.0,3964000.0
EMP-0941,2025-05,4019000.0,3987000.0
EMP-0941,2025-06,4046000.0,4127000.0
EMP-0941,2025-07,4001000.0,3929000.0
EMP-0941,2025-08,3925000.0,3858000.0
EMP-0941,2025-09,3903000.0,3920000.0
EMP-0941,2025-10,4016000.0,4043000.0
EMP-0941,2025-11,4015000.0,4100000.0
EMP-0941,2025-12,4000000.0,3973000.0
EMP-0942,2025-01,2268000.0,2264000.0
EMP-0942,2025-02,2119000.0,2146000.0
EMP-0942,2025-03,2157000.0,2150000.0
EMP-0942,2025-04,2187000.0,2195000.0
EMP-0942,2025-05,2136000.0,2099000.0
EMP-0942,2025-06,2152000.0,2177000.0
EMP-0942,2025-07,2154000.0,2220000.0
EMP-0942,2025-08,2250000.0,2232000.0
EMP-0942,2025-09,2397000.0,2465000.0
EMP-0942,2025-10,2349000.0,2377000.0
EMP-0942,2025-11,2305000.0,2328000.0
EMP-0942,2025-12,2395000.0,2401000.0
EMP-0943,2025-01,6854000.0,6864000.0
EMP-0943,2025-02,6898000.0,6935000.0
EMP-0943,2025-03,6672000.0,6691000.0
EMP-0943,2025-04,6840000.0,6680000.0
EMP-0943,2025-05,7031000.0,7050000.0
EMP-0943,2025-06,6977000.0,7107000.0
EMP-0943,2025-07,6906000.0,6951000.0
EMP-0943,2025-08,7058000.0,6954000.0
EMP-0943,2025-09,6852000.0,6826000.0
EMP-0943,2025-10,6892000.0,6982000.0
EMP-0943,2025-11,6864000.0,6896000.0
EMP-0943,2025-12,6937000.0,7026000.0
EMP-0944,2025-01,6533000.0,6568000.0
EMP-0944,2025-02,6657000.0,6739000.0
EMP-0944,2025-03,6523000.0,6566000.0
EMP-0944,2025-04,6668000.0,6687000.0
EMP-0944,2025-05,6176000.0,6222000.0
EMP-0944,2025-06,6064000.0,5916000.0
EMP-0944,2025-07,6378000.0,6332000.0
EMP-0944,2025-08,6370000.0,6426000.0
EMP-0944,2025-09,6148000.0,6045000.0
EMP-0944,2025-10,6040000.0,6108000.0
EMP-0944,2025-11,6242000.0,6250000.0
EMP-0944,2025-12,6272000.0,6210000.0
EMP-0945,2025-01,4247000.0,4252000.0
EMP-0945,2025-02,4130000.0,4088000.0
EMP-0945,2025-03,4200000.0,4233000.0
EMP-0945,2025-04,4136000.0,4193000.0
EMP-0945,2025-05,4125000.0,4123000.0
EMP-0945,2025-06,4206000.0,4276000.0
EMP-0945,2025-07,4275000.0,4310000.0
EMP-0945,2025-08,4373000.0,4402000.0
EMP-0945,2025-09,4198000.0,4224000.0
EMP-0945,2025-10,4405000.0,4386000.0
EMP-0945,2025-11,4434000.0,4439000.0
EMP-0945,2025-12,4354000.0,4363000.0
EMP-0946,2025-01,2861000.0,2863000.0
EMP-0946,2025-02,2695000.0,2684000.0
EMP-0946,2025-03,2790000.0,2781000.0
EMP-0946,2025-04,2632000.0,2587000.0
EMP-0946,2025-05,2811000.0,2777000.0
EMP-0946,2025-06,2890000.0,2877000.0
EMP-0946,2025-07,2824000.0,2786000.0
EMP-0946,2025-08,2908000.0,2919000.0
EMP-0946,2025-09,2776000.0,2815000.0
EMP-0946,2025-10,2909000.0,2895000.0
EMP-0946,2025-11,2935000.0,2970000.0
EMP-0946,2025-12,2977000.0,3017000.0
EMP-0947,2025-01,2598000.0,2562000.0
EMP-0947,2025-02,2504000.0,2504000.0
EMP-0947,2025-03,2505000.0,2470000.0
EMP-0947,2025-04,2703000.0,2635000.0
EMP-0947,2025-05,2724000.0,2736000.0
EMP-0947,2025-06,2772000.0,2736000.0
EMP-0947,2025-07,2785000.0,2728000.0
EMP-0947,2025-08,2757000.0,2761000.0
EMP-0947,2025-09,2808000.0,2796000.0
EMP-0947,2025-10,2698000.0,2688000.0
EMP-0947,2025-11,2860000.0,2870000.0
EMP-0947,2025-12,2659000.0,2692000.0
EMP-0948,2025-01,1926000.0,1925000.0
EMP-0948,2025-02,1873000.0,1883000.0
EMP-0948,2025-03,1964000.0,1962000.0
EMP-0948,2025-04,2063000.0,2054000.0
EMP-0948,2025-05,2074000.0,2085000.0
EMP-0948,2025-06,2122000.0,2102000.0
EMP-0948,2025-07,2123000.0,2117000.0
EMP-0948,2025-08,2156000.0,2116000.0
EMP-0948,2025-09,2110000.0,2073000.0
EMP-0948,2025-10,2054000.0,2060000.0
EMP-0948,2025-11,2102000.0,2124000.0
EMP-0948,2025-12,2066000.0,2063000.0
EMP-0949,2025-01,3822000.0,3827000.0
EMP-0949,2025-02,3791000.0,3842000.0
EMP-0949,2025-03,3827000.0,3839000.0
EMP-0949,2025-04,3744000.0,3769000.0
EMP-0949,2025-05,3694000.0,3684000.0
EMP-0949,2025-06,3851000.0,3842000.0
EMP-0949,2025-07,3887000.0,3816000.0
EMP-0949,2025-08,3930000.0,4006000.0
EMP-0949,2025-09,4009000.0,4039000.0
EMP-0949,2025-10,4021000.0,3954000.0
EMP-0949,2025-11,4112000.0,4110000.0
EMP-0949,2025-12,4007000.0,4075000.0
EMP-0950,2025-01,5477000.0,5456000.0
EMP-0950,2025-02,5405000.0,5479000.0
EMP-0950,2025-03,5544000.0,5716000.0
EMP-0950,2025-04,5604000.0,5599000.0
EMP-0950,2025-05,5611000.0,5552000.0
EMP-0950,2025-06,5599000.0,5520000.0
EMP-0950,2025-07,5570000.0,5627000.0
EMP-0950,2025-08,5588000.0,5590000.0
EMP-0950,2025-09,5503000.0,5450000.0
EMP-0950,2025-10,5426000.0,5433000.0
EMP-0950,2025-11,5445000.0,5452000.0
EMP-0950,2025-12,5337000.0,5430000.0
EMP-0951,2025-01,6902000.0,7014000.0
EMP-0951,2025-02,6707000.0,6650000.0
EMP-0951,2025-03,6761000.0,6793000.0
EMP-0951,2025-04,6552000.0,6516000.0
EMP-0951,2025-05,6474000.0,6419000.0
EMP-0951,2025-06,6944000.0,6985000.0
EMP-0951,2025-07,6944000.0,6918000.0
EMP-0951,2025-08,6885000.0,6914000.0
EMP-0951,2025-09,7124000.0,7047000.0
EMP-0951,2025-10,7195000.0,7299000.0
EMP-0951,2025-11,7318000.0,7304000.0
EMP-0951,2025-12,7299000.0,7179000.0
EMP-0952,2025-01,2634000.0,2655000.0
EMP-0952,2025-02,2581000.0,2620000.0
EMP-0952,2025-03,2602000.0,2604000.0
EMP-0952,2025-04,2657000.0,2673000.0
EMP-0952,2025-05,2766000.0,2750000.0
EMP-0952,2025-06,2729000.0,2681000.0
EMP-0952,2025-07,2704000.0,2716000.0
EMP-0952,2025-08,2711000.0,2711000.0
EMP-0952,2025-09,2866000.0,2888000.0
EMP-0952,2025-10,2828000.0,2808000.0
EMP-0952,2025-11,2806000.0,2797000.0
EMP-0952,2025-12,2881000.0,2878000.0
EMP-0953,2025-01,28185000.0,28296000.0
EMP-0953,2025-02,27573000.0,27273000.0
EMP-0953,2025-03,26821000.0,26968000.0
EMP-0953,2025-04,27187000.0,27072000.0
EMP-0953,2025-05,25637000.0,25313000.0
EMP-0953,2025-06,26744000.0,26580000.0
EMP-0953,2025-07,27875000.0,27722000.0
EMP-0953,2025-08,28490000.0,28618000.0
EMP-0953,2025-09,28717000.0,28738000.0
EMP-0953,2025-10,29046000.0,29439000.0
EMP-0953,2025-11,28608000.0,28428000.0
EMP-0953,2025-12,27292000.0,27405000.0
EMP-0954,2025-01,16203000.0,16105000.0
EMP-0954,2025-02,15595000.0,15504000.0
EMP-0954,2025-03,15222000.0,15160000.0
EMP-0954,2025-04,14580000.0,14488000.0
EMP-0954,2025-05,15160000.0,15234000.0
EMP-0954,2025-06,15241000.0,15344000.0
EMP-0954,2025-07,15108000.0,14959000.0
EMP-0954,2025-08,14233000.0,14030000.0
EMP-0954,2025-09,14044000.0,14152000.0
EMP-0954,2025-10,13336000.0,13410000.0
EMP-0954,2025-11,14158000.0,14381000.0
EMP-0954,2025-12,13788000.0,13719000.0
EMP-0955,2025-01,22612000.0,22647000.0
EMP-0955,2025-02,21950000.0,21955000.0
EMP-0955,2025-03,21342000.0,21576000.0
EMP-0955,2025-04,20827000.0,21010000.0
EMP-0955,2025-05,20393000.0,20364000.0
EMP-0955,2025-06,20107000.0,20134000.0
EMP-0955,2025-07,19574000.0,19545000.0
EMP-0955,2025-08,20172000.0,19708000.0
EMP-0955,2025-09,19842000.0,19763000.0
EMP-0955,2025-10,19931000.0,19731000.0
EMP-0955,2025-11,20157000.0,19934000.0
EMP-0955,2025-12,19495000.0,19655000.0
EMP-0956,2025-01,25732000.0,25442000.0
EMP-0956,2025-02,26515000.0,26500000.0
EMP-0956,2025-03,26721000.0,26643000.0
EMP-0956,2025-04,27422000.0,27188000.0
EMP-0956,2025-05,27456000.0,27512000.0
EMP-0956,2025-06,27918000.0,28409000.0
EMP-0956,2025-07,27794000.0,27437000.0
EMP-0956,2025-08,28156000.0,28634000.0
EMP-0956,2025-09,28325000.0,28189000.0
EMP-0956,2025-10,27058000.0,27760000.0
EMP-0956,2025-11,27994000.0,27905000.0
EMP-0956,2025-12,28129000.0,28110000.0
EMP-0957,2025-01,7414000.0,7227000.0
EMP-0957,2025-02,7519000.0,7626000.0
EMP-0957,2025-03,6986000.0,6956000.0
EMP-0957,2025-04,7226000.0,7176000.0
EMP-0957,2025-05,7291000.0,7362000.0
EMP-0957,2025-06,6978000.0,7141000.0
EMP-0957,2025-07,7320000.0,7387000.0
EMP-0957,2025-08,7547000.0,7446000.0
EMP-0957,2025-09,7544000.0,7508000.0
EMP-0957,2025-10,7651000.0,7501000.0
EMP-0957,2025-11,7275000.0,7330000.0
EMP-0957,2025-12,7357000.0,7341000.0
EMP-0958,2025-01,9688000.0,9670000.0
EMP-0958,2025-02,9828000.0,9890000.0
EMP-0958,2025-03,9720000.0,9800000.0
EMP-0958,2025-04,9853000.0,9766000.0
EMP-0958,2025-05,10077000.0,10056000.0
EMP-0958,2025-06,10278000.0,10075000.0
EMP-0958,2025-07,9969000.0,9999000.0
EMP-0958,2025-08,9877000.0,9880000.0
EMP-0958,2025-09,10124000.0,9988000.0
EMP-0958,2025-10,10975000.0,10783000.0
EMP-0958,2025-11,10598000.0,10619000.0
EMP-0958,2025-12,11253000.0,11193000.0
EMP-0959,2025-01,7771000.0,7806000.0
EMP-0959,2025-02,8072000.0,7974000.0
EMP-0959,2025-03,7918000.0,7974000.0
EMP-0959,2025-04,7840000.0,7846000.0
EMP-0959,2025-05,8151000.0,8101000.0
EMP-0959,2025-06,8158000.0,8157000.0
EMP-0959,2025-07,7810000.0,7767000.0
EMP-0959,2025-08,7686000.0,7599000.0
EMP-0959,2025-09,7929000.0,7832000.0
EMP-0959,2025-10,8042000.0,8208000.0
EMP-0959,2025-11,7944000.0,8103000.0
EMP-0959,2025-12,7955000.0,7899000.0
EMP-0960,2025-01,14337000.0,14311000.0
EMP-0960,2025-02,14590000.0,14852000.0
EMP-0960,2025-03,14442000.0,14459000.0
EMP-0960,2025-04,14345000.0,14550000.0
EMP-0960,2025-05,14221000.0,14532000.0
EMP-0960,2025-06,14205000.0,14236000.0
EMP-0960,2025-07,13436000.0,13494000.0
EMP-0960,2025-08,9072000.0,9191000.0
EMP-0960,2025-09,9367000.0,9347000.0
EMP-0960,2025-10,8954000.0,9092000.0
EMP-0960,2025-11,8998000.0,9011000.0
EMP-0960,2025-12,9090000.0,9311000.0
EMP-0961,2025-01,14358000.0,14364000.0
EMP-0961,2025-02,13954000.0,14074000.0
EMP-0961,2025-03,13767000.0,13745000.0
EMP-0961,2025-04,13068000.0,12902000.0
EMP-0961,2025-05,13554000.0,13715000.0
EMP-0961,2025-06,14060000.0,14246000.0
EMP-0961,2025-07,13767000.0,13492000.0
EMP-0961,2025-08,14028000.0,13856000.0
EMP-0961,2025-09,14105000.0,14162000.0
EMP-0961,2025-10,14060000.0,14029000.0
EMP-0961,2025-11,13586000.0,13703000.0
EMP-0961,2025-12,13867000.0,13580000.0
EMP-0962,2025-01,11795000.0,12034000.0
EMP-0962,2025-02,10947000.0,10888000.0
EMP-0962,2025-03,11053000.0,11059000.0
EMP-0962,2025-04,10693000.0,10725000.0
EMP-0962,2025-05,10614000.0,10794000.0
EMP-0962,2025-06,10557000.0,10401000.0
EMP-0962,2025-07,11081000.0,11098000.0
EMP-0962,2025-08,10412000.0,10281000.0
EMP-0962,2025-09,10801000.0,10913000.0
EMP-0962,2025-10,10492000.0,10455000.0
EMP-0962,2025-11,10437000.0,10485000.0
EMP-0962,2025-12,10346000.0,10306000.0
EMP-0963,2025-01,23687000.0,24192000.0
EMP-0963,2025-02,24377000.0,24197000.0
EMP-0963,2025-03,23858000.0,23999000.0
EMP-0963,2025-04,24362000.0,23821000.0
EMP-0963,2025-05,24167000.0,24312000.0
EMP-0963,2025-06,16458000.0,16202000.0
EMP-0963,2025-07,16709000.0,17015000.0
EMP-0963,2025-08,17285000.0,17168000.0
EMP-0963,2025-09,15922000.0,15763000.0
EMP-0963,2025-10,16740000.0,16789000.0
EMP-0963,2025-11,16956000.0,16729000.0
EMP-0963,2025-12,17012000.0,16870000.0
EMP-0964,2025-01,30820000.0,30895000.0
EMP-0964,2025-02,29895000.0,29724000.0
EMP-0964,2025-03,30285000.0,30571000.0
EMP-0964,2025-04,31121000.0,31511000.0
EMP-0964,2025-05,31355000.0,31552000.0
EMP-0964,2025-06,32112000.0,31693000.0
EMP-0964,2025-07,31496000.0,31251000.0
EMP-0964,2025-08,31129000.0,30797000.0
EMP-0964,2025-09,30045000.0,29963000.0
EMP-0964,2025-10,29698000.0,29829000.0
EMP-0964,2025-11,28395000.0,28509000.0
EMP-0964,2025-12,28005000.0,28526000.0
EMP-0965,2025-01,26515000.0,27009000.0
EMP-0965,2025-02,26773000.0,26917000.0
EMP-0965,2025-03,26505000.0,26683000.0
EMP-0965,2025-04,27395000.0,27054000.0
EMP-0965,2025-05,25887000.0,26144000.0
EMP-0965,2025-06,26750000.0,26891000.0
EMP-0965,2025-07,24476000.0,24588000.0
EMP-0965,2025-08,24110000.0,24160000.0
EMP-0965,2025-09,24309000.0,24694000.0
EMP-0965,2025-10,25177000.0,25660000.0
EMP-0965,2025-11,25286000.0,25323000.0
EMP-0965,2025-12,25084000.0,25234000.0
EMP-0966,2025-01,24075000.0,23934000.0
EMP-0966,2025-02,24195000.0,24265000.0
EMP-0966,2025-03,23742000.0,23906000.0
EMP-0966,2025-04,23975000.0,23572000.0
EMP-0966,2025-05,23023000.0,22801000.0
EMP-0966,2025-06,22939000.0,23085000.0
EMP-0966,2025-07,23189000.0,23248000.0
EMP-0966,2025-08,23839000.0,23889000.0
EMP-0966,2025-09,24074000.0,24104000.0
EMP-0966,2025-10,23468000.0,23743000.0
EMP-0966,2025-11,23036000.0,23257000.0
EMP-0966,2025-12,22891000.0,22788000.0
EMP-0967,2025-01,19875000.0,20138000.0
EMP-0967,2025-02,19440000.0,19441000.0
EMP-0967,2025-03,20490000.0,20155000.0
EMP-0967,2025-04,20048000.0,20146000.0
EMP-0967,2025-05,22238000.0,21921000.0
EMP-0967,2025-06,21131000.0,21267000.0
EMP-0967,2025-07,21736000.0,21592000.0
EMP-0967,2025-08,21042000.0,20567000.0
EMP-0967,2025-09,21300000.0,21354000.0
EMP-0967,2025-10,21997000.0,22346000.0
EMP-0967,2025-11,21930000.0,21816000.0
EMP-0967,2025-12,20748000.0,20834000.0
EMP-0968,2025-01,11147000.0,11175000.0
EMP-0968,2025-02,11231000.0,10987000.0
EMP-0968,2025-03,10864000.0,10889000.0
EMP-0968,2025-04,11322000.0,11388000.0
EMP-0968,2025-05,11368000.0,11318000.0
EMP-0968,2025-06,11316000.0,11276000.0
EMP-0968,2025-07,11139000.0,11102000.0
EMP-0968,2025-08,11518000.0,11589000.0
EMP-0968,2025-09,10894000.0,10745000.0
EMP-0968,2025-10,11184000.0,11002000.0
EMP-0968,2025-11,11088000.0,11165000.0
EMP-0968,2025-12,11467000.0,11365000.0
EMP-0969,2025-01,16647000.0,16805000.0
EMP-0969,2025-02,16763000.0,16794000.0
EMP-0969,2025-03,16106000.0,16000000.0
EMP-0969,2025-04,15834000.0,15652000.0
EMP-0969,2025-05,16169000.0,15631000.0
EMP-0969,2025-06,16056000.0,15953000.0
EMP-0969,2025-07,15969000.0,15977000.0
EMP-0969,2025-08,16016000.0,16058000.0
EMP-0969,2025-09,15914000.0,15657000.0
EMP-0969,2025-10,15264000.0,15161000.0
EMP-0969,2025-11,14691000.0,14889000.0
EMP-0969,2025-12,14749000.0,15080000.0
EMP-0970,2025-01,14574000.0,14675000.0
EMP-0970,2025-02,14856000.0,14858000.0
EMP-0970,2025-03,14449000.0,14224000.0
EMP-0970,2025-04,14776000.0,14780000.0
EMP-0970,2025-05,14840000.0,14756000.0
EMP-0970,2025-06,15059000.0,15302000.0
EMP-0970,2025-07,15394000.0,15335000.0
EMP-0970,2025-08,15398000.0,15537000.0
EMP-0970,2025-09,15420000.0,15374000.0
EMP-0970,2025-10,14826000.0,15008000.0
EMP-0970,2025-11,14992000.0,14980000.0
EMP-0970,2025-12,14571000.0,14636000.0
EMP-0971,2025-01,17273000.0,17265000.0
EMP-0971,2025-02,17712000.0,17830000.0
EMP-0971,2025-03,17610000.0,17440000.0
EMP-0971,2025-04,17985000.0,18171000.0
EMP-0971,2025-05,18253000.0,17899000.0
EMP-0971,2025-06,18405000.0,18505000.0
EMP-0971,2025-07,19059000.0,18849000.0
EMP-0971,2025-08,18941000.0,19077000.0
EMP-0971,2025-09,19496000.0,19755000.0
EMP-0971,2025-10,20346000.0,20059000.0
EMP-0971,2025-11,20398000.0,20177000.0
EMP-0971,2025-12,20415000.0,20218000.0
EMP-0972,2025-01,11188000.0,11353000.0
EMP-0972,2025-02,10828000.0,10671000.0
EMP-0972,2025-03,10968000.0,10887000.0
EMP-0972,2025-04,11298000.0,11085000.0
EMP-0972,2025-05,10940000.0,10990000.0
EMP-0972,2025-06,10822000.0,10870000.0
EMP-0972,2025-07,11408000.0,11159000.0
EMP-0972,2025-08,10957000.0,11115000.0
EMP-0972,2025-09,11390000.0,11450000.0
EMP-0972,2025-10,10797000.0,10682000.0
EMP-0972,2025-11,10601000.0,10422000.0
EMP-0972,2025-12,10572000.0,10768000.0
EMP-0973,2025-01,8894000.0,8938000.0
EMP-0973,2025-02,8901000.0,8912000.0
EMP-0973,2025-03,8816000.0,8923000.0
EMP-0973,2025-04,8959000.0,8982000.0
EMP-0973,2025-05,9044000.0,8958000.0
EMP-0973,2025-06,8884000.0,8682000.0
EMP-0973,2025-07,8703000.0,8845000.0
EMP-0973,2025-08,8755000.0,8865000.0
EMP-0973,2025-09,8852000.0,8838000.0
EMP-0973,2025-10,8188000.0,8200000.0
EMP-0973,2025-11,8562000.0,8646000.0
EMP-0973,2025-12,8576000.0,8541000.0
EMP-0974,2025-01,15171000.0,15064000.0
EMP-0974,2025-02,14795000.0,14722000.0
EMP-0974,2025-03,15508000.0,15538000.0
EMP-0974,2025-04,15768000.0,15946000.0
EMP-0974,2025-05,15496000.0,15322000.0
EMP-0974,2025-06,15934000.0,15871000.0
EMP-0974,2025-07,15804000.0,15433000.0
EMP-0974,2025-08,16167000.0,16512000.0
EMP-0974,2025-09,16133000.0,16117000.0
EMP-0974,2025-10,16489000.0,16721000.0
EMP-0974,2025-11,16445000.0,16247000.0
EMP-0974,2025-12,15830000.0,16044000.0
EMP-0975,2025-01,20487000.0,20723000.0
EMP-0975,2025-02,19755000.0,19513000.0
EMP-0975,2025-03,20315000.0,20289000.0
EMP-0975,2025-04,19916000.0,19680000.0
EMP-0975,2025-05,21038000.0,21111000.0
EMP-0975,2025-06,21086000.0,21428000.0
EMP-0975,2025-07,21339000.0,21460000.0
EMP-0975,2025-08,22285000.0,22316000.0
EMP-0975,2025-09,21849000.0,22141000.0
EMP-0975,2025-10,21371000.0,21332000.0
EMP-0975,2025-11,21481000.0,21734000.0
EMP-0975,2025-12,20945000.0,20625000.0
EMP-0976,2025-01,28584000.0,28765000.0
EMP-0976,2025-02,27986000.0,28131000.0
EMP-0976,2025-03,27184000.0,26987000.0
EMP-0976,2025-04,28164000.0,27933000.0
EMP-0976,2025-05,28744000.0,28349000.0
EMP-0976,2025-06,28532000.0,28339000.0
EMP-0976,2025-07,29461000.0,29865000.0
EMP-0976,2025-08,28879000.0,28931000.0
EMP-0976,2025-09,29432000.0,29344000.0
EMP-0976,2025-10,29030000.0,28707000.0
EMP-0976,2025-11,29495000.0,29772000.0
EMP-0976,2025-12,29384000.0,29692000.0
EMP-0977,2025-01,27523000.0,27724000.0
EMP-0977,2025-02,26164000.0,25852000.0
EMP-0977,2025-03,26878000.0,26904000.0
EMP-0977,2025-04,27332000.0,27429000.0
EMP-0977,2025-05,27342000.0,27391000.0
EMP-0977,2025-06,27198000.0,26641000.0
EMP-0977,2025-07,27786000.0,27899000.0
EMP-0977,2025-08,27049000.0,26490000.0
EMP-0977,2025-09,27356000.0,27846000.0
EMP-0977,2025-10,27356000.0,27038000.0
EMP-0977,2025-11,26904000.0,27306000.0
EMP-0977,2025-12,26977000.0,26927000.0
EMP-0978,2025-01,22127000.0,22120000.0
EMP-0978,2025-02,22320000.0,22344000.0
EMP-0978,2025-03,22579000.0,22553000.0
EMP-0978,2025-04,21945000.0,21463000.0
EMP-0978,2025-05,21896000.0,21821000.0
EMP-0978,2025-06,21434000.0,21329000.0
EMP-0978,2025-07,22051000.0,21662000.0
EMP-0978,2025-08,21393000.0,21227000.0
EMP-0978,2025-09,22388000.0,22377000.0
EMP-0978,2025-10,22986000.0,22719000.0
EMP-0978,2025-11,23127000.0,23095000.0
EMP-0978,2025-12,23210000.0,23179000.0
EMP-0979,2025-01,8826000.0,8802000.0
EMP-0979,2025-02,9722000.0,9651000.0
EMP-0979,2025-03,9534000.0,9518000.0
EMP-0979,2025-04,9021000.0,9006000.0
EMP-0979,2025-05,9127000.0,8996000.0
EMP-0979,2025-06,9012000.0,9023000.0
EMP-0979,2025-07,9038000.0,9145000.0
EMP-0979,2025-08,8982000.0,8905000.0
EMP-0979,2025-09,8585000.0,8630000.0
EMP-0979,2025-10,8558000.0,8474000.0
EMP-0979,2025-11,8276000.0,8270000.0
EMP-0979,2025-12,8431000.0,8364000.0
EMP-0980,2025-01,10458000.0,10316000.0
EMP-0980,2025-02,10149000.0,10115000.0
EMP-0980,2025-03,9987000.0,10001000.0
EMP-0980,2025-04,10363000.0,10373000.0
EMP-0980,2025-05,10638000.0,10546000.0
EMP-0980,2025-06,10446000.0,10359000.0
EMP-0980,2025-07,10466000.0,10530000.0
EMP-0980,2025-08,10120000.0,10020000.0
EMP-0980,2025-09,10227000.0,10245000.0
EMP-0980,2025-10,10179000.0,10049000.0
EMP-0980,2025-11,10486000.0,10415000.0
EMP-0980,2025-12,10635000.0,10383000.0
EMP-0981,2025-01,22824000.0,22863000.0
EMP-0981,2025-02,23262000.0,23179000.0
EMP-0981,2025-03,22965000.0,22819000.0
EMP-0981,2025-04,22989000.0,23243000.0
EMP-0981,2025-05,22979000.0,22771000.0
EMP-0981,2025-06,23179000.0,23353000.0
EMP-0981,2025-07,21993000.0,22037000.0
EMP-0981,2025-08,22019000.0,22330000.0
EMP-0981,2025-09,23720000.0,24085000.0
EMP-0981,2025-10,24878000.0,24699000.0
EMP-0981,2025-11,24869000.0,25031000.0
EMP-0981,2025-12,24179000.0,24736000.0
EMP-0982,2025-01,28389000.0,28526000.0
EMP-0982,2025-02,29503000.0,29385000.0
EMP-0982,2025-03,29292000.0,28809000.0
EMP-0982,2025-04,29710000.0,29097000.0
EMP-0982,2025-05,29418000.0,28947000.0
EMP-0982,2025-06,28746000.0,29422000.0
EMP-0982,2025-07,29339000.0,29325000.0
EMP-0982,2025-08,29193000.0,29244000.0
EMP-0982,2025-09,29700000.0,29503000.0
EMP-0982,2025-10,29877000.0,30019000.0
EMP-0982,2025-11,29745000.0,29699000.0
EMP-0982,2025-12,28147000.0,27810000.0
EMP-0983,2025-01,24014000.0,23564000.0
EMP-0983,2025-02,24649000.0,24106000.0
EMP-0983,2025-03,25324000.0,25179000.0
EMP-0983,2025-04,24231000.0,24114000.0
EMP-0983,2025-05,24829000.0,24962000.0
EMP-0983,2025-06,25159000.0,25507000.0
EMP-0983,2025-07,26068000.0,25802000.0
EMP-0983,2025-08,26541000.0,26381000.0
EMP-0983,2025-09,26173000.0,26645000.0
EMP-0983,2025-10,27300000.0,27675000.0
EMP-0983,2025-11,26605000.0,26099000.0
EMP-0983,2025-12,24796000.0,25191000.0
EMP-0984,2025-01,8409000.0,8337000.0
EMP-0984,2025-02,8429000.0,8391000.0
EMP-0984,2025-03,8805000.0,8854000.0
EMP-0984,2025-04,8557000.0,8503000.0
EMP-0984,2025-05,8359000.0,8294000.0
EMP-0984,2025-06,8207000.0,8149000.0
EMP-0984,2025-07,8600000.0,8696000.0
EMP-0984,2025-08,8273000.0,8208000.0
EMP-0984,2025-09,8126000.0,8092000.0
EMP-0984,2025-10,8231000.0,8225000.0
EMP-0984,2025-11,8498000.0,8345000.0
EMP-0984,2025-12,8419000.0,8428000.0
EMP-0985,2025-01,27493000.0,27772000.0
EMP-0985,2025-02,27021000.0,26991000.0
EMP-0985,2025-03,25615000.0,25467000.0
EMP-0985,2025-04,26339000.0,26054000.0
EMP-0985,2025-05,25226000.0,25090000.0
EMP-0985,2025-06,26661000.0,26578000.0
EMP-0985,2025-07,24950000.0,24594000.0
EMP-0985,2025-08,24920000.0,24634000.0
EMP-0985,2025-09,25144000.0,24930000.0
EMP-0985,2025-10,24804000.0,24455000.0
EMP-0985,2025-11,24394000.0,24403000.0
EMP-0985,2025-12,23422000.0,23538000.0
EMP-0986,2025-01,21545000.0,21409000.0
EMP-0986,2025-02,21591000.0,21486000.0
EMP-0986,2025-03,22446000.0,22605000.0
EMP-0986,2025-04,22521000.0,22473000.0
EMP-0986,2025-05,22475000.0,22643000.0
EMP-0986,2025-06,23271000.0,22896000.0
EMP-0986,2025-07,23650000.0,23651000.0
EMP-0986,2025-08,22495000.0,22688000.0
EMP-0986,2025-09,22733000.0,23320000.0
EMP-0986,2025-10,23675000.0,23997000.0
EMP-0986,2025-11,22966000.0,22827000.0
EMP-0986,2025-12,23115000.0,22738000.0
EMP-0987,2025-01,121538000.0,121154000.0
EMP-0987,2025-02,118069000.0,119360000.0
EMP-0987,2025-03,117381000.0,116251000.0
EMP-0987,2025-04,115519000.0,115284000.0
EMP-0987,2025-05,114247000.0,113286000.0
EMP-0987,2025-06,107293000.0,107214000.0
EMP-0987,2025-07,110638000.0,110898000.0
EMP-0987,2025-08,110625000.0,111493000.0
EMP-0987,2025-09,108948000.0,107888000.0
EMP-0987,2025-10,111218000.0,112095000.0
EMP-0987,2025-11,107790000.0,107965000.0
EMP-0987,2025-12,108977000.0,107738000.0
EMP-0988,2025-01,68029000.0,68190000.0
EMP-0988,2025-02,69258000.0,69288000.0
EMP-0988,2025-03,67672000.0,68219000.0
EMP-0988,2025-04,66727000.0,66217000.0
EMP-0988,2025-05,69469000.0,68930000.0
EMP-0988,2025-06,69107000.0,68168000.0
EMP-0988,2025-07,71629000.0,70193000.0
EMP-0988,2025-08,73740000.0,73544000.0
EMP-0988,2025-09,72659000.0,72490000.0
EMP-0988,2025-10,74571000.0,73255000.0
EMP-0988,2025-11,76368000.0,76790000.0
EMP-0988,2025-12,72892000.0,73357000.0
EMP-0989,2025-01,54824000.0,53805000.0
EMP-0989,2025-02,53978000.0,53679000.0
EMP-0989,2025-03,52188000.0,52449000.0
EMP-0989,2025-04,54874000.0,55052000.0
EMP-0989,2025-05,54332000.0,53876000.0
EMP-0989,2025-06,53641000.0,54305000.0
EMP-0989,2025-07,52626000.0,51707000.0
EMP-0989,2025-08,51649000.0,51328000.0
EMP-0989,2025-09,52302000.0,52814000.0
EMP-0989,2025-10,52548000.0,52604000.0
EMP-0989,2025-11,51555000.0,51306000.0
EMP-0989,2025-12,53635000.0,54699000.0
EMP-0990,2025-01,71302000.0,70963000.0
EMP-0990,2025-02,73713000.0,72479000.0
EMP-0990,2025-03,71431000.0,70504000.0
EMP-0990,2025-04,76145000.0,77309000.0
EMP-0990,2025-05,77045000.0,75817000.0
EMP-0990,2025-06,76259000.0,77171000.0
EMP-0990,2025-07,73814000.0,73530000.0
EMP-0990,2025-08,74649000.0,76107000.0
EMP-0990,2025-09,74161000.0,74606000.0
EMP-0990,2025-10,76601000.0,76637000.0
EMP-0990,2025-11,75778000.0,74392000.0
EMP-0990,2025-12,75108000.0,74641000.0
EMP-0991,2025-01,97119000.0,98080000.0
EMP-0991,2025-02,94281000.0,96121000.0
EMP-0991,2025-03,95124000.0,93605000.0
EMP-0991,2025-04,94053000.0,93271000.0
EMP-0991,2025-05,97713000.0,96491000.0
EMP-0991,2025-06,97915000.0,98007000.0
EMP-0991,2025-07,101655000.0,102360000.0
EMP-0991,2025-08,92089000.0,91666000.0
EMP-0991,2025-09,92123000.0,91933000.0
EMP-0991,2025-10,90915000.0,91635000.0
EMP-0991,2025-11,91386000.0,91807000.0
EMP-0991,2025-12,94989000.0,93702000.0
EMP-0992,2025-01,30985000.0,30631000.0
EMP-0992,2025-02,30755000.0,31007000.0
EMP-0992,2025-03,31068000.0,31119000.0
EMP-0992,2025-04,31360000.0,31542000.0
EMP-0992,2025-05,32315000.0,31735000.0
EMP-0992,2025-06,32159000.0,32463000.0
EMP-0992,2025-07,33378000.0,33174000.0
EMP-0992,2025-08,32762000.0,32921000.0
EMP-0992,2025-09,32855000.0,32824000.0
EMP-0992,2025-10,34050000.0,34385000.0
EMP-0992,2025-11,32294000.0,32429000.0
EMP-0992,2025-12,32372000.0,32232000.0
EMP-0993,2025-01,121779000.0,120897000.0
EMP-0993,2025-02,117170000.0,117176000.0
EMP-0993,2025-03,120278000.0,119643000.0
EMP-0993,2025-04,116751000.0,118753000.0
EMP-0993,2025-05,120864000.0,119510000.0
EMP-0993,2025-06,117921000.0,118016000.0
EMP-0993,2025-07,112498000.0,111529000.0
EMP-0993,2025-08,116442000.0,118034000.0
EMP-0993,2025-09,114573000.0,115590000.0
EMP-0993,2025-10,116739000.0,114649000.0
EMP-0993,2025-11,115800000.0,115948000.0
EMP-0993,2025-12,116448000.0,116593000.0
EMP-0994,2025-01,74252000.0,73929000.0
EMP-0994,2025-02,76862000.0,76964000.0
EMP-0994,2025-03,74136000.0,74553000.0
EMP-0994,2025-04,74628000.0,74915000.0
EMP-0994,2025-05,75378000.0,74037000.0
EMP-0994,2025-06,72951000.0,71330000.0
EMP-0994,2025-07,72057000.0,69599000.0
EMP-0994,2025-08,69337000.0,69074000.0
EMP-0994,2025-09,69196000.0,68613000.0
EMP-0994,2025-10,67489000.0,67508000.0
EMP-0994,2025-11,68986000.0,68500000.0
EMP-0994,2025-12,70392000.0,70123000.0
EMP-0995,2025-01,66363000.0,66282000.0
EMP-0995,2025-02,68674000.0,67138000.0
EMP-0995,2025-03,65666000.0,66169000.0
EMP-0995,2025-04,65910000.0,65755000.0
EMP-0995,2025-05,69230000.0,68244000.0
EMP-0995,2025-06,68621000.0,68379000.0
EMP-0995,2025-07,70473000.0,69543000.0
EMP-0995,2025-08,70180000.0,70507000.0
EMP-0995,2025-09,68200000.0,68468000.0
EMP-0995,2025-10,67790000.0,67685000.0
EMP-0995,2025-11,68677000.0,68555000.0
EMP-0995,2025-12,68362000.0,69080000.0
EMP-0996,2025-01,109748000.0,110604000.0
EMP-0996,2025-02,107839000.0,105928000.0
EMP-0996,2025-03,109468000.0,108698000.0
EMP-0996,2025-04,112796000.0,113478000.0
EMP-0996,2025-05,106318000.0,107363000.0
EMP-0996,2025-06,107432000.0,109765000.0
EMP-0996,2025-07,106736000.0,107462000.0
EMP-0996,2025-08,106257000.0,104245000.0
EMP-0996,2025-09,107096000.0,106722000.0
EMP-0996,2025-10,108954000.0,109806000.0
EMP-0996,2025-11,105604000.0,103661000.0
EMP-0996,2025-12,104388000.0,104701000.0
EMP-0997,2025-01,90650000.0,90028000.0
EMP-0997,2025-02,97785000.0,98251000.0
EMP-0997,2025-03,97651000.0,98421000.0
EMP-0997,2025-04,97783000.0,96708000.0
EMP-0997,2025-05,101126000.0,102820000.0
EMP-0997,2025-06,100662000.0,98678000.0
EMP-0997,2025-07,102042000.0,102603000.0
EMP-0997,2025-08,105268000.0,106555000.0
EMP-0997,2025-09,102624000.0,102842000.0
EMP-0997,2025-10,98375000.0,97578000.0
EMP-0997,2025-11,98933000.0,98708000.0
EMP-0997,2025-12,101883000.0,100538000.0
EMP-0998,2025-01,57413000.0,56981000.0
EMP-0998,2025-02,58941000.0,58827000.0
EMP-0998,2025-03,60764000.0,60845000.0
EMP-0998,2025-04,60077000.0,59965000.0
EMP-0998,2025-05,59083000.0,59320000.0
EMP-0998,2025-06,58856000.0,58894000.0
EMP-0998,2025-07,58722000.0,58472000.0
EMP-0998,2025-08,57654000.0,58155000.0
EMP-0998,2025-09,59796000.0,59684000.0
EMP-0998,2025-10,56296000.0,55582000.0
EMP-0998,2025-11,55565000.0,55606000.0
EMP-0998,2025-12,55509000.0,54490000.0
EMP-0999,2025-01,46941000.0,46309000.0
EMP-0999,2025-02,47223000.0,47701000.0
EMP-0999,2025-03,47985000.0,49026000.0
EMP-0999,2025-04,48861000.0,49233000.0
EMP-0999,2025-05,49700000.0,50042000.0
EMP-0999,2025-06,47340000.0,47429000.0
EMP-0999,2025-07,48794000.0,48140000.0
EMP-0999,2025-08,48013000.0,48584000.0
EMP-0999,2025-09,46888000.0,46874000.0
EMP-0999,2025-10,48340000.0,47898000.0
EMP-0999,2025-11,48538000.0,49283000.0
EMP-0999,2025-12,48585000.0,49593000.0
EMP-1000,2025-01,104670000.0,102444000.0
EMP-1000,2025-02,103929000.0,104818000.0
EMP-1000,2025-03,107629000.0,107754000.0
EMP-1000,2025-04,106112000.0,106611000.0
EMP-1000,2025-05,108717000.0,110427000.0
EMP-1000,2025-06,108357000.0,108843000.0
EMP-1000,2025-07,109512000.0,109419000.0
EMP-1000,2025-08,101806000.0,100805000.0
EMP-1000,2025-09,103647000.0,103641000.0
EMP-1000,2025-10,105807000.0,106314000.0
EMP-1000,2025-11,103562000.0,101427000.0
EMP-1000,2025-12,104704000.0,103998000.0
EMP-1001,2025-01,84732000.0,84750000.0
EMP-1001,2025-02,81991000.0,81599000.0
EMP-1001,2025-03,82035000.0,83366000.0
EMP-1001,2025-04,85557000.0,84298000.0
EMP-1001,2025-05,85011000.0,83298000.0
EMP-1001,2025-06,81591000.0,83234000.0
EMP-1001,2025-07,82099000.0,81991000.0
EMP-1001,2025-08,80371000.0,79632000.0
EMP-1001,2025-09,79326000.0,80187000.0
EMP-1001,2025-10,80447000.0,80153000.0
EMP-1001,2025-11,84212000.0,84116000.0
EMP-1001,2025-12,82374000.0,82378000.0
EMP-1002,2025-01,43528000.0,43994000.0
EMP-1002,2025-02,42032000.0,42080000.0
EMP-1002,2025-03,41997000.0,42448000.0
EMP-1002,2025-04,41317000.0,41645000.0
EMP-1002,2025-05,39823000.0,39374000.0
EMP-1002,2025-06,39724000.0,39834000.0
EMP-1002,2025-07,40818000.0,40494000.0
EMP-1002,2025-08,40847000.0,41148000.0
EMP-1002,2025-09,41062000.0,40972000.0
EMP-1002,2025-10,39873000.0,39838000.0
EMP-1002,2025-11,40367000.0,39733000.0
EMP-1002,2025-12,39777000.0,39588000.0
EMP-1003,2025-01,106767000.0,105036000.0
EMP-1003,2025-02,106402000.0,105225000.0
EMP-1003,2025-03,107644000.0,107188000.0
EMP-1003,2025-04,106018000.0,106841000.0
EMP-1003,2025-05,104786000.0,102975000.0
EMP-1003,2025-06,103595000.0,101935000.0
EMP-1003,2025-07,102586000.0,103448000.0
EMP-1003,2025-08,107739000.0,107961000.0
EMP-1003,2025-09,105735000.0,106716000.0
EMP-1003,2025-10,104339000.0,104838000.0
EMP-1003,2025-11,104078000.0,104510000.0
EMP-1003,2025-12,100945000.0,100558000.0
EMP-1004,2025-01,106733000.0,105593000.0
EMP-1004,2025-02,105199000.0,106295000.0
EMP-1004,2025-03,104722000.0,105039000.0
EMP-1004,2025-04,107184000.0,107961000.0
EMP-1004,2025-05,105006000.0,106954000.0
EMP-1004,2025-06,103513000.0,103210000.0
EMP-1004,2025-07,100684000.0,101184000.0
EMP-1004,2025-08,97213000.0,97585000.0
EMP-1004,2025-09,94662000.0,95270000.0
EMP-1004,2025-10,101505000.0,102352000.0
EMP-1004,2025-11,101469000.0,100068000.0
EMP-1004,2025-12,100717000.0,100706000.0
EMP-1005,2025-01,102221000.0,101532000.0
EMP-1005,2025-02,99836000.0,99071000.0
EMP-1005,2025-03,99210000.0,100146000.0
EMP-1005,2025-04,97136000.0,97930000.0
EMP-1005,2025-05,97445000.0,96733000.0
EMP-1005,2025-06,95307000.0,95156000.0
EMP-1005,2025-07,95377000.0,96680000.0
EMP-1005,2025-08,94148000.0,94084000.0
EMP-1005,2025-09,96403000.0,96716000.0
EMP-1005,2025-10,97152000.0,97955000.0
EMP-1005,2025-11,98024000.0,98699000.0
EMP-1005,2025-12,98461000.0,97674000.0
EMP-1006,2025-01,105185000.0,107766000.0
EMP-1006,2025-02,104791000.0,105693000.0
EMP-1006,2025-03,105634000.0,106230000.0
EMP-1006,2025-04,102247000.0,103303000.0
EMP-1006,2025-05,100388000.0,100780000.0
EMP-1006,2025-06,99777000.0,99711000.0
EMP-1006,2025-07,104588000.0,103810000.0
EMP-1006,2025-08,108292000.0,106993000.0
EMP-1006,2025-09,106494000.0,105271000.0
EMP-1006,2025-10,103866000.0,104612000.0
EMP-1006,2025-11,103699000.0,105268000.0
EMP-1006,2025-12,107621000.0,106604000.0
EMP-1007,2025-01,112059000.0,111549000.0
EMP-1007,2025-02,115711000.0,115518000.0
EMP-1007,2025-03,112327000.0,114014000.0
EMP-1007,2025-04,110822000.0,111192000.0
EMP-1007,2025-05,113037000.0,113826000.0
EMP-1007,2025-06,111887000.0,113453000.0
EMP-1007,2025-07,112023000.0,111234000.0
EMP-1007,2025-08,119439000.0,120182000.0
EMP-1007,2025-09,117576000.0,118045000.0
EMP-1007,2025-10,122087000.0,122431000.0
EMP-1007,2025-11,121331000.0,120755000.0
EMP-1007,2025-12,120499000.0,121742000.0
EMP-1008,2025-01,36493000.0,36499000.0
EMP-1008,2025-02,36662000.0,36826000.0
EMP-1008,2025-03,36817000.0,37277000.0
EMP-1008,2025-04,35266000.0,34620000.0
EMP-1008,2025-05,35234000.0,34913000.0
EMP-1008,2025-06,34996000.0,34802000.0
EMP-1008,2025-07,36099000.0,35977000.0
EMP-1008,2025-08,34828000.0,34708000.0
EMP-1008,2025-09,34183000.0,34316000.0
EMP-1008,2025-10,30812000.0,30728000.0
EMP-1008,2025-11,30664000.0,30673000.0
EMP-1008,2025-12,30581000.0,31111000.0
EMP-1009,2025-11,92089000.0,91972000.0
EMP-1009,2025-12,91513000.0,90539000.0
EMP-1010,2025-01,96107000.0,96751000.0
EMP-1010,2025-02,101618000.0,101845000.0
EMP-1010,2025-03,98256000.0,101213000.0
EMP-1010,2025-04,99895000.0,99394000.0
EMP-1010,2025-05,98378000.0,98970000.0
EMP-1010,2025-06,95678000.0,95764000.0
EMP-1010,2025-07,93630000.0,94460000.0
EMP-1010,2025-08,94815000.0,94439000.0
EMP-1010,2025-09,92380000.0,93857000.0
EMP-1010,2025-10,95753000.0,95316000.0
EMP-1010,2025-11,97928000.0,100686000.0
EMP-1010,2025-12,89026000.0,88246000.0
EMP-1011,2025-01,38508000.0,38170000.0
EMP-1011,2025-02,37031000.0,36381000.0
EMP-1011,2025-03,36152000.0,37024000.0
EMP-1011,2025-04,36284000.0,36497000.0
EMP-1011,2025-05,34036000.0,34402000.0
EMP-1011,2025-06,34768000.0,34623000.0
EMP-1011,2025-07,34814000.0,34679000.0
EMP-1011,2025-08,32914000.0,33489000.0
EMP-1011,2025-09,32812000.0,33032000.0
EMP-1011,2025-10,35665000.0,36547000.0
EMP-1011,2025-11,33836000.0,34674000.0
EMP-1011,2025-12,34990000.0,35112000.0
EMP-1012,2025-01,114180000.0,115487000.0
EMP-1012,2025-02,114549000.0,112388000.0
EMP-1012,2025-03,115164000.0,115680000.0
EMP-1012,2025-04,114160000.0,113609000.0
EMP-1012,2025-05,118850000.0,118997000.0
EMP-1012,2025-06,117423000.0,117438000.0
EMP-1012,2025-07,125585000.0,125569000.0
EMP-1012,2025-08,130317000.0,132499000.0
EMP-1012,2025-09,128709000.0,128956000.0
EMP-1012,2025-10,127098000.0,125766000.0
EMP-1012,2025-11,123735000.0,123981000.0
EMP-1012,2025-12,122326000.0,121949000.0
EMP-1013,2025-01,93789000.0,94857000.0
EMP-1013,2025-02,85982000.0,85542000.0
EMP-1013,2025-03,89948000.0,90625000.0
EMP-1013,2025-04,91817000.0,92150000.0
EMP-1013,2025-05,88794000.0,89246000.0
EMP-1013,2025-06,91263000.0,90258000.0
EMP-1013,2025-07,90964000.0,90627000.0
EMP-1013,2025-08,87408000.0,87841000.0
EMP-1013,2025-09,87494000.0,86876000.0
EMP-1013,2025-10,88028000.0,88846000.0
EMP-1013,2025-11,87043000.0,87101000.0
EMP-1013,2025-12,87282000.0,88464000.0
EMP-1014,2025-01,88276000.0,87264000.0
EMP-1014,2025-02,88328000.0,89618000.0
EMP-1014,2025-03,87046000.0,86967000.0
EMP-1014,2025-04,86239000.0,86307000.0
EMP-1014,2025-05,87727000.0,87685000.0
EMP-1014,2025-06,87461000.0,88022000.0
EMP-1014,2025-07,85004000.0,83386000.0
EMP-1014,2025-08,86888000.0,86700000.0
EMP-1014,2025-09,88636000.0,87239000.0
EMP-1014,2025-10,85338000.0,85184000.0
EMP-1014,2025-11,85448000.0,85429000.0
EMP-1014,2025-12,84334000.0,85011000.0
EMP-1015,2025-01,69929000.0,70875000.0
EMP-1015,2025-02,67497000.0,67308000.0
EMP-1015,2025-03,66354000.0,65195000.0
EMP-1015,2025-04,68184000.0,68157000.0
EMP-1015,2025-05,69286000.0,68044000.0
EMP-1015,2025-06,70403000.0,69047000.0
EMP-1015,2025-07,71991000.0,71518000.0
EMP-1015,2025-08,71348000.0,70142000.0
EMP-1015,2025-09,72072000.0,71249000.0
EMP-1015,2025-10,73046000.0,73427000.0
EMP-1015,2025-11,72661000.0,72164000.0
EMP-1015,2025-12,74224000.0,74852000.0
EMP-1016,2025-01,36337000.0,36621000.0
EMP-1016,2025-02,36008000.0,36073000.0
EMP-1016,2025-03,35221000.0,35058000.0
EMP-1016,2025-04,35072000.0,35186000.0
EMP-1016,2025-05,37383000.0,38058000.0
EMP-1016,2025-06,35292000.0,35433000.0
EMP-1016,2025-07,35581000.0,35548000.0
EMP-1016,2025-08,34296000.0,34272000.0
EMP-1016,2025-09,34866000.0,34904000.0
EMP-1016,2025-10,34883000.0,34919000.0
EMP-1016,2025-11,34658000.0,34783000.0
EMP-1016,2025-12,35028000.0,34476000.0
EMP-1017,2025-01,80468000.0,81488000.0
EMP-1017,2025-02,80573000.0,80535000.0
EMP-1017,2025-03,86218000.0,87212000.0
EMP-1017,2025-04,87076000.0,85003000.0
EMP-1017,2025-05,87424000.0,85810000.0
EMP-1017,2025-06,87389000.0,88406000.0
EMP-1017,2025-07,88728000.0,88723000.0
EMP-1017,2025-08,56786000.0,56485000.0
EMP-1017,2025-09,55876000.0,55550000.0
EMP-1017,2025-10,56997000.0,56992000.0
EMP-1017,2025-11,56220000.0,57516000.0
EMP-1017,2025-12,56345000.0,54746000.0
EMP-1018,2025-01,40548000.0,40090000.0
EMP-1018,2025-02,40508000.0,40083000.0
EMP-1018,2025-03,39741000.0,40234000.0
EMP-1018,2025-04,40531000.0,41089000.0
EMP-1018,2025-05,41460000.0,41383000.0
EMP-1018,2025-06,41016000.0,41340000.0
EMP-1018,2025-07,40703000.0,40474000.0
EMP-1018,2025-08,40434000.0,40954000.0
EMP-1018,2025-09,39710000.0,39875000.0
EMP-1018,2025-10,39479000.0,39370000.0
EMP-1018,2025-11,40086000.0,39112000.0
EMP-1018,2025-12,40118000.0,39973000.0
EMP-1019,2025-01,78441000.0,78149000.0
EMP-1019,2025-02,79261000.0,79231000.0
EMP-1019,2025-03,78593000.0,78665000.0
EMP-1019,2025-04,81520000.0,81200000.0
EMP-1019,2025-05,80963000.0,80582000.0
EMP-1019,2025-06,84225000.0,85007000.0
EMP-1019,2025-07,84999000.0,83636000.0
EMP-1019,2025-08,80552000.0,79801000.0
EMP-1019,2025-09,78033000.0,77683000.0
EMP-1019,2025-10,79976000.0,79237000.0
EMP-1019,2025-11,79313000.0,79654000.0
EMP-1019,2025-12,81894000.0,81135000.0
EMP-1020,2025-01,70390000.0,70041000.0
EMP-1020,2025-02,70481000.0,71064000.0
EMP-1020,2025-03,74968000.0,75555000.0
EMP-1020,2025-04,72513000.0,72391000.0
EMP-1020,2025-05,72723000.0,72665000.0
EMP-1020,2025-06,71610000.0,71124000.0
EMP-1020,2025-07,72366000.0,73046000.0
EMP-1020,2025-08,73380000.0,73390000.0
EMP-1020,2025-09,74708000.0,75181000.0
EMP-1020,2025-10,75577000.0,75656000.0
EMP-1020,2025-11,77846000.0,77792000.0
EMP-1020,2025-12,74320000.0,72828000.0
