employer_id,label,expected_module,status_A,score_A,score_A_norm,reason_A,status_B,score_B,score_B_norm,reason_B,status_C,score_C,score_C_norm,reason_C,n_flags,flagged_by
EMP-0001,CLEAN,CLEAN,NORMAL,0.0,0.0,Pergerakan jumlah karyawan dalam batas wajar.,NORMAL,0.215,0.048,"Upah sejalan dengan perusahaan sejenis (1% di bawah median; sektor=Manufaktur | wilayah=DKI Jakarta | skala=Kecil, n=34).",NORMAL,0.0,0.0,Setoran sesuai dengan yang seharusnya (selisih dalam toleransi 2% / Rp10.000).,0,-
EMP-0002,REMITTANCE_GAP,C,NORMAL,0.0,0.0,Pergerakan jumlah karyawan dalam batas wajar.,NORMAL,0.0,0.0,"Upah sejalan dengan perusahaan sejenis (0% di atas median; sektor=Manufaktur | wilayah=DKI Jakarta | skala=Kecil, n=34).",FLAGGED,0.1611,0.807,Setoran iuran rata-rata 16% di bawah yang seharusnya selama 4 bulan berturut-turut (2025-09 s/d 2025-12); total kekurangan Rp3.269.000.,1,C
EMP-0003,CLEAN,CLEAN,NORMAL,0.0,0.0,Pergerakan jumlah karyawan dalam batas wajar.,NORMAL,0.8,0.178,"Upah sejalan dengan perusahaan sejenis (4% di bawah median; sektor=Manufaktur | wilayah=DKI Jakarta | skala=Kecil, n=34).",NORMAL,0.0,0.0,Setoran sesuai dengan yang seharusnya (selisih dalam toleransi 2% / Rp10.000).,0,-
EMP-0004,CLEAN,CLEAN,NORMAL,0.0,0.0,Pergerakan jumlah karyawan dalam batas wajar.,NORMAL,0.424,0.094,"Upah sejalan dengan perusahaan sejenis (2% di bawah median; sektor=Manufaktur | wilayah=DKI Jakarta | skala=Kecil, n=34).",NORMAL,0.0,0.0,Setoran sesuai dengan yang seharusnya (selisih dalam toleransi 2% / Rp10.000).,0,-
EMP-0005,CLEAN,CLEAN,NORMAL,0.0,0.0,Pergerakan jumlah karyawan dalam batas wajar.,NORMAL,0.0,0.0,"Upah sejalan dengan perusahaan sejenis (3% di atas median; sektor=Manufaktur | wilayah=DKI Jakarta | skala=Kecil, n=34).",NORMAL,0.0,0.0,Setoran sesuai dengan yang seharusnya (selisih dalam toleransi 2% / Rp10.000).,0,-
EMP-0006,REMITTANCE_GAP,C,NORMAL,0.0,0.0,Pergerakan jumlah karyawan dalam batas wajar.,NORMAL,0.525,0.117,"Upah sejalan dengan perusahaan sejenis (3% di bawah median; sektor=Manufaktur | wilayah=DKI Jakarta | skala=Kecil, n=34).",FLAGGED,0.1598,0.804,Setoran iuran rata-rata 16% di bawah yang seharusnya selama 8 bulan berturut-turut (2025-05 s/d 2025-12); total kekurangan Rp5.638.000.,1,C
EMP-0007,CLEAN,CLEAN,NORMAL,0.0,0.0,Pergerakan jumlah karyawan dalam batas wajar.,NORMAL,0.024,0.005,"Upah sejalan dengan perusahaan sejenis (0% di bawah median; sektor=Manufaktur | wilayah=DKI Jakarta | skala=Kecil, n=34).",NORMAL,0.0,0.0,Setoran sesuai dengan yang seharusnya (selisih dalam toleransi 2% / Rp10.000).,0,-
EMP-0008,CLEAN,CLEAN,NORMAL,0.0,0.0,Pergerakan jumlah karyawan dalam batas wajar.,NORMAL,0.0,0.0,"Upah sejalan dengan perusahaan sejenis (5% di atas median; sektor=Manufaktur | wilayah=DKI Jakarta | skala=Kecil, n=34).",NORMAL,0.0,0.0,Setoran sesuai dengan yang seharusnya (selisih dalam toleransi 2% / Rp10.000).,0,-
EMP-0009,CLEAN,CLEAN,NORMAL,0.0,0.0,Pergerakan jumlah karyawan dalam batas wajar.,NORMAL,0.0,0.0,"Upah sejalan dengan perusahaan sejenis (4% di atas median; sektor=Manufaktur | wilayah=DKI Jakarta | skala=Kecil, n=34).",NORMAL,0.0,0.0,Setoran sesuai dengan yang seharusnya (selisih dalam toleransi 2% / Rp10.000).,0,-
EMP-0010,CLEAN,CLEAN,NORMAL,0.0,0.0,Pergerakan jumlah karyawan dalam batas wajar.,NORMAL,0.0,0.0,"Upah sejalan dengan perusahaan sejenis (3% di atas median; sektor=Manufaktur | wilayah=DKI Jakarta | skala=Kecil, n=34).",ONE_OFF_GAP,0.0225,0.49,"Kurang setor pada 2025-11, tetapi tidak berulang berturut-turut — dianggap wajar.",0,-
EMP-0011,CLEAN,CLEAN,NORMAL,0.0,0.0,Pergerakan jumlah karyawan dalam batas wajar.,NORMAL,0.0,0.0,"Upah sejalan dengan perusahaan sejenis (3% di atas median; sektor=Manufaktur | wilayah=DKI Jakarta | skala=Kecil, n=34).",NORMAL,0.0,0.0,Setoran sesuai dengan yang seharusnya (selisih dalam toleransi 2% / Rp10.000).,0,-
EMP-0012,CLEAN,CLEAN,NORMAL,0.0,0.0,Pergerakan jumlah karyawan dalam batas wajar.,NORMAL,0.0,0.0,"Upah sejalan dengan perusahaan sejenis (3% di atas median; sektor=Manufaktur | wilayah=DKI Jakarta | skala=Kecil, n=34).",NORMAL,0.0,0.0,Setoran sesuai dengan yang seharusnya (selisih dalam toleransi 2% / Rp10.000).,0,-
EMP-0013,CLEAN,CLEAN,NORMAL,0.0,0.0,Pergerakan jumlah karyawan dalam batas wajar.,NORMAL,0.0,0.0,"Upah sejalan dengan perusahaan sejenis (0% di atas median; sektor=Manufaktur | wilayah=DKI Jakarta | skala=Kecil, n=34).",NORMAL,0.0,0.0,Setoran sesuai dengan yang seharusnya (selisih dalam toleransi 2% / Rp10.000).,0,-
EMP-0014,CLEAN,CLEAN,NORMAL,0.0,0.0,Pergerakan jumlah karyawan dalam batas wajar.,NORMAL,0.214,0.048,"Upah sejalan dengan perusahaan sejenis (1% di bawah median; sektor=Manufaktur | wilayah=DKI Jakarta | skala=Kecil, n=34).",NORMAL,0.0,0.0,Setoran sesuai dengan yang seharusnya (selisih dalam toleransi 2% / Rp10.000).,0,-
EMP-0015,CLEAN,CLEAN,NORMAL,0.0,0.0,Pergerakan jumlah karyawan dalam batas wajar.,NORMAL,0.0,0.0,"Upah sejalan dengan perusahaan sejenis (5% di atas median; sektor=Manufaktur | wilayah=DKI Jakarta | skala=Kecil, n=34).",ONE_OFF_GAP,0.0205,0.49,"Kurang setor pada 2025-09, tetapi tidak berulang berturut-turut — dianggap wajar.",0,-
EMP-0016,CLEAN,CLEAN,NORMAL,0.0,0.0,Pergerakan jumlah karyawan dalam batas wajar.,NORMAL,0.057,0.013,"Upah sejalan dengan perusahaan sejenis (0% di bawah median; sektor=Manufaktur | wilayah=DKI Jakarta | skala=Kecil, n=34).",NORMAL,0.0,0.0,Setoran sesuai dengan yang seharusnya (selisih dalam toleransi 2% / Rp10.000).,0,-
EMP-0017,REMITTANCE_GAP,C,NORMAL,0.0,0.0,Pergerakan jumlah karyawan dalam batas wajar.,NORMAL,0.0,0.0,"Upah sejalan dengan perusahaan sejenis (3% di atas median; sektor=Manufaktur | wilayah=DKI Jakarta | skala=Kecil, n=34).",FLAGGED,0.2218,0.939,Setoran iuran rata-rata 22% di bawah yang seharusnya selama 3 bulan berturut-turut (2025-10 s/d 2025-12); total kekurangan Rp7.797.000.,1,C
EMP-0018,CLEAN,CLEAN,NORMAL,0.0,0.0,Pergerakan jumlah karyawan dalam batas wajar.,NORMAL,0.066,0.015,"Upah sejalan dengan perusahaan sejenis (0% di bawah median; sektor=Manufaktur | wilayah=DKI Jakarta | skala=Kecil, n=34).",NORMAL,0.0,0.0,Setoran sesuai dengan yang seharusnya (selisih dalam toleransi 2% / Rp10.000).,0,-
EMP-0019,COLD_START,(tidak dikenal),INSUFFICIENT_DATA,,,Riwayat data baru 2 bulan (< 3); belum bisa dinilai.,INSUFFICIENT_DATA,,,Data upah baru 2 bulan (< 3); belum bisa dinilai.,NORMAL,0.0,0.0,Setoran sesuai dengan yang seharusnya (selisih dalam toleransi 2% / Rp10.000).,0,-
EMP-0020,CLEAN,CLEAN,NORMAL,0.0,0.0,Pergerakan jumlah karyawan dalam batas wajar.,NORMAL,0.629,0.14,"Upah sejalan dengan perusahaan sejenis (3% di bawah median; sektor=Manufaktur | wilayah=DKI Jakarta | skala=Kecil, n=34).",NORMAL,0.0,0.0,Setoran sesuai dengan yang seharusnya (selisih dalam toleransi 2% / Rp10.000).,0,-
EMP-0021,CLEAN,CLEAN,NORMAL,0.0,0.0,Pergerakan jumlah karyawan dalam batas wajar.,NORMAL,0.829,0.184,"Upah sejalan dengan perusahaan sejenis (4% di bawah median; sektor=Manufaktur | wilayah=DKI Jakarta | skala=Kecil, n=34).",NORMAL,0.0,0.0,Setoran sesuai dengan yang seharusnya (selisih dalam toleransi 2% / Rp10.000).,0,-
EMP-0022,CLEAN,CLEAN,NORMAL,0.0,0.0,Pergerakan jumlah karyawan dalam batas wajar.,NORMAL,0.0,0.0,"Upah sejalan dengan perusahaan sejenis (5% di atas median; sektor=Manufaktur | wilayah=DKI Jakarta | skala=Kecil, n=34).",NORMAL,0.0,0.0,Setoran sesuai dengan yang seharusnya (selisih dalam toleransi 2% / Rp10.000).,0,-
EMP-0023,CLEAN,CLEAN,NORMAL,0.0,0.0,Pergerakan jumlah karyawan dalam batas wajar.,NORMAL,0.0,0.0,"Upah sejalan dengan perusahaan sejenis (5% di atas median; sektor=Manufaktur | wilayah=DKI Jakarta | skala=Kecil, n=34).",NORMAL,0.0,0.0,Setoran sesuai dengan yang seharusnya (selisih dalam toleransi 2% / Rp10.000).,0,-
EMP-0024,CLEAN,CLEAN,NORMAL,0.0,0.0,Pergerakan jumlah karyawan dalam batas wajar.,NORMAL,0.0,0.0,"Upah sejalan dengan perusahaan sejenis (1% di atas median; sektor=Manufaktur | wilayah=DKI Jakarta | skala=Kecil, n=34).",ONE_OFF_GAP,0.0314,0.49,"Kurang setor pada 2025-11, tetapi tidak berulang berturut-turut — dianggap wajar.",0,-
EMP-0025,CLEAN,CLEAN,NORMAL,0.0,0.0,Pergerakan jumlah karyawan dalam batas wajar.,NORMAL,0.082,0.018,"Upah sejalan dengan perusahaan sejenis (0% di bawah median; sektor=Manufaktur | wilayah=DKI Jakarta | skala=Kecil, n=34).",NORMAL,0.0,0.0,Setoran sesuai dengan yang seharusnya (selisih dalam toleransi 2% / Rp10.000).,0,-
EMP-0026,CLEAN,CLEAN,NORMAL,0.0,0.0,Pergerakan jumlah karyawan dalam batas wajar.,NORMAL,0.0,0.0,"Upah sejalan dengan perusahaan sejenis (0% di atas median; sektor=Manufaktur | wilayah=DKI Jakarta | skala=Kecil, n=34).",NORMAL,0.0,0.0,Setoran sesuai dengan yang seharusnya (selisih dalam toleransi 2% / Rp10.000).,0,-
EMP-0027,CLEAN,CLEAN,NORMAL,0.0,0.0,Pergerakan jumlah karyawan dalam batas wajar.,NORMAL,0.0,0.0,"Upah sejalan dengan perusahaan sejenis (5% di atas median; sektor=Manufaktur | wilayah=DKI Jakarta | skala=Kecil, n=34).",NORMAL,0.0,0.0,Setoran sesuai dengan yang seharusnya (selisih dalam toleransi 2% / Rp10.000).,0,-
EMP-0028,CLEAN,CLEAN,NORMAL,0.0,0.0,Pergerakan jumlah karyawan dalam batas wajar.,NORMAL,0.633,0.141,"Upah sejalan dengan perusahaan sejenis (3% di bawah median; sektor=Manufaktur | wilayah=DKI Jakarta | skala=Kecil, n=34).",ONE_OFF_GAP,0.0205,0.49,"Kurang setor pada 2025-12, tetapi tidak berulang berturut-turut — dianggap wajar.",0,-
EMP-0029,CLEAN,CLEAN,NORMAL,0.0,0.0,Pergerakan jumlah karyawan dalam batas wajar.,NORMAL,0.346,0.077,"Upah sejalan dengan perusahaan sejenis (2% di bawah median; sektor=Manufaktur | wilayah=DKI Jakarta | skala=Kecil, n=34).",NORMAL,0.0,0.0,Setoran sesuai dengan yang seharusnya (selisih dalam toleransi 2% / Rp10.000).,0,-
EMP-0030,CLEAN,CLEAN,NORMAL,0.0,0.0,Pergerakan jumlah karyawan dalam batas wajar.,NORMAL,0.421,0.094,"Upah sejalan dengan perusahaan sejenis (2% di bawah median; sektor=Manufaktur | wilayah=DKI Jakarta | skala=Kecil, n=34).",NORMAL,0.0,0.0,Setoran sesuai dengan yang seharusnya (selisih dalam toleransi 2% / Rp10.000).,0,-
EMP-0031,CLEAN,CLEAN,NORMAL,0.0,0.0,Pergerakan jumlah karyawan dalam batas wajar.,NORMAL,0.671,0.149,"Upah sejalan dengan perusahaan sejenis (3% di bawah median; sektor=Manufaktur | wilayah=DKI Jakarta | skala=Kecil, n=34).",ONE_OFF_GAP,0.0214,0.49,"Kurang setor pada 2025-06, tetapi tidak berulang berturut-turut — dianggap wajar.",0,-
EMP-0032,CLEAN,CLEAN,NORMAL,0.0,0.0,Pergerakan jumlah karyawan dalam batas wajar.,NORMAL,0.0,0.0,"Upah sejalan dengan perusahaan sejenis (0% di atas median; sektor=Manufaktur | wilayah=DKI Jakarta | skala=Kecil, n=34).",NORMAL,0.0,0.0,Setoran sesuai dengan yang seharusnya (selisih dalam toleransi 2% / Rp10.000).,0,-
EMP-0033,CLEAN,CLEAN,NORMAL,0.0,0.0,Pergerakan jumlah karyawan dalam batas wajar.,NORMAL,0.485,0.108,"Upah sejalan dengan perusahaan sejenis (3% di bawah median; sektor=Manufaktur | wilayah=DKI Jakarta | skala=Kecil, n=34).",NORMAL,0.0,0.0,Setoran sesuai dengan yang seharusnya (selisih dalam toleransi 2% / Rp10.000).,0,-
EMP-0034,CLEAN_MUTASI_SAH,(tidak dikenal),EXPLAINED_BY_RESIGN,0.0,0.0,"Ada penurunan 7 orang pada 2025-08, tetapi sesuai catatan resign/mutasi resmi (8 orang) — dianggap wajar.",NORMAL,0.604,0.134,"Upah sejalan dengan perusahaan sejenis (3% di bawah median; sektor=Manufaktur | wilayah=DKI Jakarta | skala=Kecil, n=34).",NORMAL,0.0,0.0,Setoran sesuai dengan yang seharusnya (selisih dalam toleransi 2% / Rp10.000).,0,-
EMP-0035,CLEAN,CLEAN,NORMAL,0.0,0.0,Pergerakan jumlah karyawan dalam batas wajar.,NOT_CANDIDATE,0.0,0.0,Upah rata-rata Rp4.912.300/orang di atas 1.5× UMR (Rp2.191.238); tidak masuk kandidat awal.,ONE_OFF_GAP,0.0211,0.49,"Kurang setor pada 2025-02, tetapi tidak berulang berturut-turut — dianggap wajar.",0,-
EMP-0036,CLEAN,CLEAN,NORMAL,0.0,0.0,Pergerakan jumlah karyawan dalam batas wajar.,NOT_CANDIDATE,0.0,0.0,Upah rata-rata Rp4.649.350/orang di atas 1.5× UMR (Rp2.191.238); tidak masuk kandidat awal.,NORMAL,0.0,0.0,Setoran sesuai dengan yang seharusnya (selisih dalam toleransi 2% / Rp10.000).,0,-
EMP-0037,CLEAN,CLEAN,NORMAL,0.0,0.0,Pergerakan jumlah karyawan dalam batas wajar.,NOT_CANDIDATE,0.0,0.0,Upah rata-rata Rp4.947.850/orang di atas 1.5× UMR (Rp2.191.238); tidak masuk kandidat awal.,NORMAL,0.0,0.0,Setoran sesuai dengan yang seharusnya (selisih dalam toleransi 2% / Rp10.000).,0,-
EMP-0038,CLEAN,CLEAN,NORMAL,0.0,0.0,Pergerakan jumlah karyawan dalam batas wajar.,NOT_CANDIDATE,0.0,0.0,Upah rata-rata Rp4.543.900/orang di atas 1.5× UMR (Rp2.191.238); tidak masuk kandidat awal.,NORMAL,0.0,0.0,Setoran sesuai dengan yang seharusnya (selisih dalam toleransi 2% / Rp10.000).,0,-
EMP-0039,REMITTANCE_GAP,C,NORMAL,0.0,0.0,Pergerakan jumlah karyawan dalam batas wajar.,NOT_CANDIDATE,0.0,0.0,Upah rata-rata Rp4.787.000/orang di atas 1.5× UMR (Rp2.191.238); tidak masuk kandidat awal.,FLAGGED,0.2463,0.992,Setoran iuran rata-rata 25% di bawah yang seharusnya selama 6 bulan berturut-turut (2025-07 s/d 2025-12); total kekurangan Rp17.561.000.,1,C
EMP-0040,CLEAN,CLEAN,NORMAL,0.0,0.0,Pergerakan jumlah karyawan dalam batas wajar.,NOT_CANDIDATE,0.0,0.0,Upah rata-rata Rp4.729.350/orang di atas 1.5× UMR (Rp2.191.238); tidak masuk kandidat awal.,NORMAL,0.0,0.0,Setoran sesuai dengan yang seharusnya (selisih dalam toleransi 2% / Rp10.000).,0,-
EMP-0041,CLEAN,CLEAN,NORMAL,0.0,0.0,Pergerakan jumlah karyawan dalam batas wajar.,NOT_CANDIDATE,0.0,0.0,Upah rata-rata Rp4.675.650/orang di atas 1.5× UMR (Rp2.191.238); tidak masuk kandidat awal.,NORMAL,0.0,0.0,Setoran sesuai dengan yang seharusnya (selisih dalam toleransi 2% / Rp10.000).,0,-
EMP-0042,CLEAN,CLEAN,NORMAL,0.0,0.0,Pergerakan jumlah karyawan dalam batas wajar.,NOT_CANDIDATE,0.0,0.0,Upah rata-rata Rp4.561.150/orang di atas 1.5× UMR (Rp2.191.238); tidak masuk kandidat awal.,NORMAL,0.0,0.0,Setoran sesuai dengan yang seharusnya (selisih dalam toleransi 2% / Rp10.000).,0,-
EMP-0043,CLEAN,CLEAN,NORMAL,0.0,0.0,Pergerakan jumlah karyawan dalam batas wajar.,NOT_CANDIDATE,0.0,0.0,Upah rata-rata Rp4.760.050/orang di atas 1.5× UMR (Rp2.191.238); tidak masuk kandidat awal.,ONE_OFF_GAP,0.0234,0.49,"Kurang setor pada 2025-02, tetapi tidak berulang berturut-turut — dianggap wajar.",0,-
EMP-0044,CLEAN,CLEAN,NORMAL,0.0,0.0,Pergerakan jumlah karyawan dalam batas wajar.,NOT_CANDIDATE,0.0,0.0,Upah rata-rata Rp4.984.350/orang di atas 1.5× UMR (Rp2.191.238); tidak masuk kandidat awal.,NORMAL,0.0,0.0,Setoran sesuai dengan yang seharusnya (selisih dalam toleransi 2% / Rp10.000).,0,-
EMP-0045,CLEAN,CLEAN,NORMAL,0.0,0.0,Pergerakan jumlah karyawan dalam batas wajar.,NOT_CANDIDATE,0.0,0.0,Upah rata-rata Rp5.038.250/orang di atas 1.5× UMR (Rp2.191.238); tidak masuk kandidat awal.,NORMAL,0.0,0.0,Setoran sesuai dengan yang seharusnya (selisih dalam toleransi 2% / Rp10.000).,0,-
EMP-0046,CLEAN,CLEAN,NORMAL,0.0,0.0,Pergerakan jumlah karyawan dalam batas wajar.,NOT_CANDIDATE,0.0,0.0,Upah rata-rata Rp4.604.600/orang di atas 1.5× UMR (Rp2.191.238); tidak masuk kandidat awal.,NORMAL,0.0,0.0,Setoran sesuai dengan yang seharusnya (selisih dalam toleransi 2% / Rp10.000).,0,-
EMP-0047,CLEAN,CLEAN,NORMAL,0.0,0.0,Pergerakan jumlah karyawan dalam batas wajar.,NOT_CANDIDATE,0.0,0.0,Upah rata-rata Rp4.703.300/orang di atas 1.5× UMR (Rp2.191.238); tidak masuk kandidat awal.,NORMAL,0.0,0.0,Setoran sesuai dengan yang seharusnya (selisih dalam toleransi 2% / Rp10.000).,0,-
EMP-0048,CLEAN,CLEAN,NORMAL,0.0,0.0,Pergerakan jumlah karyawan dalam batas wajar.,NOT_CANDIDATE,0.0,0.0,Upah rata-rata Rp4.739.450/orang di atas 1.5× UMR (Rp2.191.238); tidak masuk kandidat awal.,ONE_OFF_GAP,0.0227,0.49,"Kurang setor pada 2025-02, tetapi tidak berulang berturut-turut — dianggap wajar.",0,-
EMP-0049,CLEAN,CLEAN,NORMAL,0.0,0.0,Pergerakan jumlah karyawan dalam batas wajar.,NOT_CANDIDATE,0.0,0.0,Upah rata-rata Rp4.716.750/orang di atas 1.5× UMR (Rp2.191.238); tidak masuk kandidat awal.,NORMAL,0.0,0.0,Setoran sesuai dengan yang seharusnya (selisih dalam toleransi 2% / Rp10.000).,0,-
EMP-0050,COLD_START,(tidak dikenal),INSUFFICIENT_DATA,,,Riwayat data baru 2 bulan (< 3); belum bisa dinilai.,INSUFFICIENT_DATA,,,Data upah baru 2 bulan (< 3); belum bisa dinilai.,NORMAL,0.0,0.0,Setoran sesuai dengan yang seharusnya (selisih dalam toleransi 2% / Rp10.000).,0,-
EMP-0051,CLEAN,CLEAN,NORMAL,0.0,0.0,Pergerakan jumlah karyawan dalam batas wajar.,NOT_CANDIDATE,0.0,0.0,Upah rata-rata Rp4.994.200/orang di atas 1.5× UMR (Rp2.191.238); tidak masuk kandidat awal.,NORMAL,0.0,0.0,Setoran sesuai dengan yang seharusnya (selisih dalam toleransi 2% / Rp10.000).,0,-
EMP-0052,CLEAN,CLEAN,NORMAL,0.0,0.0,Pergerakan jumlah karyawan dalam batas wajar.,NOT_CANDIDATE,0.0,0.0,Upah rata-rata Rp4.876.650/orang di atas 1.5× UMR (Rp2.191.238); tidak masuk kandidat awal.,ONE_OFF_GAP,0.02,0.49,"Kurang setor pada 2025-08, tetapi tidak berulang berturut-turut — dianggap wajar.",0,-
EMP-0053,CLEAN,CLEAN,NORMAL,0.0,0.0,Pergerakan jumlah karyawan dalam batas wajar.,NOT_CANDIDATE,0.0,0.0,Upah rata-rata Rp4.834.900/orang di atas 1.5× UMR (Rp2.191.238); tidak masuk kandidat awal.,ONE_OFF_GAP,0.0276,0.49,"Kurang setor pada 2025-02, tetapi tidak berulang berturut-turut — dianggap wajar.",0,-
EMP-0054,PDUK,A,FLAGGED,21.954,1.0,"Perlu dicek — indikasi sembunyiin karyawan: jumlah karyawan turun 84 orang (43%) pada 2025-08 (197→113), jauh di luar pola biasanya (z=-21.9); tidak ada catatan resign.",NOT_CANDIDATE,0.0,0.0,Upah rata-rata Rp5.010.550/orang di atas 1.5× UMR (Rp2.191.238); tidak masuk kandidat awal.,NORMAL,0.0,0.0,Setoran sesuai dengan yang seharusnya (selisih dalam toleransi 2% / Rp10.000).,1,A
EMP-0055,CLEAN,CLEAN,NORMAL,0.0,0.0,Pergerakan jumlah karyawan dalam batas wajar.,NOT_CANDIDATE,0.0,0.0,Upah rata-rata Rp4.847.100/orang di atas 1.5× UMR (Rp2.191.238); tidak masuk kandidat awal.,NORMAL,0.0,0.0,Setoran sesuai dengan yang seharusnya (selisih dalam toleransi 2% / Rp10.000).,0,-
EMP-0056,CLEAN,CLEAN,NORMAL,0.0,0.0,Pergerakan jumlah karyawan dalam batas wajar.,NOT_CANDIDATE,0.0,0.0,Upah rata-rata Rp4.592.950/orang di atas 1.5× UMR (Rp2.191.238); tidak masuk kandidat awal.,NORMAL,0.0,0.0,Setoran sesuai dengan yang seharusnya (selisih dalam toleransi 2% / Rp10.000).,0,-
EMP-0057,CLEAN,CLEAN,NORMAL,0.0,0.0,Pergerakan jumlah karyawan dalam batas wajar.,NOT_CANDIDATE,0.0,0.0,Upah rata-rata Rp4.900.200/orang di atas 1.5× UMR (Rp2.191.238); tidak masuk kandidat awal.,NORMAL,0.0,0.0,Setoran sesuai dengan yang seharusnya (selisih dalam toleransi 2% / Rp10.000).,0,-
EMP-0058,CLEAN,CLEAN,NORMAL,0.0,0.0,Pergerakan jumlah karyawan dalam batas wajar.,NOT_CANDIDATE,0.0,0.0,Upah rata-rata Rp4.866.750/orang di atas 1.5× UMR (Rp2.191.238); tidak masuk kandidat awal.,NORMAL,0.0,0.0,Setoran sesuai dengan yang seharusnya (selisih dalam toleransi 2% / Rp10.000).,0,-
EMP-0059,CLEAN,CLEAN,NORMAL,0.0,0.0,Pergerakan jumlah karyawan dalam batas wajar.,NOT_CANDIDATE,0.0,0.0,Upah rata-rata Rp4.659.550/orang di atas 1.5× UMR (Rp2.191.238); tidak masuk kandidat awal.,NORMAL,0.0,0.0,Setoran sesuai dengan yang seharusnya (selisih dalam toleransi 2% / Rp10.000).,0,-
EMP-0060,CLEAN,CLEAN,NORMAL,0.0,0.0,Pergerakan jumlah karyawan dalam batas wajar.,NOT_CANDIDATE,0.0,0.0,Upah rata-rata Rp4.837.050/orang di atas 1.5× UMR (Rp2.191.238); tidak masuk kandidat awal.,ONE_OFF_GAP,0.0259,0.49,"Kurang setor pada 2025-01, tetapi tidak berulang berturut-turut — dianggap wajar.",0,-
EMP-0061,CLEAN,CLEAN,NORMAL,0.0,0.0,Pergerakan jumlah karyawan dalam batas wajar.,NOT_CANDIDATE,0.0,0.0,Upah rata-rata Rp4.660.350/orang di atas 1.5× UMR (Rp2.191.238); tidak masuk kandidat awal.,NORMAL,0.0,0.0,Setoran sesuai dengan yang seharusnya (selisih dalam toleransi 2% / Rp10.000).,0,-
EMP-0062,CLEAN,CLEAN,NORMAL,0.0,0.0,Pergerakan jumlah karyawan dalam batas wajar.,NOT_CANDIDATE,0.0,0.0,Upah rata-rata Rp4.772.750/orang di atas 1.5× UMR (Rp2.191.238); tidak masuk kandidat awal.,NORMAL,0.0,0.0,Setoran sesuai dengan yang seharusnya (selisih dalam toleransi 2% / Rp10.000).,0,-
EMP-0063,CLEAN,CLEAN,NORMAL,0.0,0.0,Pergerakan jumlah karyawan dalam batas wajar.,NOT_CANDIDATE,0.0,0.0,Upah rata-rata Rp4.691.400/orang di atas 1.5× UMR (Rp2.191.238); tidak masuk kandidat awal.,NORMAL,0.0,0.0,Setoran sesuai dengan yang seharusnya (selisih dalam toleransi 2% / Rp10.000).,0,-
EMP-0064,CLEAN,CLEAN,NORMAL,0.0,0.0,Pergerakan jumlah karyawan dalam batas wajar.,NOT_CANDIDATE,0.0,0.0,Upah rata-rata Rp4.803.050/orang di atas 1.5× UMR (Rp2.191.238); tidak masuk kandidat awal.,NORMAL,0.0,0.0,Setoran sesuai dengan yang seharusnya (selisih dalam toleransi 2% / Rp10.000).,0,-
EMP-0065,UNDER_REPORTING_WAGE,B,NORMAL,0.0,0.0,Pergerakan jumlah karyawan dalam batas wajar.,FLAGGED,7.152,1.0,"Perlu dicek — indikasi lapor gaji lebih rendah dari aslinya: upah dilaporkan Rp3.264.200/orang, 32% di bawah median perusahaan sejenis (Rp4.765.100; sektor=Manufaktur | wilayah=Jawa Barat | skala=Menengah, n=34), 7.2 IQR di bawah median, konsisten di 12/12 bulan.",NORMAL,0.0,0.0,Setoran sesuai dengan yang seharusnya (selisih dalam toleransi 2% / Rp10.000).,1,B
EMP-0066,CLEAN,CLEAN,NORMAL,0.0,0.0,Pergerakan jumlah karyawan dalam batas wajar.,NOT_CANDIDATE,0.0,0.0,Upah rata-rata Rp4.661.800/orang di atas 1.5× UMR (Rp2.191.238); tidak masuk kandidat awal.,NORMAL,0.0,0.0,Setoran sesuai dengan yang seharusnya (selisih dalam toleransi 2% / Rp10.000).,0,-
EMP-0067,CLEAN,CLEAN,NORMAL,0.0,0.0,Pergerakan jumlah karyawan dalam batas wajar.,NOT_CANDIDATE,0.0,0.0,Upah rata-rata Rp4.709.900/orang di atas 1.5× UMR (Rp2.191.238); tidak masuk kandidat awal.,NORMAL,0.0,0.0,Setoran sesuai dengan yang seharusnya (selisih dalam toleransi 2% / Rp10.000).,0,-
EMP-0068,CLEAN,CLEAN,NORMAL,0.0,0.0,Pergerakan jumlah karyawan dalam batas wajar.,NOT_CANDIDATE,0.0,0.0,Upah rata-rata Rp5.008.200/orang di atas 1.5× UMR (Rp2.191.238); tidak masuk kandidat awal.,NORMAL,0.0,0.0,Setoran sesuai dengan yang seharusnya (selisih dalam toleransi 2% / Rp10.000).,0,-
EMP-0069,CLEAN,CLEAN,NORMAL,0.0,0.0,Pergerakan jumlah karyawan dalam batas wajar.,NOT_CANDIDATE,0.0,0.0,Upah rata-rata Rp5.199.050/orang di atas 1.5× UMR (Rp2.305.985); tidak masuk kandidat awal.,NORMAL,0.0,0.0,Setoran sesuai dengan yang seharusnya (selisih dalam toleransi 2% / Rp10.000).,0,-
EMP-0070,CLEAN,CLEAN,NORMAL,0.0,0.0,Pergerakan jumlah karyawan dalam batas wajar.,NOT_CANDIDATE,0.0,0.0,Upah rata-rata Rp5.211.750/orang di atas 1.5× UMR (Rp2.305.985); tidak masuk kandidat awal.,NORMAL,0.0,0.0,Setoran sesuai dengan yang seharusnya (selisih dalam toleransi 2% / Rp10.000).,0,-
EMP-0071,CLEAN,CLEAN,NORMAL,0.0,0.0,Pergerakan jumlah karyawan dalam batas wajar.,NOT_CANDIDATE,0.0,0.0,Upah rata-rata Rp4.887.850/orang di atas 1.5× UMR (Rp2.305.985); tidak masuk kandidat awal.,NORMAL,0.0,0.0,Setoran sesuai dengan yang seharusnya (selisih dalam toleransi 2% / Rp10.000).,0,-
EMP-0072,CLEAN,CLEAN,NORMAL,0.0,0.0,Pergerakan jumlah karyawan dalam batas wajar.,NOT_CANDIDATE,0.0,0.0,Upah rata-rata Rp4.899.300/orang di atas 1.5× UMR (Rp2.305.985); tidak masuk kandidat awal.,ONE_OFF_GAP,0.0247,0.49,"Kurang setor pada 2025-04, tetapi tidak berulang berturut-turut — dianggap wajar.",0,-
EMP-0073,CLEAN,CLEAN,NORMAL,0.0,0.0,Pergerakan jumlah karyawan dalam batas wajar.,NOT_CANDIDATE,0.0,0.0,Upah rata-rata Rp5.004.550/orang di atas 1.5× UMR (Rp2.305.985); tidak masuk kandidat awal.,ONE_OFF_GAP,0.0268,0.49,"Kurang setor pada 2025-05, tetapi tidak berulang berturut-turut — dianggap wajar.",0,-
EMP-0074,CLEAN,CLEAN,NORMAL,0.0,0.0,Pergerakan jumlah karyawan dalam batas wajar.,NOT_CANDIDATE,0.0,0.0,Upah rata-rata Rp4.889.250/orang di atas 1.5× UMR (Rp2.305.985); tidak masuk kandidat awal.,ONE_OFF_GAP,0.0262,0.49,"Kurang setor pada 2025-01, tetapi tidak berulang berturut-turut — dianggap wajar. 1 kali telat setor tapi dilunasi bulan berikutnya (dianggap wajar).",0,-
EMP-0075,CLEAN,CLEAN,NORMAL,0.0,0.0,Pergerakan jumlah karyawan dalam batas wajar.,NOT_CANDIDATE,0.0,0.0,Upah rata-rata Rp5.340.600/orang di atas 1.5× UMR (Rp2.305.985); tidak masuk kandidat awal.,NORMAL,0.0,0.0,Setoran sesuai dengan yang seharusnya (selisih dalam toleransi 2% / Rp10.000).,0,-
EMP-0076,CLEAN,CLEAN,NORMAL,0.0,0.0,Pergerakan jumlah karyawan dalam batas wajar.,NOT_CANDIDATE,0.0,0.0,Upah rata-rata Rp5.218.600/orang di atas 1.5× UMR (Rp2.305.985); tidak masuk kandidat awal.,ONE_OFF_GAP,0.0221,0.49,"Kurang setor pada 2025-06, tetapi tidak berulang berturut-turut — dianggap wajar.",0,-
EMP-0077,REMITTANCE_GAP,C,NORMAL,0.0,0.0,Pergerakan jumlah karyawan dalam batas wajar.,NOT_CANDIDATE,0.0,0.0,Upah rata-rata Rp4.865.100/orang di atas 1.5× UMR (Rp2.305.985); tidak masuk kandidat awal.,FLAGGED,0.1743,0.835,Setoran iuran rata-rata 17% di bawah yang seharusnya selama 7 bulan berturut-turut (2025-06 s/d 2025-12); total kekurangan Rp96.015.000.,1,C
EMP-0078,CLEAN,CLEAN,NORMAL,0.0,0.0,Pergerakan jumlah karyawan dalam batas wajar.,NOT_CANDIDATE,0.0,0.0,Upah rata-rata Rp5.159.950/orang di atas 1.5× UMR (Rp2.305.985); tidak masuk kandidat awal.,ONE_OFF_GAP,0.0217,0.49,"Kurang setor pada 2025-03, tetapi tidak berulang berturut-turut — dianggap wajar.",0,-
EMP-0079,CLEAN,CLEAN,NORMAL,0.0,0.0,Pergerakan jumlah karyawan dalam batas wajar.,NOT_CANDIDATE,0.0,0.0,Upah rata-rata Rp4.904.450/orang di atas 1.5× UMR (Rp2.305.985); tidak masuk kandidat awal.,NORMAL,0.0,0.0,Setoran sesuai dengan yang seharusnya (selisih dalam toleransi 2% / Rp10.000).,0,-
EMP-0080,CLEAN,CLEAN,NORMAL,0.0,0.0,Pergerakan jumlah karyawan dalam batas wajar.,NOT_CANDIDATE,0.0,0.0,Upah rata-rata Rp5.084.500/orang di atas 1.5× UMR (Rp2.305.985); tidak masuk kandidat awal.,ONE_OFF_GAP,0.0231,0.49,"Kurang setor pada 2025-06, tetapi tidak berulang berturut-turut — dianggap wajar.",0,-
EMP-0081,CLEAN,CLEAN,NORMAL,0.0,0.0,Pergerakan jumlah karyawan dalam batas wajar.,NOT_CANDIDATE,0.0,0.0,Upah rata-rata Rp5.141.050/orang di atas 1.5× UMR (Rp2.305.985); tidak masuk kandidat awal.,NORMAL,0.0,0.0,Setoran sesuai dengan yang seharusnya (selisih dalam toleransi 2% / Rp10.000).,0,-
EMP-0082,CLEAN,CLEAN,NORMAL,0.0,0.0,Pergerakan jumlah karyawan dalam batas wajar.,NOT_CANDIDATE,0.0,0.0,Upah rata-rata Rp5.264.550/orang di atas 1.5× UMR (Rp2.305.985); tidak masuk kandidat awal.,NORMAL,0.0,0.0,Setoran sesuai dengan yang seharusnya (selisih dalam toleransi 2% / Rp10.000).,0,-
EMP-0083,CLEAN,CLEAN,NORMAL,0.0,0.0,Pergerakan jumlah karyawan dalam batas wajar.,NOT_CANDIDATE,0.0,0.0,Upah rata-rata Rp5.031.550/orang di atas 1.5× UMR (Rp2.305.985); tidak masuk kandidat awal.,NORMAL,0.0,0.0,Setoran sesuai dengan yang seharusnya (selisih dalam toleransi 2% / Rp10.000).,0,-
EMP-0084,CLEAN,CLEAN,NORMAL,0.0,0.0,Pergerakan jumlah karyawan dalam batas wajar.,NOT_CANDIDATE,0.0,0.0,Upah rata-rata Rp5.020.000/orang di atas 1.5× UMR (Rp2.305.985); tidak masuk kandidat awal.,NORMAL,0.0,0.0,Setoran sesuai dengan yang seharusnya (selisih dalam toleransi 2% / Rp10.000).,0,-
EMP-0085,CLEAN,CLEAN,NORMAL,0.0,0.0,Pergerakan jumlah karyawan dalam batas wajar.,NOT_CANDIDATE,0.0,0.0,Upah rata-rata Rp5.204.150/orang di atas 1.5× UMR (Rp2.305.985); tidak masuk kandidat awal.,NORMAL,0.0,0.0,Setoran sesuai dengan yang seharusnya (selisih dalam toleransi 2% / Rp10.000).,0,-
EMP-0086,CLEAN_MUTASI_SAH,(tidak dikenal),EXPLAINED_BY_RESIGN,0.0,0.0,"Ada penurunan 237 orang pada 2025-06, tetapi sesuai catatan resign/mutasi resmi (253 orang) — dianggap wajar.",NOT_CANDIDATE,0.0,0.0,Upah rata-rata Rp5.168.800/orang di atas 1.5× UMR (Rp2.305.985); tidak masuk kandidat awal.,NORMAL,0.0,0.0,Setoran sesuai dengan yang seharusnya (selisih dalam toleransi 2% / Rp10.000).,0,-
EMP-0087,CLEAN,CLEAN,NORMAL,0.0,0.0,Pergerakan jumlah karyawan dalam batas wajar.,NOT_CANDIDATE,0.0,0.0,Upah rata-rata Rp5.214.000/orang di atas 1.5× UMR (Rp2.305.985); tidak masuk kandidat awal.,NORMAL,0.0,0.0,Setoran sesuai dengan yang seharusnya (selisih dalam toleransi 2% / Rp10.000).,0,-
EMP-0088,CLEAN,CLEAN,NORMAL,0.0,0.0,Pergerakan jumlah karyawan dalam batas wajar.,NOT_CANDIDATE,0.0,0.0,Upah rata-rata Rp4.980.750/orang di atas 1.5× UMR (Rp2.305.985); tidak masuk kandidat awal.,ONE_OFF_GAP,0.0201,0.49,"Kurang setor pada 2025-10, tetapi tidak berulang berturut-turut — dianggap wajar.",0,-
EMP-0089,CLEAN,CLEAN,NORMAL,0.0,0.0,Pergerakan jumlah karyawan dalam batas wajar.,NOT_CANDIDATE,0.0,0.0,Upah rata-rata Rp5.002.350/orang di atas 1.5× UMR (Rp2.305.985); tidak masuk kandidat awal.,NORMAL,0.0,0.0,Setoran sesuai dengan yang seharusnya (selisih dalam toleransi 2% / Rp10.000).,0,-
EMP-0090,CLEAN,CLEAN,NORMAL,0.0,0.0,Pergerakan jumlah karyawan dalam batas wajar.,NOT_CANDIDATE,0.0,0.0,Upah rata-rata Rp5.174.000/orang di atas 1.5× UMR (Rp2.305.985); tidak masuk kandidat awal.,ONE_OFF_GAP,0.0208,0.49,"Kurang setor pada 2025-09, tetapi tidak berulang berturut-turut — dianggap wajar.",0,-
EMP-0091,CLEAN,CLEAN,NORMAL,0.0,0.0,Pergerakan jumlah karyawan dalam batas wajar.,NOT_CANDIDATE,0.0,0.0,Upah rata-rata Rp4.908.050/orang di atas 1.5× UMR (Rp2.305.985); tidak masuk kandidat awal.,NORMAL,0.0,0.0,Setoran sesuai dengan yang seharusnya (selisih dalam toleransi 2% / Rp10.000).,0,-
EMP-0092,CLEAN,CLEAN,NORMAL,0.0,0.0,Pergerakan jumlah karyawan dalam batas wajar.,NOT_CANDIDATE,0.0,0.0,Upah rata-rata Rp5.012.400/orang di atas 1.5× UMR (Rp2.305.985); tidak masuk kandidat awal.,ONE_OFF_GAP,0.0218,0.49,"Kurang setor pada 2025-04, tetapi tidak berulang berturut-turut — dianggap wajar.",0,-
EMP-0093,CLEAN,CLEAN,NORMAL,0.0,0.0,Pergerakan jumlah karyawan dalam batas wajar.,NOT_CANDIDATE,0.0,0.0,Upah rata-rata Rp5.332.000/orang di atas 1.5× UMR (Rp2.305.985); tidak masuk kandidat awal.,NORMAL,0.0,0.0,Setoran sesuai dengan yang seharusnya (selisih dalam toleransi 2% / Rp10.000).,0,-
EMP-0094,CLEAN,CLEAN,NORMAL,0.0,0.0,Pergerakan jumlah karyawan dalam batas wajar.,NOT_CANDIDATE,0.0,0.0,Upah rata-rata Rp5.342.250/orang di atas 1.5× UMR (Rp2.305.985); tidak masuk kandidat awal.,ONE_OFF_GAP,0.022,0.49,"Kurang setor pada 2025-05, tetapi tidak berulang berturut-turut — dianggap wajar.",0,-
EMP-0095,CLEAN,CLEAN,NORMAL,0.0,0.0,Pergerakan jumlah karyawan dalam batas wajar.,NOT_CANDIDATE,0.0,0.0,Upah rata-rata Rp4.964.750/orang di atas 1.5× UMR (Rp2.305.985); tidak masuk kandidat awal.,NORMAL,0.0,0.0,Setoran sesuai dengan yang seharusnya (selisih dalam toleransi 2% / Rp10.000).,0,-
EMP-0096,CLEAN,CLEAN,NORMAL,0.0,0.0,Pergerakan jumlah karyawan dalam batas wajar.,NOT_CANDIDATE,0.0,0.0,Upah rata-rata Rp4.966.550/orang di atas 1.5× UMR (Rp2.305.985); tidak masuk kandidat awal.,NORMAL,0.0,0.0,Setoran sesuai dengan yang seharusnya (selisih dalam toleransi 2% / Rp10.000).,0,-
EMP-0097,CLEAN,CLEAN,NORMAL,0.0,0.0,Pergerakan jumlah karyawan dalam batas wajar.,NOT_CANDIDATE,0.0,0.0,Upah rata-rata Rp5.150.150/orang di atas 1.5× UMR (Rp2.305.985); tidak masuk kandidat awal.,NORMAL,0.0,0.0,Setoran sesuai dengan yang seharusnya (selisih dalam toleransi 2% / Rp10.000).,0,-
EMP-0098,CLEAN,CLEAN,NORMAL,0.0,0.0,Pergerakan jumlah karyawan dalam batas wajar.,NOT_CANDIDATE,0.0,0.0,Upah rata-rata Rp5.328.900/orang di atas 1.5× UMR (Rp2.305.985); tidak masuk kandidat awal.,NORMAL,0.0,0.0,Setoran sesuai dengan yang seharusnya (selisih dalam toleransi 2% / Rp10.000).,0,-
EMP-0099,CLEAN,CLEAN,NORMAL,0.0,0.0,Pergerakan jumlah karyawan dalam batas wajar.,NOT_CANDIDATE,0.0,0.0,Upah rata-rata Rp5.357.150/orang di atas 1.5× UMR (Rp2.305.985); tidak masuk kandidat awal.,ONE_OFF_GAP,0.0223,0.49,"Kurang setor pada 2025-04, tetapi tidak berulang berturut-turut — dianggap wajar.",0,-
EMP-0100,CLEAN,CLEAN,NORMAL,0.0,0.0,Pergerakan jumlah karyawan dalam batas wajar.,NOT_CANDIDATE,0.0,0.0,Upah rata-rata Rp5.247.300/orang di atas 1.5× UMR (Rp2.305.985); tidak masuk kandidat awal.,ONE_OFF_GAP,0.0219,0.49,"Kurang setor pada 2025-02, tetapi tidak berulang berturut-turut — dianggap wajar.",0,-
EMP-0101,CLEAN,CLEAN,NORMAL,0.0,0.0,Pergerakan jumlah karyawan dalam batas wajar.,NOT_CANDIDATE,0.0,0.0,Upah rata-rata Rp5.357.400/orang di atas 1.5× UMR (Rp2.305.985); tidak masuk kandidat awal.,NORMAL,0.0,0.0,Setoran sesuai dengan yang seharusnya (selisih dalam toleransi 2% / Rp10.000).,0,-
EMP-0102,CLEAN,CLEAN,NORMAL,0.0,0.0,Pergerakan jumlah karyawan dalam batas wajar.,NOT_CANDIDATE,0.0,0.0,Upah rata-rata Rp4.851.400/orang di atas 1.5× UMR (Rp2.305.985); tidak masuk kandidat awal.,ONE_OFF_GAP,0.0238,0.49,"Kurang setor pada 2025-08, tetapi tidak berulang berturut-turut — dianggap wajar.",0,-
EMP-0103,CLEAN,CLEAN,NORMAL,0.0,0.0,Pergerakan jumlah karyawan dalam batas wajar.,NORMAL,0.0,0.0,"Upah sejalan dengan perusahaan sejenis (4% di atas median; sektor=Manufaktur | wilayah=Sumatera Utara | skala=Kecil, n=34).",NORMAL,0.0,0.0,Setoran sesuai dengan yang seharusnya (selisih dalam toleransi 2% / Rp10.000).,0,-
EMP-0104,CLEAN,CLEAN,NORMAL,0.0,0.0,Pergerakan jumlah karyawan dalam batas wajar.,NORMAL,0.0,0.0,"Upah sejalan dengan perusahaan sejenis (1% di atas median; sektor=Manufaktur | wilayah=Sumatera Utara | skala=Kecil, n=34).",NORMAL,0.0,0.0,Setoran sesuai dengan yang seharusnya (selisih dalam toleransi 2% / Rp10.000).,0,-
EMP-0105,CLEAN,CLEAN,NORMAL,0.0,0.0,Pergerakan jumlah karyawan dalam batas wajar.,NORMAL,0.875,0.194,"Upah sejalan dengan perusahaan sejenis (5% di bawah median; sektor=Manufaktur | wilayah=Sumatera Utara | skala=Kecil, n=34).",NORMAL,0.0,0.0,Setoran sesuai dengan yang seharusnya (selisih dalam toleransi 2% / Rp10.000).,0,-
EMP-0106,CLEAN,CLEAN,NORMAL,0.0,0.0,Pergerakan jumlah karyawan dalam batas wajar.,NORMAL,0.51,0.113,"Upah sejalan dengan perusahaan sejenis (3% di bawah median; sektor=Manufaktur | wilayah=Sumatera Utara | skala=Kecil, n=34).",ONE_OFF_GAP,0.0208,0.49,"Kurang setor pada 2025-11, tetapi tidak berulang berturut-turut — dianggap wajar.",0,-
EMP-0107,CLEAN,CLEAN,NORMAL,0.0,0.0,Pergerakan jumlah karyawan dalam batas wajar.,NORMAL,0.0,0.0,"Upah sejalan dengan perusahaan sejenis (3% di atas median; sektor=Manufaktur | wilayah=Sumatera Utara | skala=Kecil, n=34).",NORMAL,0.0,0.0,Setoran sesuai dengan yang seharusnya (selisih dalam toleransi 2% / Rp10.000).,0,-
EMP-0108,CLEAN,CLEAN,NORMAL,0.0,0.0,Pergerakan jumlah karyawan dalam batas wajar.,NORMAL,0.0,0.0,"Upah sejalan dengan perusahaan sejenis (2% di atas median; sektor=Manufaktur | wilayah=Sumatera Utara | skala=Kecil, n=34).",ONE_OFF_GAP,0.0202,0.49,"Kurang setor pada 2025-09, tetapi tidak berulang berturut-turut — dianggap wajar.",0,-
EMP-0109,CLEAN,CLEAN,NORMAL,0.0,0.0,Pergerakan jumlah karyawan dalam batas wajar.,NORMAL,0.83,0.184,"Upah sejalan dengan perusahaan sejenis (4% di bawah median; sektor=Manufaktur | wilayah=Sumatera Utara | skala=Kecil, n=34).",NORMAL,0.0,0.0,Setoran sesuai dengan yang seharusnya (selisih dalam toleransi 2% / Rp10.000).,0,-
EMP-0110,CLEAN,CLEAN,NORMAL,0.0,0.0,Pergerakan jumlah karyawan dalam batas wajar.,NORMAL,0.0,0.0,"Upah sejalan dengan perusahaan sejenis (3% di atas median; sektor=Manufaktur | wilayah=Sumatera Utara | skala=Kecil, n=34).",NORMAL,0.0,0.0,Setoran sesuai dengan yang seharusnya (selisih dalam toleransi 2% / Rp10.000).,0,-
EMP-0111,CLEAN,CLEAN,NORMAL,0.0,0.0,Pergerakan jumlah karyawan dalam batas wajar.,NORMAL,0.0,0.0,"Upah sejalan dengan perusahaan sejenis (0% di atas median; sektor=Manufaktur | wilayah=Sumatera Utara | skala=Kecil, n=34).",NORMAL,0.0,0.0,Setoran sesuai dengan yang seharusnya (selisih dalam toleransi 2% / Rp10.000).,0,-
EMP-0112,CLEAN,CLEAN,NORMAL,0.0,0.0,Pergerakan jumlah karyawan dalam batas wajar.,NORMAL,0.0,0.0,"Upah sejalan dengan perusahaan sejenis (1% di atas median; sektor=Manufaktur | wilayah=Sumatera Utara | skala=Kecil, n=34).",NORMAL,0.0,0.0,Setoran sesuai dengan yang seharusnya (selisih dalam toleransi 2% / Rp10.000).,0,-
EMP-0113,CLEAN,CLEAN,NORMAL,0.0,0.0,Pergerakan jumlah karyawan dalam batas wajar.,NORMAL,0.0,0.0,"Upah sejalan dengan perusahaan sejenis (1% di atas median; sektor=Manufaktur | wilayah=Sumatera Utara | skala=Kecil, n=34).",NORMAL,0.0,0.0,Setoran sesuai dengan yang seharusnya (selisih dalam toleransi 2% / Rp10.000).,0,-
EMP-0114,UNDER_REPORTING_WAGE,B,NORMAL,0.0,0.0,Pergerakan jumlah karyawan dalam batas wajar.,FLAGGED,9.097,1.0,"Perlu dicek — indikasi lapor gaji lebih rendah dari aslinya: upah dilaporkan Rp2.449.150/orang, 38% di bawah median perusahaan sejenis (Rp3.933.274; sektor=Manufaktur | wilayah=Sumatera Utara | skala=Kecil, n=34), 9.1 IQR di bawah median, konsisten di 12/12 bulan. Upah juga di bawah UMR, tetapi itu sendiri bukan dasar flag (urusan Disnaker).",ONE_OFF_GAP,0.0207,0.49,"Kurang setor pada 2025-07, tetapi tidak berulang berturut-turut — dianggap wajar.",1,B
EMP-0115,CLEAN,CLEAN,NORMAL,0.0,0.0,Pergerakan jumlah karyawan dalam batas wajar.,NORMAL,0.21,0.047,"Upah sejalan dengan perusahaan sejenis (1% di bawah median; sektor=Manufaktur | wilayah=Sumatera Utara | skala=Kecil, n=34).",ONE_OFF_GAP,0.0203,0.49,"Kurang setor pada 2025-10, tetapi tidak berulang berturut-turut — dianggap wajar.",0,-
EMP-0116,CLEAN,CLEAN,NORMAL,0.0,0.0,Pergerakan jumlah karyawan dalam batas wajar.,NORMAL,0.005,0.001,"Upah sejalan dengan perusahaan sejenis (0% di bawah median; sektor=Manufaktur | wilayah=Sumatera Utara | skala=Kecil, n=34).",ONE_OFF_GAP,0.0209,0.49,"Kurang setor pada 2025-10, tetapi tidak berulang berturut-turut — dianggap wajar.",0,-
EMP-0117,CLEAN,CLEAN,NORMAL,0.0,0.0,Pergerakan jumlah karyawan dalam batas wajar.,NORMAL,0.0,0.0,"Upah sejalan dengan perusahaan sejenis (1% di atas median; sektor=Manufaktur | wilayah=Sumatera Utara | skala=Kecil, n=34).",ONE_OFF_GAP,0.0243,0.49,"Kurang setor pada 2025-08, tetapi tidak berulang berturut-turut — dianggap wajar.",0,-
EMP-0118,CLEAN,CLEAN,NORMAL,0.0,0.0,Pergerakan jumlah karyawan dalam batas wajar.,NORMAL,0.0,0.0,"Upah sejalan dengan perusahaan sejenis (1% di atas median; sektor=Manufaktur | wilayah=Sumatera Utara | skala=Kecil, n=34).",NORMAL,0.0,0.0,Setoran sesuai dengan yang seharusnya (selisih dalam toleransi 2% / Rp10.000).,0,-
EMP-0119,CLEAN,CLEAN,NORMAL,0.0,0.0,Pergerakan jumlah karyawan dalam batas wajar.,NORMAL,0.73,0.162,"Upah sejalan dengan perusahaan sejenis (4% di bawah median; sektor=Manufaktur | wilayah=Sumatera Utara | skala=Kecil, n=34).",NORMAL,0.0,0.0,Setoran sesuai dengan yang seharusnya (selisih dalam toleransi 2% / Rp10.000).,0,-
EMP-0120,CLEAN,CLEAN,NORMAL,0.0,0.0,Pergerakan jumlah karyawan dalam batas wajar.,NORMAL,0.0,0.0,"Upah sejalan dengan perusahaan sejenis (2% di atas median; sektor=Manufaktur | wilayah=Sumatera Utara | skala=Kecil, n=34).",NORMAL,0.0,0.0,Setoran sesuai dengan yang seharusnya (selisih dalam toleransi 2% / Rp10.000).,0,-
EMP-0121,CLEAN,CLEAN,NORMAL,0.0,0.0,Pergerakan jumlah karyawan dalam batas wajar.,NORMAL,0.0,0.0,"Upah sejalan dengan perusahaan sejenis (4% di atas median; sektor=Manufaktur | wilayah=Sumatera Utara | skala=Kecil, n=34).",NORMAL,0.0,0.0,Setoran sesuai dengan yang seharusnya (selisih dalam toleransi 2% / Rp10.000).,0,-
EMP-0122,CLEAN,CLEAN,NORMAL,0.0,0.0,Pergerakan jumlah karyawan dalam batas wajar.,NORMAL,0.445,0.099,"Upah sejalan dengan perusahaan sejenis (2% di bawah median; sektor=Manufaktur | wilayah=Sumatera Utara | skala=Kecil, n=34).",ONE_OFF_GAP,0.0222,0.49,"Kurang setor pada 2025-03, tetapi tidak berulang berturut-turut — dianggap wajar.",0,-
EMP-0123,CLEAN,CLEAN,NORMAL,0.0,0.0,Pergerakan jumlah karyawan dalam batas wajar.,NORMAL,1.174,0.261,"Upah sejalan dengan perusahaan sejenis (6% di bawah median; sektor=Manufaktur | wilayah=Sumatera Utara | skala=Kecil, n=34).",NORMAL,0.0,0.0,Setoran sesuai dengan yang seharusnya (selisih dalam toleransi 2% / Rp10.000).,0,-
EMP-0124,CLEAN,CLEAN,NORMAL,0.0,0.0,Pergerakan jumlah karyawan dalam batas wajar.,NORMAL,0.0,0.0,"Upah sejalan dengan perusahaan sejenis (2% di atas median; sektor=Manufaktur | wilayah=Sumatera Utara | skala=Kecil, n=34).",NORMAL,0.0,0.0,Setoran sesuai dengan yang seharusnya (selisih dalam toleransi 2% / Rp10.000).,0,-
EMP-0125,CLEAN,CLEAN,NORMAL,0.0,0.0,Pergerakan jumlah karyawan dalam batas wajar.,NORMAL,0.456,0.101,"Upah sejalan dengan perusahaan sejenis (2% di bawah median; sektor=Manufaktur | wilayah=Sumatera Utara | skala=Kecil, n=34).",ONE_OFF_GAP,0.0287,0.49,"Kurang setor pada 2025-10, tetapi tidak berulang berturut-turut — dianggap wajar.",0,-
EMP-0126,CLEAN,CLEAN,NORMAL,0.0,0.0,Pergerakan jumlah karyawan dalam batas wajar.,NORMAL,0.0,0.0,"Upah sejalan dengan perusahaan sejenis (3% di atas median; sektor=Manufaktur | wilayah=Sumatera Utara | skala=Kecil, n=34).",NORMAL,0.0,0.0,Setoran sesuai dengan yang seharusnya (selisih dalam toleransi 2% / Rp10.000).,0,-
EMP-0127,CLEAN,CLEAN,NORMAL,0.0,0.0,Pergerakan jumlah karyawan dalam batas wajar.,NORMAL,0.223,0.05,"Upah sejalan dengan perusahaan sejenis (1% di bawah median; sektor=Manufaktur | wilayah=Sumatera Utara | skala=Kecil, n=34).",ONE_OFF_GAP,0.0261,0.49,"Kurang setor pada 2025-09, tetapi tidak berulang berturut-turut — dianggap wajar.",0,-
EMP-0128,CLEAN,CLEAN,NORMAL,0.0,0.0,Pergerakan jumlah karyawan dalam batas wajar.,NORMAL,0.0,0.0,"Upah sejalan dengan perusahaan sejenis (1% di atas median; sektor=Manufaktur | wilayah=Sumatera Utara | skala=Kecil, n=34).",NORMAL,0.0,0.0,Setoran sesuai dengan yang seharusnya (selisih dalam toleransi 2% / Rp10.000).,0,-
EMP-0129,CLEAN,CLEAN,NORMAL,0.0,0.0,Pergerakan jumlah karyawan dalam batas wajar.,NORMAL,0.011,0.002,"Upah sejalan dengan perusahaan sejenis (0% di bawah median; sektor=Manufaktur | wilayah=Sumatera Utara | skala=Kecil, n=34).",ONE_OFF_GAP,0.0204,0.49,"Kurang setor pada 2025-09, tetapi tidak berulang berturut-turut — dianggap wajar.",0,-
EMP-0130,CLEAN,CLEAN,NORMAL,0.0,0.0,Pergerakan jumlah karyawan dalam batas wajar.,NORMAL,0.0,0.0,"Upah sejalan dengan perusahaan sejenis (3% di atas median; sektor=Manufaktur | wilayah=Sumatera Utara | skala=Kecil, n=34).",NORMAL,0.0,0.0,Setoran sesuai dengan yang seharusnya (selisih dalam toleransi 2% / Rp10.000).,0,-
EMP-0131,CLEAN,CLEAN,NORMAL,0.0,0.0,Pergerakan jumlah karyawan dalam batas wajar.,NORMAL,0.489,0.109,"Upah sejalan dengan perusahaan sejenis (2% di bawah median; sektor=Manufaktur | wilayah=Sumatera Utara | skala=Kecil, n=34).",NORMAL,0.0,0.0,Setoran sesuai dengan yang seharusnya (selisih dalam toleransi 2% / Rp10.000).,0,-
EMP-0132,CLEAN,CLEAN,NORMAL,0.0,0.0,Pergerakan jumlah karyawan dalam batas wajar.,NORMAL,0.0,0.0,"Upah sejalan dengan perusahaan sejenis (3% di atas median; sektor=Manufaktur | wilayah=Sumatera Utara | skala=Kecil, n=34).",NORMAL,0.0,0.0,Setoran sesuai dengan yang seharusnya (selisih dalam toleransi 2% / Rp10.000).,0,-
EMP-0133,CLEAN,CLEAN,NORMAL,0.0,0.0,Pergerakan jumlah karyawan dalam batas wajar.,NORMAL,1.066,0.237,"Upah sejalan dengan perusahaan sejenis (5% di bawah median; sektor=Manufaktur | wilayah=Sumatera Utara | skala=Kecil, n=34).",ONE_OFF_GAP,0.0206,0.49,"Kurang setor pada 2025-11, tetapi tidak berulang berturut-turut — dianggap wajar.",0,-
EMP-0134,CLEAN,CLEAN,NORMAL,0.0,0.0,Pergerakan jumlah karyawan dalam batas wajar.,NORMAL,0.0,0.0,"Upah sejalan dengan perusahaan sejenis (4% di atas median; sektor=Manufaktur | wilayah=Sumatera Utara | skala=Kecil, n=34).",NORMAL,0.0,0.0,Setoran sesuai dengan yang seharusnya (selisih dalam toleransi 2% / Rp10.000).,0,-
EMP-0135,CLEAN,CLEAN,NORMAL,0.0,0.0,Pergerakan jumlah karyawan dalam batas wajar.,NORMAL,1.028,0.228,"Upah sejalan dengan perusahaan sejenis (5% di bawah median; sektor=Manufaktur | wilayah=Sumatera Utara | skala=Kecil, n=34).",NORMAL,0.0,0.0,Setoran sesuai dengan yang seharusnya (selisih dalam toleransi 2% / Rp10.000).,0,-
EMP-0136,CLEAN,CLEAN,NORMAL,0.0,0.0,Pergerakan jumlah karyawan dalam batas wajar.,NORMAL,0.526,0.117,"Upah sejalan dengan perusahaan sejenis (3% di bawah median; sektor=Manufaktur | wilayah=Sumatera Utara | skala=Kecil, n=34).",NORMAL,0.0,0.0,Setoran sesuai dengan yang seharusnya (selisih dalam toleransi 2% / Rp10.000).,0,-
EMP-0137,CLEAN,CLEAN,NORMAL,0.0,0.0,Pergerakan jumlah karyawan dalam batas wajar.,NORMAL,0.235,0.052,"Upah sejalan dengan perusahaan sejenis (1% di bawah median; sektor=Manufaktur | wilayah=Sulawesi Selatan | skala=Menengah, n=34).",NORMAL,0.0,0.0,Setoran sesuai dengan yang seharusnya (selisih dalam toleransi 2% / Rp10.000).,0,-
EMP-0138,CLEAN,CLEAN,NORMAL,0.0,0.0,Pergerakan jumlah karyawan dalam batas wajar.,NORMAL,0.0,0.0,"Upah sejalan dengan perusahaan sejenis (5% di atas median; sektor=Manufaktur | wilayah=Sulawesi Selatan | skala=Menengah, n=34).",NORMAL,0.0,0.0,Setoran sesuai dengan yang seharusnya (selisih dalam toleransi 2% / Rp10.000).,0,-
EMP-0139,CLEAN,CLEAN,NORMAL,0.0,0.0,Pergerakan jumlah karyawan dalam batas wajar.,NORMAL,0.628,0.14,"Upah sejalan dengan perusahaan sejenis (3% di bawah median; sektor=Manufaktur | wilayah=Sulawesi Selatan | skala=Menengah, n=34).",ONE_OFF_GAP,0.0235,0.49,"Kurang setor pada 2025-07, tetapi tidak berulang berturut-turut — dianggap wajar.",0,-
EMP-0140,CLEAN,CLEAN,NORMAL,0.0,0.0,Pergerakan jumlah karyawan dalam batas wajar.,NORMAL,0.0,0.0,"Upah sejalan dengan perusahaan sejenis (1% di atas median; sektor=Manufaktur | wilayah=Sulawesi Selatan | skala=Menengah, n=34).",ONE_OFF_GAP,0.02,0.49,"Kurang setor pada 2025-07, tetapi tidak berulang berturut-turut — dianggap wajar.",0,-
EMP-0141,CLEAN,CLEAN,NORMAL,0.0,0.0,Pergerakan jumlah karyawan dalam batas wajar.,NORMAL,0.0,0.0,"Upah sejalan dengan perusahaan sejenis (1% di atas median; sektor=Manufaktur | wilayah=Sulawesi Selatan | skala=Menengah, n=34).",NORMAL,0.0,0.0,Setoran sesuai dengan yang seharusnya (selisih dalam toleransi 2% / Rp10.000).,0,-
EMP-0142,CLEAN,CLEAN,NORMAL,0.0,0.0,Pergerakan jumlah karyawan dalam batas wajar.,NORMAL,0.352,0.078,"Upah sejalan dengan perusahaan sejenis (2% di bawah median; sektor=Manufaktur | wilayah=Sulawesi Selatan | skala=Menengah, n=34).",NORMAL,0.0,0.0,Setoran sesuai dengan yang seharusnya (selisih dalam toleransi 2% / Rp10.000).,0,-
EMP-0143,CLEAN,CLEAN,NORMAL,0.0,0.0,Pergerakan jumlah karyawan dalam batas wajar.,NORMAL,0.0,0.0,"Upah sejalan dengan perusahaan sejenis (3% di atas median; sektor=Manufaktur | wilayah=Sulawesi Selatan | skala=Menengah, n=34).",ONE_OFF_GAP,0.024,0.49,"Kurang setor pada 2025-07, tetapi tidak berulang berturut-turut — dianggap wajar.",0,-
EMP-0144,CLEAN,CLEAN,NORMAL,0.0,0.0,Pergerakan jumlah karyawan dalam batas wajar.,NORMAL,0.0,0.0,"Upah sejalan dengan perusahaan sejenis (1% di atas median; sektor=Manufaktur | wilayah=Sulawesi Selatan | skala=Menengah, n=34).",NORMAL,0.0,0.0,Setoran sesuai dengan yang seharusnya (selisih dalam toleransi 2% / Rp10.000).,0,-
EMP-0145,CLEAN,CLEAN,NORMAL,0.0,0.0,Pergerakan jumlah karyawan dalam batas wajar.,NORMAL,0.413,0.092,"Upah sejalan dengan perusahaan sejenis (2% di bawah median; sektor=Manufaktur | wilayah=Sulawesi Selatan | skala=Menengah, n=34).",NORMAL,0.0,0.0,Setoran sesuai dengan yang seharusnya (selisih dalam toleransi 2% / Rp10.000).,0,-
EMP-0146,CLEAN,CLEAN,NORMAL,0.0,0.0,Pergerakan jumlah karyawan dalam batas wajar.,NORMAL,0.143,0.032,"Upah sejalan dengan perusahaan sejenis (1% di bawah median; sektor=Manufaktur | wilayah=Sulawesi Selatan | skala=Menengah, n=34).",ONE_OFF_GAP,0.0261,0.49,"Kurang setor pada 2025-05, tetapi tidak berulang berturut-turut — dianggap wajar.",0,-
EMP-0147,CLEAN,CLEAN,NORMAL,0.0,0.0,Pergerakan jumlah karyawan dalam batas wajar.,NORMAL,0.0,0.0,"Upah sejalan dengan perusahaan sejenis (2% di atas median; sektor=Manufaktur | wilayah=Sulawesi Selatan | skala=Menengah, n=34).",NORMAL,0.0,0.0,Setoran sesuai dengan yang seharusnya (selisih dalam toleransi 2% / Rp10.000).,0,-
EMP-0148,CLEAN,CLEAN,NORMAL,0.0,0.0,Pergerakan jumlah karyawan dalam batas wajar.,NORMAL,0.884,0.196,"Upah sejalan dengan perusahaan sejenis (4% di bawah median; sektor=Manufaktur | wilayah=Sulawesi Selatan | skala=Menengah, n=34).",NORMAL,0.0,0.0,Setoran sesuai dengan yang seharusnya (selisih dalam toleransi 2% / Rp10.000).,0,-
EMP-0149,CLEAN,CLEAN,NORMAL,0.0,0.0,Pergerakan jumlah karyawan dalam batas wajar.,NORMAL,0.0,0.0,"Upah sejalan dengan perusahaan sejenis (1% di atas median; sektor=Manufaktur | wilayah=Sulawesi Selatan | skala=Menengah, n=34).",NORMAL,0.0,0.0,Setoran sesuai dengan yang seharusnya (selisih dalam toleransi 2% / Rp10.000).,0,-
EMP-0150,PDUK,A,FLAGGED,24.094,1.0,"Perlu dicek — indikasi sembunyiin karyawan: jumlah karyawan turun 89 orang (48%) pada 2025-09 (184→95), jauh di luar pola biasanya (z=-24.1); hanya 1 orang tercatat resign.",NORMAL,0.364,0.081,"Upah sejalan dengan perusahaan sejenis (2% di bawah median; sektor=Manufaktur | wilayah=Sulawesi Selatan | skala=Menengah, n=34).",ONE_OFF_GAP,0.0203,0.49,"Kurang setor pada 2025-07, tetapi tidak berulang berturut-turut — dianggap wajar.",1,A
EMP-0151,CLEAN,CLEAN,NORMAL,0.0,0.0,Pergerakan jumlah karyawan dalam batas wajar.,NORMAL,0.0,0.0,"Upah sejalan dengan perusahaan sejenis (4% di atas median; sektor=Manufaktur | wilayah=Sulawesi Selatan | skala=Menengah, n=34).",ONE_OFF_GAP,0.0208,0.49,"Kurang setor pada 2025-08, tetapi tidak berulang berturut-turut — dianggap wajar.",0,-
EMP-0152,CLEAN,CLEAN,NORMAL,0.0,0.0,Pergerakan jumlah karyawan dalam batas wajar.,NORMAL,0.0,0.0,"Upah sejalan dengan perusahaan sejenis (4% di atas median; sektor=Manufaktur | wilayah=Sulawesi Selatan | skala=Menengah, n=34).",ONE_OFF_GAP,0.0226,0.49,"Kurang setor pada 2025-10, tetapi tidak berulang berturut-turut — dianggap wajar.",0,-
EMP-0153,CLEAN,CLEAN,NORMAL,0.0,0.0,Pergerakan jumlah karyawan dalam batas wajar.,NORMAL,0.452,0.1,"Upah sejalan dengan perusahaan sejenis (2% di bawah median; sektor=Manufaktur | wilayah=Sulawesi Selatan | skala=Menengah, n=34).",NORMAL,0.0,0.0,Setoran sesuai dengan yang seharusnya (selisih dalam toleransi 2% / Rp10.000).,0,-
EMP-0154,CLEAN,CLEAN,NORMAL,0.0,0.0,Pergerakan jumlah karyawan dalam batas wajar.,NORMAL,0.115,0.026,"Upah sejalan dengan perusahaan sejenis (1% di bawah median; sektor=Manufaktur | wilayah=Sulawesi Selatan | skala=Menengah, n=34).",NORMAL,0.0,0.0,Setoran sesuai dengan yang seharusnya (selisih dalam toleransi 2% / Rp10.000).,0,-
EMP-0155,CLEAN,CLEAN,NORMAL,0.0,0.0,Pergerakan jumlah karyawan dalam batas wajar.,NORMAL,0.0,0.0,"Upah sejalan dengan perusahaan sejenis (1% di atas median; sektor=Manufaktur | wilayah=Sulawesi Selatan | skala=Menengah, n=34).",NORMAL,0.0,0.0,Setoran sesuai dengan yang seharusnya (selisih dalam toleransi 2% / Rp10.000).,0,-
EMP-0156,CLEAN,CLEAN,NORMAL,0.0,0.0,Pergerakan jumlah karyawan dalam batas wajar.,NORMAL,0.412,0.092,"Upah sejalan dengan perusahaan sejenis (2% di bawah median; sektor=Manufaktur | wilayah=Sulawesi Selatan | skala=Menengah, n=34).",NORMAL,0.0,0.0,Setoran sesuai dengan yang seharusnya (selisih dalam toleransi 2% / Rp10.000).,0,-
EMP-0157,CLEAN,CLEAN,NORMAL,0.0,0.0,Pergerakan jumlah karyawan dalam batas wajar.,NORMAL,0.572,0.127,"Upah sejalan dengan perusahaan sejenis (3% di bawah median; sektor=Manufaktur | wilayah=Sulawesi Selatan | skala=Menengah, n=34).",NORMAL,0.0,0.0,Setoran sesuai dengan yang seharusnya (selisih dalam toleransi 2% / Rp10.000).,0,-
EMP-0158,CLEAN,CLEAN,NORMAL,0.0,0.0,Pergerakan jumlah karyawan dalam batas wajar.,NORMAL,0.0,0.0,"Upah sejalan dengan perusahaan sejenis (1% di atas median; sektor=Manufaktur | wilayah=Sulawesi Selatan | skala=Menengah, n=34).",NORMAL,0.0,0.0,Setoran sesuai dengan yang seharusnya (selisih dalam toleransi 2% / Rp10.000).,0,-
EMP-0159,CLEAN,CLEAN,NORMAL,0.0,0.0,Pergerakan jumlah karyawan dalam batas wajar.,NORMAL,0.0,0.0,"Upah sejalan dengan perusahaan sejenis (1% di atas median; sektor=Manufaktur | wilayah=Sulawesi Selatan | skala=Menengah, n=34).",NORMAL,0.0,0.0,Setoran sesuai dengan yang seharusnya (selisih dalam toleransi 2% / Rp10.000).,0,-
EMP-0160,CLEAN,CLEAN,NORMAL,0.0,0.0,Pergerakan jumlah karyawan dalam batas wajar.,NORMAL,0.675,0.15,"Upah sejalan dengan perusahaan sejenis (3% di bawah median; sektor=Manufaktur | wilayah=Sulawesi Selatan | skala=Menengah, n=34).",NORMAL,0.0,0.0,Setoran sesuai dengan yang seharusnya (selisih dalam toleransi 2% / Rp10.000).,0,-
EMP-0161,CLEAN,CLEAN,NORMAL,0.0,0.0,Pergerakan jumlah karyawan dalam batas wajar.,NORMAL,0.0,0.0,"Upah sejalan dengan perusahaan sejenis (4% di atas median; sektor=Manufaktur | wilayah=Sulawesi Selatan | skala=Menengah, n=34).",NORMAL,0.0,0.0,Setoran sesuai dengan yang seharusnya (selisih dalam toleransi 2% / Rp10.000).,0,-
EMP-0162,CLEAN,CLEAN,NORMAL,0.0,0.0,Pergerakan jumlah karyawan dalam batas wajar.,NORMAL,0.0,0.0,"Upah sejalan dengan perusahaan sejenis (0% di atas median; sektor=Manufaktur | wilayah=Sulawesi Selatan | skala=Menengah, n=34).",ONE_OFF_GAP,0.0253,0.49,"Kurang setor pada 2025-01, tetapi tidak berulang berturut-turut — dianggap wajar.",0,-
EMP-0163,CLEAN,CLEAN,NORMAL,0.0,0.0,Pergerakan jumlah karyawan dalam batas wajar.,NORMAL,0.276,0.061,"Upah sejalan dengan perusahaan sejenis (1% di bawah median; sektor=Manufaktur | wilayah=Sulawesi Selatan | skala=Menengah, n=34).",NORMAL,0.0,0.0,Setoran sesuai dengan yang seharusnya (selisih dalam toleransi 2% / Rp10.000).,0,-
EMP-0164,CLEAN,CLEAN,NORMAL,0.0,0.0,Pergerakan jumlah karyawan dalam batas wajar.,NORMAL,0.0,0.0,"Upah sejalan dengan perusahaan sejenis (1% di atas median; sektor=Manufaktur | wilayah=Sulawesi Selatan | skala=Menengah, n=34).",ONE_OFF_GAP,0.0205,0.49,"Kurang setor pada 2025-06, tetapi tidak berulang berturut-turut — dianggap wajar.",0,-
EMP-0165,CLEAN,CLEAN,NORMAL,0.0,0.0,Pergerakan jumlah karyawan dalam batas wajar.,NORMAL,0.674,0.15,"Upah sejalan dengan perusahaan sejenis (3% di bawah median; sektor=Manufaktur | wilayah=Sulawesi Selatan | skala=Menengah, n=34).",NORMAL,0.0,0.0,Setoran sesuai dengan yang seharusnya (selisih dalam toleransi 2% / Rp10.000).,0,-
EMP-0166,CLEAN,CLEAN,NORMAL,0.0,0.0,Pergerakan jumlah karyawan dalam batas wajar.,NORMAL,0.823,0.183,"Upah sejalan dengan perusahaan sejenis (4% di bawah median; sektor=Manufaktur | wilayah=Sulawesi Selatan | skala=Menengah, n=34).",ONE_OFF_GAP,0.0325,0.49,"Kurang setor pada 2025-06, tetapi tidak berulang berturut-turut — dianggap wajar.",0,-
EMP-0167,CLEAN,CLEAN,NORMAL,0.0,0.0,Pergerakan jumlah karyawan dalam batas wajar.,NORMAL,0.0,0.0,"Upah sejalan dengan perusahaan sejenis (1% di atas median; sektor=Manufaktur | wilayah=Sulawesi Selatan | skala=Menengah, n=34).",NORMAL,0.0,0.0,Setoran sesuai dengan yang seharusnya (selisih dalam toleransi 2% / Rp10.000).,0,-
EMP-0168,CLEAN,CLEAN,NORMAL,0.0,0.0,Pergerakan jumlah karyawan dalam batas wajar.,NORMAL,0.0,0.0,"Upah sejalan dengan perusahaan sejenis (3% di atas median; sektor=Manufaktur | wilayah=Sulawesi Selatan | skala=Menengah, n=34).",ONE_OFF_GAP,0.0231,0.49,"Kurang setor pada 2025-02, tetapi tidak berulang berturut-turut — dianggap wajar.",0,-
EMP-0169,CLEAN,CLEAN,NORMAL,0.0,0.0,Pergerakan jumlah karyawan dalam batas wajar.,NORMAL,0.768,0.171,"Upah sejalan dengan perusahaan sejenis (4% di bawah median; sektor=Manufaktur | wilayah=Sulawesi Selatan | skala=Menengah, n=34).",ONE_OFF_GAP,0.0239,0.49,"Kurang setor pada 2025-08, tetapi tidak berulang berturut-turut — dianggap wajar.",0,-
EMP-0170,CLEAN,CLEAN,NORMAL,0.0,0.0,Pergerakan jumlah karyawan dalam batas wajar.,NORMAL,0.0,0.0,"Upah sejalan dengan perusahaan sejenis (1% di atas median; sektor=Manufaktur | wilayah=Sulawesi Selatan | skala=Menengah, n=34).",NORMAL,0.0,0.0,Setoran sesuai dengan yang seharusnya (selisih dalam toleransi 2% / Rp10.000).,0,-
EMP-0171,CLEAN,CLEAN,NORMAL,0.0,0.0,Pergerakan jumlah karyawan dalam batas wajar.,NORMAL,0.0,0.0,"Upah sejalan dengan perusahaan sejenis (2% di atas median; sektor=Konstruksi | wilayah=DKI Jakarta | skala=Besar, n=34).",NORMAL,0.0,0.0,Setoran sesuai dengan yang seharusnya (selisih dalam toleransi 2% / Rp10.000).,0,-
EMP-0172,CLEAN,CLEAN,NORMAL,0.0,0.0,Pergerakan jumlah karyawan dalam batas wajar.,NORMAL,0.0,0.0,"Upah sejalan dengan perusahaan sejenis (5% di atas median; sektor=Konstruksi | wilayah=DKI Jakarta | skala=Besar, n=34).",NORMAL,0.0,0.0,Setoran sesuai dengan yang seharusnya (selisih dalam toleransi 2% / Rp10.000).,0,-
EMP-0173,CLEAN,CLEAN,NORMAL,0.0,0.0,Pergerakan jumlah karyawan dalam batas wajar.,NORMAL,0.0,0.0,"Upah sejalan dengan perusahaan sejenis (2% di atas median; sektor=Konstruksi | wilayah=DKI Jakarta | skala=Besar, n=34).",NORMAL,0.0,0.0,Setoran sesuai dengan yang seharusnya (selisih dalam toleransi 2% / Rp10.000).,0,-
EMP-0174,CLEAN,CLEAN,NORMAL,0.0,0.0,Pergerakan jumlah karyawan dalam batas wajar.,NORMAL,0.601,0.134,"Upah sejalan dengan perusahaan sejenis (3% di bawah median; sektor=Konstruksi | wilayah=DKI Jakarta | skala=Besar, n=34).",ONE_OFF_GAP,0.0266,0.49,"Kurang setor pada 2025-07, tetapi tidak berulang berturut-turut — dianggap wajar.",0,-
EMP-0175,CLEAN,CLEAN,NORMAL,0.0,0.0,Pergerakan jumlah karyawan dalam batas wajar.,NORMAL,0.525,0.117,"Upah sejalan dengan perusahaan sejenis (3% di bawah median; sektor=Konstruksi | wilayah=DKI Jakarta | skala=Besar, n=34).",NORMAL,0.0,0.0,Setoran sesuai dengan yang seharusnya (selisih dalam toleransi 2% / Rp10.000).,0,-
EMP-0176,CLEAN,CLEAN,NORMAL,0.0,0.0,Pergerakan jumlah karyawan dalam batas wajar.,NORMAL,0.0,0.0,"Upah sejalan dengan perusahaan sejenis (5% di atas median; sektor=Konstruksi | wilayah=DKI Jakarta | skala=Besar, n=34).",NORMAL,0.0,0.0,Setoran sesuai dengan yang seharusnya (selisih dalam toleransi 2% / Rp10.000).,0,-
EMP-0177,CLEAN,CLEAN,NORMAL,0.0,0.0,Pergerakan jumlah karyawan dalam batas wajar.,NORMAL,0.849,0.189,"Upah sejalan dengan perusahaan sejenis (4% di bawah median; sektor=Konstruksi | wilayah=DKI Jakarta | skala=Besar, n=34).",NORMAL,0.0,0.0,Setoran sesuai dengan yang seharusnya (selisih dalam toleransi 2% / Rp10.000).,0,-
EMP-0178,PDUK,A,FLAGGED,16.283,1.0,"Perlu dicek — indikasi sembunyiin karyawan: jumlah karyawan turun 247 orang (32%) pada 2025-09 (761→514), jauh di luar pola biasanya (z=-16.3); hanya 1 orang tercatat resign.",NORMAL,0.534,0.119,"Upah sejalan dengan perusahaan sejenis (3% di bawah median; sektor=Konstruksi | wilayah=DKI Jakarta | skala=Besar, n=34).",NORMAL,0.0,0.0,Setoran sesuai dengan yang seharusnya (selisih dalam toleransi 2% / Rp10.000).,1,A
EMP-0179,CLEAN,CLEAN,NORMAL,0.0,0.0,Pergerakan jumlah karyawan dalam batas wajar.,NORMAL,0.0,0.0,"Upah sejalan dengan perusahaan sejenis (0% di atas median; sektor=Konstruksi | wilayah=DKI Jakarta | skala=Besar, n=34).",ONE_OFF_GAP,0.0281,0.49,"Kurang setor pada 2025-08, tetapi tidak berulang berturut-turut — dianggap wajar.",0,-
EMP-0180,CLEAN,CLEAN,NORMAL,0.0,0.0,Pergerakan jumlah karyawan dalam batas wajar.,NORMAL,0.066,0.015,"Upah sejalan dengan perusahaan sejenis (0% di bawah median; sektor=Konstruksi | wilayah=DKI Jakarta | skala=Besar, n=34).",NORMAL,0.0,0.0,Setoran sesuai dengan yang seharusnya (selisih dalam toleransi 2% / Rp10.000).,0,-
EMP-0181,CLEAN,CLEAN,NORMAL,0.0,0.0,Pergerakan jumlah karyawan dalam batas wajar.,NORMAL,0.0,0.0,"Upah sejalan dengan perusahaan sejenis (3% di atas median; sektor=Konstruksi | wilayah=DKI Jakarta | skala=Besar, n=34).",ONE_OFF_GAP,0.0225,0.49,"Kurang setor pada 2025-12, tetapi tidak berulang berturut-turut — dianggap wajar.",0,-
EMP-0182,CLEAN,CLEAN,NORMAL,0.0,0.0,Pergerakan jumlah karyawan dalam batas wajar.,NORMAL,0.057,0.013,"Upah sejalan dengan perusahaan sejenis (0% di bawah median; sektor=Konstruksi | wilayah=DKI Jakarta | skala=Besar, n=34).",ONE_OFF_GAP,0.0255,0.49,"Kurang setor pada 2025-09, tetapi tidak berulang berturut-turut — dianggap wajar.",0,-
EMP-0183,CLEAN,CLEAN,NORMAL,0.0,0.0,Pergerakan jumlah karyawan dalam batas wajar.,NORMAL,0.0,0.0,"Upah sejalan dengan perusahaan sejenis (3% di atas median; sektor=Konstruksi | wilayah=DKI Jakarta | skala=Besar, n=34).",NORMAL,0.0,0.0,Setoran sesuai dengan yang seharusnya (selisih dalam toleransi 2% / Rp10.000).,0,-
EMP-0184,CLEAN,CLEAN,NORMAL,0.0,0.0,Pergerakan jumlah karyawan dalam batas wajar.,NORMAL,0.656,0.146,"Upah sejalan dengan perusahaan sejenis (3% di bawah median; sektor=Konstruksi | wilayah=DKI Jakarta | skala=Besar, n=34).",NORMAL,0.0,0.0,Setoran sesuai dengan yang seharusnya (selisih dalam toleransi 2% / Rp10.000).,0,-
EMP-0185,CLEAN,CLEAN,NORMAL,0.0,0.0,Pergerakan jumlah karyawan dalam batas wajar.,NORMAL,0.395,0.088,"Upah sejalan dengan perusahaan sejenis (2% di bawah median; sektor=Konstruksi | wilayah=DKI Jakarta | skala=Besar, n=34).",ONE_OFF_GAP,0.0256,0.49,"Kurang setor pada 2025-03, tetapi tidak berulang berturut-turut — dianggap wajar.",0,-
EMP-0186,CLEAN,CLEAN,NORMAL,0.0,0.0,Pergerakan jumlah karyawan dalam batas wajar.,NORMAL,0.724,0.161,"Upah sejalan dengan perusahaan sejenis (4% di bawah median; sektor=Konstruksi | wilayah=DKI Jakarta | skala=Besar, n=34).",ONE_OFF_GAP,0.0279,0.49,"Kurang setor pada 2025-05, tetapi tidak berulang berturut-turut — dianggap wajar.",0,-
EMP-0187,CLEAN,CLEAN,NORMAL,0.0,0.0,Pergerakan jumlah karyawan dalam batas wajar.,NORMAL,0.0,0.0,"Upah sejalan dengan perusahaan sejenis (0% di atas median; sektor=Konstruksi | wilayah=DKI Jakarta | skala=Besar, n=34).",NORMAL,0.0,0.0,Setoran sesuai dengan yang seharusnya (selisih dalam toleransi 2% / Rp10.000).,0,-
EMP-0188,CLEAN,CLEAN,NORMAL,0.0,0.0,Pergerakan jumlah karyawan dalam batas wajar.,NORMAL,0.0,0.0,"Upah sejalan dengan perusahaan sejenis (4% di atas median; sektor=Konstruksi | wilayah=DKI Jakarta | skala=Besar, n=34).",ONE_OFF_GAP,0.021,0.49,"Kurang setor pada 2025-04, tetapi tidak berulang berturut-turut — dianggap wajar.",0,-
EMP-0189,REMITTANCE_GAP,C,NORMAL,0.0,0.0,Pergerakan jumlah karyawan dalam batas wajar.,NORMAL,0.001,0.0,"Upah sejalan dengan perusahaan sejenis (0% di bawah median; sektor=Konstruksi | wilayah=DKI Jakarta | skala=Besar, n=34).",FLAGGED,0.1539,0.791,Setoran iuran rata-rata 15% di bawah yang seharusnya selama 5 bulan berturut-turut (2025-08 s/d 2025-12); total kekurangan Rp73.956.000.,1,C
EMP-0190,CLEAN,CLEAN,NORMAL,0.0,0.0,Pergerakan jumlah karyawan dalam batas wajar.,NORMAL,0.0,0.0,"Upah sejalan dengan perusahaan sejenis (3% di atas median; sektor=Konstruksi | wilayah=DKI Jakarta | skala=Besar, n=34).",NORMAL,0.0,0.0,Setoran sesuai dengan yang seharusnya (selisih dalam toleransi 2% / Rp10.000).,0,-
EMP-0191,CLEAN,CLEAN,NORMAL,0.0,0.0,Pergerakan jumlah karyawan dalam batas wajar.,NORMAL,0.385,0.086,"Upah sejalan dengan perusahaan sejenis (2% di bawah median; sektor=Konstruksi | wilayah=DKI Jakarta | skala=Besar, n=34).",NORMAL,0.0,0.0,Setoran sesuai dengan yang seharusnya (selisih dalam toleransi 2% / Rp10.000).,0,-
EMP-0192,CLEAN,CLEAN,NORMAL,0.0,0.0,Pergerakan jumlah karyawan dalam batas wajar.,NORMAL,0.0,0.0,"Upah sejalan dengan perusahaan sejenis (1% di atas median; sektor=Konstruksi | wilayah=DKI Jakarta | skala=Besar, n=34).",ONE_OFF_GAP,0.0248,0.49,"Kurang setor pada 2025-03, tetapi tidak berulang berturut-turut — dianggap wajar.",0,-
EMP-0193,CLEAN,CLEAN,NORMAL,0.0,0.0,Pergerakan jumlah karyawan dalam batas wajar.,NORMAL,0.221,0.049,"Upah sejalan dengan perusahaan sejenis (1% di bawah median; sektor=Konstruksi | wilayah=DKI Jakarta | skala=Besar, n=34).",ONE_OFF_GAP,0.0308,0.49,"Kurang setor pada 2025-12, tetapi tidak berulang berturut-turut — dianggap wajar.",0,-
EMP-0194,UNDER_REPORTING_WAGE,B,NORMAL,0.0,0.0,Pergerakan jumlah karyawan dalam batas wajar.,FLAGGED,7.29,1.0,"Perlu dicek — indikasi lapor gaji lebih rendah dari aslinya: upah dilaporkan Rp3.970.750/orang, 31% di bawah median perusahaan sejenis (Rp5.748.413; sektor=Konstruksi | wilayah=DKI Jakarta | skala=Besar, n=34), 7.3 IQR di bawah median, konsisten di 12/12 bulan. Upah juga di bawah UMR, tetapi itu sendiri bukan dasar flag (urusan Disnaker).",NORMAL,0.0,0.0,Setoran sesuai dengan yang seharusnya (selisih dalam toleransi 2% / Rp10.000).,1,B
EMP-0195,CLEAN,CLEAN,NORMAL,0.0,0.0,Pergerakan jumlah karyawan dalam batas wajar.,NORMAL,0.018,0.004,"Upah sejalan dengan perusahaan sejenis (0% di bawah median; sektor=Konstruksi | wilayah=DKI Jakarta | skala=Besar, n=34).",FLAGGED,0.0257,0.512,Setoran iuran rata-rata 3% di bawah yang seharusnya selama 2 bulan berturut-turut (2025-04 s/d 2025-05); total kekurangan Rp8.169.000.,1,C
EMP-0196,CLEAN,CLEAN,NORMAL,0.0,0.0,Pergerakan jumlah karyawan dalam batas wajar.,NORMAL,0.0,0.0,"Upah sejalan dengan perusahaan sejenis (3% di atas median; sektor=Konstruksi | wilayah=DKI Jakarta | skala=Besar, n=34).",NORMAL,0.0,0.0,Setoran sesuai dengan yang seharusnya (selisih dalam toleransi 2% / Rp10.000).,0,-
EMP-0197,CLEAN,CLEAN,NORMAL,0.0,0.0,Pergerakan jumlah karyawan dalam batas wajar.,NORMAL,0.039,0.009,"Upah sejalan dengan perusahaan sejenis (0% di bawah median; sektor=Konstruksi | wilayah=DKI Jakarta | skala=Besar, n=34).",ONE_OFF_GAP,0.0201,0.49,"Kurang setor pada 2025-11, tetapi tidak berulang berturut-turut — dianggap wajar.",0,-
EMP-0198,CLEAN,CLEAN,NORMAL,0.0,0.0,Pergerakan jumlah karyawan dalam batas wajar.,NORMAL,0.717,0.159,"Upah sejalan dengan perusahaan sejenis (4% di bawah median; sektor=Konstruksi | wilayah=DKI Jakarta | skala=Besar, n=34).",ONE_OFF_GAP,0.0241,0.49,"Kurang setor pada 2025-08, tetapi tidak berulang berturut-turut — dianggap wajar.",0,-
EMP-0199,PDUK,A,FLAGGED,17.878,1.0,"Perlu dicek — indikasi sembunyiin karyawan: jumlah karyawan turun 210 orang (37%) pada 2025-08 (571→361), jauh di luar pola biasanya (z=-17.9); tidak ada catatan resign.",NORMAL,0.0,0.0,"Upah sejalan dengan perusahaan sejenis (1% di atas median; sektor=Konstruksi | wilayah=DKI Jakarta | skala=Besar, n=34).",NORMAL,0.0,0.0,Setoran sesuai dengan yang seharusnya (selisih dalam toleransi 2% / Rp10.000).,1,A
EMP-0200,CLEAN,CLEAN,NORMAL,0.0,0.0,Pergerakan jumlah karyawan dalam batas wajar.,NORMAL,0.0,0.0,"Upah sejalan dengan perusahaan sejenis (2% di atas median; sektor=Konstruksi | wilayah=DKI Jakarta | skala=Besar, n=34).",NORMAL,0.0,0.0,Setoran sesuai dengan yang seharusnya (selisih dalam toleransi 2% / Rp10.000).,0,-
EMP-0201,CLEAN,CLEAN,NORMAL,0.0,0.0,Pergerakan jumlah karyawan dalam batas wajar.,NORMAL,0.0,0.0,"Upah sejalan dengan perusahaan sejenis (6% di atas median; sektor=Konstruksi | wilayah=DKI Jakarta | skala=Besar, n=34).",NORMAL,0.0,0.0,Setoran sesuai dengan yang seharusnya (selisih dalam toleransi 2% / Rp10.000).,0,-
EMP-0202,CLEAN,CLEAN,NORMAL,0.0,0.0,Pergerakan jumlah karyawan dalam batas wajar.,NORMAL,0.0,0.0,"Upah sejalan dengan perusahaan sejenis (0% di atas median; sektor=Konstruksi | wilayah=DKI Jakarta | skala=Besar, n=34).",NORMAL,0.0,0.0,Setoran sesuai dengan yang seharusnya (selisih dalam toleransi 2% / Rp10.000).,0,-
EMP-0203,CLEAN,CLEAN,NORMAL,0.0,0.0,Pergerakan jumlah karyawan dalam batas wajar.,NORMAL,0.466,0.103,"Upah sejalan dengan perusahaan sejenis (2% di bawah median; sektor=Konstruksi | wilayah=DKI Jakarta | skala=Besar, n=34).",ONE_OFF_GAP,0.0257,0.49,"Kurang setor pada 2025-02, tetapi tidak berulang berturut-turut — dianggap wajar.",0,-
EMP-0204,CLEAN,CLEAN,NORMAL,0.0,0.0,Pergerakan jumlah karyawan dalam batas wajar.,NORMAL,0.0,0.0,"Upah sejalan dengan perusahaan sejenis (3% di atas median; sektor=Konstruksi | wilayah=DKI Jakarta | skala=Besar, n=34).",ONE_OFF_GAP,0.024,0.49,"Kurang setor pada 2025-05, tetapi tidak berulang berturut-turut — dianggap wajar.",0,-
EMP-0205,CLEAN,CLEAN,NORMAL,0.0,0.0,Pergerakan jumlah karyawan dalam batas wajar.,NOT_CANDIDATE,0.0,0.0,Upah rata-rata Rp4.153.600/orang di atas 1.5× UMR (Rp2.191.238); tidak masuk kandidat awal.,NORMAL,0.0,0.0,Setoran sesuai dengan yang seharusnya (selisih dalam toleransi 2% / Rp10.000).,0,-
EMP-0206,CLEAN,CLEAN,NORMAL,0.0,0.0,Pergerakan jumlah karyawan dalam batas wajar.,NOT_CANDIDATE,0.0,0.0,Upah rata-rata Rp4.144.050/orang di atas 1.5× UMR (Rp2.191.238); tidak masuk kandidat awal.,NORMAL,0.0,0.0,Setoran sesuai dengan yang seharusnya (selisih dalam toleransi 2% / Rp10.000).,0,-
EMP-0207,CLEAN,CLEAN,NORMAL,0.0,0.0,Pergerakan jumlah karyawan dalam batas wajar.,NOT_CANDIDATE,0.0,0.0,Upah rata-rata Rp4.117.200/orang di atas 1.5× UMR (Rp2.191.238); tidak masuk kandidat awal.,NORMAL,0.0,0.0,Setoran sesuai dengan yang seharusnya (selisih dalam toleransi 2% / Rp10.000).,0,-
EMP-0208,CLEAN,CLEAN,NORMAL,0.0,0.0,Pergerakan jumlah karyawan dalam batas wajar.,NOT_CANDIDATE,0.0,0.0,Upah rata-rata Rp4.116.550/orang di atas 1.5× UMR (Rp2.191.238); tidak masuk kandidat awal.,NORMAL,0.0,0.0,Setoran sesuai dengan yang seharusnya (selisih dalam toleransi 2% / Rp10.000).,0,-
EMP-0209,CLEAN,CLEAN,NORMAL,0.0,0.0,Pergerakan jumlah karyawan dalam batas wajar.,NOT_CANDIDATE,0.0,0.0,Upah rata-rata Rp4.110.550/orang di atas 1.5× UMR (Rp2.191.238); tidak masuk kandidat awal.,ONE_OFF_GAP,0.023,0.49,"Kurang setor pada 2025-11, tetapi tidak berulang berturut-turut — dianggap wajar.",0,-
EMP-0210,CLEAN,CLEAN,NORMAL,0.0,0.0,Pergerakan jumlah karyawan dalam batas wajar.,NOT_CANDIDATE,0.0,0.0,Upah rata-rata Rp4.083.000/orang di atas 1.5× UMR (Rp2.191.238); tidak masuk kandidat awal.,FLAGGED,0.0211,0.502,Setoran iuran rata-rata 2% di bawah yang seharusnya selama 2 bulan berturut-turut (2025-01 s/d 2025-02); total kekurangan Rp227.000.,1,C
EMP-0211,PDUK,A,FLAGGED,10.973,1.0,"Perlu dicek — indikasi sembunyiin karyawan: jumlah karyawan turun 11 orang (35%) pada 2025-08 (31→20), jauh di luar pola biasanya (z=-11.0); tidak ada catatan resign.",NOT_CANDIDATE,0.0,0.0,Upah rata-rata Rp3.938.700/orang di atas 1.5× UMR (Rp2.191.238); tidak masuk kandidat awal.,ONE_OFF_GAP,0.0287,0.49,"Kurang setor pada 2025-01, tetapi tidak berulang berturut-turut — dianggap wajar.",1,A
EMP-0212,COLD_START,(tidak dikenal),INSUFFICIENT_DATA,,,Riwayat data baru 2 bulan (< 3); belum bisa dinilai.,INSUFFICIENT_DATA,,,Data upah baru 2 bulan (< 3); belum bisa dinilai.,NORMAL,0.0,0.0,Setoran sesuai dengan yang seharusnya (selisih dalam toleransi 2% / Rp10.000).,0,-
EMP-0213,CLEAN,CLEAN,NORMAL,0.0,0.0,Pergerakan jumlah karyawan dalam batas wajar.,NOT_CANDIDATE,0.0,0.0,Upah rata-rata Rp3.948.650/orang di atas 1.5× UMR (Rp2.191.238); tidak masuk kandidat awal.,ONE_OFF_GAP,0.0275,0.49,"Kurang setor pada 2025-01, tetapi tidak berulang berturut-turut — dianggap wajar.",0,-
EMP-0214,PDUK,A,FLAGGED,9.2,1.0,"Perlu dicek — indikasi sembunyiin karyawan: jumlah karyawan turun 10 orang (45%) pada 2025-07 (22→12), jauh di luar pola biasanya (z=-9.2); hanya 1 orang tercatat resign.",NOT_CANDIDATE,0.0,0.0,Upah rata-rata Rp4.010.250/orang di atas 1.5× UMR (Rp2.191.238); tidak masuk kandidat awal.,NORMAL,0.0,0.0,Setoran sesuai dengan yang seharusnya (selisih dalam toleransi 2% / Rp10.000).,1,A
EMP-0215,CLEAN,CLEAN,NORMAL,0.0,0.0,Pergerakan jumlah karyawan dalam batas wajar.,NOT_CANDIDATE,0.0,0.0,Upah rata-rata Rp3.976.950/orang di atas 1.5× UMR (Rp2.191.238); tidak masuk kandidat awal.,NORMAL,0.0,0.0,Setoran sesuai dengan yang seharusnya (selisih dalam toleransi 2% / Rp10.000).,0,-
EMP-0216,CLEAN,CLEAN,NORMAL,0.0,0.0,Pergerakan jumlah karyawan dalam batas wajar.,NOT_CANDIDATE,0.0,0.0,Upah rata-rata Rp4.197.900/orang di atas 1.5× UMR (Rp2.191.238); tidak masuk kandidat awal.,NORMAL,0.0,0.0,Setoran sesuai dengan yang seharusnya (selisih dalam toleransi 2% / Rp10.000).,0,-
EMP-0217,CLEAN,CLEAN,NORMAL,0.0,0.0,Pergerakan jumlah karyawan dalam batas wajar.,NOT_CANDIDATE,0.0,0.0,Upah rata-rata Rp3.842.050/orang di atas 1.5× UMR (Rp2.191.238); tidak masuk kandidat awal.,NORMAL,0.0,0.0,Setoran sesuai dengan yang seharusnya (selisih dalam toleransi 2% / Rp10.000).,0,-
EMP-0218,CLEAN,CLEAN,NORMAL,0.0,0.0,Pergerakan jumlah karyawan dalam batas wajar.,NOT_CANDIDATE,0.0,0.0,Upah rata-rata Rp4.201.350/orang di atas 1.5× UMR (Rp2.191.238); tidak masuk kandidat awal.,ONE_OFF_GAP,0.0221,0.49,"Kurang setor pada 2025-12, tetapi tidak berulang berturut-turut — dianggap wajar.",0,-
EMP-0219,CLEAN,CLEAN,NORMAL,0.0,0.0,Pergerakan jumlah karyawan dalam batas wajar.,NOT_CANDIDATE,0.0,0.0,Upah rata-rata Rp4.212.050/orang di atas 1.5× UMR (Rp2.191.238); tidak masuk kandidat awal.,NORMAL,0.0,0.0,Setoran sesuai dengan yang seharusnya (selisih dalam toleransi 2% / Rp10.000).,0,-
EMP-0220,CLEAN,CLEAN,NORMAL,0.0,0.0,Pergerakan jumlah karyawan dalam batas wajar.,NOT_CANDIDATE,0.0,0.0,Upah rata-rata Rp4.204.450/orang di atas 1.5× UMR (Rp2.191.238); tidak masuk kandidat awal.,ONE_OFF_GAP,0.0208,0.49,"Kurang setor pada 2025-06, tetapi tidak berulang berturut-turut — dianggap wajar.",0,-
EMP-0221,CLEAN,CLEAN,NORMAL,0.0,0.0,Pergerakan jumlah karyawan dalam batas wajar.,NOT_CANDIDATE,0.0,0.0,Upah rata-rata Rp3.970.600/orang di atas 1.5× UMR (Rp2.191.238); tidak masuk kandidat awal.,NORMAL,0.0,0.0,Setoran sesuai dengan yang seharusnya (selisih dalam toleransi 2% / Rp10.000).,0,-
EMP-0222,UNDER_REPORTING_WAGE,B,NORMAL,0.0,0.0,Pergerakan jumlah karyawan dalam batas wajar.,FLAGGED,9.576,1.0,"Perlu dicek — indikasi lapor gaji lebih rendah dari aslinya: upah dilaporkan Rp2.489.400/orang, 38% di bawah median perusahaan sejenis (Rp4.024.075; sektor=Konstruksi | wilayah=Jawa Barat | skala=Kecil, n=34), 9.6 IQR di bawah median, konsisten di 12/12 bulan.",NORMAL,0.0,0.0,Setoran sesuai dengan yang seharusnya (selisih dalam toleransi 2% / Rp10.000).,1,B
EMP-0223,CLEAN,CLEAN,NORMAL,0.0,0.0,Pergerakan jumlah karyawan dalam batas wajar.,NOT_CANDIDATE,0.0,0.0,Upah rata-rata Rp3.971.500/orang di atas 1.5× UMR (Rp2.191.238); tidak masuk kandidat awal.,NORMAL,0.0,0.0,Setoran sesuai dengan yang seharusnya (selisih dalam toleransi 2% / Rp10.000).,0,-
EMP-0224,CLEAN,CLEAN,NORMAL,0.0,0.0,Pergerakan jumlah karyawan dalam batas wajar.,NOT_CANDIDATE,0.0,0.0,Upah rata-rata Rp3.969.900/orang di atas 1.5× UMR (Rp2.191.238); tidak masuk kandidat awal.,NORMAL,0.0,0.0,Setoran sesuai dengan yang seharusnya (selisih dalam toleransi 2% / Rp10.000).,0,-
EMP-0225,CLEAN,CLEAN,NORMAL,0.0,0.0,Pergerakan jumlah karyawan dalam batas wajar.,NOT_CANDIDATE,0.0,0.0,Upah rata-rata Rp4.048.250/orang di atas 1.5× UMR (Rp2.191.238); tidak masuk kandidat awal.,NORMAL,0.0,0.0,Setoran sesuai dengan yang seharusnya (selisih dalam toleransi 2% / Rp10.000).,0,-
EMP-0226,CLEAN,CLEAN,NORMAL,0.0,0.0,Pergerakan jumlah karyawan dalam batas wajar.,NOT_CANDIDATE,0.0,0.0,Upah rata-rata Rp4.034.150/orang di atas 1.5× UMR (Rp2.191.238); tidak masuk kandidat awal.,NORMAL,0.0,0.0,Setoran sesuai dengan yang seharusnya (selisih dalam toleransi 2% / Rp10.000).,0,-
EMP-0227,CLEAN,CLEAN,NORMAL,0.0,0.0,Pergerakan jumlah karyawan dalam batas wajar.,NOT_CANDIDATE,0.0,0.0,Upah rata-rata Rp4.032.450/orang di atas 1.5× UMR (Rp2.191.238); tidak masuk kandidat awal.,NORMAL,0.0,0.0,Setoran sesuai dengan yang seharusnya (selisih dalam toleransi 2% / Rp10.000).,0,-
EMP-0228,CLEAN,CLEAN,NORMAL,0.0,0.0,Pergerakan jumlah karyawan dalam batas wajar.,NOT_CANDIDATE,0.0,0.0,Upah rata-rata Rp4.157.550/orang di atas 1.5× UMR (Rp2.191.238); tidak masuk kandidat awal.,ONE_OFF_GAP,0.0231,0.49,"Kurang setor pada 2025-09, tetapi tidak berulang berturut-turut — dianggap wajar.",0,-
EMP-0229,CLEAN,CLEAN,NORMAL,0.0,0.0,Pergerakan jumlah karyawan dalam batas wajar.,NOT_CANDIDATE,0.0,0.0,Upah rata-rata Rp4.106.450/orang di atas 1.5× UMR (Rp2.191.238); tidak masuk kandidat awal.,NORMAL,0.0,0.0,Setoran sesuai dengan yang seharusnya (selisih dalam toleransi 2% / Rp10.000).,0,-
EMP-0230,REMITTANCE_GAP,C,NORMAL,0.0,0.0,Pergerakan jumlah karyawan dalam batas wajar.,NOT_CANDIDATE,0.0,0.0,Upah rata-rata Rp3.950.350/orang di atas 1.5× UMR (Rp2.191.238); tidak masuk kandidat awal.,FLAGGED,0.1694,0.825,Setoran iuran rata-rata 17% di bawah yang seharusnya selama 4 bulan berturut-turut (2025-09 s/d 2025-12); total kekurangan Rp2.984.000.,1,C
EMP-0231,CLEAN,CLEAN,NORMAL,0.0,0.0,Pergerakan jumlah karyawan dalam batas wajar.,NOT_CANDIDATE,0.0,0.0,Upah rata-rata Rp3.958.500/orang di atas 1.5× UMR (Rp2.191.238); tidak masuk kandidat awal.,NORMAL,0.0,0.0,Setoran sesuai dengan yang seharusnya (selisih dalam toleransi 2% / Rp10.000).,0,-
EMP-0232,CLEAN,CLEAN,NORMAL,0.0,0.0,Pergerakan jumlah karyawan dalam batas wajar.,NOT_CANDIDATE,0.0,0.0,Upah rata-rata Rp3.886.000/orang di atas 1.5× UMR (Rp2.191.238); tidak masuk kandidat awal.,NORMAL,0.0,0.0,Setoran sesuai dengan yang seharusnya (selisih dalam toleransi 2% / Rp10.000).,0,-
EMP-0233,CLEAN,CLEAN,NORMAL,0.0,0.0,Pergerakan jumlah karyawan dalam batas wajar.,NOT_CANDIDATE,0.0,0.0,Upah rata-rata Rp4.009.350/orang di atas 1.5× UMR (Rp2.191.238); tidak masuk kandidat awal.,ONE_OFF_GAP,0.0229,0.49,"Kurang setor pada 2025-06, tetapi tidak berulang berturut-turut — dianggap wajar.",0,-
EMP-0234,CLEAN,CLEAN,NORMAL,0.0,0.0,Pergerakan jumlah karyawan dalam batas wajar.,NOT_CANDIDATE,0.0,0.0,Upah rata-rata Rp3.941.950/orang di atas 1.5× UMR (Rp2.191.238); tidak masuk kandidat awal.,ONE_OFF_GAP,0.0235,0.49,"Kurang setor pada 2025-11, tetapi tidak berulang berturut-turut — dianggap wajar.",0,-
EMP-0235,CLEAN,CLEAN,NORMAL,0.0,0.0,Pergerakan jumlah karyawan dalam batas wajar.,NOT_CANDIDATE,0.0,0.0,Upah rata-rata Rp3.988.750/orang di atas 1.5× UMR (Rp2.191.238); tidak masuk kandidat awal.,NORMAL,0.0,0.0,Setoran sesuai dengan yang seharusnya (selisih dalam toleransi 2% / Rp10.000).,0,-
EMP-0236,CLEAN,CLEAN,NORMAL,0.0,0.0,Pergerakan jumlah karyawan dalam batas wajar.,NOT_CANDIDATE,0.0,0.0,Upah rata-rata Rp4.060.300/orang di atas 1.5× UMR (Rp2.191.238); tidak masuk kandidat awal.,NORMAL,0.0,0.0,Setoran sesuai dengan yang seharusnya (selisih dalam toleransi 2% / Rp10.000).,0,-
EMP-0237,CLEAN,CLEAN,NORMAL,0.0,0.0,Pergerakan jumlah karyawan dalam batas wajar.,NOT_CANDIDATE,0.0,0.0,Upah rata-rata Rp4.038.350/orang di atas 1.5× UMR (Rp2.191.238); tidak masuk kandidat awal.,NORMAL,0.0,0.0,Setoran sesuai dengan yang seharusnya (selisih dalam toleransi 2% / Rp10.000).,0,-
EMP-0238,CLEAN,CLEAN,NORMAL,0.0,0.0,Pergerakan jumlah karyawan dalam batas wajar.,NOT_CANDIDATE,0.0,0.0,Upah rata-rata Rp3.843.600/orang di atas 1.5× UMR (Rp2.191.238); tidak masuk kandidat awal.,NORMAL,0.0,0.0,Setoran sesuai dengan yang seharusnya (selisih dalam toleransi 2% / Rp10.000).,0,-
EMP-0239,CLEAN,CLEAN,NORMAL,0.0,0.0,Pergerakan jumlah karyawan dalam batas wajar.,NOT_CANDIDATE,0.0,0.0,Upah rata-rata Rp4.130.250/orang di atas 1.5× UMR (Rp2.305.985); tidak masuk kandidat awal.,ONE_OFF_GAP,0.0233,0.49,"Kurang setor pada 2025-08, tetapi tidak berulang berturut-turut — dianggap wajar.",0,-
EMP-0240,CLEAN,CLEAN,NORMAL,0.0,0.0,Pergerakan jumlah karyawan dalam batas wajar.,NOT_CANDIDATE,0.0,0.0,Upah rata-rata Rp4.068.650/orang di atas 1.5× UMR (Rp2.305.985); tidak masuk kandidat awal.,NORMAL,0.0,0.0,Setoran sesuai dengan yang seharusnya (selisih dalam toleransi 2% / Rp10.000).,0,-
EMP-0241,CLEAN,CLEAN,NORMAL,0.0,0.0,Pergerakan jumlah karyawan dalam batas wajar.,NOT_CANDIDATE,0.0,0.0,Upah rata-rata Rp4.118.050/orang di atas 1.5× UMR (Rp2.305.985); tidak masuk kandidat awal.,ONE_OFF_GAP,0.0208,0.49,"Kurang setor pada 2025-10, tetapi tidak berulang berturut-turut — dianggap wajar.",0,-
EMP-0242,CLEAN,CLEAN,NORMAL,0.0,0.0,Pergerakan jumlah karyawan dalam batas wajar.,NOT_CANDIDATE,0.0,0.0,Upah rata-rata Rp4.267.150/orang di atas 1.5× UMR (Rp2.305.985); tidak masuk kandidat awal.,NORMAL,0.0,0.0,Setoran sesuai dengan yang seharusnya (selisih dalam toleransi 2% / Rp10.000).,0,-
EMP-0243,CLEAN,CLEAN,NORMAL,0.0,0.0,Pergerakan jumlah karyawan dalam batas wajar.,NOT_CANDIDATE,0.0,0.0,Upah rata-rata Rp4.365.500/orang di atas 1.5× UMR (Rp2.305.985); tidak masuk kandidat awal.,ONE_OFF_GAP,0.024,0.49,"Kurang setor pada 2025-09, tetapi tidak berulang berturut-turut — dianggap wajar.",0,-
EMP-0244,CLEAN,CLEAN,NORMAL,0.0,0.0,Pergerakan jumlah karyawan dalam batas wajar.,NOT_CANDIDATE,0.0,0.0,Upah rata-rata Rp4.439.000/orang di atas 1.5× UMR (Rp2.305.985); tidak masuk kandidat awal.,ONE_OFF_GAP,0.0224,0.49,"Kurang setor pada 2025-05, tetapi tidak berulang berturut-turut — dianggap wajar.",0,-
EMP-0245,CLEAN,CLEAN,NORMAL,0.0,0.0,Pergerakan jumlah karyawan dalam batas wajar.,NOT_CANDIDATE,0.0,0.0,Upah rata-rata Rp4.143.350/orang di atas 1.5× UMR (Rp2.305.985); tidak masuk kandidat awal.,ONE_OFF_GAP,0.0206,0.49,"Kurang setor pada 2025-04, tetapi tidak berulang berturut-turut — dianggap wajar.",0,-
EMP-0246,CLEAN,CLEAN,NORMAL,0.0,0.0,Pergerakan jumlah karyawan dalam batas wajar.,NOT_CANDIDATE,0.0,0.0,Upah rata-rata Rp4.312.700/orang di atas 1.5× UMR (Rp2.305.985); tidak masuk kandidat awal.,NORMAL,0.0,0.0,Setoran sesuai dengan yang seharusnya (selisih dalam toleransi 2% / Rp10.000).,0,-
EMP-0247,CLEAN,CLEAN,NORMAL,0.0,0.0,Pergerakan jumlah karyawan dalam batas wajar.,NOT_CANDIDATE,0.0,0.0,Upah rata-rata Rp4.272.050/orang di atas 1.5× UMR (Rp2.305.985); tidak masuk kandidat awal.,NORMAL,0.0,0.0,Setoran sesuai dengan yang seharusnya (selisih dalam toleransi 2% / Rp10.000).,0,-
EMP-0248,PDUK,A,FLAGGED,21.61,1.0,"Perlu dicek — indikasi sembunyiin karyawan: jumlah karyawan turun 52 orang (44%) pada 2025-09 (118→66), jauh di luar pola biasanya (z=-21.6); tidak ada catatan resign.",NOT_CANDIDATE,0.0,0.0,Upah rata-rata Rp4.426.650/orang di atas 1.5× UMR (Rp2.305.985); tidak masuk kandidat awal.,NORMAL,0.0,0.0,Setoran sesuai dengan yang seharusnya (selisih dalam toleransi 2% / Rp10.000).,1,A
EMP-0249,CLEAN,CLEAN,NORMAL,0.0,0.0,Pergerakan jumlah karyawan dalam batas wajar.,NOT_CANDIDATE,0.0,0.0,Upah rata-rata Rp4.492.750/orang di atas 1.5× UMR (Rp2.305.985); tidak masuk kandidat awal.,NORMAL,0.0,0.0,Setoran sesuai dengan yang seharusnya (selisih dalam toleransi 2% / Rp10.000).,0,-
EMP-0250,CLEAN,CLEAN,NORMAL,0.0,0.0,Pergerakan jumlah karyawan dalam batas wajar.,NOT_CANDIDATE,0.0,0.0,Upah rata-rata Rp4.471.750/orang di atas 1.5× UMR (Rp2.305.985); tidak masuk kandidat awal.,NORMAL,0.0,0.0,Setoran sesuai dengan yang seharusnya (selisih dalam toleransi 2% / Rp10.000).,0,-
EMP-0251,CLEAN,CLEAN,NORMAL,0.0,0.0,Pergerakan jumlah karyawan dalam batas wajar.,NOT_CANDIDATE,0.0,0.0,Upah rata-rata Rp4.460.250/orang di atas 1.5× UMR (Rp2.305.985); tidak masuk kandidat awal.,NORMAL,0.0,0.0,Setoran sesuai dengan yang seharusnya (selisih dalam toleransi 2% / Rp10.000).,0,-
EMP-0252,CLEAN,CLEAN,NORMAL,0.0,0.0,Pergerakan jumlah karyawan dalam batas wajar.,NOT_CANDIDATE,0.0,0.0,Upah rata-rata Rp4.446.250/orang di atas 1.5× UMR (Rp2.305.985); tidak masuk kandidat awal.,ONE_OFF_GAP,0.0305,0.49,"Kurang setor pada 2025-10, tetapi tidak berulang berturut-turut — dianggap wajar.",0,-
EMP-0253,CLEAN,CLEAN,NORMAL,0.0,0.0,Pergerakan jumlah karyawan dalam batas wajar.,NOT_CANDIDATE,0.0,0.0,Upah rata-rata Rp4.421.050/orang di atas 1.5× UMR (Rp2.305.985); tidak masuk kandidat awal.,NORMAL,0.0,0.0,Setoran sesuai dengan yang seharusnya (selisih dalam toleransi 2% / Rp10.000).,0,-
EMP-0254,CLEAN,CLEAN,NORMAL,0.0,0.0,Pergerakan jumlah karyawan dalam batas wajar.,NOT_CANDIDATE,0.0,0.0,Upah rata-rata Rp4.426.150/orang di atas 1.5× UMR (Rp2.305.985); tidak masuk kandidat awal.,NORMAL,0.0,0.0,Setoran sesuai dengan yang seharusnya (selisih dalam toleransi 2% / Rp10.000).,0,-
EMP-0255,CLEAN,CLEAN,NORMAL,0.0,0.0,Pergerakan jumlah karyawan dalam batas wajar.,NOT_CANDIDATE,0.0,0.0,Upah rata-rata Rp4.106.000/orang di atas 1.5× UMR (Rp2.305.985); tidak masuk kandidat awal.,NORMAL,0.0,0.0,Setoran sesuai dengan yang seharusnya (selisih dalam toleransi 2% / Rp10.000).,0,-
EMP-0256,CLEAN,CLEAN,NORMAL,0.0,0.0,Pergerakan jumlah karyawan dalam batas wajar.,NOT_CANDIDATE,0.0,0.0,Upah rata-rata Rp4.269.500/orang di atas 1.5× UMR (Rp2.305.985); tidak masuk kandidat awal.,NORMAL,0.0,0.0,Setoran sesuai dengan yang seharusnya (selisih dalam toleransi 2% / Rp10.000).,0,-
EMP-0257,CLEAN,CLEAN,NORMAL,0.0,0.0,Pergerakan jumlah karyawan dalam batas wajar.,NOT_CANDIDATE,0.0,0.0,Upah rata-rata Rp4.337.800/orang di atas 1.5× UMR (Rp2.305.985); tidak masuk kandidat awal.,NORMAL,0.0,0.0,Setoran sesuai dengan yang seharusnya (selisih dalam toleransi 2% / Rp10.000).,0,-
EMP-0258,CLEAN,CLEAN,NORMAL,0.0,0.0,Pergerakan jumlah karyawan dalam batas wajar.,NOT_CANDIDATE,0.0,0.0,Upah rata-rata Rp4.308.850/orang di atas 1.5× UMR (Rp2.305.985); tidak masuk kandidat awal.,NORMAL,0.0,0.0,Setoran sesuai dengan yang seharusnya (selisih dalam toleransi 2% / Rp10.000).,0,-
EMP-0259,CLEAN,CLEAN,NORMAL,0.0,0.0,Pergerakan jumlah karyawan dalam batas wajar.,NOT_CANDIDATE,0.0,0.0,Upah rata-rata Rp4.382.500/orang di atas 1.5× UMR (Rp2.305.985); tidak masuk kandidat awal.,NORMAL,0.0,0.0,Setoran sesuai dengan yang seharusnya (selisih dalam toleransi 2% / Rp10.000).,0,-
EMP-0260,CLEAN,CLEAN,NORMAL,0.0,0.0,Pergerakan jumlah karyawan dalam batas wajar.,NOT_CANDIDATE,0.0,0.0,Upah rata-rata Rp4.139.350/orang di atas 1.5× UMR (Rp2.305.985); tidak masuk kandidat awal.,NORMAL,0.0,0.0,Setoran sesuai dengan yang seharusnya (selisih dalam toleransi 2% / Rp10.000).,0,-
EMP-0261,COLD_START,(tidak dikenal),INSUFFICIENT_DATA,,,Riwayat data baru 2 bulan (< 3); belum bisa dinilai.,INSUFFICIENT_DATA,,,Data upah baru 2 bulan (< 3); belum bisa dinilai.,NORMAL,0.0,0.0,Setoran sesuai dengan yang seharusnya (selisih dalam toleransi 2% / Rp10.000).,0,-
EMP-0262,CLEAN,CLEAN,NORMAL,0.0,0.0,Pergerakan jumlah karyawan dalam batas wajar.,NOT_CANDIDATE,0.0,0.0,Upah rata-rata Rp4.218.200/orang di atas 1.5× UMR (Rp2.305.985); tidak masuk kandidat awal.,NORMAL,0.0,0.0,Setoran sesuai dengan yang seharusnya (selisih dalam toleransi 2% / Rp10.000).,0,-
EMP-0263,CLEAN,CLEAN,NORMAL,0.0,0.0,Pergerakan jumlah karyawan dalam batas wajar.,NOT_CANDIDATE,0.0,0.0,Upah rata-rata Rp4.441.350/orang di atas 1.5× UMR (Rp2.305.985); tidak masuk kandidat awal.,NORMAL,0.0,0.0,Setoran sesuai dengan yang seharusnya (selisih dalam toleransi 2% / Rp10.000).,0,-
EMP-0264,CLEAN,CLEAN,NORMAL,0.0,0.0,Pergerakan jumlah karyawan dalam batas wajar.,NOT_CANDIDATE,0.0,0.0,Upah rata-rata Rp4.247.700/orang di atas 1.5× UMR (Rp2.305.985); tidak masuk kandidat awal.,ONE_OFF_GAP,0.0205,0.49,"Kurang setor pada 2025-10, tetapi tidak berulang berturut-turut — dianggap wajar.",0,-
EMP-0265,CLEAN,CLEAN,NORMAL,0.0,0.0,Pergerakan jumlah karyawan dalam batas wajar.,NOT_CANDIDATE,0.0,0.0,Upah rata-rata Rp4.194.850/orang di atas 1.5× UMR (Rp2.305.985); tidak masuk kandidat awal.,ONE_OFF_GAP,0.0236,0.49,"Kurang setor pada 2025-07, tetapi tidak berulang berturut-turut — dianggap wajar.",0,-
EMP-0266,CLEAN,CLEAN,NORMAL,0.0,0.0,Pergerakan jumlah karyawan dalam batas wajar.,NOT_CANDIDATE,0.0,0.0,Upah rata-rata Rp4.103.000/orang di atas 1.5× UMR (Rp2.305.985); tidak masuk kandidat awal.,ONE_OFF_GAP,0.0275,0.49,"Kurang setor pada 2025-10, tetapi tidak berulang berturut-turut — dianggap wajar.",0,-
EMP-0267,CLEAN,CLEAN,NORMAL,0.0,0.0,Pergerakan jumlah karyawan dalam batas wajar.,NOT_CANDIDATE,0.0,0.0,Upah rata-rata Rp4.124.850/orang di atas 1.5× UMR (Rp2.305.985); tidak masuk kandidat awal.,NORMAL,0.0,0.0,Setoran sesuai dengan yang seharusnya (selisih dalam toleransi 2% / Rp10.000).,0,-
EMP-0268,CLEAN,CLEAN,NORMAL,0.0,0.0,Pergerakan jumlah karyawan dalam batas wajar.,NOT_CANDIDATE,0.0,0.0,Upah rata-rata Rp4.260.100/orang di atas 1.5× UMR (Rp2.305.985); tidak masuk kandidat awal.,NORMAL,0.0,0.0,Setoran sesuai dengan yang seharusnya (selisih dalam toleransi 2% / Rp10.000).,0,-
EMP-0269,CLEAN,CLEAN,NORMAL,0.0,0.0,Pergerakan jumlah karyawan dalam batas wajar.,NOT_CANDIDATE,0.0,0.0,Upah rata-rata Rp4.173.800/orang di atas 1.5× UMR (Rp2.305.985); tidak masuk kandidat awal.,NORMAL,0.0,0.0,Setoran sesuai dengan yang seharusnya (selisih dalam toleransi 2% / Rp10.000).,0,-
EMP-0270,CLEAN,CLEAN,NORMAL,0.0,0.0,Pergerakan jumlah karyawan dalam batas wajar.,NOT_CANDIDATE,0.0,0.0,Upah rata-rata Rp4.104.250/orang di atas 1.5× UMR (Rp2.305.985); tidak masuk kandidat awal.,NORMAL,0.0,0.0,Setoran sesuai dengan yang seharusnya (selisih dalam toleransi 2% / Rp10.000).,0,-
EMP-0271,CLEAN,CLEAN,NORMAL,0.0,0.0,Pergerakan jumlah karyawan dalam batas wajar.,NOT_CANDIDATE,0.0,0.0,Upah rata-rata Rp4.354.200/orang di atas 1.5× UMR (Rp2.305.985); tidak masuk kandidat awal.,NORMAL,0.0,0.0,Setoran sesuai dengan yang seharusnya (selisih dalam toleransi 2% / Rp10.000).,0,-
EMP-0272,CLEAN,CLEAN,NORMAL,0.0,0.0,Pergerakan jumlah karyawan dalam batas wajar.,NOT_CANDIDATE,0.0,0.0,Upah rata-rata Rp4.461.200/orang di atas 1.5× UMR (Rp2.305.985); tidak masuk kandidat awal.,NORMAL,0.0,0.0,Setoran sesuai dengan yang seharusnya (selisih dalam toleransi 2% / Rp10.000).,0,-
EMP-0273,COLD_START,(tidak dikenal),INSUFFICIENT_DATA,,,Riwayat data baru 2 bulan (< 3); belum bisa dinilai.,INSUFFICIENT_DATA,,,Data upah baru 2 bulan (< 3); belum bisa dinilai.,NORMAL,0.0,0.0,Setoran sesuai dengan yang seharusnya (selisih dalam toleransi 2% / Rp10.000).,0,-
EMP-0274,CLEAN,CLEAN,NORMAL,0.0,0.0,Pergerakan jumlah karyawan dalam batas wajar.,NOT_CANDIDATE,0.0,0.0,Upah rata-rata Rp4.512.200/orang di atas 1.5× UMR (Rp2.992.559); tidak masuk kandidat awal.,NORMAL,0.0,0.0,Setoran sesuai dengan yang seharusnya (selisih dalam toleransi 2% / Rp10.000).,0,-
EMP-0275,CLEAN,CLEAN,NORMAL,0.0,0.0,Pergerakan jumlah karyawan dalam batas wajar.,NORMAL,0.486,0.108,"Upah sejalan dengan perusahaan sejenis (3% di bawah median; sektor=Konstruksi | wilayah=Sumatera Utara | skala=Besar, n=34).",NORMAL,0.0,0.0,Setoran sesuai dengan yang seharusnya (selisih dalam toleransi 2% / Rp10.000).,0,-
EMP-0276,CLEAN,CLEAN,NORMAL,0.0,0.0,Pergerakan jumlah karyawan dalam batas wajar.,NORMAL,0.524,0.117,"Upah sejalan dengan perusahaan sejenis (3% di bawah median; sektor=Konstruksi | wilayah=Sumatera Utara | skala=Besar, n=34).",NORMAL,0.0,0.0,Setoran sesuai dengan yang seharusnya (selisih dalam toleransi 2% / Rp10.000).,0,-
EMP-0277,CLEAN,CLEAN,NORMAL,0.0,0.0,Pergerakan jumlah karyawan dalam batas wajar.,NOT_CANDIDATE,0.0,0.0,Upah rata-rata Rp4.571.450/orang di atas 1.5× UMR (Rp2.992.559); tidak masuk kandidat awal.,ONE_OFF_GAP,0.0305,0.49,"Kurang setor pada 2025-05, tetapi tidak berulang berturut-turut — dianggap wajar.",0,-
EMP-0278,CLEAN,CLEAN,NORMAL,0.0,0.0,Pergerakan jumlah karyawan dalam batas wajar.,NORMAL,0.748,0.166,"Upah sejalan dengan perusahaan sejenis (4% di bawah median; sektor=Konstruksi | wilayah=Sumatera Utara | skala=Besar, n=34).",NORMAL,0.0,0.0,Setoran sesuai dengan yang seharusnya (selisih dalam toleransi 2% / Rp10.000).,0,-
EMP-0279,CLEAN,CLEAN,NORMAL,0.0,0.0,Pergerakan jumlah karyawan dalam batas wajar.,NORMAL,0.259,0.058,"Upah sejalan dengan perusahaan sejenis (1% di bawah median; sektor=Konstruksi | wilayah=Sumatera Utara | skala=Besar, n=34).",ONE_OFF_GAP,0.0211,0.49,"Kurang setor pada 2025-03, tetapi tidak berulang berturut-turut — dianggap wajar.",0,-
EMP-0280,CLEAN,CLEAN,NORMAL,0.0,0.0,Pergerakan jumlah karyawan dalam batas wajar.,NORMAL,0.83,0.184,"Upah sejalan dengan perusahaan sejenis (5% di bawah median; sektor=Konstruksi | wilayah=Sumatera Utara | skala=Besar, n=34).",NORMAL,0.0,0.0,Setoran sesuai dengan yang seharusnya (selisih dalam toleransi 2% / Rp10.000).,0,-
EMP-0281,CLEAN,CLEAN,NORMAL,0.0,0.0,Pergerakan jumlah karyawan dalam batas wajar.,NOT_CANDIDATE,0.0,0.0,Upah rata-rata Rp4.649.750/orang di atas 1.5× UMR (Rp2.992.559); tidak masuk kandidat awal.,ONE_OFF_GAP,0.0217,0.49,"Kurang setor pada 2025-01, tetapi tidak berulang berturut-turut — dianggap wajar.",0,-
EMP-0282,CLEAN,CLEAN,NORMAL,0.0,0.0,Pergerakan jumlah karyawan dalam batas wajar.,NOT_CANDIDATE,0.0,0.0,Upah rata-rata Rp4.531.400/orang di atas 1.5× UMR (Rp2.992.559); tidak masuk kandidat awal.,NORMAL,0.0,0.0,Setoran sesuai dengan yang seharusnya (selisih dalam toleransi 2% / Rp10.000).,0,-
EMP-0283,CLEAN,CLEAN,NORMAL,0.0,0.0,Pergerakan jumlah karyawan dalam batas wajar.,NORMAL,0.444,0.099,"Upah sejalan dengan perusahaan sejenis (2% di bawah median; sektor=Konstruksi | wilayah=Sumatera Utara | skala=Besar, n=34).",ONE_OFF_GAP,0.025,0.49,"Kurang setor pada 2025-10, tetapi tidak berulang berturut-turut — dianggap wajar.",0,-
EMP-0284,CLEAN,CLEAN,NORMAL,0.0,0.0,Pergerakan jumlah karyawan dalam batas wajar.,NOT_CANDIDATE,0.0,0.0,Upah rata-rata Rp4.702.350/orang di atas 1.5× UMR (Rp2.992.559); tidak masuk kandidat awal.,ONE_OFF_GAP,0.0215,0.49,"Kurang setor pada 2025-03, tetapi tidak berulang berturut-turut — dianggap wajar.",0,-
EMP-0285,CLEAN,CLEAN,NORMAL,0.0,0.0,Pergerakan jumlah karyawan dalam batas wajar.,NORMAL,0.339,0.075,"Upah sejalan dengan perusahaan sejenis (2% di bawah median; sektor=Konstruksi | wilayah=Sumatera Utara | skala=Besar, n=34).",NORMAL,0.0,0.0,Setoran sesuai dengan yang seharusnya (selisih dalam toleransi 2% / Rp10.000).,0,-
EMP-0286,CLEAN,CLEAN,NORMAL,0.0,0.0,Pergerakan jumlah karyawan dalam batas wajar.,NORMAL,0.753,0.167,"Upah sejalan dengan perusahaan sejenis (4% di bawah median; sektor=Konstruksi | wilayah=Sumatera Utara | skala=Besar, n=34).",NORMAL,0.0,0.0,Setoran sesuai dengan yang seharusnya (selisih dalam toleransi 2% / Rp10.000).,0,-
EMP-0287,CLEAN,CLEAN,NORMAL,0.0,0.0,Pergerakan jumlah karyawan dalam batas wajar.,NOT_CANDIDATE,0.0,0.0,Upah rata-rata Rp4.696.650/orang di atas 1.5× UMR (Rp2.992.559); tidak masuk kandidat awal.,NORMAL,0.0,0.0,Setoran sesuai dengan yang seharusnya (selisih dalam toleransi 2% / Rp10.000).,0,-
EMP-0288,CLEAN,CLEAN,NORMAL,0.0,0.0,Pergerakan jumlah karyawan dalam batas wajar.,NOT_CANDIDATE,0.0,0.0,Upah rata-rata Rp4.645.200/orang di atas 1.5× UMR (Rp2.992.559); tidak masuk kandidat awal.,ONE_OFF_GAP,0.0235,0.49,"Kurang setor pada 2025-05, tetapi tidak berulang berturut-turut — dianggap wajar.",0,-
EMP-0289,CLEAN,CLEAN,NORMAL,0.0,0.0,Pergerakan jumlah karyawan dalam batas wajar.,NOT_CANDIDATE,0.0,0.0,Upah rata-rata Rp4.670.500/orang di atas 1.5× UMR (Rp2.992.559); tidak masuk kandidat awal.,ONE_OFF_GAP,0.0225,0.49,"Kurang setor pada 2025-10, tetapi tidak berulang berturut-turut — dianggap wajar.",0,-
EMP-0290,CLEAN,CLEAN,NORMAL,0.0,0.0,Pergerakan jumlah karyawan dalam batas wajar.,NOT_CANDIDATE,0.0,0.0,Upah rata-rata Rp4.539.900/orang di atas 1.5× UMR (Rp2.992.559); tidak masuk kandidat awal.,NORMAL,0.0,0.0,Setoran sesuai dengan yang seharusnya (selisih dalam toleransi 2% / Rp10.000).,0,-
EMP-0291,COLD_START,(tidak dikenal),INSUFFICIENT_DATA,,,Riwayat data baru 2 bulan (< 3); belum bisa dinilai.,INSUFFICIENT_DATA,,,Data upah baru 2 bulan (< 3); belum bisa dinilai.,NORMAL,0.0,0.0,Setoran sesuai dengan yang seharusnya (selisih dalam toleransi 2% / Rp10.000).,0,-
EMP-0292,CLEAN,CLEAN,NORMAL,0.0,0.0,Pergerakan jumlah karyawan dalam batas wajar.,NORMAL,0.299,0.067,"Upah sejalan dengan perusahaan sejenis (2% di bawah median; sektor=Konstruksi | wilayah=Sumatera Utara | skala=Besar, n=34).",NORMAL,0.0,0.0,Setoran sesuai dengan yang seharusnya (selisih dalam toleransi 2% / Rp10.000).,0,-
EMP-0293,CLEAN,CLEAN,NORMAL,0.0,0.0,Pergerakan jumlah karyawan dalam batas wajar.,NOT_CANDIDATE,0.0,0.0,Upah rata-rata Rp4.697.550/orang di atas 1.5× UMR (Rp2.992.559); tidak masuk kandidat awal.,NORMAL,0.0,0.0,Setoran sesuai dengan yang seharusnya (selisih dalam toleransi 2% / Rp10.000).,0,-
EMP-0294,CLEAN,CLEAN,NORMAL,0.0,0.0,Pergerakan jumlah karyawan dalam batas wajar.,NOT_CANDIDATE,0.0,0.0,Upah rata-rata Rp4.695.250/orang di atas 1.5× UMR (Rp2.992.559); tidak masuk kandidat awal.,ONE_OFF_GAP,0.0297,0.49,"Kurang setor pada 2025-10, tetapi tidak berulang berturut-turut — dianggap wajar.",0,-
EMP-0295,CLEAN,CLEAN,NORMAL,0.0,0.0,Pergerakan jumlah karyawan dalam batas wajar.,NORMAL,0.247,0.055,"Upah sejalan dengan perusahaan sejenis (1% di bawah median; sektor=Konstruksi | wilayah=Sumatera Utara | skala=Besar, n=34).",NORMAL,0.0,0.0,Setoran sesuai dengan yang seharusnya (selisih dalam toleransi 2% / Rp10.000).,0,-
EMP-0296,CLEAN,CLEAN,NORMAL,0.0,0.0,Pergerakan jumlah karyawan dalam batas wajar.,NORMAL,0.352,0.078,"Upah sejalan dengan perusahaan sejenis (2% di bawah median; sektor=Konstruksi | wilayah=Sumatera Utara | skala=Besar, n=34).",ONE_OFF_GAP,0.0267,0.49,"Kurang setor pada 2025-06, tetapi tidak berulang berturut-turut — dianggap wajar.",0,-
EMP-0297,CLEAN,CLEAN,NORMAL,0.0,0.0,Pergerakan jumlah karyawan dalam batas wajar.,NORMAL,0.78,0.173,"Upah sejalan dengan perusahaan sejenis (4% di bawah median; sektor=Konstruksi | wilayah=Sumatera Utara | skala=Besar, n=34).",NORMAL,0.0,0.0,Setoran sesuai dengan yang seharusnya (selisih dalam toleransi 2% / Rp10.000).,0,-
EMP-0298,CLEAN,CLEAN,NORMAL,0.0,0.0,Pergerakan jumlah karyawan dalam batas wajar.,NOT_CANDIDATE,0.0,0.0,Upah rata-rata Rp4.653.950/orang di atas 1.5× UMR (Rp2.992.559); tidak masuk kandidat awal.,ONE_OFF_GAP,0.0214,0.49,"Kurang setor pada 2025-04, tetapi tidak berulang berturut-turut — dianggap wajar.",0,-
EMP-0299,REMITTANCE_GAP,C,NORMAL,0.0,0.0,Pergerakan jumlah karyawan dalam batas wajar.,NORMAL,0.653,0.145,"Upah sejalan dengan perusahaan sejenis (4% di bawah median; sektor=Konstruksi | wilayah=Sumatera Utara | skala=Besar, n=34).",FLAGGED,0.2706,1.0,Setoran iuran rata-rata 27% di bawah yang seharusnya selama 5 bulan berturut-turut (2025-08 s/d 2025-12); total kekurangan Rp86.429.000.,1,C
EMP-0300,CLEAN,CLEAN,NORMAL,0.0,0.0,Pergerakan jumlah karyawan dalam batas wajar.,NOT_CANDIDATE,0.0,0.0,Upah rata-rata Rp4.638.550/orang di atas 1.5× UMR (Rp2.992.559); tidak masuk kandidat awal.,NORMAL,0.0,0.0,Setoran sesuai dengan yang seharusnya (selisih dalam toleransi 2% / Rp10.000).,0,-
EMP-0301,CLEAN,CLEAN,NORMAL,0.0,0.0,Pergerakan jumlah karyawan dalam batas wajar.,NOT_CANDIDATE,0.0,0.0,Upah rata-rata Rp4.785.250/orang di atas 1.5× UMR (Rp2.992.559); tidak masuk kandidat awal.,NORMAL,0.0,0.0,Setoran sesuai dengan yang seharusnya (selisih dalam toleransi 2% / Rp10.000).,0,-
EMP-0302,CLEAN,CLEAN,NORMAL,0.0,0.0,Pergerakan jumlah karyawan dalam batas wajar.,NORMAL,0.7,0.156,"Upah sejalan dengan perusahaan sejenis (4% di bawah median; sektor=Konstruksi | wilayah=Sumatera Utara | skala=Besar, n=34).",NORMAL,0.0,0.0,Setoran sesuai dengan yang seharusnya (selisih dalam toleransi 2% / Rp10.000).,0,-
EMP-0303,PDUK,A,FLAGGED,20.385,1.0,"Perlu dicek — indikasi sembunyiin karyawan: jumlah karyawan turun 124 orang (40%) pada 2025-08 (307→183), jauh di luar pola biasanya (z=-20.4); hanya 1 orang tercatat resign.",NOT_CANDIDATE,0.0,0.0,Upah rata-rata Rp4.671.950/orang di atas 1.5× UMR (Rp2.992.559); tidak masuk kandidat awal.,NORMAL,0.0,0.0,Setoran sesuai dengan yang seharusnya (selisih dalam toleransi 2% / Rp10.000).,1,A
EMP-0304,CLEAN,CLEAN,NORMAL,0.0,0.0,Pergerakan jumlah karyawan dalam batas wajar.,NOT_CANDIDATE,0.0,0.0,Upah rata-rata Rp4.587.250/orang di atas 1.5× UMR (Rp2.992.559); tidak masuk kandidat awal.,NORMAL,0.0,0.0,Setoran sesuai dengan yang seharusnya (selisih dalam toleransi 2% / Rp10.000).,0,-
EMP-0305,CLEAN,CLEAN,NORMAL,0.0,0.0,Pergerakan jumlah karyawan dalam batas wajar.,NOT_CANDIDATE,0.0,0.0,Upah rata-rata Rp4.766.800/orang di atas 1.5× UMR (Rp2.992.559); tidak masuk kandidat awal.,NORMAL,0.0,0.0,Setoran sesuai dengan yang seharusnya (selisih dalam toleransi 2% / Rp10.000).,0,-
EMP-0306,CLEAN,CLEAN,NORMAL,0.0,0.0,Pergerakan jumlah karyawan dalam batas wajar.,NOT_CANDIDATE,0.0,0.0,Upah rata-rata Rp4.604.350/orang di atas 1.5× UMR (Rp2.992.559); tidak masuk kandidat awal.,NORMAL,0.0,0.0,Setoran sesuai dengan yang seharusnya (selisih dalam toleransi 2% / Rp10.000).,0,-
EMP-0307,CLEAN,CLEAN,NORMAL,0.0,0.0,Pergerakan jumlah karyawan dalam batas wajar.,NORMAL,0.0,0.0,"Upah sejalan dengan perusahaan sejenis (1% di atas median; sektor=Konstruksi | wilayah=Sulawesi Selatan | skala=Kecil, n=34).",NORMAL,0.0,0.0,Setoran sesuai dengan yang seharusnya (selisih dalam toleransi 2% / Rp10.000).,0,-
EMP-0308,CLEAN,CLEAN,NORMAL,0.0,0.0,Pergerakan jumlah karyawan dalam batas wajar.,NORMAL,0.092,0.02,"Upah sejalan dengan perusahaan sejenis (0% di bawah median; sektor=Konstruksi | wilayah=Sulawesi Selatan | skala=Kecil, n=34).",NORMAL,0.0,0.0,Setoran sesuai dengan yang seharusnya (selisih dalam toleransi 2% / Rp10.000).,0,-
EMP-0309,CLEAN,CLEAN,NORMAL,0.0,0.0,Pergerakan jumlah karyawan dalam batas wajar.,NORMAL,0.066,0.015,"Upah sejalan dengan perusahaan sejenis (0% di bawah median; sektor=Konstruksi | wilayah=Sulawesi Selatan | skala=Kecil, n=34).",NORMAL,0.0,0.0,Setoran sesuai dengan yang seharusnya (selisih dalam toleransi 2% / Rp10.000).,0,-
EMP-0310,CLEAN,CLEAN,NORMAL,0.0,0.0,Pergerakan jumlah karyawan dalam batas wajar.,NORMAL,0.0,0.0,"Upah sejalan dengan perusahaan sejenis (0% di atas median; sektor=Konstruksi | wilayah=Sulawesi Selatan | skala=Kecil, n=34).",NORMAL,0.0,0.0,Setoran sesuai dengan yang seharusnya (selisih dalam toleransi 2% / Rp10.000).,0,-
EMP-0311,CLEAN,CLEAN,NORMAL,0.0,0.0,Pergerakan jumlah karyawan dalam batas wajar.,NORMAL,0.494,0.11,"Upah sejalan dengan perusahaan sejenis (2% di bawah median; sektor=Konstruksi | wilayah=Sulawesi Selatan | skala=Kecil, n=34).",NORMAL,0.0,0.0,Setoran sesuai dengan yang seharusnya (selisih dalam toleransi 2% / Rp10.000).,0,-
EMP-0312,CLEAN,CLEAN,NORMAL,0.0,0.0,Pergerakan jumlah karyawan dalam batas wajar.,NORMAL,0.0,0.0,"Upah sejalan dengan perusahaan sejenis (4% di atas median; sektor=Konstruksi | wilayah=Sulawesi Selatan | skala=Kecil, n=34).",ONE_OFF_GAP,0.028,0.49,"Kurang setor pada 2025-03, tetapi tidak berulang berturut-turut — dianggap wajar.",0,-
EMP-0313,CLEAN,CLEAN,NORMAL,0.0,0.0,Pergerakan jumlah karyawan dalam batas wajar.,NORMAL,0.029,0.006,"Upah sejalan dengan perusahaan sejenis (0% di bawah median; sektor=Konstruksi | wilayah=Sulawesi Selatan | skala=Kecil, n=34).",NORMAL,0.0,0.0,Setoran sesuai dengan yang seharusnya (selisih dalam toleransi 2% / Rp10.000).,0,-
EMP-0314,CLEAN,CLEAN,NORMAL,0.0,0.0,Pergerakan jumlah karyawan dalam batas wajar.,NORMAL,0.0,0.0,"Upah sejalan dengan perusahaan sejenis (4% di atas median; sektor=Konstruksi | wilayah=Sulawesi Selatan | skala=Kecil, n=34).",ONE_OFF_GAP,0.0212,0.49,"Kurang setor pada 2025-04, tetapi tidak berulang berturut-turut — dianggap wajar.",0,-
EMP-0315,CLEAN,CLEAN,NORMAL,0.0,0.0,Pergerakan jumlah karyawan dalam batas wajar.,NORMAL,0.0,0.0,"Upah sejalan dengan perusahaan sejenis (2% di atas median; sektor=Konstruksi | wilayah=Sulawesi Selatan | skala=Kecil, n=34).",NORMAL,0.0,0.0,Setoran sesuai dengan yang seharusnya (selisih dalam toleransi 2% / Rp10.000).,0,-
EMP-0316,CLEAN,CLEAN,NORMAL,0.0,0.0,Pergerakan jumlah karyawan dalam batas wajar.,NORMAL,0.0,0.0,"Upah sejalan dengan perusahaan sejenis (3% di atas median; sektor=Konstruksi | wilayah=Sulawesi Selatan | skala=Kecil, n=34).",NORMAL,0.0,0.0,Setoran sesuai dengan yang seharusnya (selisih dalam toleransi 2% / Rp10.000).,0,-
EMP-0317,PDUK,A,FLAGGED,18.167,1.0,"Perlu dicek — indikasi sembunyiin karyawan: jumlah karyawan turun 18 orang (38%) pada 2025-09 (47→29), jauh di luar pola biasanya (z=-18.2); tidak ada catatan resign.",NORMAL,0.13,0.029,"Upah sejalan dengan perusahaan sejenis (1% di bawah median; sektor=Konstruksi | wilayah=Sulawesi Selatan | skala=Kecil, n=34).",ONE_OFF_GAP,0.0235,0.49,"Kurang setor pada 2025-05, tetapi tidak berulang berturut-turut — dianggap wajar.",1,A
EMP-0318,CLEAN,CLEAN,NORMAL,0.0,0.0,Pergerakan jumlah karyawan dalam batas wajar.,NORMAL,0.0,0.0,"Upah sejalan dengan perusahaan sejenis (1% di atas median; sektor=Konstruksi | wilayah=Sulawesi Selatan | skala=Kecil, n=34).",ONE_OFF_GAP,0.0291,0.49,"Kurang setor pada 2025-07, tetapi tidak berulang berturut-turut — dianggap wajar.",0,-
EMP-0319,CLEAN,CLEAN,NORMAL,0.0,0.0,Pergerakan jumlah karyawan dalam batas wajar.,NORMAL,0.007,0.002,"Upah sejalan dengan perusahaan sejenis (0% di bawah median; sektor=Konstruksi | wilayah=Sulawesi Selatan | skala=Kecil, n=34).",ONE_OFF_GAP,0.0246,0.49,"Kurang setor pada 2025-06, tetapi tidak berulang berturut-turut — dianggap wajar.",0,-
EMP-0320,CLEAN,CLEAN,NORMAL,0.0,0.0,Pergerakan jumlah karyawan dalam batas wajar.,NORMAL,0.0,0.0,"Upah sejalan dengan perusahaan sejenis (5% di atas median; sektor=Konstruksi | wilayah=Sulawesi Selatan | skala=Kecil, n=34).",ONE_OFF_GAP,0.0218,0.49,"Kurang setor pada 2025-06, tetapi tidak berulang berturut-turut — dianggap wajar.",0,-
EMP-0321,CLEAN,CLEAN,NORMAL,0.0,0.0,Pergerakan jumlah karyawan dalam batas wajar.,NORMAL,0.127,0.028,"Upah sejalan dengan perusahaan sejenis (1% di bawah median; sektor=Konstruksi | wilayah=Sulawesi Selatan | skala=Kecil, n=34).",NORMAL,0.0,0.0,Setoran sesuai dengan yang seharusnya (selisih dalam toleransi 2% / Rp10.000).,0,-
EMP-0322,CLEAN,CLEAN,NORMAL,0.0,0.0,Pergerakan jumlah karyawan dalam batas wajar.,NORMAL,0.717,0.159,"Upah sejalan dengan perusahaan sejenis (4% di bawah median; sektor=Konstruksi | wilayah=Sulawesi Selatan | skala=Kecil, n=34).",NORMAL,0.0,0.0,Setoran sesuai dengan yang seharusnya (selisih dalam toleransi 2% / Rp10.000).,0,-
EMP-0323,CLEAN,CLEAN,NORMAL,0.0,0.0,Pergerakan jumlah karyawan dalam batas wajar.,NORMAL,0.36,0.08,"Upah sejalan dengan perusahaan sejenis (2% di bawah median; sektor=Konstruksi | wilayah=Sulawesi Selatan | skala=Kecil, n=34).",NORMAL,0.0,0.0,Setoran sesuai dengan yang seharusnya (selisih dalam toleransi 2% / Rp10.000).,0,-
EMP-0324,CLEAN,CLEAN,NORMAL,0.0,0.0,Pergerakan jumlah karyawan dalam batas wajar.,NORMAL,0.0,0.0,"Upah sejalan dengan perusahaan sejenis (1% di atas median; sektor=Konstruksi | wilayah=Sulawesi Selatan | skala=Kecil, n=34).",NORMAL,0.0,0.0,Setoran sesuai dengan yang seharusnya (selisih dalam toleransi 2% / Rp10.000).,0,-
EMP-0325,CLEAN,CLEAN,NORMAL,0.0,0.0,Pergerakan jumlah karyawan dalam batas wajar.,NORMAL,0.0,0.0,"Upah sejalan dengan perusahaan sejenis (2% di atas median; sektor=Konstruksi | wilayah=Sulawesi Selatan | skala=Kecil, n=34).",ONE_OFF_GAP,0.0205,0.49,"Kurang setor pada 2025-10, tetapi tidak berulang berturut-turut — dianggap wajar.",0,-
EMP-0326,CLEAN,CLEAN,NORMAL,0.0,0.0,Pergerakan jumlah karyawan dalam batas wajar.,NORMAL,0.691,0.154,"Upah sejalan dengan perusahaan sejenis (3% di bawah median; sektor=Konstruksi | wilayah=Sulawesi Selatan | skala=Kecil, n=34).",NORMAL,0.0,0.0,Setoran sesuai dengan yang seharusnya (selisih dalam toleransi 2% / Rp10.000).,0,-
EMP-0327,CLEAN,CLEAN,NORMAL,0.0,0.0,Pergerakan jumlah karyawan dalam batas wajar.,NORMAL,0.808,0.18,"Upah sejalan dengan perusahaan sejenis (4% di bawah median; sektor=Konstruksi | wilayah=Sulawesi Selatan | skala=Kecil, n=34).",ONE_OFF_GAP,0.0206,0.49,"Kurang setor pada 2025-09, tetapi tidak berulang berturut-turut — dianggap wajar.",0,-
EMP-0328,CLEAN,CLEAN,NORMAL,0.0,0.0,Pergerakan jumlah karyawan dalam batas wajar.,NORMAL,0.834,0.185,"Upah sejalan dengan perusahaan sejenis (4% di bawah median; sektor=Konstruksi | wilayah=Sulawesi Selatan | skala=Kecil, n=34).",NORMAL,0.0,0.0,Setoran sesuai dengan yang seharusnya (selisih dalam toleransi 2% / Rp10.000).,0,-
EMP-0329,CLEAN,CLEAN,NORMAL,0.0,0.0,Pergerakan jumlah karyawan dalam batas wajar.,NORMAL,0.0,0.0,"Upah sejalan dengan perusahaan sejenis (2% di atas median; sektor=Konstruksi | wilayah=Sulawesi Selatan | skala=Kecil, n=34).",ONE_OFF_GAP,0.0212,0.49,"Kurang setor pada 2025-03, tetapi tidak berulang berturut-turut — dianggap wajar.",0,-
EMP-0330,CLEAN,CLEAN,NORMAL,0.0,0.0,Pergerakan jumlah karyawan dalam batas wajar.,NORMAL,0.0,0.0,"Upah sejalan dengan perusahaan sejenis (2% di atas median; sektor=Konstruksi | wilayah=Sulawesi Selatan | skala=Kecil, n=34).",NORMAL,0.0,0.0,Setoran sesuai dengan yang seharusnya (selisih dalam toleransi 2% / Rp10.000).,0,-
EMP-0331,CLEAN,CLEAN,NORMAL,0.0,0.0,Pergerakan jumlah karyawan dalam batas wajar.,NORMAL,0.026,0.006,"Upah sejalan dengan perusahaan sejenis (0% di bawah median; sektor=Konstruksi | wilayah=Sulawesi Selatan | skala=Kecil, n=34).",NORMAL,0.0,0.0,Setoran sesuai dengan yang seharusnya (selisih dalam toleransi 2% / Rp10.000).,0,-
EMP-0332,CLEAN,CLEAN,NORMAL,0.0,0.0,Pergerakan jumlah karyawan dalam batas wajar.,NORMAL,0.0,0.0,"Upah sejalan dengan perusahaan sejenis (1% di atas median; sektor=Konstruksi | wilayah=Sulawesi Selatan | skala=Kecil, n=34).",NORMAL,0.0,0.0,Setoran sesuai dengan yang seharusnya (selisih dalam toleransi 2% / Rp10.000).,0,-
EMP-0333,CLEAN,CLEAN,NORMAL,0.0,0.0,Pergerakan jumlah karyawan dalam batas wajar.,NORMAL,0.282,0.063,"Upah sejalan dengan perusahaan sejenis (1% di bawah median; sektor=Konstruksi | wilayah=Sulawesi Selatan | skala=Kecil, n=34).",NORMAL,0.0,0.0,Setoran sesuai dengan yang seharusnya (selisih dalam toleransi 2% / Rp10.000).,0,-
EMP-0334,CLEAN,CLEAN,NORMAL,0.0,0.0,Pergerakan jumlah karyawan dalam batas wajar.,NORMAL,0.858,0.191,"Upah sejalan dengan perusahaan sejenis (4% di bawah median; sektor=Konstruksi | wilayah=Sulawesi Selatan | skala=Kecil, n=34).",NORMAL,0.0,0.0,Setoran sesuai dengan yang seharusnya (selisih dalam toleransi 2% / Rp10.000).,0,-
EMP-0335,CLEAN,CLEAN,NORMAL,0.0,0.0,Pergerakan jumlah karyawan dalam batas wajar.,NORMAL,0.64,0.142,"Upah sejalan dengan perusahaan sejenis (3% di bawah median; sektor=Konstruksi | wilayah=Sulawesi Selatan | skala=Kecil, n=34).",ONE_OFF_GAP,0.0201,0.49,"Kurang setor pada 2025-06, tetapi tidak berulang berturut-turut — dianggap wajar.",0,-
EMP-0336,CLEAN,CLEAN,NORMAL,0.0,0.0,Pergerakan jumlah karyawan dalam batas wajar.,NORMAL,0.909,0.202,"Upah sejalan dengan perusahaan sejenis (4% di bawah median; sektor=Konstruksi | wilayah=Sulawesi Selatan | skala=Kecil, n=34).",NORMAL,0.0,0.0,Setoran sesuai dengan yang seharusnya (selisih dalam toleransi 2% / Rp10.000).,0,-
EMP-0337,CLEAN,CLEAN,NORMAL,0.0,0.0,Pergerakan jumlah karyawan dalam batas wajar.,NORMAL,0.0,0.0,"Upah sejalan dengan perusahaan sejenis (2% di atas median; sektor=Konstruksi | wilayah=Sulawesi Selatan | skala=Kecil, n=34).",NORMAL,0.0,0.0,Setoran sesuai dengan yang seharusnya (selisih dalam toleransi 2% / Rp10.000).,0,-
EMP-0338,CLEAN,CLEAN,NORMAL,0.0,0.0,Pergerakan jumlah karyawan dalam batas wajar.,NORMAL,0.0,0.0,"Upah sejalan dengan perusahaan sejenis (4% di atas median; sektor=Konstruksi | wilayah=Sulawesi Selatan | skala=Kecil, n=34).",NORMAL,0.0,0.0,Setoran sesuai dengan yang seharusnya (selisih dalam toleransi 2% / Rp10.000).,0,-
EMP-0339,CLEAN,CLEAN,NORMAL,0.0,0.0,Pergerakan jumlah karyawan dalam batas wajar.,NORMAL,0.0,0.0,"Upah sejalan dengan perusahaan sejenis (5% di atas median; sektor=Konstruksi | wilayah=Sulawesi Selatan | skala=Kecil, n=34).",NORMAL,0.0,0.0,Setoran sesuai dengan yang seharusnya (selisih dalam toleransi 2% / Rp10.000).,0,-
EMP-0340,CLEAN,CLEAN,NORMAL,0.0,0.0,Pergerakan jumlah karyawan dalam batas wajar.,NORMAL,0.0,0.0,"Upah sejalan dengan perusahaan sejenis (0% di atas median; sektor=Konstruksi | wilayah=Sulawesi Selatan | skala=Kecil, n=34).",ONE_OFF_GAP,0.0215,0.49,"Kurang setor pada 2025-03, tetapi tidak berulang berturut-turut — dianggap wajar.",0,-
EMP-0341,CLEAN,CLEAN,NORMAL,0.0,0.0,Pergerakan jumlah karyawan dalam batas wajar.,NORMAL,0.0,0.0,"Upah sejalan dengan perusahaan sejenis (2% di atas median; sektor=Perdagangan & Ritel | wilayah=DKI Jakarta | skala=Menengah, n=34).",ONE_OFF_GAP,0.0204,0.49,"Kurang setor pada 2025-04, tetapi tidak berulang berturut-turut — dianggap wajar.",0,-
EMP-0342,CLEAN,CLEAN,NORMAL,0.0,0.0,Pergerakan jumlah karyawan dalam batas wajar.,NORMAL,0.0,0.0,"Upah sejalan dengan perusahaan sejenis (3% di atas median; sektor=Perdagangan & Ritel | wilayah=DKI Jakarta | skala=Menengah, n=34).",NORMAL,0.0,0.0,Setoran sesuai dengan yang seharusnya (selisih dalam toleransi 2% / Rp10.000).,0,-
EMP-0343,CLEAN,CLEAN,NORMAL,0.0,0.0,Pergerakan jumlah karyawan dalam batas wajar.,NORMAL,0.0,0.0,"Upah sejalan dengan perusahaan sejenis (3% di atas median; sektor=Perdagangan & Ritel | wilayah=DKI Jakarta | skala=Menengah, n=34).",NORMAL,0.0,0.0,Setoran sesuai dengan yang seharusnya (selisih dalam toleransi 2% / Rp10.000).,0,-
EMP-0344,CLEAN,CLEAN,NORMAL,0.0,0.0,Pergerakan jumlah karyawan dalam batas wajar.,NORMAL,0.0,0.0,"Upah sejalan dengan perusahaan sejenis (0% di atas median; sektor=Perdagangan & Ritel | wilayah=DKI Jakarta | skala=Menengah, n=34).",NORMAL,0.0,0.0,Setoran sesuai dengan yang seharusnya (selisih dalam toleransi 2% / Rp10.000).,0,-
EMP-0345,CLEAN,CLEAN,NORMAL,0.0,0.0,Pergerakan jumlah karyawan dalam batas wajar.,NORMAL,0.691,0.153,"Upah sejalan dengan perusahaan sejenis (3% di bawah median; sektor=Perdagangan & Ritel | wilayah=DKI Jakarta | skala=Menengah, n=34).",NORMAL,0.0,0.0,Setoran sesuai dengan yang seharusnya (selisih dalam toleransi 2% / Rp10.000).,0,-
EMP-0346,CLEAN,CLEAN,NORMAL,0.0,0.0,Pergerakan jumlah karyawan dalam batas wajar.,NORMAL,0.0,0.0,"Upah sejalan dengan perusahaan sejenis (4% di atas median; sektor=Perdagangan & Ritel | wilayah=DKI Jakarta | skala=Menengah, n=34).",ONE_OFF_GAP,0.0216,0.49,"Kurang setor pada 2025-02, tetapi tidak berulang berturut-turut — dianggap wajar.",0,-
EMP-0347,CLEAN,CLEAN,NORMAL,0.0,0.0,Pergerakan jumlah karyawan dalam batas wajar.,NORMAL,0.0,0.0,"Upah sejalan dengan perusahaan sejenis (0% di atas median; sektor=Perdagangan & Ritel | wilayah=DKI Jakarta | skala=Menengah, n=34).",NORMAL,0.0,0.0,Setoran sesuai dengan yang seharusnya (selisih dalam toleransi 2% / Rp10.000).,0,-
EMP-0348,CLEAN,CLEAN,NORMAL,0.0,0.0,Pergerakan jumlah karyawan dalam batas wajar.,NORMAL,0.171,0.038,"Upah sejalan dengan perusahaan sejenis (1% di bawah median; sektor=Perdagangan & Ritel | wilayah=DKI Jakarta | skala=Menengah, n=34).",NORMAL,0.0,0.0,Setoran sesuai dengan yang seharusnya (selisih dalam toleransi 2% / Rp10.000).,0,-
EMP-0349,CLEAN,CLEAN,NORMAL,0.0,0.0,Pergerakan jumlah karyawan dalam batas wajar.,NORMAL,0.0,0.0,"Upah sejalan dengan perusahaan sejenis (3% di atas median; sektor=Perdagangan & Ritel | wilayah=DKI Jakarta | skala=Menengah, n=34).",NORMAL,0.0,0.0,Setoran sesuai dengan yang seharusnya (selisih dalam toleransi 2% / Rp10.000).,0,-
EMP-0350,REMITTANCE_GAP,C,NORMAL,0.0,0.0,Pergerakan jumlah karyawan dalam batas wajar.,NORMAL,0.532,0.118,"Upah sejalan dengan perusahaan sejenis (3% di bawah median; sektor=Perdagangan & Ritel | wilayah=DKI Jakarta | skala=Menengah, n=34).",FLAGGED,0.1855,0.86,Setoran iuran rata-rata 19% di bawah yang seharusnya selama 7 bulan berturut-turut (2025-06 s/d 2025-12); total kekurangan Rp52.816.000.,1,C
EMP-0351,CLEAN,CLEAN,NORMAL,0.0,0.0,Pergerakan jumlah karyawan dalam batas wajar.,NORMAL,0.0,0.0,"Upah sejalan dengan perusahaan sejenis (2% di atas median; sektor=Perdagangan & Ritel | wilayah=DKI Jakarta | skala=Menengah, n=34).",NORMAL,0.0,0.0,Setoran sesuai dengan yang seharusnya (selisih dalam toleransi 2% / Rp10.000).,0,-
EMP-0352,CLEAN,CLEAN,NORMAL,0.0,0.0,Pergerakan jumlah karyawan dalam batas wajar.,NORMAL,0.577,0.128,"Upah sejalan dengan perusahaan sejenis (3% di bawah median; sektor=Perdagangan & Ritel | wilayah=DKI Jakarta | skala=Menengah, n=34).",NORMAL,0.0,0.0,Setoran sesuai dengan yang seharusnya (selisih dalam toleransi 2% / Rp10.000).,0,-
EMP-0353,CLEAN,CLEAN,NORMAL,0.0,0.0,Pergerakan jumlah karyawan dalam batas wajar.,NORMAL,0.0,0.0,"Upah sejalan dengan perusahaan sejenis (3% di atas median; sektor=Perdagangan & Ritel | wilayah=DKI Jakarta | skala=Menengah, n=34).",NORMAL,0.0,0.0,Setoran sesuai dengan yang seharusnya (selisih dalam toleransi 2% / Rp10.000).,0,-
EMP-0354,REMITTANCE_GAP,C,NORMAL,0.0,0.0,Pergerakan jumlah karyawan dalam batas wajar.,NORMAL,0.316,0.07,"Upah sejalan dengan perusahaan sejenis (2% di bawah median; sektor=Perdagangan & Ritel | wilayah=DKI Jakarta | skala=Menengah, n=34).",FLAGGED,0.2358,0.969,Setoran iuran rata-rata 24% di bawah yang seharusnya selama 4 bulan berturut-turut (2025-09 s/d 2025-12); total kekurangan Rp20.036.000.,1,C
EMP-0355,PDUK,A,FLAGGED,14.688,1.0,"Perlu dicek — indikasi sembunyiin karyawan: jumlah karyawan turun 59 orang (33%) pada 2025-07 (177→118), jauh di luar pola biasanya (z=-14.7); hanya 1 orang tercatat resign.",NORMAL,0.0,0.0,"Upah sejalan dengan perusahaan sejenis (2% di atas median; sektor=Perdagangan & Ritel | wilayah=DKI Jakarta | skala=Menengah, n=34).",NORMAL,0.0,0.0,Setoran sesuai dengan yang seharusnya (selisih dalam toleransi 2% / Rp10.000).,1,A
EMP-0356,CLEAN,CLEAN,NORMAL,0.0,0.0,Pergerakan jumlah karyawan dalam batas wajar.,NORMAL,0.559,0.124,"Upah sejalan dengan perusahaan sejenis (3% di bawah median; sektor=Perdagangan & Ritel | wilayah=DKI Jakarta | skala=Menengah, n=34).",NORMAL,0.0,0.0,Setoran sesuai dengan yang seharusnya (selisih dalam toleransi 2% / Rp10.000).,0,-
EMP-0357,CLEAN,CLEAN,NORMAL,0.0,0.0,Pergerakan jumlah karyawan dalam batas wajar.,NORMAL,0.0,0.0,"Upah sejalan dengan perusahaan sejenis (3% di atas median; sektor=Perdagangan & Ritel | wilayah=DKI Jakarta | skala=Menengah, n=34).",NORMAL,0.0,0.0,Setoran sesuai dengan yang seharusnya (selisih dalam toleransi 2% / Rp10.000).,0,-
EMP-0358,CLEAN,CLEAN,NORMAL,0.0,0.0,Pergerakan jumlah karyawan dalam batas wajar.,NORMAL,0.063,0.014,"Upah sejalan dengan perusahaan sejenis (0% di bawah median; sektor=Perdagangan & Ritel | wilayah=DKI Jakarta | skala=Menengah, n=34).",NORMAL,0.0,0.0,Setoran sesuai dengan yang seharusnya (selisih dalam toleransi 2% / Rp10.000).,0,-
EMP-0359,CLEAN,CLEAN,NORMAL,0.0,0.0,Pergerakan jumlah karyawan dalam batas wajar.,NORMAL,0.0,0.0,"Upah sejalan dengan perusahaan sejenis (0% di atas median; sektor=Perdagangan & Ritel | wilayah=DKI Jakarta | skala=Menengah, n=34).",NORMAL,0.0,0.0,Setoran sesuai dengan yang seharusnya (selisih dalam toleransi 2% / Rp10.000).,0,-
EMP-0360,CLEAN,CLEAN,NORMAL,0.0,0.0,Pergerakan jumlah karyawan dalam batas wajar.,NORMAL,0.955,0.212,"Upah sejalan dengan perusahaan sejenis (5% di bawah median; sektor=Perdagangan & Ritel | wilayah=DKI Jakarta | skala=Menengah, n=34).",ONE_OFF_GAP,0.0247,0.49,"Kurang setor pada 2025-05, tetapi tidak berulang berturut-turut — dianggap wajar.",0,-
EMP-0361,REMITTANCE_GAP,C,NORMAL,0.0,0.0,Pergerakan jumlah karyawan dalam batas wajar.,NORMAL,0.074,0.017,"Upah sejalan dengan perusahaan sejenis (0% di bawah median; sektor=Perdagangan & Ritel | wilayah=DKI Jakarta | skala=Menengah, n=34).",FLAGGED,0.2842,1.0,Setoran iuran rata-rata 28% di bawah yang seharusnya selama 4 bulan berturut-turut (2025-09 s/d 2025-12); total kekurangan Rp22.673.000.,1,C
EMP-0362,UNDER_REPORTING_WAGE,B,NORMAL,0.0,0.0,Pergerakan jumlah karyawan dalam batas wajar.,FLAGGED,7.605,1.0,"Perlu dicek — indikasi lapor gaji lebih rendah dari aslinya: upah dilaporkan Rp3.023.450/orang, 32% di bawah median perusahaan sejenis (Rp4.422.400; sektor=Perdagangan & Ritel | wilayah=DKI Jakarta | skala=Menengah, n=34), 7.6 IQR di bawah median, konsisten di 12/12 bulan. Upah juga di bawah UMR, tetapi itu sendiri bukan dasar flag (urusan Disnaker).",ONE_OFF_GAP,0.0258,0.49,"Kurang setor pada 2025-06, tetapi tidak berulang berturut-turut — dianggap wajar.",1,B
EMP-0363,CLEAN,CLEAN,NORMAL,0.0,0.0,Pergerakan jumlah karyawan dalam batas wajar.,NORMAL,0.162,0.036,"Upah sejalan dengan perusahaan sejenis (1% di bawah median; sektor=Perdagangan & Ritel | wilayah=DKI Jakarta | skala=Menengah, n=34).",NORMAL,0.0,0.0,Setoran sesuai dengan yang seharusnya (selisih dalam toleransi 2% / Rp10.000).,0,-
EMP-0364,CLEAN,CLEAN,NORMAL,0.0,0.0,Pergerakan jumlah karyawan dalam batas wajar.,NORMAL,1.004,0.223,"Upah sejalan dengan perusahaan sejenis (5% di bawah median; sektor=Perdagangan & Ritel | wilayah=DKI Jakarta | skala=Menengah, n=34).",NORMAL,0.0,0.0,Setoran sesuai dengan yang seharusnya (selisih dalam toleransi 2% / Rp10.000).,0,-
EMP-0365,CLEAN,CLEAN,NORMAL,0.0,0.0,Pergerakan jumlah karyawan dalam batas wajar.,NORMAL,0.555,0.123,"Upah sejalan dengan perusahaan sejenis (3% di bawah median; sektor=Perdagangan & Ritel | wilayah=DKI Jakarta | skala=Menengah, n=34).",NORMAL,0.0,0.0,Setoran sesuai dengan yang seharusnya (selisih dalam toleransi 2% / Rp10.000).,0,-
EMP-0366,COLD_START,(tidak dikenal),INSUFFICIENT_DATA,,,Riwayat data baru 2 bulan (< 3); belum bisa dinilai.,INSUFFICIENT_DATA,,,Data upah baru 2 bulan (< 3); belum bisa dinilai.,NORMAL,0.0,0.0,Setoran sesuai dengan yang seharusnya (selisih dalam toleransi 2% / Rp10.000).,0,-
EMP-0367,CLEAN,CLEAN,NORMAL,0.0,0.0,Pergerakan jumlah karyawan dalam batas wajar.,NORMAL,0.0,0.0,"Upah sejalan dengan perusahaan sejenis (1% di atas median; sektor=Perdagangan & Ritel | wilayah=DKI Jakarta | skala=Menengah, n=34).",ONE_OFF_GAP,0.0223,0.49,"Kurang setor pada 2025-05, tetapi tidak berulang berturut-turut — dianggap wajar.",0,-
EMP-0368,CLEAN,CLEAN,NORMAL,0.0,0.0,Pergerakan jumlah karyawan dalam batas wajar.,NORMAL,0.0,0.0,"Upah sejalan dengan perusahaan sejenis (1% di atas median; sektor=Perdagangan & Ritel | wilayah=DKI Jakarta | skala=Menengah, n=34).",NORMAL,0.0,0.0,Setoran sesuai dengan yang seharusnya (selisih dalam toleransi 2% / Rp10.000).,0,-
EMP-0369,CLEAN,CLEAN,NORMAL,0.0,0.0,Pergerakan jumlah karyawan dalam batas wajar.,NORMAL,-0.0,-0.0,"Upah sejalan dengan perusahaan sejenis (0% di atas median; sektor=Perdagangan & Ritel | wilayah=DKI Jakarta | skala=Menengah, n=34).",ONE_OFF_GAP,0.021,0.49,"Kurang setor pada 2025-11, tetapi tidak berulang berturut-turut — dianggap wajar.",0,-
EMP-0370,CLEAN,CLEAN,NORMAL,0.0,0.0,Pergerakan jumlah karyawan dalam batas wajar.,NORMAL,0.756,0.168,"Upah sejalan dengan perusahaan sejenis (4% di bawah median; sektor=Perdagangan & Ritel | wilayah=DKI Jakarta | skala=Menengah, n=34).",NORMAL,0.0,0.0,Setoran sesuai dengan yang seharusnya (selisih dalam toleransi 2% / Rp10.000).,0,-
EMP-0371,CLEAN,CLEAN,NORMAL,0.0,0.0,Pergerakan jumlah karyawan dalam batas wajar.,NORMAL,0.0,0.0,"Upah sejalan dengan perusahaan sejenis (1% di atas median; sektor=Perdagangan & Ritel | wilayah=DKI Jakarta | skala=Menengah, n=34).",ONE_OFF_GAP,0.0297,0.49,"Kurang setor pada 2025-06, tetapi tidak berulang berturut-turut — dianggap wajar.",0,-
EMP-0372,CLEAN,CLEAN,NORMAL,0.0,0.0,Pergerakan jumlah karyawan dalam batas wajar.,NORMAL,0.0,0.0,"Upah sejalan dengan perusahaan sejenis (2% di atas median; sektor=Perdagangan & Ritel | wilayah=DKI Jakarta | skala=Menengah, n=34).",NORMAL,0.0,0.0,Setoran sesuai dengan yang seharusnya (selisih dalam toleransi 2% / Rp10.000).,0,-
EMP-0373,UNDER_REPORTING_WAGE,B,NORMAL,0.0,0.0,Pergerakan jumlah karyawan dalam batas wajar.,FLAGGED,8.151,1.0,"Perlu dicek — indikasi lapor gaji lebih rendah dari aslinya: upah dilaporkan Rp2.950.450/orang, 33% di bawah median perusahaan sejenis (Rp4.422.400; sektor=Perdagangan & Ritel | wilayah=DKI Jakarta | skala=Menengah, n=34), 8.2 IQR di bawah median, konsisten di 12/12 bulan. Upah juga di bawah UMR, tetapi itu sendiri bukan dasar flag (urusan Disnaker).",ONE_OFF_GAP,0.0243,0.49,"Kurang setor pada 2025-05, tetapi tidak berulang berturut-turut — dianggap wajar.",1,B
EMP-0374,CLEAN,CLEAN,NORMAL,0.0,0.0,Pergerakan jumlah karyawan dalam batas wajar.,NORMAL,0.0,0.0,"Upah sejalan dengan perusahaan sejenis (1% di atas median; sektor=Perdagangan & Ritel | wilayah=DKI Jakarta | skala=Menengah, n=34).",NORMAL,0.0,0.0,Setoran sesuai dengan yang seharusnya (selisih dalam toleransi 2% / Rp10.000).,0,-
EMP-0375,CLEAN,CLEAN,NORMAL,0.0,0.0,Pergerakan jumlah karyawan dalam batas wajar.,NOT_CANDIDATE,0.0,0.0,Upah rata-rata Rp4.242.950/orang di atas 1.5× UMR (Rp2.191.238); tidak masuk kandidat awal.,NORMAL,0.0,0.0,Setoran sesuai dengan yang seharusnya (selisih dalam toleransi 2% / Rp10.000).,0,-
EMP-0376,CLEAN,CLEAN,NORMAL,0.0,0.0,Pergerakan jumlah karyawan dalam batas wajar.,NOT_CANDIDATE,0.0,0.0,Upah rata-rata Rp4.281.400/orang di atas 1.5× UMR (Rp2.191.238); tidak masuk kandidat awal.,ONE_OFF_GAP,0.0234,0.49,"Kurang setor pada 2025-04, tetapi tidak berulang berturut-turut — dianggap wajar.",0,-
EMP-0377,CLEAN,CLEAN,NORMAL,0.0,0.0,Pergerakan jumlah karyawan dalam batas wajar.,NOT_CANDIDATE,0.0,0.0,Upah rata-rata Rp4.263.750/orang di atas 1.5× UMR (Rp2.191.238); tidak masuk kandidat awal.,NORMAL,0.0,0.0,Setoran sesuai dengan yang seharusnya (selisih dalam toleransi 2% / Rp10.000).,0,-
EMP-0378,CLEAN,CLEAN,NORMAL,0.0,0.0,Pergerakan jumlah karyawan dalam batas wajar.,NOT_CANDIDATE,0.0,0.0,Upah rata-rata Rp4.444.000/orang di atas 1.5× UMR (Rp2.191.238); tidak masuk kandidat awal.,NORMAL,0.0,0.0,Setoran sesuai dengan yang seharusnya (selisih dalam toleransi 2% / Rp10.000).,0,-
EMP-0379,CLEAN,CLEAN,NORMAL,0.0,0.0,Pergerakan jumlah karyawan dalam batas wajar.,NOT_CANDIDATE,0.0,0.0,Upah rata-rata Rp4.326.500/orang di atas 1.5× UMR (Rp2.191.238); tidak masuk kandidat awal.,ONE_OFF_GAP,0.0214,0.49,"Kurang setor pada 2025-09, tetapi tidak berulang berturut-turut — dianggap wajar.",0,-
EMP-0380,CLEAN,CLEAN,NORMAL,0.0,0.0,Pergerakan jumlah karyawan dalam batas wajar.,NOT_CANDIDATE,0.0,0.0,Upah rata-rata Rp4.327.350/orang di atas 1.5× UMR (Rp2.191.238); tidak masuk kandidat awal.,NORMAL,0.0,0.0,Setoran sesuai dengan yang seharusnya (selisih dalam toleransi 2% / Rp10.000).,0,-
EMP-0381,CLEAN,CLEAN,NORMAL,0.0,0.0,Pergerakan jumlah karyawan dalam batas wajar.,NOT_CANDIDATE,0.0,0.0,Upah rata-rata Rp4.417.750/orang di atas 1.5× UMR (Rp2.191.238); tidak masuk kandidat awal.,NORMAL,0.0,0.0,Setoran sesuai dengan yang seharusnya (selisih dalam toleransi 2% / Rp10.000).,0,-
EMP-0382,CLEAN,CLEAN,NORMAL,0.0,0.0,Pergerakan jumlah karyawan dalam batas wajar.,NOT_CANDIDATE,0.0,0.0,Upah rata-rata Rp4.294.050/orang di atas 1.5× UMR (Rp2.191.238); tidak masuk kandidat awal.,ONE_OFF_GAP,0.0213,0.49,"Kurang setor pada 2025-08, tetapi tidak berulang berturut-turut — dianggap wajar.",0,-
EMP-0383,CLEAN,CLEAN,NORMAL,0.0,0.0,Pergerakan jumlah karyawan dalam batas wajar.,NOT_CANDIDATE,0.0,0.0,Upah rata-rata Rp4.369.250/orang di atas 1.5× UMR (Rp2.191.238); tidak masuk kandidat awal.,NORMAL,0.0,0.0,Setoran sesuai dengan yang seharusnya (selisih dalam toleransi 2% / Rp10.000).,0,-
EMP-0384,CLEAN,CLEAN,NORMAL,0.0,0.0,Pergerakan jumlah karyawan dalam batas wajar.,NOT_CANDIDATE,0.0,0.0,Upah rata-rata Rp4.164.500/orang di atas 1.5× UMR (Rp2.191.238); tidak masuk kandidat awal.,NORMAL,0.0,0.0,Setoran sesuai dengan yang seharusnya (selisih dalam toleransi 2% / Rp10.000).,0,-
EMP-0385,CLEAN,CLEAN,NORMAL,0.0,0.0,Pergerakan jumlah karyawan dalam batas wajar.,NOT_CANDIDATE,0.0,0.0,Upah rata-rata Rp4.154.150/orang di atas 1.5× UMR (Rp2.191.238); tidak masuk kandidat awal.,NORMAL,0.0,0.0,Setoran sesuai dengan yang seharusnya (selisih dalam toleransi 2% / Rp10.000).,0,-
EMP-0386,CLEAN,CLEAN,NORMAL,0.0,0.0,Pergerakan jumlah karyawan dalam batas wajar.,NOT_CANDIDATE,0.0,0.0,Upah rata-rata Rp4.185.300/orang di atas 1.5× UMR (Rp2.191.238); tidak masuk kandidat awal.,ONE_OFF_GAP,0.0207,0.49,"Kurang setor pada 2025-01, tetapi tidak berulang berturut-turut — dianggap wajar.",0,-
EMP-0387,REMITTANCE_GAP,C,NORMAL,0.0,0.0,Pergerakan jumlah karyawan dalam batas wajar.,NOT_CANDIDATE,0.0,0.0,Upah rata-rata Rp4.150.700/orang di atas 1.5× UMR (Rp2.191.238); tidak masuk kandidat awal.,FLAGGED,0.2263,0.949,Setoran iuran rata-rata 23% di bawah yang seharusnya selama 6 bulan berturut-turut (2025-07 s/d 2025-12); total kekurangan Rp92.632.000.,1,C
EMP-0388,CLEAN,CLEAN,NORMAL,0.0,0.0,Pergerakan jumlah karyawan dalam batas wajar.,NOT_CANDIDATE,0.0,0.0,Upah rata-rata Rp4.303.550/orang di atas 1.5× UMR (Rp2.191.238); tidak masuk kandidat awal.,ONE_OFF_GAP,0.0273,0.49,"Kurang setor pada 2025-08, tetapi tidak berulang berturut-turut — dianggap wajar.",0,-
EMP-0389,CLEAN,CLEAN,NORMAL,0.0,0.0,Pergerakan jumlah karyawan dalam batas wajar.,NOT_CANDIDATE,0.0,0.0,Upah rata-rata Rp4.227.000/orang di atas 1.5× UMR (Rp2.191.238); tidak masuk kandidat awal.,NORMAL,0.0,0.0,Setoran sesuai dengan yang seharusnya (selisih dalam toleransi 2% / Rp10.000).,0,-
EMP-0390,CLEAN,CLEAN,NORMAL,0.0,0.0,Pergerakan jumlah karyawan dalam batas wajar.,NOT_CANDIDATE,0.0,0.0,Upah rata-rata Rp4.302.800/orang di atas 1.5× UMR (Rp2.191.238); tidak masuk kandidat awal.,NORMAL,0.0,0.0,Setoran sesuai dengan yang seharusnya (selisih dalam toleransi 2% / Rp10.000).,0,-
EMP-0391,CLEAN,CLEAN,NORMAL,0.0,0.0,Pergerakan jumlah karyawan dalam batas wajar.,NOT_CANDIDATE,0.0,0.0,Upah rata-rata Rp4.061.300/orang di atas 1.5× UMR (Rp2.191.238); tidak masuk kandidat awal.,NORMAL,0.0,0.0,Setoran sesuai dengan yang seharusnya (selisih dalam toleransi 2% / Rp10.000).,0,-
EMP-0392,CLEAN,CLEAN,NORMAL,0.0,0.0,Pergerakan jumlah karyawan dalam batas wajar.,NOT_CANDIDATE,0.0,0.0,Upah rata-rata Rp4.142.350/orang di atas 1.5× UMR (Rp2.191.238); tidak masuk kandidat awal.,NORMAL,0.0,0.0,Setoran sesuai dengan yang seharusnya (selisih dalam toleransi 2% / Rp10.000).,0,-
EMP-0393,REMITTANCE_GAP,C,NORMAL,0.0,0.0,Pergerakan jumlah karyawan dalam batas wajar.,NOT_CANDIDATE,0.0,0.0,Upah rata-rata Rp4.157.300/orang di atas 1.5× UMR (Rp2.191.238); tidak masuk kandidat awal.,FLAGGED,0.2652,1.0,Setoran iuran rata-rata 27% di bawah yang seharusnya selama 7 bulan berturut-turut (2025-06 s/d 2025-12); total kekurangan Rp142.225.000.,1,C
EMP-0394,CLEAN,CLEAN,NORMAL,0.0,0.0,Pergerakan jumlah karyawan dalam batas wajar.,NOT_CANDIDATE,0.0,0.0,Upah rata-rata Rp4.038.750/orang di atas 1.5× UMR (Rp2.191.238); tidak masuk kandidat awal.,NORMAL,0.0,0.0,Setoran sesuai dengan yang seharusnya (selisih dalam toleransi 2% / Rp10.000).,0,-
EMP-0395,CLEAN,CLEAN,NORMAL,0.0,0.0,Pergerakan jumlah karyawan dalam batas wajar.,NOT_CANDIDATE,0.0,0.0,Upah rata-rata Rp4.200.600/orang di atas 1.5× UMR (Rp2.191.238); tidak masuk kandidat awal.,ONE_OFF_GAP,0.0283,0.49,"Kurang setor pada 2025-10, tetapi tidak berulang berturut-turut — dianggap wajar.",0,-
EMP-0396,CLEAN,CLEAN,NORMAL,0.0,0.0,Pergerakan jumlah karyawan dalam batas wajar.,NOT_CANDIDATE,0.0,0.0,Upah rata-rata Rp4.379.850/orang di atas 1.5× UMR (Rp2.191.238); tidak masuk kandidat awal.,ONE_OFF_GAP,0.0239,0.49,"Kurang setor pada 2025-07, tetapi tidak berulang berturut-turut — dianggap wajar.",0,-
EMP-0397,CLEAN,CLEAN,NORMAL,0.0,0.0,Pergerakan jumlah karyawan dalam batas wajar.,NOT_CANDIDATE,0.0,0.0,Upah rata-rata Rp4.217.800/orang di atas 1.5× UMR (Rp2.191.238); tidak masuk kandidat awal.,NORMAL,0.0,0.0,Setoran sesuai dengan yang seharusnya (selisih dalam toleransi 2% / Rp10.000).,0,-
EMP-0398,CLEAN,CLEAN,NORMAL,0.0,0.0,Pergerakan jumlah karyawan dalam batas wajar.,NOT_CANDIDATE,0.0,0.0,Upah rata-rata Rp4.375.800/orang di atas 1.5× UMR (Rp2.191.238); tidak masuk kandidat awal.,NORMAL,0.0,0.0,Setoran sesuai dengan yang seharusnya (selisih dalam toleransi 2% / Rp10.000).,0,-
EMP-0399,REMITTANCE_GAP,C,NORMAL,0.0,0.0,Pergerakan jumlah karyawan dalam batas wajar.,NOT_CANDIDATE,0.0,0.0,Upah rata-rata Rp4.120.850/orang di atas 1.5× UMR (Rp2.191.238); tidak masuk kandidat awal.,FLAGGED,0.2747,1.0,Setoran iuran rata-rata 27% di bawah yang seharusnya selama 8 bulan berturut-turut (2025-05 s/d 2025-12); total kekurangan Rp190.265.000.,1,C
EMP-0400,CLEAN,CLEAN,NORMAL,0.0,0.0,Pergerakan jumlah karyawan dalam batas wajar.,NOT_CANDIDATE,0.0,0.0,Upah rata-rata Rp4.211.000/orang di atas 1.5× UMR (Rp2.191.238); tidak masuk kandidat awal.,NORMAL,0.0,0.0,Setoran sesuai dengan yang seharusnya (selisih dalam toleransi 2% / Rp10.000).,0,-
EMP-0401,CLEAN,CLEAN,NORMAL,0.0,0.0,Pergerakan jumlah karyawan dalam batas wajar.,NOT_CANDIDATE,0.0,0.0,Upah rata-rata Rp4.121.550/orang di atas 1.5× UMR (Rp2.191.238); tidak masuk kandidat awal.,NORMAL,0.0,0.0,Setoran sesuai dengan yang seharusnya (selisih dalam toleransi 2% / Rp10.000).,0,-
EMP-0402,CLEAN,CLEAN,NORMAL,0.0,0.0,Pergerakan jumlah karyawan dalam batas wajar.,NOT_CANDIDATE,0.0,0.0,Upah rata-rata Rp4.433.100/orang di atas 1.5× UMR (Rp2.191.238); tidak masuk kandidat awal.,NORMAL,0.0,0.0,Setoran sesuai dengan yang seharusnya (selisih dalam toleransi 2% / Rp10.000).,0,-
EMP-0403,CLEAN,CLEAN,NORMAL,0.0,0.0,Pergerakan jumlah karyawan dalam batas wajar.,NOT_CANDIDATE,0.0,0.0,Upah rata-rata Rp4.056.250/orang di atas 1.5× UMR (Rp2.191.238); tidak masuk kandidat awal.,NORMAL,0.0,0.0,Setoran sesuai dengan yang seharusnya (selisih dalam toleransi 2% / Rp10.000).,0,-
EMP-0404,CLEAN,CLEAN,NORMAL,0.0,0.0,Pergerakan jumlah karyawan dalam batas wajar.,NOT_CANDIDATE,0.0,0.0,Upah rata-rata Rp4.449.900/orang di atas 1.5× UMR (Rp2.191.238); tidak masuk kandidat awal.,NORMAL,0.0,0.0,Setoran sesuai dengan yang seharusnya (selisih dalam toleransi 2% / Rp10.000).,0,-
EMP-0405,CLEAN,CLEAN,NORMAL,0.0,0.0,Pergerakan jumlah karyawan dalam batas wajar.,NOT_CANDIDATE,0.0,0.0,Upah rata-rata Rp4.074.300/orang di atas 1.5× UMR (Rp2.191.238); tidak masuk kandidat awal.,ONE_OFF_GAP,0.0288,0.49,"Kurang setor pada 2025-06, tetapi tidak berulang berturut-turut — dianggap wajar.",0,-
EMP-0406,CLEAN,CLEAN,NORMAL,0.0,0.0,Pergerakan jumlah karyawan dalam batas wajar.,NOT_CANDIDATE,0.0,0.0,Upah rata-rata Rp4.433.000/orang di atas 1.5× UMR (Rp2.191.238); tidak masuk kandidat awal.,ONE_OFF_GAP,0.0242,0.49,"Kurang setor pada 2025-06, tetapi tidak berulang berturut-turut — dianggap wajar.",0,-
EMP-0407,CLEAN,CLEAN,NORMAL,0.0,0.0,Pergerakan jumlah karyawan dalam batas wajar.,NOT_CANDIDATE,0.0,0.0,Upah rata-rata Rp4.358.300/orang di atas 1.5× UMR (Rp2.191.238); tidak masuk kandidat awal.,NORMAL,0.0,0.0,Setoran sesuai dengan yang seharusnya (selisih dalam toleransi 2% / Rp10.000).,0,-
EMP-0408,CLEAN,CLEAN,NORMAL,0.0,0.0,Pergerakan jumlah karyawan dalam batas wajar.,NOT_CANDIDATE,0.0,0.0,Upah rata-rata Rp4.358.500/orang di atas 1.5× UMR (Rp2.191.238); tidak masuk kandidat awal.,NORMAL,0.0,0.0,Setoran sesuai dengan yang seharusnya (selisih dalam toleransi 2% / Rp10.000).,0,-
EMP-0409,CLEAN,CLEAN,NORMAL,0.0,0.0,Pergerakan jumlah karyawan dalam batas wajar.,NORMAL,0.0,0.0,"Upah sejalan dengan perusahaan sejenis (3% di atas median; sektor=Perdagangan & Ritel | wilayah=Jawa Timur | skala=Kecil, n=34).",ONE_OFF_GAP,0.0276,0.49,"Kurang setor pada 2025-06, tetapi tidak berulang berturut-turut — dianggap wajar.",0,-
EMP-0410,CLEAN,CLEAN,NORMAL,0.0,0.0,Pergerakan jumlah karyawan dalam batas wajar.,NORMAL,0.353,0.078,"Upah sejalan dengan perusahaan sejenis (2% di bawah median; sektor=Perdagangan & Ritel | wilayah=Jawa Timur | skala=Kecil, n=34).",NORMAL,0.0,0.0,Setoran sesuai dengan yang seharusnya (selisih dalam toleransi 2% / Rp10.000).,0,-
EMP-0411,CLEAN,CLEAN,NORMAL,0.0,0.0,Pergerakan jumlah karyawan dalam batas wajar.,NORMAL,0.0,0.0,"Upah sejalan dengan perusahaan sejenis (3% di atas median; sektor=Perdagangan & Ritel | wilayah=Jawa Timur | skala=Kecil, n=34).",NORMAL,0.0,0.0,Setoran sesuai dengan yang seharusnya (selisih dalam toleransi 2% / Rp10.000).,0,-
EMP-0412,CLEAN,CLEAN,NORMAL,0.0,0.0,Pergerakan jumlah karyawan dalam batas wajar.,NORMAL,0.0,0.0,"Upah sejalan dengan perusahaan sejenis (1% di atas median; sektor=Perdagangan & Ritel | wilayah=Jawa Timur | skala=Kecil, n=34).",NORMAL,0.0,0.0,Setoran sesuai dengan yang seharusnya (selisih dalam toleransi 2% / Rp10.000).,0,-
EMP-0413,CLEAN,CLEAN,NORMAL,0.0,0.0,Pergerakan jumlah karyawan dalam batas wajar.,NORMAL,0.143,0.032,"Upah sejalan dengan perusahaan sejenis (1% di bawah median; sektor=Perdagangan & Ritel | wilayah=Jawa Timur | skala=Kecil, n=34).",NORMAL,0.0,0.0,Setoran sesuai dengan yang seharusnya (selisih dalam toleransi 2% / Rp10.000).,0,-
EMP-0414,CLEAN,CLEAN,NORMAL,0.0,0.0,Pergerakan jumlah karyawan dalam batas wajar.,NORMAL,0.0,0.0,"Upah sejalan dengan perusahaan sejenis (3% di atas median; sektor=Perdagangan & Ritel | wilayah=Jawa Timur | skala=Kecil, n=34).",NORMAL,0.0,0.0,Setoran sesuai dengan yang seharusnya (selisih dalam toleransi 2% / Rp10.000).,0,-
EMP-0415,PDUK,A,FLAGGED,24.256,1.0,"Perlu dicek — indikasi sembunyiin karyawan: jumlah karyawan turun 28 orang (50%) pada 2025-08 (56→28), jauh di luar pola biasanya (z=-24.3); hanya 1 orang tercatat resign.",NORMAL,0.259,0.057,"Upah sejalan dengan perusahaan sejenis (1% di bawah median; sektor=Perdagangan & Ritel | wilayah=Jawa Timur | skala=Kecil, n=34).",ONE_OFF_GAP,0.0201,0.49,"Kurang setor pada 2025-06, tetapi tidak berulang berturut-turut — dianggap wajar.",1,A
EMP-0416,CLEAN,CLEAN,NORMAL,0.0,0.0,Pergerakan jumlah karyawan dalam batas wajar.,NORMAL,0.013,0.003,"Upah sejalan dengan perusahaan sejenis (0% di bawah median; sektor=Perdagangan & Ritel | wilayah=Jawa Timur | skala=Kecil, n=34).",ONE_OFF_GAP,0.0314,0.49,"Kurang setor pada 2025-06, tetapi tidak berulang berturut-turut — dianggap wajar.",0,-
EMP-0417,CLEAN,CLEAN,NORMAL,0.0,0.0,Pergerakan jumlah karyawan dalam batas wajar.,NORMAL,0.0,0.0,"Upah sejalan dengan perusahaan sejenis (2% di atas median; sektor=Perdagangan & Ritel | wilayah=Jawa Timur | skala=Kecil, n=34).",NORMAL,0.0,0.0,Setoran sesuai dengan yang seharusnya (selisih dalam toleransi 2% / Rp10.000).,0,-
EMP-0418,CLEAN,CLEAN,NORMAL,0.0,0.0,Pergerakan jumlah karyawan dalam batas wajar.,NORMAL,0.306,0.068,"Upah sejalan dengan perusahaan sejenis (2% di bawah median; sektor=Perdagangan & Ritel | wilayah=Jawa Timur | skala=Kecil, n=34).",NORMAL,0.0,0.0,Setoran sesuai dengan yang seharusnya (selisih dalam toleransi 2% / Rp10.000).,0,-
EMP-0419,PDUK,A,FLAGGED,14.75,1.0,"Perlu dicek — indikasi sembunyiin karyawan: jumlah karyawan turun 16 orang (47%) pada 2025-06 (34→18), jauh di luar pola biasanya (z=-14.8); hanya 1 orang tercatat resign.",NORMAL,0.0,0.0,"Upah sejalan dengan perusahaan sejenis (3% di atas median; sektor=Perdagangan & Ritel | wilayah=Jawa Timur | skala=Kecil, n=34).",NORMAL,0.0,0.0,Setoran sesuai dengan yang seharusnya (selisih dalam toleransi 2% / Rp10.000).,1,A
EMP-0420,CLEAN,CLEAN,NORMAL,0.0,0.0,Pergerakan jumlah karyawan dalam batas wajar.,NORMAL,0.0,0.0,"Upah sejalan dengan perusahaan sejenis (3% di atas median; sektor=Perdagangan & Ritel | wilayah=Jawa Timur | skala=Kecil, n=34).",NORMAL,0.0,0.0,Setoran sesuai dengan yang seharusnya (selisih dalam toleransi 2% / Rp10.000).,0,-
EMP-0421,CLEAN,CLEAN,NORMAL,0.0,0.0,Pergerakan jumlah karyawan dalam batas wajar.,NORMAL,0.802,0.178,"Upah sejalan dengan perusahaan sejenis (4% di bawah median; sektor=Perdagangan & Ritel | wilayah=Jawa Timur | skala=Kecil, n=34).",ONE_OFF_GAP,0.0206,0.49,"Kurang setor pada 2025-10, tetapi tidak berulang berturut-turut — dianggap wajar.",0,-
EMP-0422,CLEAN,CLEAN,NORMAL,0.0,0.0,Pergerakan jumlah karyawan dalam batas wajar.,NORMAL,1.091,0.242,"Upah sejalan dengan perusahaan sejenis (6% di bawah median; sektor=Perdagangan & Ritel | wilayah=Jawa Timur | skala=Kecil, n=34).",NORMAL,0.0,0.0,Setoran sesuai dengan yang seharusnya (selisih dalam toleransi 2% / Rp10.000).,0,-
EMP-0423,CLEAN,CLEAN,NORMAL,0.0,0.0,Pergerakan jumlah karyawan dalam batas wajar.,NORMAL,0.672,0.149,"Upah sejalan dengan perusahaan sejenis (4% di bawah median; sektor=Perdagangan & Ritel | wilayah=Jawa Timur | skala=Kecil, n=34).",ONE_OFF_GAP,0.0213,0.49,"Kurang setor pada 2025-12, tetapi tidak berulang berturut-turut — dianggap wajar.",0,-
EMP-0424,CLEAN,CLEAN,NORMAL,0.0,0.0,Pergerakan jumlah karyawan dalam batas wajar.,NORMAL,0.865,0.192,"Upah sejalan dengan perusahaan sejenis (4% di bawah median; sektor=Perdagangan & Ritel | wilayah=Jawa Timur | skala=Kecil, n=34).",NORMAL,0.0,0.0,Setoran sesuai dengan yang seharusnya (selisih dalam toleransi 2% / Rp10.000).,0,-
EMP-0425,CLEAN,CLEAN,NORMAL,0.0,0.0,Pergerakan jumlah karyawan dalam batas wajar.,NORMAL,0.0,0.0,"Upah sejalan dengan perusahaan sejenis (3% di atas median; sektor=Perdagangan & Ritel | wilayah=Jawa Timur | skala=Kecil, n=34).",NORMAL,0.0,0.0,Setoran sesuai dengan yang seharusnya (selisih dalam toleransi 2% / Rp10.000).,0,-
EMP-0426,CLEAN,CLEAN,NORMAL,0.0,0.0,Pergerakan jumlah karyawan dalam batas wajar.,NORMAL,0.614,0.136,"Upah sejalan dengan perusahaan sejenis (3% di bawah median; sektor=Perdagangan & Ritel | wilayah=Jawa Timur | skala=Kecil, n=34).",NORMAL,0.0,0.0,Setoran sesuai dengan yang seharusnya (selisih dalam toleransi 2% / Rp10.000).,0,-
EMP-0427,CLEAN,CLEAN,NORMAL,0.0,0.0,Pergerakan jumlah karyawan dalam batas wajar.,NORMAL,0.0,0.0,"Upah sejalan dengan perusahaan sejenis (0% di atas median; sektor=Perdagangan & Ritel | wilayah=Jawa Timur | skala=Kecil, n=34).",NORMAL,0.0,0.0,Setoran sesuai dengan yang seharusnya (selisih dalam toleransi 2% / Rp10.000).,0,-
EMP-0428,CLEAN,CLEAN,NORMAL,0.0,0.0,Pergerakan jumlah karyawan dalam batas wajar.,NORMAL,0.74,0.164,"Upah sejalan dengan perusahaan sejenis (4% di bawah median; sektor=Perdagangan & Ritel | wilayah=Jawa Timur | skala=Kecil, n=34).",NORMAL,0.0,0.0,Setoran sesuai dengan yang seharusnya (selisih dalam toleransi 2% / Rp10.000).,0,-
EMP-0429,CLEAN,CLEAN,NORMAL,0.0,0.0,Pergerakan jumlah karyawan dalam batas wajar.,NORMAL,0.0,0.0,"Upah sejalan dengan perusahaan sejenis (4% di atas median; sektor=Perdagangan & Ritel | wilayah=Jawa Timur | skala=Kecil, n=34).",NORMAL,0.0,0.0,Setoran sesuai dengan yang seharusnya (selisih dalam toleransi 2% / Rp10.000).,0,-
EMP-0430,CLEAN,CLEAN,NORMAL,0.0,0.0,Pergerakan jumlah karyawan dalam batas wajar.,NORMAL,0.0,0.0,"Upah sejalan dengan perusahaan sejenis (3% di atas median; sektor=Perdagangan & Ritel | wilayah=Jawa Timur | skala=Kecil, n=34).",NORMAL,0.0,0.0,Setoran sesuai dengan yang seharusnya (selisih dalam toleransi 2% / Rp10.000).,0,-
EMP-0431,REMITTANCE_GAP,C,NORMAL,0.0,0.0,Pergerakan jumlah karyawan dalam batas wajar.,NORMAL,0.0,0.0,"Upah sejalan dengan perusahaan sejenis (4% di atas median; sektor=Perdagangan & Ritel | wilayah=Jawa Timur | skala=Kecil, n=34).",FLAGGED,0.2016,0.895,Setoran iuran rata-rata 20% di bawah yang seharusnya selama 4 bulan berturut-turut (2025-09 s/d 2025-12); total kekurangan Rp2.480.000. Ada 1 bulan lain yang juga kurang setor.,1,C
EMP-0432,CLEAN,CLEAN,NORMAL,0.0,0.0,Pergerakan jumlah karyawan dalam batas wajar.,NORMAL,0.0,0.0,"Upah sejalan dengan perusahaan sejenis (2% di atas median; sektor=Perdagangan & Ritel | wilayah=Jawa Timur | skala=Kecil, n=34).",NORMAL,0.0,0.0,Setoran sesuai dengan yang seharusnya (selisih dalam toleransi 2% / Rp10.000).,0,-
EMP-0433,CLEAN,CLEAN,NORMAL,0.0,0.0,Pergerakan jumlah karyawan dalam batas wajar.,NORMAL,0.586,0.13,"Upah sejalan dengan perusahaan sejenis (3% di bawah median; sektor=Perdagangan & Ritel | wilayah=Jawa Timur | skala=Kecil, n=34).",NORMAL,0.0,0.0,Setoran sesuai dengan yang seharusnya (selisih dalam toleransi 2% / Rp10.000).,0,-
EMP-0434,CLEAN,CLEAN,NORMAL,0.0,0.0,Pergerakan jumlah karyawan dalam batas wajar.,NORMAL,0.177,0.039,"Upah sejalan dengan perusahaan sejenis (1% di bawah median; sektor=Perdagangan & Ritel | wilayah=Jawa Timur | skala=Kecil, n=34).",NORMAL,0.0,0.0,Setoran sesuai dengan yang seharusnya (selisih dalam toleransi 2% / Rp10.000).,0,-
EMP-0435,CLEAN,CLEAN,NORMAL,0.0,0.0,Pergerakan jumlah karyawan dalam batas wajar.,NORMAL,0.829,0.184,"Upah sejalan dengan perusahaan sejenis (4% di bawah median; sektor=Perdagangan & Ritel | wilayah=Jawa Timur | skala=Kecil, n=34).",NORMAL,0.0,0.0,Setoran sesuai dengan yang seharusnya (selisih dalam toleransi 2% / Rp10.000).,0,-
EMP-0436,PDUK,A,FLAGGED,12.0,1.0,"Perlu dicek — indikasi sembunyiin karyawan: jumlah karyawan turun 13 orang (54%) pada 2025-07 (24→11), jauh di luar pola biasanya (z=-12.0); hanya 1 orang tercatat resign.",NORMAL,0.0,0.0,"Upah sejalan dengan perusahaan sejenis (4% di atas median; sektor=Perdagangan & Ritel | wilayah=Jawa Timur | skala=Kecil, n=34).",ONE_OFF_GAP,0.0211,0.49,"Kurang setor pada 2025-03, tetapi tidak berulang berturut-turut — dianggap wajar.",1,A
EMP-0437,PDUK,A,FLAGGED,18.167,1.0,"Perlu dicek — indikasi sembunyiin karyawan: jumlah karyawan turun 19 orang (39%) pada 2025-08 (49→30), jauh di luar pola biasanya (z=-18.2); hanya 1 orang tercatat resign.",NORMAL,0.179,0.04,"Upah sejalan dengan perusahaan sejenis (1% di bawah median; sektor=Perdagangan & Ritel | wilayah=Jawa Timur | skala=Kecil, n=34).",NORMAL,0.0,0.0,Setoran sesuai dengan yang seharusnya (selisih dalam toleransi 2% / Rp10.000).,1,A
EMP-0438,CLEAN,CLEAN,NORMAL,0.0,0.0,Pergerakan jumlah karyawan dalam batas wajar.,NORMAL,0.0,0.0,"Upah sejalan dengan perusahaan sejenis (0% di atas median; sektor=Perdagangan & Ritel | wilayah=Jawa Timur | skala=Kecil, n=34).",ONE_OFF_GAP,0.0263,0.49,"Kurang setor pada 2025-03, tetapi tidak berulang berturut-turut — dianggap wajar.",0,-
EMP-0439,CLEAN,CLEAN,NORMAL,0.0,0.0,Pergerakan jumlah karyawan dalam batas wajar.,NORMAL,0.0,0.0,"Upah sejalan dengan perusahaan sejenis (0% di atas median; sektor=Perdagangan & Ritel | wilayah=Jawa Timur | skala=Kecil, n=34).",NORMAL,0.0,0.0,Setoran sesuai dengan yang seharusnya (selisih dalam toleransi 2% / Rp10.000).,0,-
EMP-0440,CLEAN_MUTASI_SAH,(tidak dikenal),EXPLAINED_BY_RESIGN,0.0,0.0,"Ada penurunan 10 orang pada 2025-06, tetapi sesuai catatan resign/mutasi resmi (10 orang) — dianggap wajar.",NORMAL,0.535,0.119,"Upah sejalan dengan perusahaan sejenis (3% di bawah median; sektor=Perdagangan & Ritel | wilayah=Jawa Timur | skala=Kecil, n=34).",ONE_OFF_GAP,0.0257,0.49,"Kurang setor pada 2025-03, tetapi tidak berulang berturut-turut — dianggap wajar.",0,-
EMP-0441,CLEAN,CLEAN,NORMAL,0.0,0.0,Pergerakan jumlah karyawan dalam batas wajar.,NORMAL,0.0,0.0,"Upah sejalan dengan perusahaan sejenis (1% di atas median; sektor=Perdagangan & Ritel | wilayah=Jawa Timur | skala=Kecil, n=34).",NORMAL,0.0,0.0,Setoran sesuai dengan yang seharusnya (selisih dalam toleransi 2% / Rp10.000).,0,-
EMP-0442,CLEAN,CLEAN,NORMAL,0.0,0.0,Pergerakan jumlah karyawan dalam batas wajar.,NORMAL,0.353,0.078,"Upah sejalan dengan perusahaan sejenis (2% di bawah median; sektor=Perdagangan & Ritel | wilayah=Jawa Timur | skala=Kecil, n=34).",NORMAL,0.0,0.0,Setoran sesuai dengan yang seharusnya (selisih dalam toleransi 2% / Rp10.000).,0,-
EMP-0443,CLEAN,CLEAN,NORMAL,0.0,0.0,Pergerakan jumlah karyawan dalam batas wajar.,NORMAL,0.0,0.0,"Upah sejalan dengan perusahaan sejenis (3% di atas median; sektor=Perdagangan & Ritel | wilayah=Sumatera Utara | skala=Menengah, n=34).",NORMAL,0.0,0.0,Setoran sesuai dengan yang seharusnya (selisih dalam toleransi 2% / Rp10.000).,0,-
EMP-0444,CLEAN,CLEAN,NORMAL,0.0,0.0,Pergerakan jumlah karyawan dalam batas wajar.,NORMAL,0.0,0.0,"Upah sejalan dengan perusahaan sejenis (2% di atas median; sektor=Perdagangan & Ritel | wilayah=Sumatera Utara | skala=Menengah, n=34).",ONE_OFF_GAP,0.022,0.49,"Kurang setor pada 2025-07, tetapi tidak berulang berturut-turut — dianggap wajar.",0,-
EMP-0445,CLEAN,CLEAN,NORMAL,0.0,0.0,Pergerakan jumlah karyawan dalam batas wajar.,NORMAL,0.385,0.086,"Upah sejalan dengan perusahaan sejenis (2% di bawah median; sektor=Perdagangan & Ritel | wilayah=Sumatera Utara | skala=Menengah, n=34).",NORMAL,0.0,0.0,Setoran sesuai dengan yang seharusnya (selisih dalam toleransi 2% / Rp10.000).,0,-
EMP-0446,CLEAN,CLEAN,NORMAL,0.0,0.0,Pergerakan jumlah karyawan dalam batas wajar.,NORMAL,0.0,0.0,"Upah sejalan dengan perusahaan sejenis (1% di atas median; sektor=Perdagangan & Ritel | wilayah=Sumatera Utara | skala=Menengah, n=34).",NORMAL,0.0,0.0,Setoran sesuai dengan yang seharusnya (selisih dalam toleransi 2% / Rp10.000).,0,-
EMP-0447,CLEAN,CLEAN,NORMAL,0.0,0.0,Pergerakan jumlah karyawan dalam batas wajar.,NORMAL,0.0,0.0,"Upah sejalan dengan perusahaan sejenis (2% di atas median; sektor=Perdagangan & Ritel | wilayah=Sumatera Utara | skala=Menengah, n=34).",ONE_OFF_GAP,0.0352,0.49,"Kurang setor pada 2025-03, tetapi tidak berulang berturut-turut — dianggap wajar.",0,-
EMP-0448,CLEAN,CLEAN,NORMAL,0.0,0.0,Pergerakan jumlah karyawan dalam batas wajar.,NORMAL,0.0,0.0,"Upah sejalan dengan perusahaan sejenis (5% di atas median; sektor=Perdagangan & Ritel | wilayah=Sumatera Utara | skala=Menengah, n=34).",NORMAL,0.0,0.0,Setoran sesuai dengan yang seharusnya (selisih dalam toleransi 2% / Rp10.000).,0,-
EMP-0449,CLEAN,CLEAN,NORMAL,0.0,0.0,Pergerakan jumlah karyawan dalam batas wajar.,NORMAL,0.0,0.0,"Upah sejalan dengan perusahaan sejenis (0% di atas median; sektor=Perdagangan & Ritel | wilayah=Sumatera Utara | skala=Menengah, n=34).",NORMAL,0.0,0.0,Setoran sesuai dengan yang seharusnya (selisih dalam toleransi 2% / Rp10.000).,0,-
EMP-0450,CLEAN,CLEAN,NORMAL,0.0,0.0,Pergerakan jumlah karyawan dalam batas wajar.,NORMAL,0.0,0.0,"Upah sejalan dengan perusahaan sejenis (1% di atas median; sektor=Perdagangan & Ritel | wilayah=Sumatera Utara | skala=Menengah, n=34).",NORMAL,0.0,0.0,Setoran sesuai dengan yang seharusnya (selisih dalam toleransi 2% / Rp10.000).,0,-
EMP-0451,CLEAN_MUTASI_SAH,(tidak dikenal),EXPLAINED_BY_RESIGN,0.0,0.0,"Ada penurunan 65 orang pada 2025-09, tetapi sesuai catatan resign/mutasi resmi (66 orang) — dianggap wajar.",NORMAL,0.452,0.1,"Upah sejalan dengan perusahaan sejenis (2% di bawah median; sektor=Perdagangan & Ritel | wilayah=Sumatera Utara | skala=Menengah, n=34).",NORMAL,0.0,0.0,Setoran sesuai dengan yang seharusnya (selisih dalam toleransi 2% / Rp10.000).,0,-
EMP-0452,CLEAN,CLEAN,NORMAL,0.0,0.0,Pergerakan jumlah karyawan dalam batas wajar.,NORMAL,0.115,0.026,"Upah sejalan dengan perusahaan sejenis (1% di bawah median; sektor=Perdagangan & Ritel | wilayah=Sumatera Utara | skala=Menengah, n=34).",NORMAL,0.0,0.0,Setoran sesuai dengan yang seharusnya (selisih dalam toleransi 2% / Rp10.000).,0,-
EMP-0453,CLEAN,CLEAN,NORMAL,0.0,0.0,Pergerakan jumlah karyawan dalam batas wajar.,NORMAL,0.0,0.0,"Upah sejalan dengan perusahaan sejenis (5% di atas median; sektor=Perdagangan & Ritel | wilayah=Sumatera Utara | skala=Menengah, n=34).",NORMAL,0.0,0.0,Setoran sesuai dengan yang seharusnya (selisih dalam toleransi 2% / Rp10.000).,0,-
EMP-0454,CLEAN,CLEAN,NORMAL,0.0,0.0,Pergerakan jumlah karyawan dalam batas wajar.,NORMAL,0.209,0.046,"Upah sejalan dengan perusahaan sejenis (1% di bawah median; sektor=Perdagangan & Ritel | wilayah=Sumatera Utara | skala=Menengah, n=34).",NORMAL,0.0,0.0,Setoran sesuai dengan yang seharusnya (selisih dalam toleransi 2% / Rp10.000).,0,-
EMP-0455,CLEAN,CLEAN,NORMAL,0.0,0.0,Pergerakan jumlah karyawan dalam batas wajar.,NORMAL,0.0,0.0,"Upah sejalan dengan perusahaan sejenis (2% di atas median; sektor=Perdagangan & Ritel | wilayah=Sumatera Utara | skala=Menengah, n=34).",ONE_OFF_GAP,0.0209,0.49,"Kurang setor pada 2025-02, tetapi tidak berulang berturut-turut — dianggap wajar.",0,-
EMP-0456,CLEAN,CLEAN,NORMAL,0.0,0.0,Pergerakan jumlah karyawan dalam batas wajar.,NORMAL,0.007,0.002,"Upah sejalan dengan perusahaan sejenis (0% di bawah median; sektor=Perdagangan & Ritel | wilayah=Sumatera Utara | skala=Menengah, n=34).",ONE_OFF_GAP,0.0235,0.49,"Kurang setor pada 2025-03, tetapi tidak berulang berturut-turut — dianggap wajar.",0,-
EMP-0457,CLEAN,CLEAN,NORMAL,0.0,0.0,Pergerakan jumlah karyawan dalam batas wajar.,NORMAL,0.571,0.127,"Upah sejalan dengan perusahaan sejenis (3% di bawah median; sektor=Perdagangan & Ritel | wilayah=Sumatera Utara | skala=Menengah, n=34).",ONE_OFF_GAP,0.0235,0.49,"Kurang setor pada 2025-01, tetapi tidak berulang berturut-turut — dianggap wajar.",0,-
EMP-0458,CLEAN,CLEAN,NORMAL,0.0,0.0,Pergerakan jumlah karyawan dalam batas wajar.,NORMAL,0.0,0.0,"Upah sejalan dengan perusahaan sejenis (1% di atas median; sektor=Perdagangan & Ritel | wilayah=Sumatera Utara | skala=Menengah, n=34).",NORMAL,0.0,0.0,Setoran sesuai dengan yang seharusnya (selisih dalam toleransi 2% / Rp10.000).,0,-
EMP-0459,CLEAN,CLEAN,NORMAL,0.0,0.0,Pergerakan jumlah karyawan dalam batas wajar.,NORMAL,0.0,0.0,"Upah sejalan dengan perusahaan sejenis (3% di atas median; sektor=Perdagangan & Ritel | wilayah=Sumatera Utara | skala=Menengah, n=34).",ONE_OFF_GAP,0.0229,0.49,"Kurang setor pada 2025-12, tetapi tidak berulang berturut-turut — dianggap wajar.",0,-
EMP-0460,CLEAN,CLEAN,NORMAL,0.0,0.0,Pergerakan jumlah karyawan dalam batas wajar.,NORMAL,0.292,0.065,"Upah sejalan dengan perusahaan sejenis (1% di bawah median; sektor=Perdagangan & Ritel | wilayah=Sumatera Utara | skala=Menengah, n=34).",ONE_OFF_GAP,0.0212,0.49,"Kurang setor pada 2025-04, tetapi tidak berulang berturut-turut — dianggap wajar.",0,-
EMP-0461,CLEAN,CLEAN,NORMAL,0.0,0.0,Pergerakan jumlah karyawan dalam batas wajar.,NORMAL,0.0,0.0,"Upah sejalan dengan perusahaan sejenis (3% di atas median; sektor=Perdagangan & Ritel | wilayah=Sumatera Utara | skala=Menengah, n=34).",NORMAL,0.0,0.0,Setoran sesuai dengan yang seharusnya (selisih dalam toleransi 2% / Rp10.000).,0,-
EMP-0462,REMITTANCE_GAP,C,NORMAL,0.0,0.0,Pergerakan jumlah karyawan dalam batas wajar.,NORMAL,0.618,0.137,"Upah sejalan dengan perusahaan sejenis (3% di bawah median; sektor=Perdagangan & Ritel | wilayah=Sumatera Utara | skala=Menengah, n=34).",FLAGGED,0.2978,1.0,Setoran iuran rata-rata 30% di bawah yang seharusnya selama 8 bulan berturut-turut (2025-05 s/d 2025-12); total kekurangan Rp47.886.000.,1,C
EMP-0463,CLEAN,CLEAN,NORMAL,0.0,0.0,Pergerakan jumlah karyawan dalam batas wajar.,NORMAL,0.695,0.154,"Upah sejalan dengan perusahaan sejenis (3% di bawah median; sektor=Perdagangan & Ritel | wilayah=Sumatera Utara | skala=Menengah, n=34).",NORMAL,0.0,0.0,Setoran sesuai dengan yang seharusnya (selisih dalam toleransi 2% / Rp10.000).,0,-
EMP-0464,CLEAN,CLEAN,NORMAL,0.0,0.0,Pergerakan jumlah karyawan dalam batas wajar.,NORMAL,0.0,0.0,"Upah sejalan dengan perusahaan sejenis (1% di atas median; sektor=Perdagangan & Ritel | wilayah=Sumatera Utara | skala=Menengah, n=34).",ONE_OFF_GAP,0.0377,0.49,"Kurang setor pada 2025-10, tetapi tidak berulang berturut-turut — dianggap wajar.",0,-
EMP-0465,CLEAN,CLEAN,NORMAL,0.0,0.0,Pergerakan jumlah karyawan dalam batas wajar.,NORMAL,0.0,0.0,"Upah sejalan dengan perusahaan sejenis (1% di atas median; sektor=Perdagangan & Ritel | wilayah=Sumatera Utara | skala=Menengah, n=34).",NORMAL,0.0,0.0,Setoran sesuai dengan yang seharusnya (selisih dalam toleransi 2% / Rp10.000).,0,-
EMP-0466,CLEAN,CLEAN,NORMAL,0.0,0.0,Pergerakan jumlah karyawan dalam batas wajar.,NORMAL,0.0,0.0,"Upah sejalan dengan perusahaan sejenis (1% di atas median; sektor=Perdagangan & Ritel | wilayah=Sumatera Utara | skala=Menengah, n=34).",ONE_OFF_GAP,0.0201,0.49,"Kurang setor pada 2025-03, tetapi tidak berulang berturut-turut — dianggap wajar.",0,-
EMP-0467,CLEAN,CLEAN,NORMAL,0.0,0.0,Pergerakan jumlah karyawan dalam batas wajar.,NORMAL,0.0,0.0,"Upah sejalan dengan perusahaan sejenis (2% di atas median; sektor=Perdagangan & Ritel | wilayah=Sumatera Utara | skala=Menengah, n=34).",NORMAL,0.0,0.0,Setoran sesuai dengan yang seharusnya (selisih dalam toleransi 2% / Rp10.000).,0,-
EMP-0468,CLEAN,CLEAN,NORMAL,0.0,0.0,Pergerakan jumlah karyawan dalam batas wajar.,NORMAL,0.722,0.16,"Upah sejalan dengan perusahaan sejenis (4% di bawah median; sektor=Perdagangan & Ritel | wilayah=Sumatera Utara | skala=Menengah, n=34).",NORMAL,0.0,0.0,Setoran sesuai dengan yang seharusnya (selisih dalam toleransi 2% / Rp10.000).,0,-
EMP-0469,CLEAN,CLEAN,NORMAL,0.0,0.0,Pergerakan jumlah karyawan dalam batas wajar.,NORMAL,0.0,0.0,"Upah sejalan dengan perusahaan sejenis (2% di atas median; sektor=Perdagangan & Ritel | wilayah=Sumatera Utara | skala=Menengah, n=34).",ONE_OFF_GAP,0.0242,0.49,"Kurang setor pada 2025-07, tetapi tidak berulang berturut-turut — dianggap wajar.",0,-
EMP-0470,CLEAN,CLEAN,NORMAL,0.0,0.0,Pergerakan jumlah karyawan dalam batas wajar.,NORMAL,0.164,0.037,"Upah sejalan dengan perusahaan sejenis (1% di bawah median; sektor=Perdagangan & Ritel | wilayah=Sumatera Utara | skala=Menengah, n=34).",ONE_OFF_GAP,0.0241,0.49,"Kurang setor pada 2025-04, tetapi tidak berulang berturut-turut — dianggap wajar.",0,-
EMP-0471,CLEAN,CLEAN,NORMAL,0.0,0.0,Pergerakan jumlah karyawan dalam batas wajar.,NORMAL,0.382,0.085,"Upah sejalan dengan perusahaan sejenis (2% di bawah median; sektor=Perdagangan & Ritel | wilayah=Sumatera Utara | skala=Menengah, n=34).",NORMAL,0.0,0.0,Setoran sesuai dengan yang seharusnya (selisih dalam toleransi 2% / Rp10.000).,0,-
EMP-0472,CLEAN,CLEAN,NORMAL,0.0,0.0,Pergerakan jumlah karyawan dalam batas wajar.,NORMAL,0.491,0.109,"Upah sejalan dengan perusahaan sejenis (2% di bawah median; sektor=Perdagangan & Ritel | wilayah=Sumatera Utara | skala=Menengah, n=34).",NORMAL,0.0,0.0,Setoran sesuai dengan yang seharusnya (selisih dalam toleransi 2% / Rp10.000).,0,-
EMP-0473,UNDER_REPORTING_WAGE,B,NORMAL,0.0,0.0,Pergerakan jumlah karyawan dalam batas wajar.,FLAGGED,9.821,1.0,"Perlu dicek — indikasi lapor gaji lebih rendah dari aslinya: upah dilaporkan Rp2.108.100/orang, 39% di bawah median perusahaan sejenis (Rp3.443.543; sektor=Perdagangan & Ritel | wilayah=Sumatera Utara | skala=Menengah, n=34), 9.8 IQR di bawah median, konsisten di 12/12 bulan. Upah juga di bawah UMR, tetapi itu sendiri bukan dasar flag (urusan Disnaker).",ONE_OFF_GAP,0.0243,0.49,"Kurang setor pada 2025-02, tetapi tidak berulang berturut-turut — dianggap wajar.",1,B
EMP-0474,CLEAN,CLEAN,NORMAL,0.0,0.0,Pergerakan jumlah karyawan dalam batas wajar.,NORMAL,0.0,0.0,"Upah sejalan dengan perusahaan sejenis (1% di atas median; sektor=Perdagangan & Ritel | wilayah=Sumatera Utara | skala=Menengah, n=34).",ONE_OFF_GAP,0.0215,0.49,"Kurang setor pada 2025-07, tetapi tidak berulang berturut-turut — dianggap wajar.",0,-
EMP-0475,CLEAN,CLEAN,NORMAL,0.0,0.0,Pergerakan jumlah karyawan dalam batas wajar.,NORMAL,0.299,0.066,"Upah sejalan dengan perusahaan sejenis (1% di bawah median; sektor=Perdagangan & Ritel | wilayah=Sumatera Utara | skala=Menengah, n=34).",NORMAL,0.0,0.0,Setoran sesuai dengan yang seharusnya (selisih dalam toleransi 2% / Rp10.000).,0,-
EMP-0476,CLEAN,CLEAN,NORMAL,0.0,0.0,Pergerakan jumlah karyawan dalam batas wajar.,NORMAL,0.735,0.163,"Upah sejalan dengan perusahaan sejenis (4% di bawah median; sektor=Perdagangan & Ritel | wilayah=Sumatera Utara | skala=Menengah, n=34).",NORMAL,0.0,0.0,Setoran sesuai dengan yang seharusnya (selisih dalam toleransi 2% / Rp10.000).,0,-
EMP-0477,CLEAN,CLEAN,NORMAL,0.0,0.0,Pergerakan jumlah karyawan dalam batas wajar.,NORMAL,1.002,0.223,"Upah sejalan dengan perusahaan sejenis (5% di bawah median; sektor=Perdagangan & Ritel | wilayah=Sulawesi Selatan | skala=Besar, n=34).",NORMAL,0.0,0.0,Setoran sesuai dengan yang seharusnya (selisih dalam toleransi 2% / Rp10.000).,0,-
EMP-0478,PDUK,A,FLAGGED,23.695,1.0,"Perlu dicek — indikasi sembunyiin karyawan: jumlah karyawan turun 148 orang (47%) pada 2025-06 (316→168), jauh di luar pola biasanya (z=-23.7); hanya 1 orang tercatat resign.",NORMAL,0.0,0.0,"Upah sejalan dengan perusahaan sejenis (1% di atas median; sektor=Perdagangan & Ritel | wilayah=Sulawesi Selatan | skala=Besar, n=34).",NORMAL,0.0,0.0,Setoran sesuai dengan yang seharusnya (selisih dalam toleransi 2% / Rp10.000).,1,A
EMP-0479,CLEAN,CLEAN,NORMAL,0.0,0.0,Pergerakan jumlah karyawan dalam batas wajar.,NORMAL,0.0,0.0,"Upah sejalan dengan perusahaan sejenis (4% di atas median; sektor=Perdagangan & Ritel | wilayah=Sulawesi Selatan | skala=Besar, n=34).",FLAGGED,0.0219,0.504,Setoran iuran rata-rata 2% di bawah yang seharusnya selama 2 bulan berturut-turut (2025-02 s/d 2025-03); total kekurangan Rp5.009.000.,1,C
EMP-0480,CLEAN,CLEAN,NORMAL,0.0,0.0,Pergerakan jumlah karyawan dalam batas wajar.,NORMAL,0.0,0.0,"Upah sejalan dengan perusahaan sejenis (2% di atas median; sektor=Perdagangan & Ritel | wilayah=Sulawesi Selatan | skala=Besar, n=34).",NORMAL,0.0,0.0,Setoran sesuai dengan yang seharusnya (selisih dalam toleransi 2% / Rp10.000).,0,-
EMP-0481,CLEAN,CLEAN,NORMAL,0.0,0.0,Pergerakan jumlah karyawan dalam batas wajar.,NORMAL,0.286,0.063,"Upah sejalan dengan perusahaan sejenis (1% di bawah median; sektor=Perdagangan & Ritel | wilayah=Sulawesi Selatan | skala=Besar, n=34).",NORMAL,0.0,0.0,Setoran sesuai dengan yang seharusnya (selisih dalam toleransi 2% / Rp10.000).,0,-
EMP-0482,CLEAN,CLEAN,NORMAL,0.0,0.0,Pergerakan jumlah karyawan dalam batas wajar.,NORMAL,0.623,0.138,"Upah sejalan dengan perusahaan sejenis (3% di bawah median; sektor=Perdagangan & Ritel | wilayah=Sulawesi Selatan | skala=Besar, n=34).",NORMAL,0.0,0.0,Setoran sesuai dengan yang seharusnya (selisih dalam toleransi 2% / Rp10.000).,0,-
EMP-0483,CLEAN,CLEAN,NORMAL,0.0,0.0,Pergerakan jumlah karyawan dalam batas wajar.,NORMAL,0.0,0.0,"Upah sejalan dengan perusahaan sejenis (2% di atas median; sektor=Perdagangan & Ritel | wilayah=Sulawesi Selatan | skala=Besar, n=34).",NORMAL,0.0,0.0,Setoran sesuai dengan yang seharusnya (selisih dalam toleransi 2% / Rp10.000).,0,-
EMP-0484,CLEAN,CLEAN,NORMAL,0.0,0.0,Pergerakan jumlah karyawan dalam batas wajar.,NORMAL,0.354,0.079,"Upah sejalan dengan perusahaan sejenis (2% di bawah median; sektor=Perdagangan & Ritel | wilayah=Sulawesi Selatan | skala=Besar, n=34).",NORMAL,0.0,0.0,Setoran sesuai dengan yang seharusnya (selisih dalam toleransi 2% / Rp10.000).,0,-
EMP-0485,CLEAN,CLEAN,NORMAL,0.0,0.0,Pergerakan jumlah karyawan dalam batas wajar.,NORMAL,0.0,0.0,"Upah sejalan dengan perusahaan sejenis (4% di atas median; sektor=Perdagangan & Ritel | wilayah=Sulawesi Selatan | skala=Besar, n=34).",ONE_OFF_GAP,0.0209,0.49,"Kurang setor pada 2025-01, tetapi tidak berulang berturut-turut — dianggap wajar.",0,-
EMP-0486,CLEAN,CLEAN,NORMAL,0.0,0.0,Pergerakan jumlah karyawan dalam batas wajar.,NORMAL,0.605,0.134,"Upah sejalan dengan perusahaan sejenis (3% di bawah median; sektor=Perdagangan & Ritel | wilayah=Sulawesi Selatan | skala=Besar, n=34).",NORMAL,0.0,0.0,Setoran sesuai dengan yang seharusnya (selisih dalam toleransi 2% / Rp10.000).,0,-
EMP-0487,CLEAN,CLEAN,NORMAL,0.0,0.0,Pergerakan jumlah karyawan dalam batas wajar.,NORMAL,0.0,0.0,"Upah sejalan dengan perusahaan sejenis (1% di atas median; sektor=Perdagangan & Ritel | wilayah=Sulawesi Selatan | skala=Besar, n=34).",NORMAL,0.0,0.0,Setoran sesuai dengan yang seharusnya (selisih dalam toleransi 2% / Rp10.000).,0,-
EMP-0488,CLEAN,CLEAN,NORMAL,0.0,0.0,Pergerakan jumlah karyawan dalam batas wajar.,NORMAL,0.602,0.134,"Upah sejalan dengan perusahaan sejenis (3% di bawah median; sektor=Perdagangan & Ritel | wilayah=Sulawesi Selatan | skala=Besar, n=34).",NORMAL,0.0,0.0,Setoran sesuai dengan yang seharusnya (selisih dalam toleransi 2% / Rp10.000).,0,-
EMP-0489,CLEAN,CLEAN,NORMAL,0.0,0.0,Pergerakan jumlah karyawan dalam batas wajar.,NORMAL,0.002,0.0,"Upah sejalan dengan perusahaan sejenis (0% di bawah median; sektor=Perdagangan & Ritel | wilayah=Sulawesi Selatan | skala=Besar, n=34).",NORMAL,0.0,0.0,Setoran sesuai dengan yang seharusnya (selisih dalam toleransi 2% / Rp10.000).,0,-
EMP-0490,CLEAN,CLEAN,NORMAL,0.0,0.0,Pergerakan jumlah karyawan dalam batas wajar.,NORMAL,0.761,0.169,"Upah sejalan dengan perusahaan sejenis (4% di bawah median; sektor=Perdagangan & Ritel | wilayah=Sulawesi Selatan | skala=Besar, n=34).",NORMAL,0.0,0.0,Setoran sesuai dengan yang seharusnya (selisih dalam toleransi 2% / Rp10.000).,0,-
EMP-0491,CLEAN,CLEAN,NORMAL,0.0,0.0,Pergerakan jumlah karyawan dalam batas wajar.,NORMAL,0.0,0.0,"Upah sejalan dengan perusahaan sejenis (0% di atas median; sektor=Perdagangan & Ritel | wilayah=Sulawesi Selatan | skala=Besar, n=34).",NORMAL,0.0,0.0,Setoran sesuai dengan yang seharusnya (selisih dalam toleransi 2% / Rp10.000).,0,-
EMP-0492,PDUK,A,FLAGGED,24.111,1.0,"Perlu dicek — indikasi sembunyiin karyawan: jumlah karyawan turun 245 orang (48%) pada 2025-06 (506→261), jauh di luar pola biasanya (z=-24.1); hanya 1 orang tercatat resign.",NORMAL,0.757,0.168,"Upah sejalan dengan perusahaan sejenis (4% di bawah median; sektor=Perdagangan & Ritel | wilayah=Sulawesi Selatan | skala=Besar, n=34).",ONE_OFF_GAP,0.025,0.49,"Kurang setor pada 2025-08, tetapi tidak berulang berturut-turut — dianggap wajar.",1,A
EMP-0493,CLEAN,CLEAN,NORMAL,0.0,0.0,Pergerakan jumlah karyawan dalam batas wajar.,NORMAL,0.0,0.0,"Upah sejalan dengan perusahaan sejenis (4% di atas median; sektor=Perdagangan & Ritel | wilayah=Sulawesi Selatan | skala=Besar, n=34).",NORMAL,0.0,0.0,Setoran sesuai dengan yang seharusnya (selisih dalam toleransi 2% / Rp10.000).,0,-
EMP-0494,CLEAN,CLEAN,NORMAL,0.0,0.0,Pergerakan jumlah karyawan dalam batas wajar.,NORMAL,1.232,0.274,"Upah sejalan dengan perusahaan sejenis (6% di bawah median; sektor=Perdagangan & Ritel | wilayah=Sulawesi Selatan | skala=Besar, n=34).",NORMAL,0.0,0.0,Setoran sesuai dengan yang seharusnya (selisih dalam toleransi 2% / Rp10.000).,0,-
EMP-0495,CLEAN,CLEAN,NORMAL,0.0,0.0,Pergerakan jumlah karyawan dalam batas wajar.,NORMAL,0.13,0.029,"Upah sejalan dengan perusahaan sejenis (1% di bawah median; sektor=Perdagangan & Ritel | wilayah=Sulawesi Selatan | skala=Besar, n=34).",NORMAL,0.0,0.0,Setoran sesuai dengan yang seharusnya (selisih dalam toleransi 2% / Rp10.000).,0,-
EMP-0496,CLEAN,CLEAN,NORMAL,0.0,0.0,Pergerakan jumlah karyawan dalam batas wajar.,NORMAL,0.0,0.0,"Upah sejalan dengan perusahaan sejenis (1% di atas median; sektor=Perdagangan & Ritel | wilayah=Sulawesi Selatan | skala=Besar, n=34).",NORMAL,0.0,0.0,Setoran sesuai dengan yang seharusnya (selisih dalam toleransi 2% / Rp10.000).,0,-
EMP-0497,CLEAN,CLEAN,NORMAL,0.0,0.0,Pergerakan jumlah karyawan dalam batas wajar.,NORMAL,0.534,0.119,"Upah sejalan dengan perusahaan sejenis (3% di bawah median; sektor=Perdagangan & Ritel | wilayah=Sulawesi Selatan | skala=Besar, n=34).",NORMAL,0.0,0.0,Setoran sesuai dengan yang seharusnya (selisih dalam toleransi 2% / Rp10.000).,0,-
EMP-0498,CLEAN,CLEAN,NORMAL,0.0,0.0,Pergerakan jumlah karyawan dalam batas wajar.,NORMAL,0.0,0.0,"Upah sejalan dengan perusahaan sejenis (4% di atas median; sektor=Perdagangan & Ritel | wilayah=Sulawesi Selatan | skala=Besar, n=34).",NORMAL,0.0,0.0,Setoran sesuai dengan yang seharusnya (selisih dalam toleransi 2% / Rp10.000).,0,-
EMP-0499,CLEAN,CLEAN,NORMAL,0.0,0.0,Pergerakan jumlah karyawan dalam batas wajar.,NORMAL,0.0,0.0,"Upah sejalan dengan perusahaan sejenis (1% di atas median; sektor=Perdagangan & Ritel | wilayah=Sulawesi Selatan | skala=Besar, n=34).",NORMAL,0.0,0.0,Setoran sesuai dengan yang seharusnya (selisih dalam toleransi 2% / Rp10.000).,0,-
EMP-0500,PDUK,A,FLAGGED,25.709,1.0,"Perlu dicek — indikasi sembunyiin karyawan: jumlah karyawan turun 399 orang (51%) pada 2025-09 (776→377), jauh di luar pola biasanya (z=-25.7); hanya 1 orang tercatat resign.",NORMAL,0.0,0.0,"Upah sejalan dengan perusahaan sejenis (3% di atas median; sektor=Perdagangan & Ritel | wilayah=Sulawesi Selatan | skala=Besar, n=34).",ONE_OFF_GAP,0.0207,0.49,"Kurang setor pada 2025-12, tetapi tidak berulang berturut-turut — dianggap wajar.",1,A
EMP-0501,CLEAN,CLEAN,NORMAL,0.0,0.0,Pergerakan jumlah karyawan dalam batas wajar.,NORMAL,0.333,0.074,"Upah sejalan dengan perusahaan sejenis (2% di bawah median; sektor=Perdagangan & Ritel | wilayah=Sulawesi Selatan | skala=Besar, n=34).",NORMAL,0.0,0.0,Setoran sesuai dengan yang seharusnya (selisih dalam toleransi 2% / Rp10.000).,0,-
EMP-0502,CLEAN,CLEAN,NORMAL,0.0,0.0,Pergerakan jumlah karyawan dalam batas wajar.,NORMAL,0.0,0.0,"Upah sejalan dengan perusahaan sejenis (1% di atas median; sektor=Perdagangan & Ritel | wilayah=Sulawesi Selatan | skala=Besar, n=34).",NORMAL,0.0,0.0,Setoran sesuai dengan yang seharusnya (selisih dalam toleransi 2% / Rp10.000).,0,-
EMP-0503,CLEAN,CLEAN,NORMAL,0.0,0.0,Pergerakan jumlah karyawan dalam batas wajar.,NORMAL,0.0,0.0,"Upah sejalan dengan perusahaan sejenis (1% di atas median; sektor=Perdagangan & Ritel | wilayah=Sulawesi Selatan | skala=Besar, n=34).",NORMAL,0.0,0.0,Setoran sesuai dengan yang seharusnya (selisih dalam toleransi 2% / Rp10.000).,0,-
EMP-0504,CLEAN,CLEAN,NORMAL,0.0,0.0,Pergerakan jumlah karyawan dalam batas wajar.,NORMAL,0.0,0.0,"Upah sejalan dengan perusahaan sejenis (1% di atas median; sektor=Perdagangan & Ritel | wilayah=Sulawesi Selatan | skala=Besar, n=34).",ONE_OFF_GAP,0.025,0.49,"Kurang setor pada 2025-09, tetapi tidak berulang berturut-turut — dianggap wajar.",0,-
EMP-0505,CLEAN,CLEAN,NORMAL,0.0,0.0,Pergerakan jumlah karyawan dalam batas wajar.,NORMAL,0.5,0.111,"Upah sejalan dengan perusahaan sejenis (2% di bawah median; sektor=Perdagangan & Ritel | wilayah=Sulawesi Selatan | skala=Besar, n=34).",NORMAL,0.0,0.0,Setoran sesuai dengan yang seharusnya (selisih dalam toleransi 2% / Rp10.000).,0,-
EMP-0506,CLEAN,CLEAN,NORMAL,0.0,0.0,Pergerakan jumlah karyawan dalam batas wajar.,NORMAL,0.307,0.068,"Upah sejalan dengan perusahaan sejenis (2% di bawah median; sektor=Perdagangan & Ritel | wilayah=Sulawesi Selatan | skala=Besar, n=34).",NORMAL,0.0,0.0,Setoran sesuai dengan yang seharusnya (selisih dalam toleransi 2% / Rp10.000).,0,-
EMP-0507,CLEAN,CLEAN,NORMAL,0.0,0.0,Pergerakan jumlah karyawan dalam batas wajar.,NORMAL,0.084,0.019,"Upah sejalan dengan perusahaan sejenis (0% di bawah median; sektor=Perdagangan & Ritel | wilayah=Sulawesi Selatan | skala=Besar, n=34).",NORMAL,0.0,0.0,Setoran sesuai dengan yang seharusnya (selisih dalam toleransi 2% / Rp10.000).,0,-
EMP-0508,CLEAN_MUTASI_SAH,(tidak dikenal),EXPLAINED_BY_RESIGN,0.0,0.0,"Ada penurunan 377 orang pada 2025-08, tetapi sesuai catatan resign/mutasi resmi (358 orang) — dianggap wajar.",NORMAL,0.0,0.0,"Upah sejalan dengan perusahaan sejenis (4% di atas median; sektor=Perdagangan & Ritel | wilayah=Sulawesi Selatan | skala=Besar, n=34).",NORMAL,0.0,0.0,Setoran sesuai dengan yang seharusnya (selisih dalam toleransi 2% / Rp10.000).,0,-
EMP-0509,CLEAN,CLEAN,NORMAL,0.0,0.0,Pergerakan jumlah karyawan dalam batas wajar.,NORMAL,0.201,0.045,"Upah sejalan dengan perusahaan sejenis (1% di bawah median; sektor=Perdagangan & Ritel | wilayah=Sulawesi Selatan | skala=Besar, n=34).",NORMAL,0.0,0.0,Setoran sesuai dengan yang seharusnya (selisih dalam toleransi 2% / Rp10.000).,0,-
EMP-0510,CLEAN,CLEAN,NORMAL,0.0,0.0,Pergerakan jumlah karyawan dalam batas wajar.,NORMAL,0.0,0.0,"Upah sejalan dengan perusahaan sejenis (0% di atas median; sektor=Perdagangan & Ritel | wilayah=Sulawesi Selatan | skala=Besar, n=34).",NORMAL,0.0,0.0,Setoran sesuai dengan yang seharusnya (selisih dalam toleransi 2% / Rp10.000).,0,-
EMP-0511,CLEAN,CLEAN,NORMAL,0.0,0.0,Pergerakan jumlah karyawan dalam batas wajar.,NORMAL,0.0,0.0,"Upah sejalan dengan perusahaan sejenis (4% di atas median; sektor=Jasa Keuangan | wilayah=DKI Jakarta | skala=Kecil, n=34).",NORMAL,0.0,0.0,Setoran sesuai dengan yang seharusnya (selisih dalam toleransi 2% / Rp10.000).,0,-
EMP-0512,CLEAN,CLEAN,NORMAL,0.0,0.0,Pergerakan jumlah karyawan dalam batas wajar.,NORMAL,0.0,0.0,"Upah sejalan dengan perusahaan sejenis (4% di atas median; sektor=Jasa Keuangan | wilayah=DKI Jakarta | skala=Kecil, n=34).",ONE_OFF_GAP,0.0219,0.49,"Kurang setor pada 2025-12, tetapi tidak berulang berturut-turut — dianggap wajar.",0,-
EMP-0513,CLEAN,CLEAN,NORMAL,0.0,0.0,Pergerakan jumlah karyawan dalam batas wajar.,NORMAL,0.0,0.0,"Upah sejalan dengan perusahaan sejenis (0% di atas median; sektor=Jasa Keuangan | wilayah=DKI Jakarta | skala=Kecil, n=34).",NORMAL,0.0,0.0,Setoran sesuai dengan yang seharusnya (selisih dalam toleransi 2% / Rp10.000).,0,-
EMP-0514,CLEAN,CLEAN,NORMAL,0.0,0.0,Pergerakan jumlah karyawan dalam batas wajar.,NORMAL,0.563,0.125,"Upah sejalan dengan perusahaan sejenis (3% di bawah median; sektor=Jasa Keuangan | wilayah=DKI Jakarta | skala=Kecil, n=34).",NORMAL,0.0,0.0,Setoran sesuai dengan yang seharusnya (selisih dalam toleransi 2% / Rp10.000).,0,-
EMP-0515,CLEAN,CLEAN,NORMAL,0.0,0.0,Pergerakan jumlah karyawan dalam batas wajar.,NOT_CANDIDATE,0.0,0.0,Upah rata-rata Rp8.162.400/orang di atas 1.5× UMR (Rp5.396.761); tidak masuk kandidat awal.,NORMAL,0.0,0.0,Setoran sesuai dengan yang seharusnya (selisih dalam toleransi 2% / Rp10.000).,0,-
EMP-0516,UNDER_REPORTING_WAGE,B,NORMAL,0.0,0.0,Pergerakan jumlah karyawan dalam batas wajar.,FLAGGED,8.975,1.0,"Perlu dicek — indikasi lapor gaji lebih rendah dari aslinya: upah dilaporkan Rp4.719.050/orang, 39% di bawah median perusahaan sejenis (Rp7.755.274; sektor=Jasa Keuangan | wilayah=DKI Jakarta | skala=Kecil, n=34), 9.0 IQR di bawah median, konsisten di 12/12 bulan. Upah juga di bawah UMR, tetapi itu sendiri bukan dasar flag (urusan Disnaker).",NORMAL,0.0,0.0,Setoran sesuai dengan yang seharusnya (selisih dalam toleransi 2% / Rp10.000).,1,B
EMP-0517,CLEAN,CLEAN,NORMAL,0.0,0.0,Pergerakan jumlah karyawan dalam batas wajar.,NORMAL,0.406,0.09,"Upah sejalan dengan perusahaan sejenis (2% di bawah median; sektor=Jasa Keuangan | wilayah=DKI Jakarta | skala=Kecil, n=34).",NORMAL,0.0,0.0,Setoran sesuai dengan yang seharusnya (selisih dalam toleransi 2% / Rp10.000).,0,-
EMP-0518,CLEAN,CLEAN,NORMAL,0.0,0.0,Pergerakan jumlah karyawan dalam batas wajar.,NORMAL,0.0,0.0,"Upah sejalan dengan perusahaan sejenis (3% di atas median; sektor=Jasa Keuangan | wilayah=DKI Jakarta | skala=Kecil, n=34).",NORMAL,0.0,0.0,Setoran sesuai dengan yang seharusnya (selisih dalam toleransi 2% / Rp10.000).,0,-
EMP-0519,CLEAN,CLEAN,NORMAL,0.0,0.0,Pergerakan jumlah karyawan dalam batas wajar.,NORMAL,0.315,0.07,"Upah sejalan dengan perusahaan sejenis (2% di bawah median; sektor=Jasa Keuangan | wilayah=DKI Jakarta | skala=Kecil, n=34).",NORMAL,0.0,0.0,Setoran sesuai dengan yang seharusnya (selisih dalam toleransi 2% / Rp10.000).,0,-
EMP-0520,CLEAN,CLEAN,NORMAL,0.0,0.0,Pergerakan jumlah karyawan dalam batas wajar.,NORMAL,0.389,0.087,"Upah sejalan dengan perusahaan sejenis (2% di bawah median; sektor=Jasa Keuangan | wilayah=DKI Jakarta | skala=Kecil, n=34).",NORMAL,0.0,0.0,Setoran sesuai dengan yang seharusnya (selisih dalam toleransi 2% / Rp10.000).,0,-
EMP-0521,CLEAN,CLEAN,NORMAL,0.0,0.0,Pergerakan jumlah karyawan dalam batas wajar.,NORMAL,0.754,0.167,"Upah sejalan dengan perusahaan sejenis (4% di bawah median; sektor=Jasa Keuangan | wilayah=DKI Jakarta | skala=Kecil, n=34).",NORMAL,0.0,0.0,Setoran sesuai dengan yang seharusnya (selisih dalam toleransi 2% / Rp10.000).,0,-
EMP-0522,CLEAN,CLEAN,NORMAL,0.0,0.0,Pergerakan jumlah karyawan dalam batas wajar.,NORMAL,0.189,0.042,"Upah sejalan dengan perusahaan sejenis (1% di bawah median; sektor=Jasa Keuangan | wilayah=DKI Jakarta | skala=Kecil, n=34).",NORMAL,0.0,0.0,Setoran sesuai dengan yang seharusnya (selisih dalam toleransi 2% / Rp10.000).,0,-
EMP-0523,CLEAN,CLEAN,NORMAL,0.0,0.0,Pergerakan jumlah karyawan dalam batas wajar.,NORMAL,0.0,0.0,"Upah sejalan dengan perusahaan sejenis (1% di atas median; sektor=Jasa Keuangan | wilayah=DKI Jakarta | skala=Kecil, n=34).",NORMAL,0.0,0.0,Setoran sesuai dengan yang seharusnya (selisih dalam toleransi 2% / Rp10.000).,0,-
EMP-0524,CLEAN,CLEAN,NORMAL,0.0,0.0,Pergerakan jumlah karyawan dalam batas wajar.,NORMAL,0.0,0.0,"Upah sejalan dengan perusahaan sejenis (3% di atas median; sektor=Jasa Keuangan | wilayah=DKI Jakarta | skala=Kecil, n=34).",NORMAL,0.0,0.0,Setoran sesuai dengan yang seharusnya (selisih dalam toleransi 2% / Rp10.000).,0,-
EMP-0525,CLEAN,CLEAN,NORMAL,0.0,0.0,Pergerakan jumlah karyawan dalam batas wajar.,NORMAL,0.204,0.045,"Upah sejalan dengan perusahaan sejenis (1% di bawah median; sektor=Jasa Keuangan | wilayah=DKI Jakarta | skala=Kecil, n=34).",NORMAL,0.0,0.0,Setoran sesuai dengan yang seharusnya (selisih dalam toleransi 2% / Rp10.000).,0,-
EMP-0526,CLEAN,CLEAN,NORMAL,0.0,0.0,Pergerakan jumlah karyawan dalam batas wajar.,NORMAL,0.0,0.0,"Upah sejalan dengan perusahaan sejenis (3% di atas median; sektor=Jasa Keuangan | wilayah=DKI Jakarta | skala=Kecil, n=34).",NORMAL,0.0,0.0,Setoran sesuai dengan yang seharusnya (selisih dalam toleransi 2% / Rp10.000).,0,-
EMP-0527,CLEAN,CLEAN,NORMAL,0.0,0.0,Pergerakan jumlah karyawan dalam batas wajar.,NORMAL,0.0,0.0,"Upah sejalan dengan perusahaan sejenis (4% di atas median; sektor=Jasa Keuangan | wilayah=DKI Jakarta | skala=Kecil, n=34).",NORMAL,0.0,0.0,Setoran sesuai dengan yang seharusnya (selisih dalam toleransi 2% / Rp10.000).,0,-
EMP-0528,UNDER_REPORTING_WAGE,B,NORMAL,0.0,0.0,Pergerakan jumlah karyawan dalam batas wajar.,FLAGGED,5.6,1.0,"Perlu dicek — indikasi lapor gaji lebih rendah dari aslinya: upah dilaporkan Rp5.609.650/orang, 27% di bawah median perusahaan sejenis (Rp7.755.274; sektor=Jasa Keuangan | wilayah=DKI Jakarta | skala=Kecil, n=34), 5.6 IQR di bawah median, konsisten di 12/12 bulan.",NORMAL,0.0,0.0,Setoran sesuai dengan yang seharusnya (selisih dalam toleransi 2% / Rp10.000).,1,B
EMP-0529,CLEAN,CLEAN,NORMAL,0.0,0.0,Pergerakan jumlah karyawan dalam batas wajar.,NORMAL,0.0,0.0,"Upah sejalan dengan perusahaan sejenis (4% di atas median; sektor=Jasa Keuangan | wilayah=DKI Jakarta | skala=Kecil, n=34).",NORMAL,0.0,0.0,Setoran sesuai dengan yang seharusnya (selisih dalam toleransi 2% / Rp10.000).,0,-
EMP-0530,CLEAN,CLEAN,NORMAL,0.0,0.0,Pergerakan jumlah karyawan dalam batas wajar.,NORMAL,0.512,0.114,"Upah sejalan dengan perusahaan sejenis (3% di bawah median; sektor=Jasa Keuangan | wilayah=DKI Jakarta | skala=Kecil, n=34).",NORMAL,0.0,0.0,Setoran sesuai dengan yang seharusnya (selisih dalam toleransi 2% / Rp10.000).,0,-
EMP-0531,CLEAN,CLEAN,NORMAL,0.0,0.0,Pergerakan jumlah karyawan dalam batas wajar.,NORMAL,0.0,0.0,"Upah sejalan dengan perusahaan sejenis (2% di atas median; sektor=Jasa Keuangan | wilayah=DKI Jakarta | skala=Kecil, n=34).",NORMAL,0.0,0.0,Setoran sesuai dengan yang seharusnya (selisih dalam toleransi 2% / Rp10.000).,0,-
EMP-0532,CLEAN,CLEAN,NORMAL,0.0,0.0,Pergerakan jumlah karyawan dalam batas wajar.,NORMAL,0.0,0.0,"Upah sejalan dengan perusahaan sejenis (2% di atas median; sektor=Jasa Keuangan | wilayah=DKI Jakarta | skala=Kecil, n=34).",NORMAL,0.0,0.0,Setoran sesuai dengan yang seharusnya (selisih dalam toleransi 2% / Rp10.000).,0,-
EMP-0533,CLEAN,CLEAN,NORMAL,0.0,0.0,Pergerakan jumlah karyawan dalam batas wajar.,NORMAL,0.191,0.043,"Upah sejalan dengan perusahaan sejenis (1% di bawah median; sektor=Jasa Keuangan | wilayah=DKI Jakarta | skala=Kecil, n=34).",NORMAL,0.0,0.0,Setoran sesuai dengan yang seharusnya (selisih dalam toleransi 2% / Rp10.000).,0,-
EMP-0534,CLEAN,CLEAN,NORMAL,0.0,0.0,Pergerakan jumlah karyawan dalam batas wajar.,NORMAL,0.0,0.0,"Upah sejalan dengan perusahaan sejenis (0% di atas median; sektor=Jasa Keuangan | wilayah=DKI Jakarta | skala=Kecil, n=34).",NORMAL,0.0,0.0,Setoran sesuai dengan yang seharusnya (selisih dalam toleransi 2% / Rp10.000).,0,-
EMP-0535,CLEAN,CLEAN,NORMAL,0.0,0.0,Pergerakan jumlah karyawan dalam batas wajar.,NOT_CANDIDATE,0.0,0.0,Upah rata-rata Rp8.147.400/orang di atas 1.5× UMR (Rp5.396.761); tidak masuk kandidat awal.,NORMAL,0.0,0.0,Setoran sesuai dengan yang seharusnya (selisih dalam toleransi 2% / Rp10.000).,0,-
EMP-0536,CLEAN,CLEAN,NORMAL,0.0,0.0,Pergerakan jumlah karyawan dalam batas wajar.,NORMAL,0.426,0.095,"Upah sejalan dengan perusahaan sejenis (3% di bawah median; sektor=Jasa Keuangan | wilayah=DKI Jakarta | skala=Kecil, n=34).",NORMAL,0.0,0.0,Setoran sesuai dengan yang seharusnya (selisih dalam toleransi 2% / Rp10.000).,0,-
EMP-0537,CLEAN,CLEAN,NORMAL,0.0,0.0,Pergerakan jumlah karyawan dalam batas wajar.,NORMAL,0.814,0.181,"Upah sejalan dengan perusahaan sejenis (5% di bawah median; sektor=Jasa Keuangan | wilayah=DKI Jakarta | skala=Kecil, n=34).",NORMAL,0.0,0.0,Setoran sesuai dengan yang seharusnya (selisih dalam toleransi 2% / Rp10.000).,0,-
EMP-0538,CLEAN,CLEAN,NORMAL,0.0,0.0,Pergerakan jumlah karyawan dalam batas wajar.,NORMAL,0.525,0.117,"Upah sejalan dengan perusahaan sejenis (3% di bawah median; sektor=Jasa Keuangan | wilayah=DKI Jakarta | skala=Kecil, n=34).",NORMAL,0.0,0.0,Setoran sesuai dengan yang seharusnya (selisih dalam toleransi 2% / Rp10.000).,0,-
EMP-0539,CLEAN,CLEAN,NORMAL,0.0,0.0,Pergerakan jumlah karyawan dalam batas wajar.,NORMAL,0.149,0.033,"Upah sejalan dengan perusahaan sejenis (1% di bawah median; sektor=Jasa Keuangan | wilayah=DKI Jakarta | skala=Kecil, n=34).",NORMAL,0.0,0.0,Setoran sesuai dengan yang seharusnya (selisih dalam toleransi 2% / Rp10.000).,0,-
EMP-0540,CLEAN,CLEAN,NORMAL,0.0,0.0,Pergerakan jumlah karyawan dalam batas wajar.,NORMAL,0.724,0.161,"Upah sejalan dengan perusahaan sejenis (4% di bawah median; sektor=Jasa Keuangan | wilayah=DKI Jakarta | skala=Kecil, n=34).",NORMAL,0.0,0.0,Setoran sesuai dengan yang seharusnya (selisih dalam toleransi 2% / Rp10.000).,0,-
EMP-0541,CLEAN,CLEAN,NORMAL,0.0,0.0,Pergerakan jumlah karyawan dalam batas wajar.,NOT_CANDIDATE,0.0,0.0,Upah rata-rata Rp8.118.850/orang di atas 1.5× UMR (Rp5.396.761); tidak masuk kandidat awal.,ONE_OFF_GAP,0.0223,0.49,"Kurang setor pada 2025-07, tetapi tidak berulang berturut-turut — dianggap wajar.",0,-
EMP-0542,CLEAN,CLEAN,NORMAL,0.0,0.0,Pergerakan jumlah karyawan dalam batas wajar.,NORMAL,0.0,0.0,"Upah sejalan dengan perusahaan sejenis (2% di atas median; sektor=Jasa Keuangan | wilayah=DKI Jakarta | skala=Kecil, n=34).",ONE_OFF_GAP,0.0202,0.49,"Kurang setor pada 2025-04, tetapi tidak berulang berturut-turut — dianggap wajar.",0,-
EMP-0543,CLEAN,CLEAN,NORMAL,0.0,0.0,Pergerakan jumlah karyawan dalam batas wajar.,NORMAL,0.661,0.147,"Upah sejalan dengan perusahaan sejenis (4% di bawah median; sektor=Jasa Keuangan | wilayah=DKI Jakarta | skala=Kecil, n=34).",NORMAL,0.0,0.0,Setoran sesuai dengan yang seharusnya (selisih dalam toleransi 2% / Rp10.000).,0,-
EMP-0544,CLEAN,CLEAN,NORMAL,0.0,0.0,Pergerakan jumlah karyawan dalam batas wajar.,NORMAL,0.0,0.0,"Upah sejalan dengan perusahaan sejenis (2% di atas median; sektor=Jasa Keuangan | wilayah=DKI Jakarta | skala=Kecil, n=34).",NORMAL,0.0,0.0,Setoran sesuai dengan yang seharusnya (selisih dalam toleransi 2% / Rp10.000).,0,-
EMP-0545,CLEAN,CLEAN,NORMAL,0.0,0.0,Pergerakan jumlah karyawan dalam batas wajar.,NOT_CANDIDATE,0.0,0.0,Upah rata-rata Rp7.240.600/orang di atas 1.5× UMR (Rp2.191.238); tidak masuk kandidat awal.,NORMAL,0.0,0.0,Setoran sesuai dengan yang seharusnya (selisih dalam toleransi 2% / Rp10.000).,0,-
EMP-0546,CLEAN,CLEAN,NORMAL,0.0,0.0,Pergerakan jumlah karyawan dalam batas wajar.,NOT_CANDIDATE,0.0,0.0,Upah rata-rata Rp7.419.450/orang di atas 1.5× UMR (Rp2.191.238); tidak masuk kandidat awal.,NORMAL,0.0,0.0,Setoran sesuai dengan yang seharusnya (selisih dalam toleransi 2% / Rp10.000).,0,-
EMP-0547,CLEAN,CLEAN,NORMAL,0.0,0.0,Pergerakan jumlah karyawan dalam batas wajar.,NOT_CANDIDATE,0.0,0.0,Upah rata-rata Rp7.835.300/orang di atas 1.5× UMR (Rp2.191.238); tidak masuk kandidat awal.,NORMAL,0.0,0.0,Setoran sesuai dengan yang seharusnya (selisih dalam toleransi 2% / Rp10.000).,0,-
EMP-0548,CLEAN,CLEAN,NORMAL,0.0,0.0,Pergerakan jumlah karyawan dalam batas wajar.,NOT_CANDIDATE,0.0,0.0,Upah rata-rata Rp7.230.400/orang di atas 1.5× UMR (Rp2.191.238); tidak masuk kandidat awal.,ONE_OFF_GAP,0.0305,0.49,"Kurang setor pada 2025-08, tetapi tidak berulang berturut-turut — dianggap wajar.",0,-
EMP-0549,CLEAN,CLEAN,NORMAL,0.0,0.0,Pergerakan jumlah karyawan dalam batas wajar.,NOT_CANDIDATE,0.0,0.0,Upah rata-rata Rp7.199.500/orang di atas 1.5× UMR (Rp2.191.238); tidak masuk kandidat awal.,NORMAL,0.0,0.0,Setoran sesuai dengan yang seharusnya (selisih dalam toleransi 2% / Rp10.000).,0,-
EMP-0550,CLEAN,CLEAN,NORMAL,0.0,0.0,Pergerakan jumlah karyawan dalam batas wajar.,NOT_CANDIDATE,0.0,0.0,Upah rata-rata Rp7.506.700/orang di atas 1.5× UMR (Rp2.191.238); tidak masuk kandidat awal.,NORMAL,0.0,0.0,Setoran sesuai dengan yang seharusnya (selisih dalam toleransi 2% / Rp10.000).,0,-
EMP-0551,CLEAN,CLEAN,NORMAL,0.0,0.0,Pergerakan jumlah karyawan dalam batas wajar.,NOT_CANDIDATE,0.0,0.0,Upah rata-rata Rp7.379.600/orang di atas 1.5× UMR (Rp2.191.238); tidak masuk kandidat awal.,NORMAL,0.0,0.0,Setoran sesuai dengan yang seharusnya (selisih dalam toleransi 2% / Rp10.000).,0,-
EMP-0552,CLEAN,CLEAN,NORMAL,0.0,0.0,Pergerakan jumlah karyawan dalam batas wajar.,NOT_CANDIDATE,0.0,0.0,Upah rata-rata Rp7.703.700/orang di atas 1.5× UMR (Rp2.191.238); tidak masuk kandidat awal.,ONE_OFF_GAP,0.0217,0.49,"Kurang setor pada 2025-08, tetapi tidak berulang berturut-turut — dianggap wajar.",0,-
EMP-0553,CLEAN,CLEAN,NORMAL,0.0,0.0,Pergerakan jumlah karyawan dalam batas wajar.,NOT_CANDIDATE,0.0,0.0,Upah rata-rata Rp7.792.350/orang di atas 1.5× UMR (Rp2.191.238); tidak masuk kandidat awal.,NORMAL,0.0,0.0,Setoran sesuai dengan yang seharusnya (selisih dalam toleransi 2% / Rp10.000).,0,-
EMP-0554,CLEAN,CLEAN,NORMAL,0.0,0.0,Pergerakan jumlah karyawan dalam batas wajar.,NOT_CANDIDATE,0.0,0.0,Upah rata-rata Rp7.155.650/orang di atas 1.5× UMR (Rp2.191.238); tidak masuk kandidat awal.,NORMAL,0.0,0.0,Setoran sesuai dengan yang seharusnya (selisih dalam toleransi 2% / Rp10.000).,0,-
EMP-0555,CLEAN,CLEAN,NORMAL,0.0,0.0,Pergerakan jumlah karyawan dalam batas wajar.,NOT_CANDIDATE,0.0,0.0,Upah rata-rata Rp7.744.600/orang di atas 1.5× UMR (Rp2.191.238); tidak masuk kandidat awal.,ONE_OFF_GAP,0.0229,0.49,"Kurang setor pada 2025-03, tetapi tidak berulang berturut-turut — dianggap wajar.",0,-
EMP-0556,CLEAN,CLEAN,NORMAL,0.0,0.0,Pergerakan jumlah karyawan dalam batas wajar.,NOT_CANDIDATE,0.0,0.0,Upah rata-rata Rp7.228.000/orang di atas 1.5× UMR (Rp2.191.238); tidak masuk kandidat awal.,ONE_OFF_GAP,0.0219,0.49,"Kurang setor pada 2025-08, tetapi tidak berulang berturut-turut — dianggap wajar.",0,-
EMP-0557,CLEAN,CLEAN,NORMAL,0.0,0.0,Pergerakan jumlah karyawan dalam batas wajar.,NOT_CANDIDATE,0.0,0.0,Upah rata-rata Rp7.191.400/orang di atas 1.5× UMR (Rp2.191.238); tidak masuk kandidat awal.,ONE_OFF_GAP,0.0227,0.49,"Kurang setor pada 2025-10, tetapi tidak berulang berturut-turut — dianggap wajar.",0,-
EMP-0558,UNDER_REPORTING_WAGE,B,NORMAL,0.0,0.0,Pergerakan jumlah karyawan dalam batas wajar.,NOT_CANDIDATE,0.0,0.0,Upah rata-rata Rp5.291.650/orang di atas 1.5× UMR (Rp2.191.238); tidak masuk kandidat awal.,NORMAL,0.0,0.0,Setoran sesuai dengan yang seharusnya (selisih dalam toleransi 2% / Rp10.000).,0,-
EMP-0559,CLEAN,CLEAN,NORMAL,0.0,0.0,Pergerakan jumlah karyawan dalam batas wajar.,NOT_CANDIDATE,0.0,0.0,Upah rata-rata Rp7.630.850/orang di atas 1.5× UMR (Rp2.191.238); tidak masuk kandidat awal.,ONE_OFF_GAP,0.0218,0.49,"Kurang setor pada 2025-09, tetapi tidak berulang berturut-turut — dianggap wajar.",0,-
EMP-0560,UNDER_REPORTING_WAGE,B,NORMAL,0.0,0.0,Pergerakan jumlah karyawan dalam batas wajar.,NOT_CANDIDATE,0.0,0.0,Upah rata-rata Rp4.548.600/orang di atas 1.5× UMR (Rp2.191.238); tidak masuk kandidat awal.,NORMAL,0.0,0.0,Setoran sesuai dengan yang seharusnya (selisih dalam toleransi 2% / Rp10.000).,0,-
EMP-0561,REMITTANCE_GAP,C,NORMAL,0.0,0.0,Pergerakan jumlah karyawan dalam batas wajar.,NOT_CANDIDATE,0.0,0.0,Upah rata-rata Rp7.636.550/orang di atas 1.5× UMR (Rp2.191.238); tidak masuk kandidat awal.,FLAGGED,0.1729,0.832,Setoran iuran rata-rata 17% di bawah yang seharusnya selama 4 bulan berturut-turut (2025-09 s/d 2025-12); total kekurangan Rp25.497.000.,1,C
EMP-0562,CLEAN,CLEAN,NORMAL,0.0,0.0,Pergerakan jumlah karyawan dalam batas wajar.,NOT_CANDIDATE,0.0,0.0,Upah rata-rata Rp7.090.650/orang di atas 1.5× UMR (Rp2.191.238); tidak masuk kandidat awal.,NORMAL,0.0,0.0,Setoran sesuai dengan yang seharusnya (selisih dalam toleransi 2% / Rp10.000).,0,-
EMP-0563,CLEAN,CLEAN,NORMAL,0.0,0.0,Pergerakan jumlah karyawan dalam batas wajar.,NOT_CANDIDATE,0.0,0.0,Upah rata-rata Rp7.556.150/orang di atas 1.5× UMR (Rp2.191.238); tidak masuk kandidat awal.,NORMAL,0.0,0.0,Setoran sesuai dengan yang seharusnya (selisih dalam toleransi 2% / Rp10.000).,0,-
EMP-0564,CLEAN,CLEAN,NORMAL,0.0,0.0,Pergerakan jumlah karyawan dalam batas wajar.,NOT_CANDIDATE,0.0,0.0,Upah rata-rata Rp7.241.600/orang di atas 1.5× UMR (Rp2.191.238); tidak masuk kandidat awal.,NORMAL,0.0,0.0,Setoran sesuai dengan yang seharusnya (selisih dalam toleransi 2% / Rp10.000).,0,-
EMP-0565,CLEAN,CLEAN,NORMAL,0.0,0.0,Pergerakan jumlah karyawan dalam batas wajar.,NOT_CANDIDATE,0.0,0.0,Upah rata-rata Rp7.442.100/orang di atas 1.5× UMR (Rp2.191.238); tidak masuk kandidat awal.,NORMAL,0.0,0.0,Setoran sesuai dengan yang seharusnya (selisih dalam toleransi 2% / Rp10.000).,0,-
EMP-0566,CLEAN,CLEAN,NORMAL,0.0,0.0,Pergerakan jumlah karyawan dalam batas wajar.,NOT_CANDIDATE,0.0,0.0,Upah rata-rata Rp7.550.500/orang di atas 1.5× UMR (Rp2.191.238); tidak masuk kandidat awal.,NORMAL,0.0,0.0,Setoran sesuai dengan yang seharusnya (selisih dalam toleransi 2% / Rp10.000).,0,-
EMP-0567,CLEAN,CLEAN,NORMAL,0.0,0.0,Pergerakan jumlah karyawan dalam batas wajar.,NOT_CANDIDATE,0.0,0.0,Upah rata-rata Rp7.673.750/orang di atas 1.5× UMR (Rp2.191.238); tidak masuk kandidat awal.,NORMAL,0.0,0.0,Setoran sesuai dengan yang seharusnya (selisih dalam toleransi 2% / Rp10.000).,0,-
EMP-0568,CLEAN,CLEAN,NORMAL,0.0,0.0,Pergerakan jumlah karyawan dalam batas wajar.,NOT_CANDIDATE,0.0,0.0,Upah rata-rata Rp7.182.050/orang di atas 1.5× UMR (Rp2.191.238); tidak masuk kandidat awal.,FLAGGED,0.0259,0.513,Setoran iuran rata-rata 3% di bawah yang seharusnya selama 2 bulan berturut-turut (2025-01 s/d 2025-02); total kekurangan Rp3.104.000.,1,C
EMP-0569,CLEAN,CLEAN,NORMAL,0.0,0.0,Pergerakan jumlah karyawan dalam batas wajar.,NOT_CANDIDATE,0.0,0.0,Upah rata-rata Rp7.345.450/orang di atas 1.5× UMR (Rp2.191.238); tidak masuk kandidat awal.,ONE_OFF_GAP,0.0253,0.49,"Kurang setor pada 2025-03, tetapi tidak berulang berturut-turut — dianggap wajar.",0,-
EMP-0570,CLEAN,CLEAN,NORMAL,0.0,0.0,Pergerakan jumlah karyawan dalam batas wajar.,NOT_CANDIDATE,0.0,0.0,Upah rata-rata Rp7.609.900/orang di atas 1.5× UMR (Rp2.191.238); tidak masuk kandidat awal.,NORMAL,0.0,0.0,Setoran sesuai dengan yang seharusnya (selisih dalam toleransi 2% / Rp10.000).,0,-
EMP-0571,CLEAN,CLEAN,NORMAL,0.0,0.0,Pergerakan jumlah karyawan dalam batas wajar.,NOT_CANDIDATE,0.0,0.0,Upah rata-rata Rp7.889.500/orang di atas 1.5× UMR (Rp2.191.238); tidak masuk kandidat awal.,ONE_OFF_GAP,0.029,0.49,"Kurang setor pada 2025-09, tetapi tidak berulang berturut-turut — dianggap wajar.",0,-
EMP-0572,CLEAN,CLEAN,NORMAL,0.0,0.0,Pergerakan jumlah karyawan dalam batas wajar.,NOT_CANDIDATE,0.0,0.0,Upah rata-rata Rp7.257.200/orang di atas 1.5× UMR (Rp2.191.238); tidak masuk kandidat awal.,ONE_OFF_GAP,0.028,0.49,"Kurang setor pada 2025-08, tetapi tidak berulang berturut-turut — dianggap wajar.",0,-
EMP-0573,CLEAN,CLEAN,NORMAL,0.0,0.0,Pergerakan jumlah karyawan dalam batas wajar.,NOT_CANDIDATE,0.0,0.0,Upah rata-rata Rp7.323.250/orang di atas 1.5× UMR (Rp2.191.238); tidak masuk kandidat awal.,ONE_OFF_GAP,0.02,0.49,"Kurang setor pada 2025-09, tetapi tidak berulang berturut-turut — dianggap wajar.",0,-
EMP-0574,CLEAN,CLEAN,NORMAL,0.0,0.0,Pergerakan jumlah karyawan dalam batas wajar.,NOT_CANDIDATE,0.0,0.0,Upah rata-rata Rp7.688.950/orang di atas 1.5× UMR (Rp2.191.238); tidak masuk kandidat awal.,NORMAL,0.0,0.0,Setoran sesuai dengan yang seharusnya (selisih dalam toleransi 2% / Rp10.000).,0,-
EMP-0575,CLEAN,CLEAN,NORMAL,0.0,0.0,Pergerakan jumlah karyawan dalam batas wajar.,NOT_CANDIDATE,0.0,0.0,Upah rata-rata Rp7.601.450/orang di atas 1.5× UMR (Rp2.191.238); tidak masuk kandidat awal.,NORMAL,0.0,0.0,Setoran sesuai dengan yang seharusnya (selisih dalam toleransi 2% / Rp10.000).,0,-
EMP-0576,CLEAN,CLEAN,NORMAL,0.0,0.0,Pergerakan jumlah karyawan dalam batas wajar.,NOT_CANDIDATE,0.0,0.0,Upah rata-rata Rp7.788.400/orang di atas 1.5× UMR (Rp2.191.238); tidak masuk kandidat awal.,NORMAL,0.0,0.0,Setoran sesuai dengan yang seharusnya (selisih dalam toleransi 2% / Rp10.000).,0,-
EMP-0577,CLEAN,CLEAN,NORMAL,0.0,0.0,Pergerakan jumlah karyawan dalam batas wajar.,NOT_CANDIDATE,0.0,0.0,Upah rata-rata Rp7.368.800/orang di atas 1.5× UMR (Rp2.191.238); tidak masuk kandidat awal.,NORMAL,0.0,0.0,Setoran sesuai dengan yang seharusnya (selisih dalam toleransi 2% / Rp10.000).,0,-
EMP-0578,CLEAN,CLEAN,NORMAL,0.0,0.0,Pergerakan jumlah karyawan dalam batas wajar.,NOT_CANDIDATE,0.0,0.0,Upah rata-rata Rp7.218.500/orang di atas 1.5× UMR (Rp2.191.238); tidak masuk kandidat awal.,NORMAL,0.0,0.0,Setoran sesuai dengan yang seharusnya (selisih dalam toleransi 2% / Rp10.000).,0,-
EMP-0579,CLEAN,CLEAN,NORMAL,0.0,0.0,Pergerakan jumlah karyawan dalam batas wajar.,NOT_CANDIDATE,0.0,0.0,Upah rata-rata Rp7.916.900/orang di atas 1.5× UMR (Rp2.305.985); tidak masuk kandidat awal.,NORMAL,0.0,0.0,Setoran sesuai dengan yang seharusnya (selisih dalam toleransi 2% / Rp10.000).,0,-
EMP-0580,REMITTANCE_GAP,C,NORMAL,0.0,0.0,Pergerakan jumlah karyawan dalam batas wajar.,NOT_CANDIDATE,0.0,0.0,Upah rata-rata Rp8.303.500/orang di atas 1.5× UMR (Rp2.305.985); tidak masuk kandidat awal.,FLAGGED,0.2999,1.0,Setoran iuran rata-rata 30% di bawah yang seharusnya selama 5 bulan berturut-turut (2025-08 s/d 2025-12); total kekurangan Rp129.254.000.,1,C
EMP-0581,CLEAN,CLEAN,NORMAL,0.0,0.0,Pergerakan jumlah karyawan dalam batas wajar.,NOT_CANDIDATE,0.0,0.0,Upah rata-rata Rp8.263.700/orang di atas 1.5× UMR (Rp2.305.985); tidak masuk kandidat awal.,NORMAL,0.0,0.0,Setoran sesuai dengan yang seharusnya (selisih dalam toleransi 2% / Rp10.000).,0,-
EMP-0582,CLEAN,CLEAN,NORMAL,0.0,0.0,Pergerakan jumlah karyawan dalam batas wajar.,NOT_CANDIDATE,0.0,0.0,Upah rata-rata Rp7.565.400/orang di atas 1.5× UMR (Rp2.305.985); tidak masuk kandidat awal.,NORMAL,0.0,0.0,Setoran sesuai dengan yang seharusnya (selisih dalam toleransi 2% / Rp10.000).,0,-
EMP-0583,CLEAN,CLEAN,NORMAL,0.0,0.0,Pergerakan jumlah karyawan dalam batas wajar.,NOT_CANDIDATE,0.0,0.0,Upah rata-rata Rp7.982.700/orang di atas 1.5× UMR (Rp2.305.985); tidak masuk kandidat awal.,NORMAL,0.0,0.0,Setoran sesuai dengan yang seharusnya (selisih dalam toleransi 2% / Rp10.000).,0,-
EMP-0584,CLEAN,CLEAN,NORMAL,0.0,0.0,Pergerakan jumlah karyawan dalam batas wajar.,NOT_CANDIDATE,0.0,0.0,Upah rata-rata Rp8.138.950/orang di atas 1.5× UMR (Rp2.305.985); tidak masuk kandidat awal.,NORMAL,0.0,0.0,Setoran sesuai dengan yang seharusnya (selisih dalam toleransi 2% / Rp10.000).,0,-
EMP-0585,CLEAN,CLEAN,NORMAL,0.0,0.0,Pergerakan jumlah karyawan dalam batas wajar.,NOT_CANDIDATE,0.0,0.0,Upah rata-rata Rp7.819.150/orang di atas 1.5× UMR (Rp2.305.985); tidak masuk kandidat awal.,NORMAL,0.0,0.0,Setoran sesuai dengan yang seharusnya (selisih dalam toleransi 2% / Rp10.000).,0,-
EMP-0586,CLEAN,CLEAN,NORMAL,0.0,0.0,Pergerakan jumlah karyawan dalam batas wajar.,NOT_CANDIDATE,0.0,0.0,Upah rata-rata Rp7.959.650/orang di atas 1.5× UMR (Rp2.305.985); tidak masuk kandidat awal.,ONE_OFF_GAP,0.0201,0.49,"Kurang setor pada 2025-02, tetapi tidak berulang berturut-turut — dianggap wajar.",0,-
EMP-0587,CLEAN,CLEAN,NORMAL,0.0,0.0,Pergerakan jumlah karyawan dalam batas wajar.,NOT_CANDIDATE,0.0,0.0,Upah rata-rata Rp8.180.450/orang di atas 1.5× UMR (Rp2.305.985); tidak masuk kandidat awal.,NORMAL,0.0,0.0,Setoran sesuai dengan yang seharusnya (selisih dalam toleransi 2% / Rp10.000).,0,-
EMP-0588,CLEAN,CLEAN,NORMAL,0.0,0.0,Pergerakan jumlah karyawan dalam batas wajar.,NOT_CANDIDATE,0.0,0.0,Upah rata-rata Rp7.813.350/orang di atas 1.5× UMR (Rp2.305.985); tidak masuk kandidat awal.,ONE_OFF_GAP,0.0361,0.49,"Kurang setor pada 2025-05, tetapi tidak berulang berturut-turut — dianggap wajar.",0,-
EMP-0589,UNDER_REPORTING_WAGE,B,NORMAL,0.0,0.0,Pergerakan jumlah karyawan dalam batas wajar.,NOT_CANDIDATE,0.0,0.0,Upah rata-rata Rp5.401.800/orang di atas 1.5× UMR (Rp2.305.985); tidak masuk kandidat awal.,ONE_OFF_GAP,0.0281,0.49,"Kurang setor pada 2025-10, tetapi tidak berulang berturut-turut — dianggap wajar.",0,-
EMP-0590,CLEAN,CLEAN,NORMAL,0.0,0.0,Pergerakan jumlah karyawan dalam batas wajar.,NOT_CANDIDATE,0.0,0.0,Upah rata-rata Rp7.822.050/orang di atas 1.5× UMR (Rp2.305.985); tidak masuk kandidat awal.,NORMAL,0.0,0.0,Setoran sesuai dengan yang seharusnya (selisih dalam toleransi 2% / Rp10.000).,0,-
EMP-0591,CLEAN,CLEAN,NORMAL,0.0,0.0,Pergerakan jumlah karyawan dalam batas wajar.,NOT_CANDIDATE,0.0,0.0,Upah rata-rata Rp7.744.600/orang di atas 1.5× UMR (Rp2.305.985); tidak masuk kandidat awal.,NORMAL,0.0,0.0,Setoran sesuai dengan yang seharusnya (selisih dalam toleransi 2% / Rp10.000).,0,-
EMP-0592,CLEAN,CLEAN,NORMAL,0.0,0.0,Pergerakan jumlah karyawan dalam batas wajar.,NOT_CANDIDATE,0.0,0.0,Upah rata-rata Rp7.727.750/orang di atas 1.5× UMR (Rp2.305.985); tidak masuk kandidat awal.,NORMAL,0.0,0.0,Setoran sesuai dengan yang seharusnya (selisih dalam toleransi 2% / Rp10.000).,0,-
EMP-0593,CLEAN,CLEAN,NORMAL,0.0,0.0,Pergerakan jumlah karyawan dalam batas wajar.,NOT_CANDIDATE,0.0,0.0,Upah rata-rata Rp7.656.550/orang di atas 1.5× UMR (Rp2.305.985); tidak masuk kandidat awal.,ONE_OFF_GAP,0.0251,0.49,"Kurang setor pada 2025-02, tetapi tidak berulang berturut-turut — dianggap wajar.",0,-
EMP-0594,CLEAN,CLEAN,NORMAL,0.0,0.0,Pergerakan jumlah karyawan dalam batas wajar.,NOT_CANDIDATE,0.0,0.0,Upah rata-rata Rp7.923.150/orang di atas 1.5× UMR (Rp2.305.985); tidak masuk kandidat awal.,NORMAL,0.0,0.0,Setoran sesuai dengan yang seharusnya (selisih dalam toleransi 2% / Rp10.000).,0,-
EMP-0595,REMITTANCE_GAP,C,NORMAL,0.0,0.0,Pergerakan jumlah karyawan dalam batas wajar.,NOT_CANDIDATE,0.0,0.0,Upah rata-rata Rp8.159.500/orang di atas 1.5× UMR (Rp2.305.985); tidak masuk kandidat awal.,FLAGGED,0.2149,0.924,Setoran iuran rata-rata 21% di bawah yang seharusnya selama 7 bulan berturut-turut (2025-06 s/d 2025-12); total kekurangan Rp180.170.000.,1,C
EMP-0596,UNDER_REPORTING_WAGE,B,NORMAL,0.0,0.0,Pergerakan jumlah karyawan dalam batas wajar.,NOT_CANDIDATE,0.0,0.0,Upah rata-rata Rp5.772.800/orang di atas 1.5× UMR (Rp2.305.985); tidak masuk kandidat awal.,ONE_OFF_GAP,0.021,0.49,"Kurang setor pada 2025-04, tetapi tidak berulang berturut-turut — dianggap wajar.",0,-
EMP-0597,CLEAN,CLEAN,NORMAL,0.0,0.0,Pergerakan jumlah karyawan dalam batas wajar.,NOT_CANDIDATE,0.0,0.0,Upah rata-rata Rp8.019.000/orang di atas 1.5× UMR (Rp2.305.985); tidak masuk kandidat awal.,ONE_OFF_GAP,0.0202,0.49,"Kurang setor pada 2025-04, tetapi tidak berulang berturut-turut — dianggap wajar.",0,-
EMP-0598,CLEAN,CLEAN,NORMAL,0.0,0.0,Pergerakan jumlah karyawan dalam batas wajar.,NOT_CANDIDATE,0.0,0.0,Upah rata-rata Rp7.758.200/orang di atas 1.5× UMR (Rp2.305.985); tidak masuk kandidat awal.,NORMAL,0.0,0.0,Setoran sesuai dengan yang seharusnya (selisih dalam toleransi 2% / Rp10.000).,0,-
EMP-0599,CLEAN,CLEAN,NORMAL,0.0,0.0,Pergerakan jumlah karyawan dalam batas wajar.,NOT_CANDIDATE,0.0,0.0,Upah rata-rata Rp7.866.300/orang di atas 1.5× UMR (Rp2.305.985); tidak masuk kandidat awal.,NORMAL,0.0,0.0,Setoran sesuai dengan yang seharusnya (selisih dalam toleransi 2% / Rp10.000).,0,-
EMP-0600,PDUK,A,FLAGGED,19.76,1.0,"Perlu dicek — indikasi sembunyiin karyawan: jumlah karyawan turun 272 orang (40%) pada 2025-06 (687→415), jauh di luar pola biasanya (z=-19.8); tidak ada catatan resign.",NOT_CANDIDATE,0.0,0.0,Upah rata-rata Rp8.346.550/orang di atas 1.5× UMR (Rp2.305.985); tidak masuk kandidat awal.,NORMAL,0.0,0.0,Setoran sesuai dengan yang seharusnya (selisih dalam toleransi 2% / Rp10.000).,1,A
EMP-0601,CLEAN,CLEAN,NORMAL,0.0,0.0,Pergerakan jumlah karyawan dalam batas wajar.,NOT_CANDIDATE,0.0,0.0,Upah rata-rata Rp8.390.450/orang di atas 1.5× UMR (Rp2.305.985); tidak masuk kandidat awal.,NORMAL,0.0,0.0,Setoran sesuai dengan yang seharusnya (selisih dalam toleransi 2% / Rp10.000).,0,-
EMP-0602,UNDER_REPORTING_WAGE,B,NORMAL,0.0,0.0,Pergerakan jumlah karyawan dalam batas wajar.,NOT_CANDIDATE,0.0,0.0,Upah rata-rata Rp5.509.450/orang di atas 1.5× UMR (Rp2.305.985); tidak masuk kandidat awal.,NORMAL,0.0,0.0,Setoran sesuai dengan yang seharusnya (selisih dalam toleransi 2% / Rp10.000).,0,-
EMP-0603,CLEAN,CLEAN,NORMAL,0.0,0.0,Pergerakan jumlah karyawan dalam batas wajar.,NOT_CANDIDATE,0.0,0.0,Upah rata-rata Rp8.409.900/orang di atas 1.5× UMR (Rp2.305.985); tidak masuk kandidat awal.,NORMAL,0.0,0.0,Setoran sesuai dengan yang seharusnya (selisih dalam toleransi 2% / Rp10.000).,0,-
EMP-0604,CLEAN,CLEAN,NORMAL,0.0,0.0,Pergerakan jumlah karyawan dalam batas wajar.,NOT_CANDIDATE,0.0,0.0,Upah rata-rata Rp7.763.900/orang di atas 1.5× UMR (Rp2.305.985); tidak masuk kandidat awal.,NORMAL,0.0,0.0,Setoran sesuai dengan yang seharusnya (selisih dalam toleransi 2% / Rp10.000).,0,-
EMP-0605,CLEAN,CLEAN,NORMAL,0.0,0.0,Pergerakan jumlah karyawan dalam batas wajar.,NOT_CANDIDATE,0.0,0.0,Upah rata-rata Rp7.787.800/orang di atas 1.5× UMR (Rp2.305.985); tidak masuk kandidat awal.,NORMAL,0.0,0.0,Setoran sesuai dengan yang seharusnya (selisih dalam toleransi 2% / Rp10.000).,0,-
EMP-0606,CLEAN,CLEAN,NORMAL,0.0,0.0,Pergerakan jumlah karyawan dalam batas wajar.,NOT_CANDIDATE,0.0,0.0,Upah rata-rata Rp8.418.850/orang di atas 1.5× UMR (Rp2.305.985); tidak masuk kandidat awal.,FLAGGED,0.0233,0.507,Setoran iuran rata-rata 2% di bawah yang seharusnya selama 2 bulan berturut-turut (2025-03 s/d 2025-04); total kekurangan Rp13.171.000.,1,C
EMP-0607,CLEAN,CLEAN,NORMAL,0.0,0.0,Pergerakan jumlah karyawan dalam batas wajar.,NOT_CANDIDATE,0.0,0.0,Upah rata-rata Rp8.280.700/orang di atas 1.5× UMR (Rp2.305.985); tidak masuk kandidat awal.,NORMAL,0.0,0.0,Setoran sesuai dengan yang seharusnya (selisih dalam toleransi 2% / Rp10.000).,0,-
EMP-0608,CLEAN,CLEAN,NORMAL,0.0,0.0,Pergerakan jumlah karyawan dalam batas wajar.,NOT_CANDIDATE,0.0,0.0,Upah rata-rata Rp8.223.950/orang di atas 1.5× UMR (Rp2.305.985); tidak masuk kandidat awal.,NORMAL,0.0,0.0,Setoran sesuai dengan yang seharusnya (selisih dalam toleransi 2% / Rp10.000).,0,-
EMP-0609,CLEAN,CLEAN,NORMAL,0.0,0.0,Pergerakan jumlah karyawan dalam batas wajar.,NOT_CANDIDATE,0.0,0.0,Upah rata-rata Rp8.212.550/orang di atas 1.5× UMR (Rp2.305.985); tidak masuk kandidat awal.,NORMAL,0.0,0.0,Setoran sesuai dengan yang seharusnya (selisih dalam toleransi 2% / Rp10.000).,0,-
EMP-0610,CLEAN,CLEAN,NORMAL,0.0,0.0,Pergerakan jumlah karyawan dalam batas wajar.,NOT_CANDIDATE,0.0,0.0,Upah rata-rata Rp7.841.650/orang di atas 1.5× UMR (Rp2.305.985); tidak masuk kandidat awal.,NORMAL,0.0,0.0,Setoran sesuai dengan yang seharusnya (selisih dalam toleransi 2% / Rp10.000).,0,-
EMP-0611,CLEAN,CLEAN,NORMAL,0.0,0.0,Pergerakan jumlah karyawan dalam batas wajar.,NOT_CANDIDATE,0.0,0.0,Upah rata-rata Rp7.914.050/orang di atas 1.5× UMR (Rp2.305.985); tidak masuk kandidat awal.,NORMAL,0.0,0.0,Setoran sesuai dengan yang seharusnya (selisih dalam toleransi 2% / Rp10.000).,0,-
EMP-0612,CLEAN,CLEAN,NORMAL,0.0,0.0,Pergerakan jumlah karyawan dalam batas wajar.,NOT_CANDIDATE,0.0,0.0,Upah rata-rata Rp8.402.900/orang di atas 1.5× UMR (Rp2.305.985); tidak masuk kandidat awal.,NORMAL,0.0,0.0,Setoran sesuai dengan yang seharusnya (selisih dalam toleransi 2% / Rp10.000).,0,-
EMP-0613,CLEAN,CLEAN,NORMAL,0.0,0.0,Pergerakan jumlah karyawan dalam batas wajar.,NOT_CANDIDATE,0.0,0.0,Upah rata-rata Rp5.815.250/orang di atas 1.5× UMR (Rp2.992.559); tidak masuk kandidat awal.,NORMAL,0.0,0.0,Setoran sesuai dengan yang seharusnya (selisih dalam toleransi 2% / Rp10.000).,0,-
EMP-0614,CLEAN,CLEAN,NORMAL,0.0,0.0,Pergerakan jumlah karyawan dalam batas wajar.,NOT_CANDIDATE,0.0,0.0,Upah rata-rata Rp6.205.350/orang di atas 1.5× UMR (Rp2.992.559); tidak masuk kandidat awal.,FLAGGED,0.0241,0.509,Setoran iuran rata-rata 2% di bawah yang seharusnya selama 2 bulan berturut-turut (2025-03 s/d 2025-04); total kekurangan Rp737.000.,1,C
EMP-0615,CLEAN,CLEAN,NORMAL,0.0,0.0,Pergerakan jumlah karyawan dalam batas wajar.,NOT_CANDIDATE,0.0,0.0,Upah rata-rata Rp5.866.000/orang di atas 1.5× UMR (Rp2.992.559); tidak masuk kandidat awal.,ONE_OFF_GAP,0.0385,0.49,"Kurang setor pada 2025-08, tetapi tidak berulang berturut-turut — dianggap wajar.",0,-
EMP-0616,CLEAN,CLEAN,NORMAL,0.0,0.0,Pergerakan jumlah karyawan dalam batas wajar.,NOT_CANDIDATE,0.0,0.0,Upah rata-rata Rp5.937.450/orang di atas 1.5× UMR (Rp2.992.559); tidak masuk kandidat awal.,ONE_OFF_GAP,0.027,0.49,"Kurang setor pada 2025-02, tetapi tidak berulang berturut-turut — dianggap wajar.",0,-
EMP-0617,CLEAN,CLEAN,NORMAL,0.0,0.0,Pergerakan jumlah karyawan dalam batas wajar.,NOT_CANDIDATE,0.0,0.0,Upah rata-rata Rp6.031.700/orang di atas 1.5× UMR (Rp2.992.559); tidak masuk kandidat awal.,NORMAL,0.0,0.0,Setoran sesuai dengan yang seharusnya (selisih dalam toleransi 2% / Rp10.000).,0,-
EMP-0618,CLEAN,CLEAN,NORMAL,0.0,0.0,Pergerakan jumlah karyawan dalam batas wajar.,NOT_CANDIDATE,0.0,0.0,Upah rata-rata Rp5.838.850/orang di atas 1.5× UMR (Rp2.992.559); tidak masuk kandidat awal.,NORMAL,0.0,0.0,Setoran sesuai dengan yang seharusnya (selisih dalam toleransi 2% / Rp10.000).,0,-
EMP-0619,CLEAN,CLEAN,NORMAL,0.0,0.0,Pergerakan jumlah karyawan dalam batas wajar.,NOT_CANDIDATE,0.0,0.0,Upah rata-rata Rp5.829.050/orang di atas 1.5× UMR (Rp2.992.559); tidak masuk kandidat awal.,ONE_OFF_GAP,0.0248,0.49,"Kurang setor pada 2025-05, tetapi tidak berulang berturut-turut — dianggap wajar.",0,-
EMP-0620,CLEAN,CLEAN,NORMAL,0.0,0.0,Pergerakan jumlah karyawan dalam batas wajar.,NOT_CANDIDATE,0.0,0.0,Upah rata-rata Rp6.259.750/orang di atas 1.5× UMR (Rp2.992.559); tidak masuk kandidat awal.,NORMAL,0.0,0.0,Setoran sesuai dengan yang seharusnya (selisih dalam toleransi 2% / Rp10.000).,0,-
EMP-0621,CLEAN,CLEAN,NORMAL,0.0,0.0,Pergerakan jumlah karyawan dalam batas wajar.,NOT_CANDIDATE,0.0,0.0,Upah rata-rata Rp6.140.550/orang di atas 1.5× UMR (Rp2.992.559); tidak masuk kandidat awal.,NORMAL,0.0,0.0,Setoran sesuai dengan yang seharusnya (selisih dalam toleransi 2% / Rp10.000).,0,-
EMP-0622,CLEAN,CLEAN,NORMAL,0.0,0.0,Pergerakan jumlah karyawan dalam batas wajar.,NOT_CANDIDATE,0.0,0.0,Upah rata-rata Rp6.253.300/orang di atas 1.5× UMR (Rp2.992.559); tidak masuk kandidat awal.,ONE_OFF_GAP,0.0305,0.49,"Kurang setor pada 2025-04, tetapi tidak berulang berturut-turut — dianggap wajar.",0,-
EMP-0623,UNDER_REPORTING_WAGE,B,NORMAL,0.0,0.0,Pergerakan jumlah karyawan dalam batas wajar.,FLAGGED,8.998,1.0,"Perlu dicek — indikasi lapor gaji lebih rendah dari aslinya: upah dilaporkan Rp3.805.400/orang, 36% di bawah median perusahaan sejenis (Rp5.996.074; sektor=Jasa Keuangan | wilayah=Sumatera Utara | skala=Kecil, n=34), 9.0 IQR di bawah median, konsisten di 12/12 bulan.",NORMAL,0.0,0.0,Setoran sesuai dengan yang seharusnya (selisih dalam toleransi 2% / Rp10.000).,1,B
EMP-0624,CLEAN,CLEAN,NORMAL,0.0,0.0,Pergerakan jumlah karyawan dalam batas wajar.,NOT_CANDIDATE,0.0,0.0,Upah rata-rata Rp6.143.600/orang di atas 1.5× UMR (Rp2.992.559); tidak masuk kandidat awal.,NORMAL,0.0,0.0,Setoran sesuai dengan yang seharusnya (selisih dalam toleransi 2% / Rp10.000).,0,-
EMP-0625,CLEAN,CLEAN,NORMAL,0.0,0.0,Pergerakan jumlah karyawan dalam batas wajar.,NOT_CANDIDATE,0.0,0.0,Upah rata-rata Rp6.001.100/orang di atas 1.5× UMR (Rp2.992.559); tidak masuk kandidat awal.,NORMAL,0.0,0.0,Setoran sesuai dengan yang seharusnya (selisih dalam toleransi 2% / Rp10.000).,0,-
EMP-0626,CLEAN,CLEAN,NORMAL,0.0,0.0,Pergerakan jumlah karyawan dalam batas wajar.,NOT_CANDIDATE,0.0,0.0,Upah rata-rata Rp5.936.150/orang di atas 1.5× UMR (Rp2.992.559); tidak masuk kandidat awal.,NORMAL,0.0,0.0,Setoran sesuai dengan yang seharusnya (selisih dalam toleransi 2% / Rp10.000).,0,-
EMP-0627,CLEAN,CLEAN,NORMAL,0.0,0.0,Pergerakan jumlah karyawan dalam batas wajar.,NOT_CANDIDATE,0.0,0.0,Upah rata-rata Rp5.958.950/orang di atas 1.5× UMR (Rp2.992.559); tidak masuk kandidat awal.,NORMAL,0.0,0.0,Setoran sesuai dengan yang seharusnya (selisih dalam toleransi 2% / Rp10.000).,0,-
EMP-0628,CLEAN,CLEAN,NORMAL,0.0,0.0,Pergerakan jumlah karyawan dalam batas wajar.,NOT_CANDIDATE,0.0,0.0,Upah rata-rata Rp5.946.350/orang di atas 1.5× UMR (Rp2.992.559); tidak masuk kandidat awal.,ONE_OFF_GAP,0.0275,0.49,"Kurang setor pada 2025-10, tetapi tidak berulang berturut-turut — dianggap wajar.",0,-
EMP-0629,CLEAN,CLEAN,NORMAL,0.0,0.0,Pergerakan jumlah karyawan dalam batas wajar.,NOT_CANDIDATE,0.0,0.0,Upah rata-rata Rp6.349.950/orang di atas 1.5× UMR (Rp2.992.559); tidak masuk kandidat awal.,ONE_OFF_GAP,0.0215,0.49,"Kurang setor pada 2025-10, tetapi tidak berulang berturut-turut — dianggap wajar.",0,-
EMP-0630,CLEAN,CLEAN,NORMAL,0.0,0.0,Pergerakan jumlah karyawan dalam batas wajar.,NOT_CANDIDATE,0.0,0.0,Upah rata-rata Rp5.943.100/orang di atas 1.5× UMR (Rp2.992.559); tidak masuk kandidat awal.,NORMAL,0.0,0.0,Setoran sesuai dengan yang seharusnya (selisih dalam toleransi 2% / Rp10.000).,0,-
EMP-0631,CLEAN,CLEAN,NORMAL,0.0,0.0,Pergerakan jumlah karyawan dalam batas wajar.,NOT_CANDIDATE,0.0,0.0,Upah rata-rata Rp5.929.800/orang di atas 1.5× UMR (Rp2.992.559); tidak masuk kandidat awal.,NORMAL,0.0,0.0,Setoran sesuai dengan yang seharusnya (selisih dalam toleransi 2% / Rp10.000).,0,-
EMP-0632,PDUK,A,FLAGGED,15.54,1.0,"Perlu dicek — indikasi sembunyiin karyawan: jumlah karyawan turun 19 orang (37%) pada 2025-09 (52→33), jauh di luar pola biasanya (z=-15.5); tidak ada catatan resign.",NOT_CANDIDATE,0.0,0.0,Upah rata-rata Rp6.115.950/orang di atas 1.5× UMR (Rp2.992.559); tidak masuk kandidat awal.,ONE_OFF_GAP,0.0268,0.49,"Kurang setor pada 2025-05, tetapi tidak berulang berturut-turut — dianggap wajar.",1,A
EMP-0633,UNDER_REPORTING_WAGE,B,NORMAL,0.0,0.0,Pergerakan jumlah karyawan dalam batas wajar.,FLAGGED,6.288,1.0,"Perlu dicek — indikasi lapor gaji lebih rendah dari aslinya: upah dilaporkan Rp4.358.700/orang, 27% di bawah median perusahaan sejenis (Rp5.996.074; sektor=Jasa Keuangan | wilayah=Sumatera Utara | skala=Kecil, n=34), 6.3 IQR di bawah median, konsisten di 12/12 bulan.",NORMAL,0.0,0.0,Setoran sesuai dengan yang seharusnya (selisih dalam toleransi 2% / Rp10.000).,1,B
EMP-0634,CLEAN,CLEAN,NORMAL,0.0,0.0,Pergerakan jumlah karyawan dalam batas wajar.,NOT_CANDIDATE,0.0,0.0,Upah rata-rata Rp6.048.500/orang di atas 1.5× UMR (Rp2.992.559); tidak masuk kandidat awal.,NORMAL,0.0,0.0,Setoran sesuai dengan yang seharusnya (selisih dalam toleransi 2% / Rp10.000).,0,-
EMP-0635,CLEAN,CLEAN,NORMAL,0.0,0.0,Pergerakan jumlah karyawan dalam batas wajar.,NOT_CANDIDATE,0.0,0.0,Upah rata-rata Rp5.837.000/orang di atas 1.5× UMR (Rp2.992.559); tidak masuk kandidat awal.,ONE_OFF_GAP,0.0206,0.49,"Kurang setor pada 2025-09, tetapi tidak berulang berturut-turut — dianggap wajar.",0,-
EMP-0636,CLEAN,CLEAN,NORMAL,0.0,0.0,Pergerakan jumlah karyawan dalam batas wajar.,NOT_CANDIDATE,0.0,0.0,Upah rata-rata Rp5.844.500/orang di atas 1.5× UMR (Rp2.992.559); tidak masuk kandidat awal.,NORMAL,0.0,0.0,Setoran sesuai dengan yang seharusnya (selisih dalam toleransi 2% / Rp10.000).,0,-
EMP-0637,CLEAN,CLEAN,NORMAL,0.0,0.0,Pergerakan jumlah karyawan dalam batas wajar.,NOT_CANDIDATE,0.0,0.0,Upah rata-rata Rp6.036.500/orang di atas 1.5× UMR (Rp2.992.559); tidak masuk kandidat awal.,NORMAL,0.0,0.0,Setoran sesuai dengan yang seharusnya (selisih dalam toleransi 2% / Rp10.000).,0,-
EMP-0638,CLEAN,CLEAN,NORMAL,0.0,0.0,Pergerakan jumlah karyawan dalam batas wajar.,NOT_CANDIDATE,0.0,0.0,Upah rata-rata Rp6.045.650/orang di atas 1.5× UMR (Rp2.992.559); tidak masuk kandidat awal.,NORMAL,0.0,0.0,Setoran sesuai dengan yang seharusnya (selisih dalam toleransi 2% / Rp10.000).,0,-
EMP-0639,CLEAN,CLEAN,NORMAL,0.0,0.0,Pergerakan jumlah karyawan dalam batas wajar.,NOT_CANDIDATE,0.0,0.0,Upah rata-rata Rp6.059.500/orang di atas 1.5× UMR (Rp2.992.559); tidak masuk kandidat awal.,NORMAL,0.0,0.0,Setoran sesuai dengan yang seharusnya (selisih dalam toleransi 2% / Rp10.000).,0,-
EMP-0640,CLEAN,CLEAN,NORMAL,0.0,0.0,Pergerakan jumlah karyawan dalam batas wajar.,NOT_CANDIDATE,0.0,0.0,Upah rata-rata Rp5.824.000/orang di atas 1.5× UMR (Rp2.992.559); tidak masuk kandidat awal.,NORMAL,0.0,0.0,Setoran sesuai dengan yang seharusnya (selisih dalam toleransi 2% / Rp10.000).,0,-
EMP-0641,CLEAN,CLEAN,NORMAL,0.0,0.0,Pergerakan jumlah karyawan dalam batas wajar.,NOT_CANDIDATE,0.0,0.0,Upah rata-rata Rp5.887.550/orang di atas 1.5× UMR (Rp2.992.559); tidak masuk kandidat awal.,NORMAL,0.0,0.0,Setoran sesuai dengan yang seharusnya (selisih dalam toleransi 2% / Rp10.000).,0,-
EMP-0642,CLEAN,CLEAN,NORMAL,0.0,0.0,Pergerakan jumlah karyawan dalam batas wajar.,NOT_CANDIDATE,0.0,0.0,Upah rata-rata Rp6.114.700/orang di atas 1.5× UMR (Rp2.992.559); tidak masuk kandidat awal.,NORMAL,0.0,0.0,Setoran sesuai dengan yang seharusnya (selisih dalam toleransi 2% / Rp10.000).,0,-
EMP-0643,CLEAN,CLEAN,NORMAL,0.0,0.0,Pergerakan jumlah karyawan dalam batas wajar.,NOT_CANDIDATE,0.0,0.0,Upah rata-rata Rp6.080.100/orang di atas 1.5× UMR (Rp2.992.559); tidak masuk kandidat awal.,NORMAL,0.0,0.0,Setoran sesuai dengan yang seharusnya (selisih dalam toleransi 2% / Rp10.000).,0,-
EMP-0644,CLEAN,CLEAN,NORMAL,0.0,0.0,Pergerakan jumlah karyawan dalam batas wajar.,NOT_CANDIDATE,0.0,0.0,Upah rata-rata Rp6.333.750/orang di atas 1.5× UMR (Rp2.992.559); tidak masuk kandidat awal.,NORMAL,0.0,0.0,Setoran sesuai dengan yang seharusnya (selisih dalam toleransi 2% / Rp10.000).,0,-
EMP-0645,CLEAN,CLEAN,NORMAL,0.0,0.0,Pergerakan jumlah karyawan dalam batas wajar.,NOT_CANDIDATE,0.0,0.0,Upah rata-rata Rp6.177.850/orang di atas 1.5× UMR (Rp2.992.559); tidak masuk kandidat awal.,NORMAL,0.0,0.0,Setoran sesuai dengan yang seharusnya (selisih dalam toleransi 2% / Rp10.000).,0,-
EMP-0646,CLEAN,CLEAN,NORMAL,0.0,0.0,Pergerakan jumlah karyawan dalam batas wajar.,NOT_CANDIDATE,0.0,0.0,Upah rata-rata Rp5.859.850/orang di atas 1.5× UMR (Rp2.992.559); tidak masuk kandidat awal.,NORMAL,0.0,0.0,Setoran sesuai dengan yang seharusnya (selisih dalam toleransi 2% / Rp10.000).,0,-
EMP-0647,CLEAN,CLEAN,NORMAL,0.0,0.0,Pergerakan jumlah karyawan dalam batas wajar.,NOT_CANDIDATE,0.0,0.0,Upah rata-rata Rp6.833.150/orang di atas 1.5× UMR (Rp3.657.527); tidak masuk kandidat awal.,NORMAL,0.0,0.0,Setoran sesuai dengan yang seharusnya (selisih dalam toleransi 2% / Rp10.000).,0,-
EMP-0648,REMITTANCE_GAP,C,NORMAL,0.0,0.0,Pergerakan jumlah karyawan dalam batas wajar.,NOT_CANDIDATE,0.0,0.0,Upah rata-rata Rp6.719.700/orang di atas 1.5× UMR (Rp3.657.527); tidak masuk kandidat awal.,FLAGGED,0.2654,1.0,Setoran iuran rata-rata 27% di bawah yang seharusnya selama 5 bulan berturut-turut (2025-08 s/d 2025-12); total kekurangan Rp35.872.000.,1,C
EMP-0649,CLEAN,CLEAN,NORMAL,0.0,0.0,Pergerakan jumlah karyawan dalam batas wajar.,NOT_CANDIDATE,0.0,0.0,Upah rata-rata Rp6.959.300/orang di atas 1.5× UMR (Rp3.657.527); tidak masuk kandidat awal.,NORMAL,0.0,0.0,Setoran sesuai dengan yang seharusnya (selisih dalam toleransi 2% / Rp10.000).,0,-
EMP-0650,PDUK,A,FLAGGED,17.495,1.0,"Perlu dicek — indikasi sembunyiin karyawan: jumlah karyawan turun 50 orang (37%) pada 2025-06 (134→84), jauh di luar pola biasanya (z=-17.5); tidak ada catatan resign.",NOT_CANDIDATE,0.0,0.0,Upah rata-rata Rp6.608.200/orang di atas 1.5× UMR (Rp3.657.527); tidak masuk kandidat awal.,NORMAL,0.0,0.0,Setoran sesuai dengan yang seharusnya (selisih dalam toleransi 2% / Rp10.000).,1,A
EMP-0651,CLEAN,CLEAN,NORMAL,0.0,0.0,Pergerakan jumlah karyawan dalam batas wajar.,NOT_CANDIDATE,0.0,0.0,Upah rata-rata Rp6.774.800/orang di atas 1.5× UMR (Rp3.657.527); tidak masuk kandidat awal.,NORMAL,0.0,0.0,Setoran sesuai dengan yang seharusnya (selisih dalam toleransi 2% / Rp10.000).,0,-
EMP-0652,CLEAN,CLEAN,NORMAL,0.0,0.0,Pergerakan jumlah karyawan dalam batas wajar.,NOT_CANDIDATE,0.0,0.0,Upah rata-rata Rp6.572.800/orang di atas 1.5× UMR (Rp3.657.527); tidak masuk kandidat awal.,NORMAL,0.0,0.0,Setoran sesuai dengan yang seharusnya (selisih dalam toleransi 2% / Rp10.000).,0,-
EMP-0653,CLEAN,CLEAN,NORMAL,0.0,0.0,Pergerakan jumlah karyawan dalam batas wajar.,NOT_CANDIDATE,0.0,0.0,Upah rata-rata Rp6.476.900/orang di atas 1.5× UMR (Rp3.657.527); tidak masuk kandidat awal.,NORMAL,0.0,0.0,Setoran sesuai dengan yang seharusnya (selisih dalam toleransi 2% / Rp10.000).,0,-
EMP-0654,CLEAN,CLEAN,NORMAL,0.0,0.0,Pergerakan jumlah karyawan dalam batas wajar.,NOT_CANDIDATE,0.0,0.0,Upah rata-rata Rp6.276.150/orang di atas 1.5× UMR (Rp3.657.527); tidak masuk kandidat awal.,ONE_OFF_GAP,0.0219,0.49,"Kurang setor pada 2025-06, tetapi tidak berulang berturut-turut — dianggap wajar.",0,-
EMP-0655,CLEAN,CLEAN,NORMAL,0.0,0.0,Pergerakan jumlah karyawan dalam batas wajar.,NOT_CANDIDATE,0.0,0.0,Upah rata-rata Rp6.831.300/orang di atas 1.5× UMR (Rp3.657.527); tidak masuk kandidat awal.,ONE_OFF_GAP,0.0209,0.49,"Kurang setor pada 2025-04, tetapi tidak berulang berturut-turut — dianggap wajar.",0,-
EMP-0656,CLEAN,CLEAN,NORMAL,0.0,0.0,Pergerakan jumlah karyawan dalam batas wajar.,NOT_CANDIDATE,0.0,0.0,Upah rata-rata Rp6.605.150/orang di atas 1.5× UMR (Rp3.657.527); tidak masuk kandidat awal.,NORMAL,0.0,0.0,Setoran sesuai dengan yang seharusnya (selisih dalam toleransi 2% / Rp10.000).,0,-
EMP-0657,CLEAN,CLEAN,NORMAL,0.0,0.0,Pergerakan jumlah karyawan dalam batas wajar.,NOT_CANDIDATE,0.0,0.0,Upah rata-rata Rp6.394.750/orang di atas 1.5× UMR (Rp3.657.527); tidak masuk kandidat awal.,ONE_OFF_GAP,0.0232,0.49,"Kurang setor pada 2025-04, tetapi tidak berulang berturut-turut — dianggap wajar.",0,-
EMP-0658,CLEAN,CLEAN,NORMAL,0.0,0.0,Pergerakan jumlah karyawan dalam batas wajar.,NOT_CANDIDATE,0.0,0.0,Upah rata-rata Rp6.827.450/orang di atas 1.5× UMR (Rp3.657.527); tidak masuk kandidat awal.,NORMAL,0.0,0.0,Setoran sesuai dengan yang seharusnya (selisih dalam toleransi 2% / Rp10.000).,0,-
EMP-0659,CLEAN,CLEAN,NORMAL,0.0,0.0,Pergerakan jumlah karyawan dalam batas wajar.,NOT_CANDIDATE,0.0,0.0,Upah rata-rata Rp6.854.850/orang di atas 1.5× UMR (Rp3.657.527); tidak masuk kandidat awal.,NORMAL,0.0,0.0,Setoran sesuai dengan yang seharusnya (selisih dalam toleransi 2% / Rp10.000).,0,-
EMP-0660,CLEAN,CLEAN,NORMAL,0.0,0.0,Pergerakan jumlah karyawan dalam batas wajar.,NOT_CANDIDATE,0.0,0.0,Upah rata-rata Rp6.454.650/orang di atas 1.5× UMR (Rp3.657.527); tidak masuk kandidat awal.,NORMAL,0.0,0.0,Setoran sesuai dengan yang seharusnya (selisih dalam toleransi 2% / Rp10.000).,0,-
EMP-0661,CLEAN,CLEAN,NORMAL,0.0,0.0,Pergerakan jumlah karyawan dalam batas wajar.,NOT_CANDIDATE,0.0,0.0,Upah rata-rata Rp6.316.650/orang di atas 1.5× UMR (Rp3.657.527); tidak masuk kandidat awal.,NORMAL,0.0,0.0,Setoran sesuai dengan yang seharusnya (selisih dalam toleransi 2% / Rp10.000).,0,-
EMP-0662,CLEAN,CLEAN,NORMAL,0.0,0.0,Pergerakan jumlah karyawan dalam batas wajar.,NOT_CANDIDATE,0.0,0.0,Upah rata-rata Rp6.639.550/orang di atas 1.5× UMR (Rp3.657.527); tidak masuk kandidat awal.,NORMAL,0.0,0.0,Setoran sesuai dengan yang seharusnya (selisih dalam toleransi 2% / Rp10.000).,0,-
EMP-0663,CLEAN,CLEAN,NORMAL,0.0,0.0,Pergerakan jumlah karyawan dalam batas wajar.,NOT_CANDIDATE,0.0,0.0,Upah rata-rata Rp6.630.350/orang di atas 1.5× UMR (Rp3.657.527); tidak masuk kandidat awal.,ONE_OFF_GAP,0.0259,0.49,"Kurang setor pada 2025-03, tetapi tidak berulang berturut-turut — dianggap wajar.",0,-
EMP-0664,CLEAN,CLEAN,NORMAL,0.0,0.0,Pergerakan jumlah karyawan dalam batas wajar.,NOT_CANDIDATE,0.0,0.0,Upah rata-rata Rp6.698.000/orang di atas 1.5× UMR (Rp3.657.527); tidak masuk kandidat awal.,ONE_OFF_GAP,0.0203,0.49,"Kurang setor pada 2025-09, tetapi tidak berulang berturut-turut — dianggap wajar.",0,-
EMP-0665,CLEAN,CLEAN,NORMAL,0.0,0.0,Pergerakan jumlah karyawan dalam batas wajar.,NOT_CANDIDATE,0.0,0.0,Upah rata-rata Rp6.348.150/orang di atas 1.5× UMR (Rp3.657.527); tidak masuk kandidat awal.,NORMAL,0.0,0.0,Setoran sesuai dengan yang seharusnya (selisih dalam toleransi 2% / Rp10.000).,0,-
EMP-0666,CLEAN,CLEAN,NORMAL,0.0,0.0,Pergerakan jumlah karyawan dalam batas wajar.,NOT_CANDIDATE,0.0,0.0,Upah rata-rata Rp6.300.150/orang di atas 1.5× UMR (Rp3.657.527); tidak masuk kandidat awal.,ONE_OFF_GAP,0.0227,0.49,"Kurang setor pada 2025-09, tetapi tidak berulang berturut-turut — dianggap wajar.",0,-
EMP-0667,CLEAN,CLEAN,NORMAL,0.0,0.0,Pergerakan jumlah karyawan dalam batas wajar.,NOT_CANDIDATE,0.0,0.0,Upah rata-rata Rp6.592.700/orang di atas 1.5× UMR (Rp3.657.527); tidak masuk kandidat awal.,NORMAL,0.0,0.0,Setoran sesuai dengan yang seharusnya (selisih dalam toleransi 2% / Rp10.000).,0,-
EMP-0668,CLEAN,CLEAN,NORMAL,0.0,0.0,Pergerakan jumlah karyawan dalam batas wajar.,NOT_CANDIDATE,0.0,0.0,Upah rata-rata Rp6.704.050/orang di atas 1.5× UMR (Rp3.657.527); tidak masuk kandidat awal.,NORMAL,0.0,0.0,Setoran sesuai dengan yang seharusnya (selisih dalam toleransi 2% / Rp10.000).,0,-
EMP-0669,CLEAN,CLEAN,NORMAL,0.0,0.0,Pergerakan jumlah karyawan dalam batas wajar.,NOT_CANDIDATE,0.0,0.0,Upah rata-rata Rp6.489.950/orang di atas 1.5× UMR (Rp3.657.527); tidak masuk kandidat awal.,ONE_OFF_GAP,0.0203,0.49,"Kurang setor pada 2025-10, tetapi tidak berulang berturut-turut — dianggap wajar.",0,-
EMP-0670,CLEAN,CLEAN,NORMAL,0.0,0.0,Pergerakan jumlah karyawan dalam batas wajar.,NOT_CANDIDATE,0.0,0.0,Upah rata-rata Rp6.799.950/orang di atas 1.5× UMR (Rp3.657.527); tidak masuk kandidat awal.,NORMAL,0.0,0.0,Setoran sesuai dengan yang seharusnya (selisih dalam toleransi 2% / Rp10.000).,0,-
EMP-0671,CLEAN,CLEAN,NORMAL,0.0,0.0,Pergerakan jumlah karyawan dalam batas wajar.,NOT_CANDIDATE,0.0,0.0,Upah rata-rata Rp6.743.500/orang di atas 1.5× UMR (Rp3.657.527); tidak masuk kandidat awal.,ONE_OFF_GAP,0.0236,0.49,"Kurang setor pada 2025-10, tetapi tidak berulang berturut-turut — dianggap wajar.",0,-
EMP-0672,CLEAN,CLEAN,NORMAL,0.0,0.0,Pergerakan jumlah karyawan dalam batas wajar.,NOT_CANDIDATE,0.0,0.0,Upah rata-rata Rp6.450.300/orang di atas 1.5× UMR (Rp3.657.527); tidak masuk kandidat awal.,NORMAL,0.0,0.0,Setoran sesuai dengan yang seharusnya (selisih dalam toleransi 2% / Rp10.000).,0,-
EMP-0673,CLEAN,CLEAN,NORMAL,0.0,0.0,Pergerakan jumlah karyawan dalam batas wajar.,NOT_CANDIDATE,0.0,0.0,Upah rata-rata Rp6.674.150/orang di atas 1.5× UMR (Rp3.657.527); tidak masuk kandidat awal.,NORMAL,0.0,0.0,Setoran sesuai dengan yang seharusnya (selisih dalam toleransi 2% / Rp10.000).,0,-
EMP-0674,CLEAN,CLEAN,NORMAL,0.0,0.0,Pergerakan jumlah karyawan dalam batas wajar.,NOT_CANDIDATE,0.0,0.0,Upah rata-rata Rp6.457.550/orang di atas 1.5× UMR (Rp3.657.527); tidak masuk kandidat awal.,NORMAL,0.0,0.0,Setoran sesuai dengan yang seharusnya (selisih dalam toleransi 2% / Rp10.000).,0,-
EMP-0675,CLEAN,CLEAN,NORMAL,0.0,0.0,Pergerakan jumlah karyawan dalam batas wajar.,NOT_CANDIDATE,0.0,0.0,Upah rata-rata Rp6.518.800/orang di atas 1.5× UMR (Rp3.657.527); tidak masuk kandidat awal.,NORMAL,0.0,0.0,Setoran sesuai dengan yang seharusnya (selisih dalam toleransi 2% / Rp10.000).,0,-
EMP-0676,CLEAN,CLEAN,NORMAL,0.0,0.0,Pergerakan jumlah karyawan dalam batas wajar.,NOT_CANDIDATE,0.0,0.0,Upah rata-rata Rp6.323.550/orang di atas 1.5× UMR (Rp3.657.527); tidak masuk kandidat awal.,ONE_OFF_GAP,0.0214,0.49,"Kurang setor pada 2025-12, tetapi tidak berulang berturut-turut — dianggap wajar.",0,-
EMP-0677,CLEAN,CLEAN,NORMAL,0.0,0.0,Pergerakan jumlah karyawan dalam batas wajar.,NOT_CANDIDATE,0.0,0.0,Upah rata-rata Rp6.422.000/orang di atas 1.5× UMR (Rp3.657.527); tidak masuk kandidat awal.,NORMAL,0.0,0.0,Setoran sesuai dengan yang seharusnya (selisih dalam toleransi 2% / Rp10.000).,0,-
EMP-0678,CLEAN,CLEAN,NORMAL,0.0,0.0,Pergerakan jumlah karyawan dalam batas wajar.,NOT_CANDIDATE,0.0,0.0,Upah rata-rata Rp6.576.200/orang di atas 1.5× UMR (Rp3.657.527); tidak masuk kandidat awal.,ONE_OFF_GAP,0.0287,0.49,"Kurang setor pada 2025-06, tetapi tidak berulang berturut-turut — dianggap wajar.",0,-
EMP-0679,REMITTANCE_GAP,C,NORMAL,0.0,0.0,Pergerakan jumlah karyawan dalam batas wajar.,NOT_CANDIDATE,0.0,0.0,Upah rata-rata Rp6.518.150/orang di atas 1.5× UMR (Rp3.657.527); tidak masuk kandidat awal.,FLAGGED,0.2891,1.0,Setoran iuran rata-rata 29% di bawah yang seharusnya selama 3 bulan berturut-turut (2025-10 s/d 2025-12); total kekurangan Rp55.948.000.,1,C
EMP-0680,CLEAN,CLEAN,NORMAL,0.0,0.0,Pergerakan jumlah karyawan dalam batas wajar.,NOT_CANDIDATE,0.0,0.0,Upah rata-rata Rp6.357.600/orang di atas 1.5× UMR (Rp3.657.527); tidak masuk kandidat awal.,ONE_OFF_GAP,0.0253,0.49,"Kurang setor pada 2025-02, tetapi tidak berulang berturut-turut — dianggap wajar.",0,-
EMP-0681,CLEAN,CLEAN,NORMAL,0.0,0.0,Pergerakan jumlah karyawan dalam batas wajar.,NOT_CANDIDATE,0.0,0.0,Upah rata-rata Rp10.460.200/orang di atas 1.5× UMR (Rp5.396.761); tidak masuk kandidat awal.,ONE_OFF_GAP,0.0285,0.49,"Kurang setor pada 2025-05, tetapi tidak berulang berturut-turut — dianggap wajar.",0,-
EMP-0682,CLEAN,CLEAN,NORMAL,0.0,0.0,Pergerakan jumlah karyawan dalam batas wajar.,NOT_CANDIDATE,0.0,0.0,Upah rata-rata Rp10.475.450/orang di atas 1.5× UMR (Rp5.396.761); tidak masuk kandidat awal.,ONE_OFF_GAP,0.0202,0.49,"Kurang setor pada 2025-09, tetapi tidak berulang berturut-turut — dianggap wajar.",0,-
EMP-0683,CLEAN,CLEAN,NORMAL,0.0,0.0,Pergerakan jumlah karyawan dalam batas wajar.,NOT_CANDIDATE,0.0,0.0,Upah rata-rata Rp10.609.400/orang di atas 1.5× UMR (Rp5.396.761); tidak masuk kandidat awal.,ONE_OFF_GAP,0.0293,0.49,"Kurang setor pada 2025-07, tetapi tidak berulang berturut-turut — dianggap wajar.",0,-
EMP-0684,REMITTANCE_GAP,C,NORMAL,0.0,0.0,Pergerakan jumlah karyawan dalam batas wajar.,NOT_CANDIDATE,0.0,0.0,Upah rata-rata Rp10.770.650/orang di atas 1.5× UMR (Rp5.396.761); tidak masuk kandidat awal.,FLAGGED,0.2199,0.935,Setoran iuran rata-rata 22% di bawah yang seharusnya selama 5 bulan berturut-turut (2025-08 s/d 2025-12); total kekurangan Rp318.770.000.,1,C
EMP-0685,CLEAN,CLEAN,NORMAL,0.0,0.0,Pergerakan jumlah karyawan dalam batas wajar.,NOT_CANDIDATE,0.0,0.0,Upah rata-rata Rp11.159.200/orang di atas 1.5× UMR (Rp5.396.761); tidak masuk kandidat awal.,ONE_OFF_GAP,0.0279,0.49,"Kurang setor pada 2025-08, tetapi tidak berulang berturut-turut — dianggap wajar.",0,-
EMP-0686,CLEAN,CLEAN,NORMAL,0.0,0.0,Pergerakan jumlah karyawan dalam batas wajar.,NOT_CANDIDATE,0.0,0.0,Upah rata-rata Rp11.085.100/orang di atas 1.5× UMR (Rp5.396.761); tidak masuk kandidat awal.,NORMAL,0.0,0.0,Setoran sesuai dengan yang seharusnya (selisih dalam toleransi 2% / Rp10.000).,0,-
EMP-0687,CLEAN,CLEAN,NORMAL,0.0,0.0,Pergerakan jumlah karyawan dalam batas wajar.,NOT_CANDIDATE,0.0,0.0,Upah rata-rata Rp10.970.850/orang di atas 1.5× UMR (Rp5.396.761); tidak masuk kandidat awal.,NORMAL,0.0,0.0,Setoran sesuai dengan yang seharusnya (selisih dalam toleransi 2% / Rp10.000).,0,-
EMP-0688,CLEAN,CLEAN,NORMAL,0.0,0.0,Pergerakan jumlah karyawan dalam batas wajar.,NOT_CANDIDATE,0.0,0.0,Upah rata-rata Rp11.497.750/orang di atas 1.5× UMR (Rp5.396.761); tidak masuk kandidat awal.,ONE_OFF_GAP,0.0219,0.49,"Kurang setor pada 2025-07, tetapi tidak berulang berturut-turut — dianggap wajar.",0,-
EMP-0689,CLEAN,CLEAN,NORMAL,0.0,0.0,Pergerakan jumlah karyawan dalam batas wajar.,NOT_CANDIDATE,0.0,0.0,Upah rata-rata Rp11.413.350/orang di atas 1.5× UMR (Rp5.396.761); tidak masuk kandidat awal.,NORMAL,0.0,0.0,Setoran sesuai dengan yang seharusnya (selisih dalam toleransi 2% / Rp10.000).,0,-
EMP-0690,CLEAN,CLEAN,NORMAL,0.0,0.0,Pergerakan jumlah karyawan dalam batas wajar.,NOT_CANDIDATE,0.0,0.0,Upah rata-rata Rp10.382.600/orang di atas 1.5× UMR (Rp5.396.761); tidak masuk kandidat awal.,NORMAL,0.0,0.0,Setoran sesuai dengan yang seharusnya (selisih dalam toleransi 2% / Rp10.000).,0,-
EMP-0691,CLEAN,CLEAN,NORMAL,0.0,0.0,Pergerakan jumlah karyawan dalam batas wajar.,NOT_CANDIDATE,0.0,0.0,Upah rata-rata Rp11.088.750/orang di atas 1.5× UMR (Rp5.396.761); tidak masuk kandidat awal.,ONE_OFF_GAP,0.0391,0.49,"Kurang setor pada 2025-08, tetapi tidak berulang berturut-turut — dianggap wajar.",0,-
EMP-0692,CLEAN,CLEAN,NORMAL,0.0,0.0,Pergerakan jumlah karyawan dalam batas wajar.,NOT_CANDIDATE,0.0,0.0,Upah rata-rata Rp11.034.100/orang di atas 1.5× UMR (Rp5.396.761); tidak masuk kandidat awal.,ONE_OFF_GAP,0.0308,0.49,"Kurang setor pada 2025-05, tetapi tidak berulang berturut-turut — dianggap wajar.",0,-
EMP-0693,CLEAN,CLEAN,NORMAL,0.0,0.0,Pergerakan jumlah karyawan dalam batas wajar.,NOT_CANDIDATE,0.0,0.0,Upah rata-rata Rp10.516.500/orang di atas 1.5× UMR (Rp5.396.761); tidak masuk kandidat awal.,NORMAL,0.0,0.0,Setoran sesuai dengan yang seharusnya (selisih dalam toleransi 2% / Rp10.000).,0,-
EMP-0694,CLEAN,CLEAN,NORMAL,0.0,0.0,Pergerakan jumlah karyawan dalam batas wajar.,NOT_CANDIDATE,0.0,0.0,Upah rata-rata Rp10.966.450/orang di atas 1.5× UMR (Rp5.396.761); tidak masuk kandidat awal.,ONE_OFF_GAP,0.0232,0.49,"Kurang setor pada 2025-04, tetapi tidak berulang berturut-turut — dianggap wajar.",0,-
EMP-0695,CLEAN,CLEAN,NORMAL,0.0,0.0,Pergerakan jumlah karyawan dalam batas wajar.,NOT_CANDIDATE,0.0,0.0,Upah rata-rata Rp10.973.650/orang di atas 1.5× UMR (Rp5.396.761); tidak masuk kandidat awal.,NORMAL,0.0,0.0,Setoran sesuai dengan yang seharusnya (selisih dalam toleransi 2% / Rp10.000).,0,-
EMP-0696,CLEAN,CLEAN,NORMAL,0.0,0.0,Pergerakan jumlah karyawan dalam batas wajar.,NOT_CANDIDATE,0.0,0.0,Upah rata-rata Rp11.231.450/orang di atas 1.5× UMR (Rp5.396.761); tidak masuk kandidat awal.,NORMAL,0.0,0.0,Setoran sesuai dengan yang seharusnya (selisih dalam toleransi 2% / Rp10.000).,0,-
EMP-0697,CLEAN,CLEAN,NORMAL,0.0,0.0,Pergerakan jumlah karyawan dalam batas wajar.,NOT_CANDIDATE,0.0,0.0,Upah rata-rata Rp11.406.550/orang di atas 1.5× UMR (Rp5.396.761); tidak masuk kandidat awal.,NORMAL,0.0,0.0,Setoran sesuai dengan yang seharusnya (selisih dalam toleransi 2% / Rp10.000).,0,-
EMP-0698,REMITTANCE_GAP,C,NORMAL,0.0,0.0,Pergerakan jumlah karyawan dalam batas wajar.,NOT_CANDIDATE,0.0,0.0,Upah rata-rata Rp10.881.750/orang di atas 1.5× UMR (Rp5.396.761); tidak masuk kandidat awal.,FLAGGED,0.246,0.991,Setoran iuran rata-rata 25% di bawah yang seharusnya selama 4 bulan berturut-turut (2025-09 s/d 2025-12); total kekurangan Rp395.429.000. Ada 1 bulan lain yang juga kurang setor.,1,C
EMP-0699,CLEAN,CLEAN,NORMAL,0.0,0.0,Pergerakan jumlah karyawan dalam batas wajar.,NOT_CANDIDATE,0.0,0.0,Upah rata-rata Rp11.219.400/orang di atas 1.5× UMR (Rp5.396.761); tidak masuk kandidat awal.,NORMAL,0.0,0.0,Setoran sesuai dengan yang seharusnya (selisih dalam toleransi 2% / Rp10.000).,0,-
EMP-0700,CLEAN,CLEAN,NORMAL,0.0,0.0,Pergerakan jumlah karyawan dalam batas wajar.,NOT_CANDIDATE,0.0,0.0,Upah rata-rata Rp11.459.100/orang di atas 1.5× UMR (Rp5.396.761); tidak masuk kandidat awal.,NORMAL,0.0,0.0,Setoran sesuai dengan yang seharusnya (selisih dalam toleransi 2% / Rp10.000).,0,-
EMP-0701,CLEAN,CLEAN,NORMAL,0.0,0.0,Pergerakan jumlah karyawan dalam batas wajar.,NOT_CANDIDATE,0.0,0.0,Upah rata-rata Rp10.673.000/orang di atas 1.5× UMR (Rp5.396.761); tidak masuk kandidat awal.,NORMAL,0.0,0.0,Setoran sesuai dengan yang seharusnya (selisih dalam toleransi 2% / Rp10.000).,0,-
EMP-0702,CLEAN,CLEAN,NORMAL,0.0,0.0,Pergerakan jumlah karyawan dalam batas wajar.,NOT_CANDIDATE,0.0,0.0,Upah rata-rata Rp11.115.000/orang di atas 1.5× UMR (Rp5.396.761); tidak masuk kandidat awal.,NORMAL,0.0,0.0,Setoran sesuai dengan yang seharusnya (selisih dalam toleransi 2% / Rp10.000).,0,-
EMP-0703,CLEAN,CLEAN,NORMAL,0.0,0.0,Pergerakan jumlah karyawan dalam batas wajar.,NOT_CANDIDATE,0.0,0.0,Upah rata-rata Rp11.362.550/orang di atas 1.5× UMR (Rp5.396.761); tidak masuk kandidat awal.,NORMAL,0.0,0.0,Setoran sesuai dengan yang seharusnya (selisih dalam toleransi 2% / Rp10.000).,0,-
EMP-0704,CLEAN,CLEAN,NORMAL,0.0,0.0,Pergerakan jumlah karyawan dalam batas wajar.,NOT_CANDIDATE,0.0,0.0,Upah rata-rata Rp11.086.900/orang di atas 1.5× UMR (Rp5.396.761); tidak masuk kandidat awal.,NORMAL,0.0,0.0,Setoran sesuai dengan yang seharusnya (selisih dalam toleransi 2% / Rp10.000).,0,-
EMP-0705,CLEAN,CLEAN,NORMAL,0.0,0.0,Pergerakan jumlah karyawan dalam batas wajar.,NOT_CANDIDATE,0.0,0.0,Upah rata-rata Rp11.362.100/orang di atas 1.5× UMR (Rp5.396.761); tidak masuk kandidat awal.,NORMAL,0.0,0.0,Setoran sesuai dengan yang seharusnya (selisih dalam toleransi 2% / Rp10.000).,0,-
EMP-0706,CLEAN,CLEAN,NORMAL,0.0,0.0,Pergerakan jumlah karyawan dalam batas wajar.,NOT_CANDIDATE,0.0,0.0,Upah rata-rata Rp11.074.350/orang di atas 1.5× UMR (Rp5.396.761); tidak masuk kandidat awal.,ONE_OFF_GAP,0.0212,0.49,"Kurang setor pada 2025-08, tetapi tidak berulang berturut-turut — dianggap wajar.",0,-
EMP-0707,CLEAN,CLEAN,NORMAL,0.0,0.0,Pergerakan jumlah karyawan dalam batas wajar.,NOT_CANDIDATE,0.0,0.0,Upah rata-rata Rp10.901.350/orang di atas 1.5× UMR (Rp5.396.761); tidak masuk kandidat awal.,ONE_OFF_GAP,0.0214,0.49,"Kurang setor pada 2025-09, tetapi tidak berulang berturut-turut — dianggap wajar.",0,-
EMP-0708,CLEAN,CLEAN,NORMAL,0.0,0.0,Pergerakan jumlah karyawan dalam batas wajar.,NOT_CANDIDATE,0.0,0.0,Upah rata-rata Rp10.536.600/orang di atas 1.5× UMR (Rp5.396.761); tidak masuk kandidat awal.,ONE_OFF_GAP,0.0282,0.49,"Kurang setor pada 2025-05, tetapi tidak berulang berturut-turut — dianggap wajar.",0,-
EMP-0709,CLEAN,CLEAN,NORMAL,0.0,0.0,Pergerakan jumlah karyawan dalam batas wajar.,NOT_CANDIDATE,0.0,0.0,Upah rata-rata Rp10.760.700/orang di atas 1.5× UMR (Rp5.396.761); tidak masuk kandidat awal.,NORMAL,0.0,0.0,Setoran sesuai dengan yang seharusnya (selisih dalam toleransi 2% / Rp10.000).,0,-
EMP-0710,CLEAN,CLEAN,NORMAL,0.0,0.0,Pergerakan jumlah karyawan dalam batas wajar.,NOT_CANDIDATE,0.0,0.0,Upah rata-rata Rp11.097.800/orang di atas 1.5× UMR (Rp5.396.761); tidak masuk kandidat awal.,ONE_OFF_GAP,0.0265,0.49,"Kurang setor pada 2025-08, tetapi tidak berulang berturut-turut — dianggap wajar.",0,-
EMP-0711,CLEAN,CLEAN,NORMAL,0.0,0.0,Pergerakan jumlah karyawan dalam batas wajar.,NOT_CANDIDATE,0.0,0.0,Upah rata-rata Rp10.470.650/orang di atas 1.5× UMR (Rp5.396.761); tidak masuk kandidat awal.,NORMAL,0.0,0.0,Setoran sesuai dengan yang seharusnya (selisih dalam toleransi 2% / Rp10.000).,0,-
EMP-0712,CLEAN,CLEAN,NORMAL,0.0,0.0,Pergerakan jumlah karyawan dalam batas wajar.,NOT_CANDIDATE,0.0,0.0,Upah rata-rata Rp10.402.450/orang di atas 1.5× UMR (Rp5.396.761); tidak masuk kandidat awal.,NORMAL,0.0,0.0,Setoran sesuai dengan yang seharusnya (selisih dalam toleransi 2% / Rp10.000).,0,-
EMP-0713,CLEAN,CLEAN,NORMAL,0.0,0.0,Pergerakan jumlah karyawan dalam batas wajar.,NOT_CANDIDATE,0.0,0.0,Upah rata-rata Rp10.919.050/orang di atas 1.5× UMR (Rp5.396.761); tidak masuk kandidat awal.,NORMAL,0.0,0.0,Setoran sesuai dengan yang seharusnya (selisih dalam toleransi 2% / Rp10.000).,0,-
EMP-0714,CLEAN,CLEAN,NORMAL,0.0,0.0,Pergerakan jumlah karyawan dalam batas wajar.,NOT_CANDIDATE,0.0,0.0,Upah rata-rata Rp10.443.350/orang di atas 1.5× UMR (Rp5.396.761); tidak masuk kandidat awal.,NORMAL,0.0,0.0,Setoran sesuai dengan yang seharusnya (selisih dalam toleransi 2% / Rp10.000).,0,-
EMP-0715,CLEAN,CLEAN,NORMAL,0.0,0.0,Pergerakan jumlah karyawan dalam batas wajar.,NOT_CANDIDATE,0.0,0.0,Upah rata-rata Rp7.813.850/orang di atas 1.5× UMR (Rp2.191.238); tidak masuk kandidat awal.,NORMAL,0.0,0.0,Setoran sesuai dengan yang seharusnya (selisih dalam toleransi 2% / Rp10.000).,0,-
EMP-0716,CLEAN,CLEAN,NORMAL,0.0,0.0,Pergerakan jumlah karyawan dalam batas wajar.,NOT_CANDIDATE,0.0,0.0,Upah rata-rata Rp7.857.450/orang di atas 1.5× UMR (Rp2.191.238); tidak masuk kandidat awal.,NORMAL,0.0,0.0,Setoran sesuai dengan yang seharusnya (selisih dalam toleransi 2% / Rp10.000).,0,-
EMP-0717,CLEAN,CLEAN,NORMAL,0.0,0.0,Pergerakan jumlah karyawan dalam batas wajar.,NOT_CANDIDATE,0.0,0.0,Upah rata-rata Rp7.975.900/orang di atas 1.5× UMR (Rp2.191.238); tidak masuk kandidat awal.,NORMAL,0.0,0.0,Setoran sesuai dengan yang seharusnya (selisih dalam toleransi 2% / Rp10.000).,0,-
EMP-0718,CLEAN,CLEAN,NORMAL,0.0,0.0,Pergerakan jumlah karyawan dalam batas wajar.,NOT_CANDIDATE,0.0,0.0,Upah rata-rata Rp7.471.250/orang di atas 1.5× UMR (Rp2.191.238); tidak masuk kandidat awal.,ONE_OFF_GAP,0.0223,0.49,"Kurang setor pada 2025-11, tetapi tidak berulang berturut-turut — dianggap wajar.",0,-
EMP-0719,CLEAN,CLEAN,NORMAL,0.0,0.0,Pergerakan jumlah karyawan dalam batas wajar.,NOT_CANDIDATE,0.0,0.0,Upah rata-rata Rp7.596.950/orang di atas 1.5× UMR (Rp2.191.238); tidak masuk kandidat awal.,NORMAL,0.0,0.0,Setoran sesuai dengan yang seharusnya (selisih dalam toleransi 2% / Rp10.000).,0,-
EMP-0720,CLEAN,CLEAN,NORMAL,0.0,0.0,Pergerakan jumlah karyawan dalam batas wajar.,NOT_CANDIDATE,0.0,0.0,Upah rata-rata Rp7.838.250/orang di atas 1.5× UMR (Rp2.191.238); tidak masuk kandidat awal.,NORMAL,0.0,0.0,Setoran sesuai dengan yang seharusnya (selisih dalam toleransi 2% / Rp10.000).,0,-
EMP-0721,CLEAN,CLEAN,NORMAL,0.0,0.0,Pergerakan jumlah karyawan dalam batas wajar.,NOT_CANDIDATE,0.0,0.0,Upah rata-rata Rp7.883.550/orang di atas 1.5× UMR (Rp2.191.238); tidak masuk kandidat awal.,NORMAL,0.0,0.0,Setoran sesuai dengan yang seharusnya (selisih dalam toleransi 2% / Rp10.000).,0,-
EMP-0722,CLEAN,CLEAN,NORMAL,0.0,0.0,Pergerakan jumlah karyawan dalam batas wajar.,NOT_CANDIDATE,0.0,0.0,Upah rata-rata Rp7.921.850/orang di atas 1.5× UMR (Rp2.191.238); tidak masuk kandidat awal.,ONE_OFF_GAP,0.0277,0.49,"Kurang setor pada 2025-12, tetapi tidak berulang berturut-turut — dianggap wajar.",0,-
EMP-0723,CLEAN,CLEAN,NORMAL,0.0,0.0,Pergerakan jumlah karyawan dalam batas wajar.,NOT_CANDIDATE,0.0,0.0,Upah rata-rata Rp7.472.000/orang di atas 1.5× UMR (Rp2.191.238); tidak masuk kandidat awal.,ONE_OFF_GAP,0.0287,0.49,"Kurang setor pada 2025-11, tetapi tidak berulang berturut-turut — dianggap wajar.",0,-
EMP-0724,CLEAN,CLEAN,NORMAL,0.0,0.0,Pergerakan jumlah karyawan dalam batas wajar.,NOT_CANDIDATE,0.0,0.0,Upah rata-rata Rp7.904.850/orang di atas 1.5× UMR (Rp2.191.238); tidak masuk kandidat awal.,ONE_OFF_GAP,0.0251,0.49,"Kurang setor pada 2025-03, tetapi tidak berulang berturut-turut — dianggap wajar.",0,-
EMP-0725,CLEAN,CLEAN,NORMAL,0.0,0.0,Pergerakan jumlah karyawan dalam batas wajar.,NOT_CANDIDATE,0.0,0.0,Upah rata-rata Rp7.677.050/orang di atas 1.5× UMR (Rp2.191.238); tidak masuk kandidat awal.,NORMAL,0.0,0.0,Setoran sesuai dengan yang seharusnya (selisih dalam toleransi 2% / Rp10.000).,0,-
EMP-0726,CLEAN,CLEAN,NORMAL,0.0,0.0,Pergerakan jumlah karyawan dalam batas wajar.,NOT_CANDIDATE,0.0,0.0,Upah rata-rata Rp7.593.150/orang di atas 1.5× UMR (Rp2.191.238); tidak masuk kandidat awal.,NORMAL,0.0,0.0,Setoran sesuai dengan yang seharusnya (selisih dalam toleransi 2% / Rp10.000).,0,-
EMP-0727,CLEAN,CLEAN,NORMAL,0.0,0.0,Pergerakan jumlah karyawan dalam batas wajar.,NOT_CANDIDATE,0.0,0.0,Upah rata-rata Rp7.640.350/orang di atas 1.5× UMR (Rp2.191.238); tidak masuk kandidat awal.,ONE_OFF_GAP,0.0211,0.49,"Kurang setor pada 2025-02, tetapi tidak berulang berturut-turut — dianggap wajar.",0,-
EMP-0728,CLEAN,CLEAN,NORMAL,0.0,0.0,Pergerakan jumlah karyawan dalam batas wajar.,NOT_CANDIDATE,0.0,0.0,Upah rata-rata Rp7.471.650/orang di atas 1.5× UMR (Rp2.191.238); tidak masuk kandidat awal.,NORMAL,0.0,0.0,Setoran sesuai dengan yang seharusnya (selisih dalam toleransi 2% / Rp10.000).,0,-
EMP-0729,CLEAN,CLEAN,NORMAL,0.0,0.0,Pergerakan jumlah karyawan dalam batas wajar.,NOT_CANDIDATE,0.0,0.0,Upah rata-rata Rp7.358.750/orang di atas 1.5× UMR (Rp2.191.238); tidak masuk kandidat awal.,NORMAL,0.0,0.0,Setoran sesuai dengan yang seharusnya (selisih dalam toleransi 2% / Rp10.000).,0,-
EMP-0730,CLEAN,CLEAN,NORMAL,0.0,0.0,Pergerakan jumlah karyawan dalam batas wajar.,NOT_CANDIDATE,0.0,0.0,Upah rata-rata Rp7.610.100/orang di atas 1.5× UMR (Rp2.191.238); tidak masuk kandidat awal.,NORMAL,0.0,0.0,Setoran sesuai dengan yang seharusnya (selisih dalam toleransi 2% / Rp10.000).,0,-
EMP-0731,CLEAN,CLEAN,NORMAL,0.0,0.0,Pergerakan jumlah karyawan dalam batas wajar.,NOT_CANDIDATE,0.0,0.0,Upah rata-rata Rp7.875.100/orang di atas 1.5× UMR (Rp2.191.238); tidak masuk kandidat awal.,ONE_OFF_GAP,0.0239,0.49,"Kurang setor pada 2025-04, tetapi tidak berulang berturut-turut — dianggap wajar.",0,-
EMP-0732,CLEAN,CLEAN,NORMAL,0.0,0.0,Pergerakan jumlah karyawan dalam batas wajar.,NOT_CANDIDATE,0.0,0.0,Upah rata-rata Rp7.772.400/orang di atas 1.5× UMR (Rp2.191.238); tidak masuk kandidat awal.,NORMAL,0.0,0.0,Setoran sesuai dengan yang seharusnya (selisih dalam toleransi 2% / Rp10.000).,0,-
EMP-0733,CLEAN,CLEAN,NORMAL,0.0,0.0,Pergerakan jumlah karyawan dalam batas wajar.,NOT_CANDIDATE,0.0,0.0,Upah rata-rata Rp7.956.700/orang di atas 1.5× UMR (Rp2.191.238); tidak masuk kandidat awal.,NORMAL,0.0,0.0,Setoran sesuai dengan yang seharusnya (selisih dalam toleransi 2% / Rp10.000).,0,-
EMP-0734,CLEAN,CLEAN,NORMAL,0.0,0.0,Pergerakan jumlah karyawan dalam batas wajar.,NOT_CANDIDATE,0.0,0.0,Upah rata-rata Rp7.960.900/orang di atas 1.5× UMR (Rp2.191.238); tidak masuk kandidat awal.,NORMAL,0.0,0.0,Setoran sesuai dengan yang seharusnya (selisih dalam toleransi 2% / Rp10.000).,0,-
EMP-0735,CLEAN,CLEAN,NORMAL,0.0,0.0,Pergerakan jumlah karyawan dalam batas wajar.,NOT_CANDIDATE,0.0,0.0,Upah rata-rata Rp7.963.600/orang di atas 1.5× UMR (Rp2.191.238); tidak masuk kandidat awal.,NORMAL,0.0,0.0,Setoran sesuai dengan yang seharusnya (selisih dalam toleransi 2% / Rp10.000).,0,-
EMP-0736,CLEAN,CLEAN,NORMAL,0.0,0.0,Pergerakan jumlah karyawan dalam batas wajar.,NOT_CANDIDATE,0.0,0.0,Upah rata-rata Rp7.754.600/orang di atas 1.5× UMR (Rp2.191.238); tidak masuk kandidat awal.,ONE_OFF_GAP,0.0278,0.49,"Kurang setor pada 2025-04, tetapi tidak berulang berturut-turut — dianggap wajar.",0,-
EMP-0737,CLEAN,CLEAN,NORMAL,0.0,0.0,Pergerakan jumlah karyawan dalam batas wajar.,NOT_CANDIDATE,0.0,0.0,Upah rata-rata Rp7.709.050/orang di atas 1.5× UMR (Rp2.191.238); tidak masuk kandidat awal.,NORMAL,0.0,0.0,Setoran sesuai dengan yang seharusnya (selisih dalam toleransi 2% / Rp10.000).,0,-
EMP-0738,PDUK,A,FLAGGED,22.862,1.0,"Perlu dicek — indikasi sembunyiin karyawan: jumlah karyawan turun 29 orang (52%) pada 2025-07 (56→27), jauh di luar pola biasanya (z=-22.9); hanya 1 orang tercatat resign.",NOT_CANDIDATE,0.0,0.0,Upah rata-rata Rp7.461.100/orang di atas 1.5× UMR (Rp2.191.238); tidak masuk kandidat awal.,ONE_OFF_GAP,0.0336,0.49,"Kurang setor pada 2025-05, tetapi tidak berulang berturut-turut — dianggap wajar.",1,A
EMP-0739,CLEAN,CLEAN,NORMAL,0.0,0.0,Pergerakan jumlah karyawan dalam batas wajar.,NOT_CANDIDATE,0.0,0.0,Upah rata-rata Rp8.015.100/orang di atas 1.5× UMR (Rp2.191.238); tidak masuk kandidat awal.,NORMAL,0.0,0.0,Setoran sesuai dengan yang seharusnya (selisih dalam toleransi 2% / Rp10.000).,0,-
EMP-0740,CLEAN,CLEAN,NORMAL,0.0,0.0,Pergerakan jumlah karyawan dalam batas wajar.,NOT_CANDIDATE,0.0,0.0,Upah rata-rata Rp7.950.850/orang di atas 1.5× UMR (Rp2.191.238); tidak masuk kandidat awal.,NORMAL,0.0,0.0,Setoran sesuai dengan yang seharusnya (selisih dalam toleransi 2% / Rp10.000).,0,-
EMP-0741,CLEAN,CLEAN,NORMAL,0.0,0.0,Pergerakan jumlah karyawan dalam batas wajar.,NOT_CANDIDATE,0.0,0.0,Upah rata-rata Rp7.640.050/orang di atas 1.5× UMR (Rp2.191.238); tidak masuk kandidat awal.,NORMAL,0.0,0.0,Setoran sesuai dengan yang seharusnya (selisih dalam toleransi 2% / Rp10.000).,0,-
EMP-0742,CLEAN_MUTASI_SAH,(tidak dikenal),EXPLAINED_BY_RESIGN,0.0,0.0,"Ada penurunan 11 orang pada 2025-07, tetapi sesuai catatan resign/mutasi resmi (11 orang) — dianggap wajar.",NOT_CANDIDATE,0.0,0.0,Upah rata-rata Rp7.888.550/orang di atas 1.5× UMR (Rp2.191.238); tidak masuk kandidat awal.,ONE_OFF_GAP,0.0239,0.49,"Kurang setor pada 2025-10, tetapi tidak berulang berturut-turut — dianggap wajar.",0,-
EMP-0743,CLEAN,CLEAN,NORMAL,0.0,0.0,Pergerakan jumlah karyawan dalam batas wajar.,NOT_CANDIDATE,0.0,0.0,Upah rata-rata Rp7.872.800/orang di atas 1.5× UMR (Rp2.191.238); tidak masuk kandidat awal.,NORMAL,0.0,0.0,Setoran sesuai dengan yang seharusnya (selisih dalam toleransi 2% / Rp10.000).,0,-
EMP-0744,CLEAN,CLEAN,NORMAL,0.0,0.0,Pergerakan jumlah karyawan dalam batas wajar.,NOT_CANDIDATE,0.0,0.0,Upah rata-rata Rp7.710.850/orang di atas 1.5× UMR (Rp2.191.238); tidak masuk kandidat awal.,ONE_OFF_GAP,0.0207,0.49,"Kurang setor pada 2025-08, tetapi tidak berulang berturut-turut — dianggap wajar.",0,-
EMP-0745,CLEAN_MUTASI_SAH,(tidak dikenal),EXPLAINED_BY_RESIGN,0.0,0.0,"Ada penurunan 19 orang pada 2025-06, tetapi sesuai catatan resign/mutasi resmi (18 orang) — dianggap wajar.",NOT_CANDIDATE,0.0,0.0,Upah rata-rata Rp7.593.250/orang di atas 1.5× UMR (Rp2.191.238); tidak masuk kandidat awal.,NORMAL,0.0,0.0,Setoran sesuai dengan yang seharusnya (selisih dalam toleransi 2% / Rp10.000).,0,-
EMP-0746,CLEAN,CLEAN,NORMAL,0.0,0.0,Pergerakan jumlah karyawan dalam batas wajar.,NOT_CANDIDATE,0.0,0.0,Upah rata-rata Rp7.413.400/orang di atas 1.5× UMR (Rp2.191.238); tidak masuk kandidat awal.,NORMAL,0.0,0.0,Setoran sesuai dengan yang seharusnya (selisih dalam toleransi 2% / Rp10.000).,0,-
EMP-0747,CLEAN,CLEAN,NORMAL,0.0,0.0,Pergerakan jumlah karyawan dalam batas wajar.,NOT_CANDIDATE,0.0,0.0,Upah rata-rata Rp7.586.850/orang di atas 1.5× UMR (Rp2.191.238); tidak masuk kandidat awal.,NORMAL,0.0,0.0,Setoran sesuai dengan yang seharusnya (selisih dalam toleransi 2% / Rp10.000).,0,-
EMP-0748,CLEAN,CLEAN,NORMAL,0.0,0.0,Pergerakan jumlah karyawan dalam batas wajar.,NOT_CANDIDATE,0.0,0.0,Upah rata-rata Rp7.831.600/orang di atas 1.5× UMR (Rp2.191.238); tidak masuk kandidat awal.,NORMAL,0.0,0.0,Setoran sesuai dengan yang seharusnya (selisih dalam toleransi 2% / Rp10.000).,0,-
EMP-0749,UNDER_REPORTING_WAGE,B,NORMAL,0.0,0.0,Pergerakan jumlah karyawan dalam batas wajar.,NOT_CANDIDATE,0.0,0.0,Upah rata-rata Rp5.168.850/orang di atas 1.5× UMR (Rp2.305.985); tidak masuk kandidat awal.,ONE_OFF_GAP,0.037,0.49,"Kurang setor pada 2025-02, tetapi tidak berulang berturut-turut — dianggap wajar.",0,-
EMP-0750,CLEAN,CLEAN,NORMAL,0.0,0.0,Pergerakan jumlah karyawan dalam batas wajar.,NOT_CANDIDATE,0.0,0.0,Upah rata-rata Rp7.681.550/orang di atas 1.5× UMR (Rp2.305.985); tidak masuk kandidat awal.,NORMAL,0.0,0.0,Setoran sesuai dengan yang seharusnya (selisih dalam toleransi 2% / Rp10.000).,0,-
EMP-0751,CLEAN,CLEAN,NORMAL,0.0,0.0,Pergerakan jumlah karyawan dalam batas wajar.,NOT_CANDIDATE,0.0,0.0,Upah rata-rata Rp8.333.400/orang di atas 1.5× UMR (Rp2.305.985); tidak masuk kandidat awal.,NORMAL,0.0,0.0,Setoran sesuai dengan yang seharusnya (selisih dalam toleransi 2% / Rp10.000).,0,-
EMP-0752,CLEAN,CLEAN,NORMAL,0.0,0.0,Pergerakan jumlah karyawan dalam batas wajar.,NOT_CANDIDATE,0.0,0.0,Upah rata-rata Rp8.348.900/orang di atas 1.5× UMR (Rp2.305.985); tidak masuk kandidat awal.,ONE_OFF_GAP,0.0232,0.49,"Kurang setor pada 2025-04, tetapi tidak berulang berturut-turut — dianggap wajar.",0,-
EMP-0753,CLEAN,CLEAN,NORMAL,0.0,0.0,Pergerakan jumlah karyawan dalam batas wajar.,NOT_CANDIDATE,0.0,0.0,Upah rata-rata Rp8.023.200/orang di atas 1.5× UMR (Rp2.305.985); tidak masuk kandidat awal.,NORMAL,0.0,0.0,Setoran sesuai dengan yang seharusnya (selisih dalam toleransi 2% / Rp10.000).,0,-
EMP-0754,CLEAN,CLEAN,NORMAL,0.0,0.0,Pergerakan jumlah karyawan dalam batas wajar.,NOT_CANDIDATE,0.0,0.0,Upah rata-rata Rp8.421.550/orang di atas 1.5× UMR (Rp2.305.985); tidak masuk kandidat awal.,NORMAL,0.0,0.0,Setoran sesuai dengan yang seharusnya (selisih dalam toleransi 2% / Rp10.000).,0,-
EMP-0755,CLEAN,CLEAN,NORMAL,0.0,0.0,Pergerakan jumlah karyawan dalam batas wajar.,NOT_CANDIDATE,0.0,0.0,Upah rata-rata Rp8.299.400/orang di atas 1.5× UMR (Rp2.305.985); tidak masuk kandidat awal.,NORMAL,0.0,0.0,Setoran sesuai dengan yang seharusnya (selisih dalam toleransi 2% / Rp10.000).,0,-
EMP-0756,CLEAN,CLEAN,NORMAL,0.0,0.0,Pergerakan jumlah karyawan dalam batas wajar.,NOT_CANDIDATE,0.0,0.0,Upah rata-rata Rp7.724.850/orang di atas 1.5× UMR (Rp2.305.985); tidak masuk kandidat awal.,NORMAL,0.0,0.0,Setoran sesuai dengan yang seharusnya (selisih dalam toleransi 2% / Rp10.000).,0,-
EMP-0757,CLEAN,CLEAN,NORMAL,0.0,0.0,Pergerakan jumlah karyawan dalam batas wajar.,NOT_CANDIDATE,0.0,0.0,Upah rata-rata Rp8.058.800/orang di atas 1.5× UMR (Rp2.305.985); tidak masuk kandidat awal.,NORMAL,0.0,0.0,Setoran sesuai dengan yang seharusnya (selisih dalam toleransi 2% / Rp10.000).,0,-
EMP-0758,CLEAN,CLEAN,NORMAL,0.0,0.0,Pergerakan jumlah karyawan dalam batas wajar.,NOT_CANDIDATE,0.0,0.0,Upah rata-rata Rp8.330.500/orang di atas 1.5× UMR (Rp2.305.985); tidak masuk kandidat awal.,NORMAL,0.0,0.0,Setoran sesuai dengan yang seharusnya (selisih dalam toleransi 2% / Rp10.000).,0,-
EMP-0759,CLEAN,CLEAN,NORMAL,0.0,0.0,Pergerakan jumlah karyawan dalam batas wajar.,NOT_CANDIDATE,0.0,0.0,Upah rata-rata Rp8.217.550/orang di atas 1.5× UMR (Rp2.305.985); tidak masuk kandidat awal.,NORMAL,0.0,0.0,Setoran sesuai dengan yang seharusnya (selisih dalam toleransi 2% / Rp10.000).,0,-
EMP-0760,CLEAN,CLEAN,NORMAL,0.0,0.0,Pergerakan jumlah karyawan dalam batas wajar.,NOT_CANDIDATE,0.0,0.0,Upah rata-rata Rp7.925.550/orang di atas 1.5× UMR (Rp2.305.985); tidak masuk kandidat awal.,NORMAL,0.0,0.0,Setoran sesuai dengan yang seharusnya (selisih dalam toleransi 2% / Rp10.000).,0,-
EMP-0761,CLEAN,CLEAN,NORMAL,0.0,0.0,Pergerakan jumlah karyawan dalam batas wajar.,NOT_CANDIDATE,0.0,0.0,Upah rata-rata Rp8.243.500/orang di atas 1.5× UMR (Rp2.305.985); tidak masuk kandidat awal.,NORMAL,0.0,0.0,Setoran sesuai dengan yang seharusnya (selisih dalam toleransi 2% / Rp10.000).,0,-
EMP-0762,COLD_START,(tidak dikenal),INSUFFICIENT_DATA,,,Riwayat data baru 2 bulan (< 3); belum bisa dinilai.,INSUFFICIENT_DATA,,,Data upah baru 2 bulan (< 3); belum bisa dinilai.,NORMAL,0.0,0.0,Setoran sesuai dengan yang seharusnya (selisih dalam toleransi 2% / Rp10.000).,0,-
EMP-0763,CLEAN,CLEAN,NORMAL,0.0,0.0,Pergerakan jumlah karyawan dalam batas wajar.,NOT_CANDIDATE,0.0,0.0,Upah rata-rata Rp8.363.650/orang di atas 1.5× UMR (Rp2.305.985); tidak masuk kandidat awal.,ONE_OFF_GAP,0.0316,0.49,"Kurang setor pada 2025-02, tetapi tidak berulang berturut-turut — dianggap wajar.",0,-
EMP-0764,CLEAN,CLEAN,NORMAL,0.0,0.0,Pergerakan jumlah karyawan dalam batas wajar.,NOT_CANDIDATE,0.0,0.0,Upah rata-rata Rp8.294.950/orang di atas 1.5× UMR (Rp2.305.985); tidak masuk kandidat awal.,NORMAL,0.0,0.0,Setoran sesuai dengan yang seharusnya (selisih dalam toleransi 2% / Rp10.000).,0,-
EMP-0765,CLEAN,CLEAN,NORMAL,0.0,0.0,Pergerakan jumlah karyawan dalam batas wajar.,NOT_CANDIDATE,0.0,0.0,Upah rata-rata Rp8.187.550/orang di atas 1.5× UMR (Rp2.305.985); tidak masuk kandidat awal.,ONE_OFF_GAP,0.0224,0.49,"Kurang setor pada 2025-05, tetapi tidak berulang berturut-turut — dianggap wajar.",0,-
EMP-0766,CLEAN,CLEAN,NORMAL,0.0,0.0,Pergerakan jumlah karyawan dalam batas wajar.,NOT_CANDIDATE,0.0,0.0,Upah rata-rata Rp8.452.150/orang di atas 1.5× UMR (Rp2.305.985); tidak masuk kandidat awal.,NORMAL,0.0,0.0,Setoran sesuai dengan yang seharusnya (selisih dalam toleransi 2% / Rp10.000).,0,-
EMP-0767,CLEAN,CLEAN,NORMAL,0.0,0.0,Pergerakan jumlah karyawan dalam batas wajar.,NOT_CANDIDATE,0.0,0.0,Upah rata-rata Rp8.091.950/orang di atas 1.5× UMR (Rp2.305.985); tidak masuk kandidat awal.,NORMAL,0.0,0.0,Setoran sesuai dengan yang seharusnya (selisih dalam toleransi 2% / Rp10.000).,0,-
EMP-0768,CLEAN,CLEAN,NORMAL,0.0,0.0,Pergerakan jumlah karyawan dalam batas wajar.,NOT_CANDIDATE,0.0,0.0,Upah rata-rata Rp7.814.450/orang di atas 1.5× UMR (Rp2.305.985); tidak masuk kandidat awal.,ONE_OFF_GAP,0.0297,0.49,"Kurang setor pada 2025-11, tetapi tidak berulang berturut-turut — dianggap wajar.",0,-
EMP-0769,CLEAN,CLEAN,NORMAL,0.0,0.0,Pergerakan jumlah karyawan dalam batas wajar.,NOT_CANDIDATE,0.0,0.0,Upah rata-rata Rp8.340.400/orang di atas 1.5× UMR (Rp2.305.985); tidak masuk kandidat awal.,NORMAL,0.0,0.0,Setoran sesuai dengan yang seharusnya (selisih dalam toleransi 2% / Rp10.000).,0,-
EMP-0770,CLEAN,CLEAN,NORMAL,0.0,0.0,Pergerakan jumlah karyawan dalam batas wajar.,NOT_CANDIDATE,0.0,0.0,Upah rata-rata Rp7.944.900/orang di atas 1.5× UMR (Rp2.305.985); tidak masuk kandidat awal.,NORMAL,0.0,0.0,Setoran sesuai dengan yang seharusnya (selisih dalam toleransi 2% / Rp10.000).,0,-
EMP-0771,CLEAN,CLEAN,NORMAL,0.0,0.0,Pergerakan jumlah karyawan dalam batas wajar.,NOT_CANDIDATE,0.0,0.0,Upah rata-rata Rp8.369.600/orang di atas 1.5× UMR (Rp2.305.985); tidak masuk kandidat awal.,NORMAL,0.0,0.0,Setoran sesuai dengan yang seharusnya (selisih dalam toleransi 2% / Rp10.000).,0,-
EMP-0772,CLEAN,CLEAN,NORMAL,0.0,0.0,Pergerakan jumlah karyawan dalam batas wajar.,NOT_CANDIDATE,0.0,0.0,Upah rata-rata Rp8.190.000/orang di atas 1.5× UMR (Rp2.305.985); tidak masuk kandidat awal.,NORMAL,0.0,0.0,Setoran sesuai dengan yang seharusnya (selisih dalam toleransi 2% / Rp10.000).,0,-
EMP-0773,CLEAN,CLEAN,NORMAL,0.0,0.0,Pergerakan jumlah karyawan dalam batas wajar.,NOT_CANDIDATE,0.0,0.0,Upah rata-rata Rp8.062.900/orang di atas 1.5× UMR (Rp2.305.985); tidak masuk kandidat awal.,NORMAL,0.0,0.0,Setoran sesuai dengan yang seharusnya (selisih dalam toleransi 2% / Rp10.000).,0,-
EMP-0774,CLEAN,CLEAN,NORMAL,0.0,0.0,Pergerakan jumlah karyawan dalam batas wajar.,NOT_CANDIDATE,0.0,0.0,Upah rata-rata Rp7.929.300/orang di atas 1.5× UMR (Rp2.305.985); tidak masuk kandidat awal.,NORMAL,0.0,0.0,Setoran sesuai dengan yang seharusnya (selisih dalam toleransi 2% / Rp10.000).,0,-
EMP-0775,CLEAN,CLEAN,NORMAL,0.0,0.0,Pergerakan jumlah karyawan dalam batas wajar.,NOT_CANDIDATE,0.0,0.0,Upah rata-rata Rp7.746.300/orang di atas 1.5× UMR (Rp2.305.985); tidak masuk kandidat awal.,NORMAL,0.0,0.0,Setoran sesuai dengan yang seharusnya (selisih dalam toleransi 2% / Rp10.000).,0,-
EMP-0776,CLEAN,CLEAN,NORMAL,0.0,0.0,Pergerakan jumlah karyawan dalam batas wajar.,NOT_CANDIDATE,0.0,0.0,Upah rata-rata Rp8.162.550/orang di atas 1.5× UMR (Rp2.305.985); tidak masuk kandidat awal.,NORMAL,0.0,0.0,Setoran sesuai dengan yang seharusnya (selisih dalam toleransi 2% / Rp10.000).,0,-
EMP-0777,CLEAN,CLEAN,NORMAL,0.0,0.0,Pergerakan jumlah karyawan dalam batas wajar.,NOT_CANDIDATE,0.0,0.0,Upah rata-rata Rp7.794.850/orang di atas 1.5× UMR (Rp2.305.985); tidak masuk kandidat awal.,NORMAL,0.0,0.0,Setoran sesuai dengan yang seharusnya (selisih dalam toleransi 2% / Rp10.000).,0,-
EMP-0778,CLEAN,CLEAN,NORMAL,0.0,0.0,Pergerakan jumlah karyawan dalam batas wajar.,NOT_CANDIDATE,0.0,0.0,Upah rata-rata Rp8.236.100/orang di atas 1.5× UMR (Rp2.305.985); tidak masuk kandidat awal.,NORMAL,0.0,0.0,Setoran sesuai dengan yang seharusnya (selisih dalam toleransi 2% / Rp10.000).,0,-
EMP-0779,CLEAN,CLEAN,NORMAL,0.0,0.0,Pergerakan jumlah karyawan dalam batas wajar.,NOT_CANDIDATE,0.0,0.0,Upah rata-rata Rp7.814.550/orang di atas 1.5× UMR (Rp2.305.985); tidak masuk kandidat awal.,NORMAL,0.0,0.0,Setoran sesuai dengan yang seharusnya (selisih dalam toleransi 2% / Rp10.000).,0,-
EMP-0780,CLEAN,CLEAN,NORMAL,0.0,0.0,Pergerakan jumlah karyawan dalam batas wajar.,NOT_CANDIDATE,0.0,0.0,Upah rata-rata Rp8.208.550/orang di atas 1.5× UMR (Rp2.305.985); tidak masuk kandidat awal.,NORMAL,0.0,0.0,Setoran sesuai dengan yang seharusnya (selisih dalam toleransi 2% / Rp10.000).,0,-
EMP-0781,CLEAN,CLEAN,NORMAL,0.0,0.0,Pergerakan jumlah karyawan dalam batas wajar.,NOT_CANDIDATE,0.0,0.0,Upah rata-rata Rp8.398.950/orang di atas 1.5× UMR (Rp2.305.985); tidak masuk kandidat awal.,NORMAL,0.0,0.0,Setoran sesuai dengan yang seharusnya (selisih dalam toleransi 2% / Rp10.000).,0,-
EMP-0782,CLEAN,CLEAN,NORMAL,0.0,0.0,Pergerakan jumlah karyawan dalam batas wajar.,NOT_CANDIDATE,0.0,0.0,Upah rata-rata Rp7.631.600/orang di atas 1.5× UMR (Rp2.305.985); tidak masuk kandidat awal.,NORMAL,0.0,0.0,Setoran sesuai dengan yang seharusnya (selisih dalam toleransi 2% / Rp10.000).,0,-
EMP-0783,CLEAN,CLEAN,NORMAL,0.0,0.0,Pergerakan jumlah karyawan dalam batas wajar.,NOT_CANDIDATE,0.0,0.0,Upah rata-rata Rp8.154.100/orang di atas 1.5× UMR (Rp2.992.559); tidak masuk kandidat awal.,NORMAL,0.0,0.0,Setoran sesuai dengan yang seharusnya (selisih dalam toleransi 2% / Rp10.000).,0,-
EMP-0784,CLEAN,CLEAN,NORMAL,0.0,0.0,Pergerakan jumlah karyawan dalam batas wajar.,NOT_CANDIDATE,0.0,0.0,Upah rata-rata Rp8.984.200/orang di atas 1.5× UMR (Rp2.992.559); tidak masuk kandidat awal.,NORMAL,0.0,0.0,Setoran sesuai dengan yang seharusnya (selisih dalam toleransi 2% / Rp10.000).,0,-
EMP-0785,CLEAN,CLEAN,NORMAL,0.0,0.0,Pergerakan jumlah karyawan dalam batas wajar.,NOT_CANDIDATE,0.0,0.0,Upah rata-rata Rp8.267.800/orang di atas 1.5× UMR (Rp2.992.559); tidak masuk kandidat awal.,ONE_OFF_GAP,0.0232,0.49,"Kurang setor pada 2025-01, tetapi tidak berulang berturut-turut — dianggap wajar.",0,-
EMP-0786,CLEAN,CLEAN,NORMAL,0.0,0.0,Pergerakan jumlah karyawan dalam batas wajar.,NOT_CANDIDATE,0.0,0.0,Upah rata-rata Rp8.949.600/orang di atas 1.5× UMR (Rp2.992.559); tidak masuk kandidat awal.,NORMAL,0.0,0.0,Setoran sesuai dengan yang seharusnya (selisih dalam toleransi 2% / Rp10.000).,0,-
EMP-0787,CLEAN,CLEAN,NORMAL,0.0,0.0,Pergerakan jumlah karyawan dalam batas wajar.,NOT_CANDIDATE,0.0,0.0,Upah rata-rata Rp8.511.950/orang di atas 1.5× UMR (Rp2.992.559); tidak masuk kandidat awal.,ONE_OFF_GAP,0.0238,0.49,"Kurang setor pada 2025-08, tetapi tidak berulang berturut-turut — dianggap wajar.",0,-
EMP-0788,CLEAN,CLEAN,NORMAL,0.0,0.0,Pergerakan jumlah karyawan dalam batas wajar.,NOT_CANDIDATE,0.0,0.0,Upah rata-rata Rp8.610.250/orang di atas 1.5× UMR (Rp2.992.559); tidak masuk kandidat awal.,NORMAL,0.0,0.0,Setoran sesuai dengan yang seharusnya (selisih dalam toleransi 2% / Rp10.000).,0,-
EMP-0789,COLD_START,(tidak dikenal),INSUFFICIENT_DATA,,,Riwayat data baru 2 bulan (< 3); belum bisa dinilai.,INSUFFICIENT_DATA,,,Data upah baru 2 bulan (< 3); belum bisa dinilai.,NORMAL,0.0,0.0,Setoran sesuai dengan yang seharusnya (selisih dalam toleransi 2% / Rp10.000).,0,-
EMP-0790,CLEAN,CLEAN,NORMAL,0.0,0.0,Pergerakan jumlah karyawan dalam batas wajar.,NOT_CANDIDATE,0.0,0.0,Upah rata-rata Rp8.825.550/orang di atas 1.5× UMR (Rp2.992.559); tidak masuk kandidat awal.,NORMAL,0.0,0.0,Setoran sesuai dengan yang seharusnya (selisih dalam toleransi 2% / Rp10.000).,0,-
EMP-0791,CLEAN,CLEAN,NORMAL,0.0,0.0,Pergerakan jumlah karyawan dalam batas wajar.,NOT_CANDIDATE,0.0,0.0,Upah rata-rata Rp8.938.500/orang di atas 1.5× UMR (Rp2.992.559); tidak masuk kandidat awal.,NORMAL,0.0,0.0,Setoran sesuai dengan yang seharusnya (selisih dalam toleransi 2% / Rp10.000).,0,-
EMP-0792,CLEAN,CLEAN,NORMAL,0.0,0.0,Pergerakan jumlah karyawan dalam batas wajar.,NOT_CANDIDATE,0.0,0.0,Upah rata-rata Rp8.867.100/orang di atas 1.5× UMR (Rp2.992.559); tidak masuk kandidat awal.,NORMAL,0.0,0.0,Setoran sesuai dengan yang seharusnya (selisih dalam toleransi 2% / Rp10.000).,0,-
EMP-0793,COLD_START,(tidak dikenal),INSUFFICIENT_DATA,,,Riwayat data baru 2 bulan (< 3); belum bisa dinilai.,INSUFFICIENT_DATA,,,Data upah baru 2 bulan (< 3); belum bisa dinilai.,NORMAL,0.0,0.0,Setoran sesuai dengan yang seharusnya (selisih dalam toleransi 2% / Rp10.000).,0,-
EMP-0794,CLEAN,CLEAN,NORMAL,0.0,0.0,Pergerakan jumlah karyawan dalam batas wajar.,NOT_CANDIDATE,0.0,0.0,Upah rata-rata Rp8.523.800/orang di atas 1.5× UMR (Rp2.992.559); tidak masuk kandidat awal.,ONE_OFF_GAP,0.0224,0.49,"Kurang setor pada 2025-10, tetapi tidak berulang berturut-turut — dianggap wajar.",0,-
EMP-0795,CLEAN,CLEAN,NORMAL,0.0,0.0,Pergerakan jumlah karyawan dalam batas wajar.,NOT_CANDIDATE,0.0,0.0,Upah rata-rata Rp8.726.850/orang di atas 1.5× UMR (Rp2.992.559); tidak masuk kandidat awal.,NORMAL,0.0,0.0,Setoran sesuai dengan yang seharusnya (selisih dalam toleransi 2% / Rp10.000).,0,-
EMP-0796,CLEAN,CLEAN,NORMAL,0.0,0.0,Pergerakan jumlah karyawan dalam batas wajar.,NOT_CANDIDATE,0.0,0.0,Upah rata-rata Rp8.299.600/orang di atas 1.5× UMR (Rp2.992.559); tidak masuk kandidat awal.,ONE_OFF_GAP,0.0205,0.49,"Kurang setor pada 2025-12, tetapi tidak berulang berturut-turut — dianggap wajar.",0,-
EMP-0797,CLEAN,CLEAN,NORMAL,0.0,0.0,Pergerakan jumlah karyawan dalam batas wajar.,NOT_CANDIDATE,0.0,0.0,Upah rata-rata Rp8.516.850/orang di atas 1.5× UMR (Rp2.992.559); tidak masuk kandidat awal.,ONE_OFF_GAP,0.0241,0.49,"Kurang setor pada 2025-09, tetapi tidak berulang berturut-turut — dianggap wajar.",0,-
EMP-0798,CLEAN,CLEAN,NORMAL,0.0,0.0,Pergerakan jumlah karyawan dalam batas wajar.,NOT_CANDIDATE,0.0,0.0,Upah rata-rata Rp8.318.100/orang di atas 1.5× UMR (Rp2.992.559); tidak masuk kandidat awal.,NORMAL,0.0,0.0,Setoran sesuai dengan yang seharusnya (selisih dalam toleransi 2% / Rp10.000).,0,-
EMP-0799,CLEAN,CLEAN,NORMAL,0.0,0.0,Pergerakan jumlah karyawan dalam batas wajar.,NOT_CANDIDATE,0.0,0.0,Upah rata-rata Rp8.225.150/orang di atas 1.5× UMR (Rp2.992.559); tidak masuk kandidat awal.,ONE_OFF_GAP,0.0229,0.49,"Kurang setor pada 2025-11, tetapi tidak berulang berturut-turut — dianggap wajar.",0,-
EMP-0800,CLEAN,CLEAN,NORMAL,0.0,0.0,Pergerakan jumlah karyawan dalam batas wajar.,NOT_CANDIDATE,0.0,0.0,Upah rata-rata Rp8.755.600/orang di atas 1.5× UMR (Rp2.992.559); tidak masuk kandidat awal.,NORMAL,0.0,0.0,Setoran sesuai dengan yang seharusnya (selisih dalam toleransi 2% / Rp10.000).,0,-
EMP-0801,CLEAN,CLEAN,NORMAL,0.0,0.0,Pergerakan jumlah karyawan dalam batas wajar.,NOT_CANDIDATE,0.0,0.0,Upah rata-rata Rp8.566.650/orang di atas 1.5× UMR (Rp2.992.559); tidak masuk kandidat awal.,ONE_OFF_GAP,0.0223,0.49,"Kurang setor pada 2025-12, tetapi tidak berulang berturut-turut — dianggap wajar.",0,-
EMP-0802,CLEAN,CLEAN,NORMAL,0.0,0.0,Pergerakan jumlah karyawan dalam batas wajar.,NOT_CANDIDATE,0.0,0.0,Upah rata-rata Rp8.375.300/orang di atas 1.5× UMR (Rp2.992.559); tidak masuk kandidat awal.,NORMAL,0.0,0.0,Setoran sesuai dengan yang seharusnya (selisih dalam toleransi 2% / Rp10.000).,0,-
EMP-0803,CLEAN,CLEAN,NORMAL,0.0,0.0,Pergerakan jumlah karyawan dalam batas wajar.,NOT_CANDIDATE,0.0,0.0,Upah rata-rata Rp8.243.550/orang di atas 1.5× UMR (Rp2.992.559); tidak masuk kandidat awal.,NORMAL,0.0,0.0,Setoran sesuai dengan yang seharusnya (selisih dalam toleransi 2% / Rp10.000).,0,-
EMP-0804,CLEAN,CLEAN,NORMAL,0.0,0.0,Pergerakan jumlah karyawan dalam batas wajar.,NOT_CANDIDATE,0.0,0.0,Upah rata-rata Rp8.795.650/orang di atas 1.5× UMR (Rp2.992.559); tidak masuk kandidat awal.,NORMAL,0.0,0.0,Setoran sesuai dengan yang seharusnya (selisih dalam toleransi 2% / Rp10.000).,0,-
EMP-0805,CLEAN,CLEAN,NORMAL,0.0,0.0,Pergerakan jumlah karyawan dalam batas wajar.,NOT_CANDIDATE,0.0,0.0,Upah rata-rata Rp8.448.400/orang di atas 1.5× UMR (Rp2.992.559); tidak masuk kandidat awal.,NORMAL,0.0,0.0,Setoran sesuai dengan yang seharusnya (selisih dalam toleransi 2% / Rp10.000).,0,-
EMP-0806,PDUK,A,FLAGGED,23.23,1.0,"Perlu dicek — indikasi sembunyiin karyawan: jumlah karyawan turun 416 orang (46%) pada 2025-08 (904→488), jauh di luar pola biasanya (z=-23.2); hanya 1 orang tercatat resign.",NOT_CANDIDATE,0.0,0.0,Upah rata-rata Rp8.446.450/orang di atas 1.5× UMR (Rp2.992.559); tidak masuk kandidat awal.,NORMAL,0.0,0.0,Setoran sesuai dengan yang seharusnya (selisih dalam toleransi 2% / Rp10.000).,1,A
EMP-0807,CLEAN,CLEAN,NORMAL,0.0,0.0,Pergerakan jumlah karyawan dalam batas wajar.,NOT_CANDIDATE,0.0,0.0,Upah rata-rata Rp8.672.150/orang di atas 1.5× UMR (Rp2.992.559); tidak masuk kandidat awal.,NORMAL,0.0,0.0,Setoran sesuai dengan yang seharusnya (selisih dalam toleransi 2% / Rp10.000).,0,-
EMP-0808,CLEAN,CLEAN,NORMAL,0.0,0.0,Pergerakan jumlah karyawan dalam batas wajar.,NOT_CANDIDATE,0.0,0.0,Upah rata-rata Rp8.189.200/orang di atas 1.5× UMR (Rp2.992.559); tidak masuk kandidat awal.,NORMAL,0.0,0.0,Setoran sesuai dengan yang seharusnya (selisih dalam toleransi 2% / Rp10.000).,0,-
EMP-0809,CLEAN,CLEAN,NORMAL,0.0,0.0,Pergerakan jumlah karyawan dalam batas wajar.,NOT_CANDIDATE,0.0,0.0,Upah rata-rata Rp8.506.050/orang di atas 1.5× UMR (Rp2.992.559); tidak masuk kandidat awal.,NORMAL,0.0,0.0,Setoran sesuai dengan yang seharusnya (selisih dalam toleransi 2% / Rp10.000).,0,-
EMP-0810,CLEAN,CLEAN,NORMAL,0.0,0.0,Pergerakan jumlah karyawan dalam batas wajar.,NOT_CANDIDATE,0.0,0.0,Upah rata-rata Rp8.200.800/orang di atas 1.5× UMR (Rp2.992.559); tidak masuk kandidat awal.,NORMAL,0.0,0.0,Setoran sesuai dengan yang seharusnya (selisih dalam toleransi 2% / Rp10.000).,0,-
EMP-0811,COLD_START,(tidak dikenal),INSUFFICIENT_DATA,,,Riwayat data baru 2 bulan (< 3); belum bisa dinilai.,INSUFFICIENT_DATA,,,Data upah baru 2 bulan (< 3); belum bisa dinilai.,NORMAL,0.0,0.0,Setoran sesuai dengan yang seharusnya (selisih dalam toleransi 2% / Rp10.000).,0,-
EMP-0812,CLEAN,CLEAN,NORMAL,0.0,0.0,Pergerakan jumlah karyawan dalam batas wajar.,NOT_CANDIDATE,0.0,0.0,Upah rata-rata Rp8.977.050/orang di atas 1.5× UMR (Rp2.992.559); tidak masuk kandidat awal.,ONE_OFF_GAP,0.0245,0.49,"Kurang setor pada 2025-01, tetapi tidak berulang berturut-turut — dianggap wajar.",0,-
EMP-0813,CLEAN,CLEAN,NORMAL,0.0,0.0,Pergerakan jumlah karyawan dalam batas wajar.,NOT_CANDIDATE,0.0,0.0,Upah rata-rata Rp8.239.650/orang di atas 1.5× UMR (Rp2.992.559); tidak masuk kandidat awal.,NORMAL,0.0,0.0,Setoran sesuai dengan yang seharusnya (selisih dalam toleransi 2% / Rp10.000).,0,-
EMP-0814,CLEAN,CLEAN,NORMAL,0.0,0.0,Pergerakan jumlah karyawan dalam batas wajar.,NOT_CANDIDATE,0.0,0.0,Upah rata-rata Rp8.472.750/orang di atas 1.5× UMR (Rp2.992.559); tidak masuk kandidat awal.,NORMAL,0.0,0.0,Setoran sesuai dengan yang seharusnya (selisih dalam toleransi 2% / Rp10.000).,0,-
EMP-0815,CLEAN,CLEAN,NORMAL,0.0,0.0,Pergerakan jumlah karyawan dalam batas wajar.,NOT_CANDIDATE,0.0,0.0,Upah rata-rata Rp8.509.800/orang di atas 1.5× UMR (Rp2.992.559); tidak masuk kandidat awal.,NORMAL,0.0,0.0,Setoran sesuai dengan yang seharusnya (selisih dalam toleransi 2% / Rp10.000).,0,-
EMP-0816,CLEAN,CLEAN,NORMAL,0.0,0.0,Pergerakan jumlah karyawan dalam batas wajar.,NOT_CANDIDATE,0.0,0.0,Upah rata-rata Rp8.677.150/orang di atas 1.5× UMR (Rp2.992.559); tidak masuk kandidat awal.,NORMAL,0.0,0.0,Setoran sesuai dengan yang seharusnya (selisih dalam toleransi 2% / Rp10.000).,0,-
EMP-0817,UNDER_REPORTING_WAGE,B,NORMAL,0.0,0.0,Pergerakan jumlah karyawan dalam batas wajar.,FLAGGED,8.844,1.0,"Perlu dicek — indikasi lapor gaji lebih rendah dari aslinya: upah dilaporkan Rp4.279.000/orang, 36% di bawah median perusahaan sejenis (Rp6.710.100; sektor=Teknologi & Digital | wilayah=Sulawesi Selatan | skala=Kecil, n=34), 8.8 IQR di bawah median, konsisten di 12/12 bulan.",ONE_OFF_GAP,0.0283,0.49,"Kurang setor pada 2025-07, tetapi tidak berulang berturut-turut — dianggap wajar.",1,B
EMP-0818,CLEAN,CLEAN,NORMAL,0.0,0.0,Pergerakan jumlah karyawan dalam batas wajar.,NOT_CANDIDATE,0.0,0.0,Upah rata-rata Rp6.796.100/orang di atas 1.5× UMR (Rp3.657.527); tidak masuk kandidat awal.,ONE_OFF_GAP,0.0226,0.49,"Kurang setor pada 2025-10, tetapi tidak berulang berturut-turut — dianggap wajar.",0,-
EMP-0819,CLEAN_MUTASI_SAH,(tidak dikenal),EXPLAINED_BY_RESIGN,0.0,0.0,"Ada penurunan 17 orang pada 2025-06, tetapi sesuai catatan resign/mutasi resmi (18 orang) — dianggap wajar.",NOT_CANDIDATE,0.0,0.0,Upah rata-rata Rp6.826.500/orang di atas 1.5× UMR (Rp3.657.527); tidak masuk kandidat awal.,NORMAL,0.0,0.0,Setoran sesuai dengan yang seharusnya (selisih dalam toleransi 2% / Rp10.000).,0,-
EMP-0820,CLEAN_MUTASI_SAH,(tidak dikenal),EXPLAINED_BY_RESIGN,0.0,0.0,"Ada penurunan 21 orang pada 2025-08, tetapi sesuai catatan resign/mutasi resmi (22 orang) — dianggap wajar.",NOT_CANDIDATE,0.0,0.0,Upah rata-rata Rp6.429.100/orang di atas 1.5× UMR (Rp3.657.527); tidak masuk kandidat awal.,NORMAL,0.0,0.0,Setoran sesuai dengan yang seharusnya (selisih dalam toleransi 2% / Rp10.000).,0,-
EMP-0821,CLEAN,CLEAN,NORMAL,0.0,0.0,Pergerakan jumlah karyawan dalam batas wajar.,NOT_CANDIDATE,0.0,0.0,Upah rata-rata Rp6.858.950/orang di atas 1.5× UMR (Rp3.657.527); tidak masuk kandidat awal.,ONE_OFF_GAP,0.0218,0.49,"Kurang setor pada 2025-05, tetapi tidak berulang berturut-turut — dianggap wajar.",0,-
EMP-0822,CLEAN,CLEAN,NORMAL,0.0,0.0,Pergerakan jumlah karyawan dalam batas wajar.,NOT_CANDIDATE,0.0,0.0,Upah rata-rata Rp6.887.300/orang di atas 1.5× UMR (Rp3.657.527); tidak masuk kandidat awal.,NORMAL,0.0,0.0,Setoran sesuai dengan yang seharusnya (selisih dalam toleransi 2% / Rp10.000).,0,-
EMP-0823,CLEAN,CLEAN,NORMAL,0.0,0.0,Pergerakan jumlah karyawan dalam batas wajar.,NOT_CANDIDATE,0.0,0.0,Upah rata-rata Rp6.556.350/orang di atas 1.5× UMR (Rp3.657.527); tidak masuk kandidat awal.,ONE_OFF_GAP,0.0221,0.49,"Kurang setor pada 2025-05, tetapi tidak berulang berturut-turut — dianggap wajar.",0,-
EMP-0824,CLEAN,CLEAN,NORMAL,0.0,0.0,Pergerakan jumlah karyawan dalam batas wajar.,NOT_CANDIDATE,0.0,0.0,Upah rata-rata Rp6.482.950/orang di atas 1.5× UMR (Rp3.657.527); tidak masuk kandidat awal.,NORMAL,0.0,0.0,Setoran sesuai dengan yang seharusnya (selisih dalam toleransi 2% / Rp10.000).,0,-
EMP-0825,CLEAN,CLEAN,NORMAL,0.0,0.0,Pergerakan jumlah karyawan dalam batas wajar.,NOT_CANDIDATE,0.0,0.0,Upah rata-rata Rp6.897.800/orang di atas 1.5× UMR (Rp3.657.527); tidak masuk kandidat awal.,NORMAL,0.0,0.0,Setoran sesuai dengan yang seharusnya (selisih dalam toleransi 2% / Rp10.000).,0,-
EMP-0826,CLEAN,CLEAN,NORMAL,0.0,0.0,Pergerakan jumlah karyawan dalam batas wajar.,NOT_CANDIDATE,0.0,0.0,Upah rata-rata Rp6.484.350/orang di atas 1.5× UMR (Rp3.657.527); tidak masuk kandidat awal.,ONE_OFF_GAP,0.0202,0.49,"Kurang setor pada 2025-02, tetapi tidak berulang berturut-turut — dianggap wajar.",0,-
EMP-0827,CLEAN,CLEAN,NORMAL,0.0,0.0,Pergerakan jumlah karyawan dalam batas wajar.,NOT_CANDIDATE,0.0,0.0,Upah rata-rata Rp6.530.750/orang di atas 1.5× UMR (Rp3.657.527); tidak masuk kandidat awal.,NORMAL,0.0,0.0,Setoran sesuai dengan yang seharusnya (selisih dalam toleransi 2% / Rp10.000).,0,-
EMP-0828,CLEAN,CLEAN,NORMAL,0.0,0.0,Pergerakan jumlah karyawan dalam batas wajar.,NOT_CANDIDATE,0.0,0.0,Upah rata-rata Rp6.546.000/orang di atas 1.5× UMR (Rp3.657.527); tidak masuk kandidat awal.,NORMAL,0.0,0.0,Setoran sesuai dengan yang seharusnya (selisih dalam toleransi 2% / Rp10.000).,0,-
EMP-0829,CLEAN,CLEAN,NORMAL,0.0,0.0,Pergerakan jumlah karyawan dalam batas wajar.,NOT_CANDIDATE,0.0,0.0,Upah rata-rata Rp6.936.000/orang di atas 1.5× UMR (Rp3.657.527); tidak masuk kandidat awal.,ONE_OFF_GAP,0.021,0.49,"Kurang setor pada 2025-06, tetapi tidak berulang berturut-turut — dianggap wajar.",0,-
EMP-0830,UNDER_REPORTING_WAGE,B,NORMAL,0.0,0.0,Pergerakan jumlah karyawan dalam batas wajar.,FLAGGED,7.334,1.0,"Perlu dicek — indikasi lapor gaji lebih rendah dari aslinya: upah dilaporkan Rp4.620.200/orang, 31% di bawah median perusahaan sejenis (Rp6.710.100; sektor=Teknologi & Digital | wilayah=Sulawesi Selatan | skala=Kecil, n=34), 7.3 IQR di bawah median, konsisten di 12/12 bulan.",NORMAL,0.0,0.0,Setoran sesuai dengan yang seharusnya (selisih dalam toleransi 2% / Rp10.000).,1,B
EMP-0831,CLEAN,CLEAN,NORMAL,0.0,0.0,Pergerakan jumlah karyawan dalam batas wajar.,NOT_CANDIDATE,0.0,0.0,Upah rata-rata Rp7.067.000/orang di atas 1.5× UMR (Rp3.657.527); tidak masuk kandidat awal.,NORMAL,0.0,0.0,Setoran sesuai dengan yang seharusnya (selisih dalam toleransi 2% / Rp10.000).,0,-
EMP-0832,CLEAN,CLEAN,NORMAL,0.0,0.0,Pergerakan jumlah karyawan dalam batas wajar.,NOT_CANDIDATE,0.0,0.0,Upah rata-rata Rp6.473.500/orang di atas 1.5× UMR (Rp3.657.527); tidak masuk kandidat awal.,NORMAL,0.0,0.0,Setoran sesuai dengan yang seharusnya (selisih dalam toleransi 2% / Rp10.000).,0,-
EMP-0833,CLEAN,CLEAN,NORMAL,0.0,0.0,Pergerakan jumlah karyawan dalam batas wajar.,NOT_CANDIDATE,0.0,0.0,Upah rata-rata Rp6.931.900/orang di atas 1.5× UMR (Rp3.657.527); tidak masuk kandidat awal.,NORMAL,0.0,0.0,Setoran sesuai dengan yang seharusnya (selisih dalam toleransi 2% / Rp10.000).,0,-
EMP-0834,CLEAN,CLEAN,NORMAL,0.0,0.0,Pergerakan jumlah karyawan dalam batas wajar.,NOT_CANDIDATE,0.0,0.0,Upah rata-rata Rp6.597.300/orang di atas 1.5× UMR (Rp3.657.527); tidak masuk kandidat awal.,NORMAL,0.0,0.0,Setoran sesuai dengan yang seharusnya (selisih dalam toleransi 2% / Rp10.000).,0,-
EMP-0835,CLEAN,CLEAN,NORMAL,0.0,0.0,Pergerakan jumlah karyawan dalam batas wajar.,NOT_CANDIDATE,0.0,0.0,Upah rata-rata Rp6.772.750/orang di atas 1.5× UMR (Rp3.657.527); tidak masuk kandidat awal.,NORMAL,0.0,0.0,Setoran sesuai dengan yang seharusnya (selisih dalam toleransi 2% / Rp10.000).,0,-
EMP-0836,CLEAN,CLEAN,NORMAL,0.0,0.0,Pergerakan jumlah karyawan dalam batas wajar.,NOT_CANDIDATE,0.0,0.0,Upah rata-rata Rp6.666.950/orang di atas 1.5× UMR (Rp3.657.527); tidak masuk kandidat awal.,ONE_OFF_GAP,0.022,0.49,"Kurang setor pada 2025-04, tetapi tidak berulang berturut-turut — dianggap wajar.",0,-
EMP-0837,CLEAN,CLEAN,NORMAL,0.0,0.0,Pergerakan jumlah karyawan dalam batas wajar.,NOT_CANDIDATE,0.0,0.0,Upah rata-rata Rp7.049.650/orang di atas 1.5× UMR (Rp3.657.527); tidak masuk kandidat awal.,NORMAL,0.0,0.0,Setoran sesuai dengan yang seharusnya (selisih dalam toleransi 2% / Rp10.000).,0,-
EMP-0838,CLEAN,CLEAN,NORMAL,0.0,0.0,Pergerakan jumlah karyawan dalam batas wajar.,NOT_CANDIDATE,0.0,0.0,Upah rata-rata Rp6.773.400/orang di atas 1.5× UMR (Rp3.657.527); tidak masuk kandidat awal.,FLAGGED,0.0301,0.522,Setoran iuran rata-rata 3% di bawah yang seharusnya selama 2 bulan berturut-turut (2025-01 s/d 2025-02); total kekurangan Rp911.000.,1,C
EMP-0839,COLD_START,(tidak dikenal),INSUFFICIENT_DATA,,,Riwayat data baru 2 bulan (< 3); belum bisa dinilai.,INSUFFICIENT_DATA,,,Data upah baru 2 bulan (< 3); belum bisa dinilai.,NORMAL,0.0,0.0,Setoran sesuai dengan yang seharusnya (selisih dalam toleransi 2% / Rp10.000).,0,-
EMP-0840,CLEAN,CLEAN,NORMAL,0.0,0.0,Pergerakan jumlah karyawan dalam batas wajar.,NOT_CANDIDATE,0.0,0.0,Upah rata-rata Rp6.695.600/orang di atas 1.5× UMR (Rp3.657.527); tidak masuk kandidat awal.,ONE_OFF_GAP,0.0215,0.49,"Kurang setor pada 2025-01, tetapi tidak berulang berturut-turut — dianggap wajar.",0,-
EMP-0841,CLEAN,CLEAN,NORMAL,0.0,0.0,Pergerakan jumlah karyawan dalam batas wajar.,NOT_CANDIDATE,0.0,0.0,Upah rata-rata Rp6.580.500/orang di atas 1.5× UMR (Rp3.657.527); tidak masuk kandidat awal.,ONE_OFF_GAP,0.0215,0.49,"Kurang setor pada 2025-11, tetapi tidak berulang berturut-turut — dianggap wajar.",0,-
EMP-0842,CLEAN,CLEAN,NORMAL,0.0,0.0,Pergerakan jumlah karyawan dalam batas wajar.,NOT_CANDIDATE,0.0,0.0,Upah rata-rata Rp6.719.050/orang di atas 1.5× UMR (Rp3.657.527); tidak masuk kandidat awal.,NORMAL,0.0,0.0,Setoran sesuai dengan yang seharusnya (selisih dalam toleransi 2% / Rp10.000).,0,-
EMP-0843,CLEAN,CLEAN,NORMAL,0.0,0.0,Pergerakan jumlah karyawan dalam batas wajar.,NOT_CANDIDATE,0.0,0.0,Upah rata-rata Rp6.908.050/orang di atas 1.5× UMR (Rp3.657.527); tidak masuk kandidat awal.,ONE_OFF_GAP,0.024,0.49,"Kurang setor pada 2025-04, tetapi tidak berulang berturut-turut — dianggap wajar.",0,-
EMP-0844,CLEAN,CLEAN,NORMAL,0.0,0.0,Pergerakan jumlah karyawan dalam batas wajar.,NOT_CANDIDATE,0.0,0.0,Upah rata-rata Rp6.647.450/orang di atas 1.5× UMR (Rp3.657.527); tidak masuk kandidat awal.,ONE_OFF_GAP,0.0261,0.49,"Kurang setor pada 2025-12, tetapi tidak berulang berturut-turut — dianggap wajar.",0,-
EMP-0845,CLEAN,CLEAN,NORMAL,0.0,0.0,Pergerakan jumlah karyawan dalam batas wajar.,NOT_CANDIDATE,0.0,0.0,Upah rata-rata Rp6.931.350/orang di atas 1.5× UMR (Rp3.657.527); tidak masuk kandidat awal.,NORMAL,0.0,0.0,Setoran sesuai dengan yang seharusnya (selisih dalam toleransi 2% / Rp10.000).,0,-
EMP-0846,CLEAN,CLEAN,NORMAL,0.0,0.0,Pergerakan jumlah karyawan dalam batas wajar.,NOT_CANDIDATE,0.0,0.0,Upah rata-rata Rp6.554.150/orang di atas 1.5× UMR (Rp3.657.527); tidak masuk kandidat awal.,ONE_OFF_GAP,0.0257,0.49,"Kurang setor pada 2025-02, tetapi tidak berulang berturut-turut — dianggap wajar.",0,-
EMP-0847,CLEAN,CLEAN,NORMAL,0.0,0.0,Pergerakan jumlah karyawan dalam batas wajar.,NOT_CANDIDATE,0.0,0.0,Upah rata-rata Rp6.665.700/orang di atas 1.5× UMR (Rp3.657.527); tidak masuk kandidat awal.,NORMAL,0.0,0.0,Setoran sesuai dengan yang seharusnya (selisih dalam toleransi 2% / Rp10.000).,0,-
EMP-0848,CLEAN,CLEAN,NORMAL,0.0,0.0,Pergerakan jumlah karyawan dalam batas wajar.,NOT_CANDIDATE,0.0,0.0,Upah rata-rata Rp6.713.550/orang di atas 1.5× UMR (Rp3.657.527); tidak masuk kandidat awal.,NORMAL,0.0,0.0,Setoran sesuai dengan yang seharusnya (selisih dalam toleransi 2% / Rp10.000).,0,-
EMP-0849,CLEAN,CLEAN,NORMAL,0.0,0.0,Pergerakan jumlah karyawan dalam batas wajar.,NOT_CANDIDATE,0.0,0.0,Upah rata-rata Rp7.112.800/orang di atas 1.5× UMR (Rp3.657.527); tidak masuk kandidat awal.,NORMAL,0.0,0.0,Setoran sesuai dengan yang seharusnya (selisih dalam toleransi 2% / Rp10.000).,0,-
EMP-0850,CLEAN,CLEAN,NORMAL,0.0,0.0,Pergerakan jumlah karyawan dalam batas wajar.,NOT_CANDIDATE,0.0,0.0,Upah rata-rata Rp6.660.250/orang di atas 1.5× UMR (Rp3.657.527); tidak masuk kandidat awal.,ONE_OFF_GAP,0.0211,0.49,"Kurang setor pada 2025-07, tetapi tidak berulang berturut-turut — dianggap wajar.",0,-
EMP-0851,UNDER_REPORTING_WAGE,B,NORMAL,0.0,0.0,Pergerakan jumlah karyawan dalam batas wajar.,FLAGGED,6.782,1.0,"Perlu dicek — indikasi lapor gaji lebih rendah dari aslinya: upah dilaporkan Rp2.757.200/orang, 29% di bawah median perusahaan sejenis (Rp3.864.500; sektor=Perkebunan & Agribisnis | wilayah=DKI Jakarta | skala=Menengah, n=34), 6.8 IQR di bawah median, konsisten di 12/12 bulan. Upah juga di bawah UMR, tetapi itu sendiri bukan dasar flag (urusan Disnaker).",NORMAL,0.0,0.0,Setoran sesuai dengan yang seharusnya (selisih dalam toleransi 2% / Rp10.000).,1,B
EMP-0852,CLEAN,CLEAN,NORMAL,0.0,0.0,Pergerakan jumlah karyawan dalam batas wajar.,NORMAL,0.0,0.0,"Upah sejalan dengan perusahaan sejenis (6% di atas median; sektor=Perkebunan & Agribisnis | wilayah=DKI Jakarta | skala=Menengah, n=34).",NORMAL,0.0,0.0,Setoran sesuai dengan yang seharusnya (selisih dalam toleransi 2% / Rp10.000).,0,-
EMP-0853,UNDER_REPORTING_WAGE,B,NORMAL,0.0,0.0,Pergerakan jumlah karyawan dalam batas wajar.,FLAGGED,8.011,1.0,"Perlu dicek — indikasi lapor gaji lebih rendah dari aslinya: upah dilaporkan Rp2.582.900/orang, 33% di bawah median perusahaan sejenis (Rp3.864.500; sektor=Perkebunan & Agribisnis | wilayah=DKI Jakarta | skala=Menengah, n=34), 8.0 IQR di bawah median, konsisten di 12/12 bulan. Upah juga di bawah UMR, tetapi itu sendiri bukan dasar flag (urusan Disnaker).",NORMAL,0.0,0.0,Setoran sesuai dengan yang seharusnya (selisih dalam toleransi 2% / Rp10.000).,1,B
EMP-0854,CLEAN,CLEAN,NORMAL,0.0,0.0,Pergerakan jumlah karyawan dalam batas wajar.,NORMAL,0.247,0.055,"Upah sejalan dengan perusahaan sejenis (1% di bawah median; sektor=Perkebunan & Agribisnis | wilayah=DKI Jakarta | skala=Menengah, n=34).",ONE_OFF_GAP,0.0209,0.49,"Kurang setor pada 2025-11, tetapi tidak berulang berturut-turut — dianggap wajar.",0,-
EMP-0855,CLEAN,CLEAN,NORMAL,0.0,0.0,Pergerakan jumlah karyawan dalam batas wajar.,NORMAL,0.0,0.0,"Upah sejalan dengan perusahaan sejenis (1% di atas median; sektor=Perkebunan & Agribisnis | wilayah=DKI Jakarta | skala=Menengah, n=34).",NORMAL,0.0,0.0,Setoran sesuai dengan yang seharusnya (selisih dalam toleransi 2% / Rp10.000).,0,-
EMP-0856,CLEAN,CLEAN,NORMAL,0.0,0.0,Pergerakan jumlah karyawan dalam batas wajar.,NORMAL,0.493,0.11,"Upah sejalan dengan perusahaan sejenis (3% di bawah median; sektor=Perkebunan & Agribisnis | wilayah=DKI Jakarta | skala=Menengah, n=34).",FLAGGED,0.0211,0.502,Setoran iuran rata-rata 2% di bawah yang seharusnya selama 2 bulan berturut-turut (2025-10 s/d 2025-11); total kekurangan Rp706.000.,1,C
EMP-0857,PDUK,A,FLAGGED,24.014,1.0,"Perlu dicek — indikasi sembunyiin karyawan: jumlah karyawan turun 45 orang (48%) pada 2025-09 (93→48), jauh di luar pola biasanya (z=-24.0); hanya 1 orang tercatat resign.",NORMAL,0.0,0.0,"Upah sejalan dengan perusahaan sejenis (2% di atas median; sektor=Perkebunan & Agribisnis | wilayah=DKI Jakarta | skala=Menengah, n=34).",NORMAL,0.0,0.0,Setoran sesuai dengan yang seharusnya (selisih dalam toleransi 2% / Rp10.000).,1,A
EMP-0858,CLEAN,CLEAN,NORMAL,0.0,0.0,Pergerakan jumlah karyawan dalam batas wajar.,NORMAL,0.149,0.033,"Upah sejalan dengan perusahaan sejenis (1% di bawah median; sektor=Perkebunan & Agribisnis | wilayah=DKI Jakarta | skala=Menengah, n=34).",NORMAL,0.0,0.0,Setoran sesuai dengan yang seharusnya (selisih dalam toleransi 2% / Rp10.000).,0,-
EMP-0859,CLEAN,CLEAN,NORMAL,0.0,0.0,Pergerakan jumlah karyawan dalam batas wajar.,NORMAL,0.0,0.0,"Upah sejalan dengan perusahaan sejenis (4% di atas median; sektor=Perkebunan & Agribisnis | wilayah=DKI Jakarta | skala=Menengah, n=34).",NORMAL,0.0,0.0,Setoran sesuai dengan yang seharusnya (selisih dalam toleransi 2% / Rp10.000).,0,-
EMP-0860,CLEAN,CLEAN,NORMAL,0.0,0.0,Pergerakan jumlah karyawan dalam batas wajar.,NORMAL,0.472,0.105,"Upah sejalan dengan perusahaan sejenis (2% di bawah median; sektor=Perkebunan & Agribisnis | wilayah=DKI Jakarta | skala=Menengah, n=34).",ONE_OFF_GAP,0.0225,0.49,"Kurang setor pada 2025-06, tetapi tidak berulang berturut-turut — dianggap wajar.",0,-
EMP-0861,CLEAN,CLEAN,NORMAL,0.0,0.0,Pergerakan jumlah karyawan dalam batas wajar.,NORMAL,0.0,0.0,"Upah sejalan dengan perusahaan sejenis (0% di atas median; sektor=Perkebunan & Agribisnis | wilayah=DKI Jakarta | skala=Menengah, n=34).",ONE_OFF_GAP,0.0251,0.49,"Kurang setor pada 2025-08, tetapi tidak berulang berturut-turut — dianggap wajar.",0,-
EMP-0862,COLD_START,(tidak dikenal),INSUFFICIENT_DATA,,,Riwayat data baru 2 bulan (< 3); belum bisa dinilai.,INSUFFICIENT_DATA,,,Data upah baru 2 bulan (< 3); belum bisa dinilai.,NORMAL,0.0,0.0,Setoran sesuai dengan yang seharusnya (selisih dalam toleransi 2% / Rp10.000).,0,-
EMP-0863,CLEAN,CLEAN,NORMAL,0.0,0.0,Pergerakan jumlah karyawan dalam batas wajar.,NORMAL,0.215,0.048,"Upah sejalan dengan perusahaan sejenis (1% di bawah median; sektor=Perkebunan & Agribisnis | wilayah=DKI Jakarta | skala=Menengah, n=34).",NORMAL,0.0,0.0,Setoran sesuai dengan yang seharusnya (selisih dalam toleransi 2% / Rp10.000).,0,-
EMP-0864,CLEAN,CLEAN,NORMAL,0.0,0.0,Pergerakan jumlah karyawan dalam batas wajar.,NORMAL,0.0,0.0,"Upah sejalan dengan perusahaan sejenis (1% di atas median; sektor=Perkebunan & Agribisnis | wilayah=DKI Jakarta | skala=Menengah, n=34).",NORMAL,0.0,0.0,Setoran sesuai dengan yang seharusnya (selisih dalam toleransi 2% / Rp10.000).,0,-
EMP-0865,CLEAN,CLEAN,NORMAL,0.0,0.0,Pergerakan jumlah karyawan dalam batas wajar.,NORMAL,0.0,0.0,"Upah sejalan dengan perusahaan sejenis (2% di atas median; sektor=Perkebunan & Agribisnis | wilayah=DKI Jakarta | skala=Menengah, n=34).",NORMAL,0.0,0.0,Setoran sesuai dengan yang seharusnya (selisih dalam toleransi 2% / Rp10.000).,0,-
EMP-0866,CLEAN,CLEAN,NORMAL,0.0,0.0,Pergerakan jumlah karyawan dalam batas wajar.,NORMAL,0.0,0.0,"Upah sejalan dengan perusahaan sejenis (1% di atas median; sektor=Perkebunan & Agribisnis | wilayah=DKI Jakarta | skala=Menengah, n=34).",NORMAL,0.0,0.0,Setoran sesuai dengan yang seharusnya (selisih dalam toleransi 2% / Rp10.000).,0,-
EMP-0867,CLEAN,CLEAN,NORMAL,0.0,0.0,Pergerakan jumlah karyawan dalam batas wajar.,NORMAL,0.416,0.092,"Upah sejalan dengan perusahaan sejenis (2% di bawah median; sektor=Perkebunan & Agribisnis | wilayah=DKI Jakarta | skala=Menengah, n=34).",ONE_OFF_GAP,0.0209,0.49,"Kurang setor pada 2025-03, tetapi tidak berulang berturut-turut — dianggap wajar.",0,-
EMP-0868,CLEAN,CLEAN,NORMAL,0.0,0.0,Pergerakan jumlah karyawan dalam batas wajar.,NORMAL,0.006,0.001,"Upah sejalan dengan perusahaan sejenis (0% di bawah median; sektor=Perkebunan & Agribisnis | wilayah=DKI Jakarta | skala=Menengah, n=34).",ONE_OFF_GAP,0.0207,0.49,"Kurang setor pada 2025-02, tetapi tidak berulang berturut-turut — dianggap wajar.",0,-
EMP-0869,CLEAN,CLEAN,NORMAL,0.0,0.0,Pergerakan jumlah karyawan dalam batas wajar.,NORMAL,0.752,0.167,"Upah sejalan dengan perusahaan sejenis (4% di bawah median; sektor=Perkebunan & Agribisnis | wilayah=DKI Jakarta | skala=Menengah, n=34).",ONE_OFF_GAP,0.0204,0.49,"Kurang setor pada 2025-05, tetapi tidak berulang berturut-turut — dianggap wajar.",0,-
EMP-0870,CLEAN,CLEAN,NORMAL,0.0,0.0,Pergerakan jumlah karyawan dalam batas wajar.,NORMAL,0.0,0.0,"Upah sejalan dengan perusahaan sejenis (1% di atas median; sektor=Perkebunan & Agribisnis | wilayah=DKI Jakarta | skala=Menengah, n=34).",FLAGGED,0.0225,0.505,Setoran iuran rata-rata 2% di bawah yang seharusnya selama 2 bulan berturut-turut (2025-11 s/d 2025-12); total kekurangan Rp701.000.,1,C
EMP-0871,CLEAN,CLEAN,NORMAL,0.0,0.0,Pergerakan jumlah karyawan dalam batas wajar.,NORMAL,0.0,0.0,"Upah sejalan dengan perusahaan sejenis (2% di atas median; sektor=Perkebunan & Agribisnis | wilayah=DKI Jakarta | skala=Menengah, n=34).",NORMAL,0.0,0.0,Setoran sesuai dengan yang seharusnya (selisih dalam toleransi 2% / Rp10.000).,0,-
EMP-0872,CLEAN,CLEAN,NORMAL,0.0,0.0,Pergerakan jumlah karyawan dalam batas wajar.,NORMAL,0.0,0.0,"Upah sejalan dengan perusahaan sejenis (2% di atas median; sektor=Perkebunan & Agribisnis | wilayah=DKI Jakarta | skala=Menengah, n=34).",NORMAL,0.0,0.0,Setoran sesuai dengan yang seharusnya (selisih dalam toleransi 2% / Rp10.000).,0,-
EMP-0873,CLEAN,CLEAN,NORMAL,0.0,0.0,Pergerakan jumlah karyawan dalam batas wajar.,NORMAL,0.711,0.158,"Upah sejalan dengan perusahaan sejenis (3% di bawah median; sektor=Perkebunan & Agribisnis | wilayah=DKI Jakarta | skala=Menengah, n=34).",NORMAL,0.0,0.0,Setoran sesuai dengan yang seharusnya (selisih dalam toleransi 2% / Rp10.000).,0,-
EMP-0874,CLEAN,CLEAN,NORMAL,0.0,0.0,Pergerakan jumlah karyawan dalam batas wajar.,NORMAL,0.093,0.021,"Upah sejalan dengan perusahaan sejenis (0% di bawah median; sektor=Perkebunan & Agribisnis | wilayah=DKI Jakarta | skala=Menengah, n=34).",ONE_OFF_GAP,0.0237,0.49,"Kurang setor pada 2025-09, tetapi tidak berulang berturut-turut — dianggap wajar.",0,-
EMP-0875,CLEAN,CLEAN,NORMAL,0.0,0.0,Pergerakan jumlah karyawan dalam batas wajar.,NORMAL,0.0,0.0,"Upah sejalan dengan perusahaan sejenis (3% di atas median; sektor=Perkebunan & Agribisnis | wilayah=DKI Jakarta | skala=Menengah, n=34).",NORMAL,0.0,0.0,Setoran sesuai dengan yang seharusnya (selisih dalam toleransi 2% / Rp10.000).,0,-
EMP-0876,CLEAN,CLEAN,NORMAL,0.0,0.0,Pergerakan jumlah karyawan dalam batas wajar.,NORMAL,0.0,0.0,"Upah sejalan dengan perusahaan sejenis (4% di atas median; sektor=Perkebunan & Agribisnis | wilayah=DKI Jakarta | skala=Menengah, n=34).",NORMAL,0.0,0.0,Setoran sesuai dengan yang seharusnya (selisih dalam toleransi 2% / Rp10.000).,0,-
EMP-0877,CLEAN,CLEAN,NORMAL,0.0,0.0,Pergerakan jumlah karyawan dalam batas wajar.,NORMAL,0.25,0.056,"Upah sejalan dengan perusahaan sejenis (1% di bawah median; sektor=Perkebunan & Agribisnis | wilayah=DKI Jakarta | skala=Menengah, n=34).",NORMAL,0.0,0.0,Setoran sesuai dengan yang seharusnya (selisih dalam toleransi 2% / Rp10.000).,0,-
EMP-0878,CLEAN,CLEAN,NORMAL,0.0,0.0,Pergerakan jumlah karyawan dalam batas wajar.,NORMAL,0.0,0.0,"Upah sejalan dengan perusahaan sejenis (7% di atas median; sektor=Perkebunan & Agribisnis | wilayah=DKI Jakarta | skala=Menengah, n=34).",NORMAL,0.0,0.0,Setoran sesuai dengan yang seharusnya (selisih dalam toleransi 2% / Rp10.000).,0,-
EMP-0879,CLEAN,CLEAN,NORMAL,0.0,0.0,Pergerakan jumlah karyawan dalam batas wajar.,NORMAL,0.431,0.096,"Upah sejalan dengan perusahaan sejenis (2% di bawah median; sektor=Perkebunan & Agribisnis | wilayah=DKI Jakarta | skala=Menengah, n=34).",NORMAL,0.0,0.0,Setoran sesuai dengan yang seharusnya (selisih dalam toleransi 2% / Rp10.000).,0,-
EMP-0880,CLEAN,CLEAN,NORMAL,0.0,0.0,Pergerakan jumlah karyawan dalam batas wajar.,NORMAL,0.0,0.0,"Upah sejalan dengan perusahaan sejenis (3% di atas median; sektor=Perkebunan & Agribisnis | wilayah=DKI Jakarta | skala=Menengah, n=34).",NORMAL,0.0,0.0,Setoran sesuai dengan yang seharusnya (selisih dalam toleransi 2% / Rp10.000).,0,-
EMP-0881,CLEAN,CLEAN,NORMAL,0.0,0.0,Pergerakan jumlah karyawan dalam batas wajar.,NORMAL,0.0,0.0,"Upah sejalan dengan perusahaan sejenis (1% di atas median; sektor=Perkebunan & Agribisnis | wilayah=DKI Jakarta | skala=Menengah, n=34).",NORMAL,0.0,0.0,Setoran sesuai dengan yang seharusnya (selisih dalam toleransi 2% / Rp10.000).,0,-
EMP-0882,CLEAN,CLEAN,NORMAL,0.0,0.0,Pergerakan jumlah karyawan dalam batas wajar.,NORMAL,0.193,0.043,"Upah sejalan dengan perusahaan sejenis (1% di bawah median; sektor=Perkebunan & Agribisnis | wilayah=DKI Jakarta | skala=Menengah, n=34).",NORMAL,0.0,0.0,Setoran sesuai dengan yang seharusnya (selisih dalam toleransi 2% / Rp10.000).,0,-
EMP-0883,CLEAN,CLEAN,NORMAL,0.0,0.0,Pergerakan jumlah karyawan dalam batas wajar.,NORMAL,0.25,0.055,"Upah sejalan dengan perusahaan sejenis (1% di bawah median; sektor=Perkebunan & Agribisnis | wilayah=DKI Jakarta | skala=Menengah, n=34).",NORMAL,0.0,0.0,Setoran sesuai dengan yang seharusnya (selisih dalam toleransi 2% / Rp10.000).,0,-
EMP-0884,CLEAN,CLEAN,NORMAL,0.0,0.0,Pergerakan jumlah karyawan dalam batas wajar.,NORMAL,0.6,0.133,"Upah sejalan dengan perusahaan sejenis (3% di bawah median; sektor=Perkebunan & Agribisnis | wilayah=DKI Jakarta | skala=Menengah, n=34).",ONE_OFF_GAP,0.0269,0.49,"Kurang setor pada 2025-06, tetapi tidak berulang berturut-turut — dianggap wajar.",0,-
EMP-0885,CLEAN,CLEAN,NORMAL,0.0,0.0,Pergerakan jumlah karyawan dalam batas wajar.,NOT_CANDIDATE,0.0,0.0,Upah rata-rata Rp4.026.250/orang di atas 1.5× UMR (Rp2.191.238); tidak masuk kandidat awal.,NORMAL,0.0,0.0,Setoran sesuai dengan yang seharusnya (selisih dalam toleransi 2% / Rp10.000).,0,-
EMP-0886,CLEAN,CLEAN,NORMAL,0.0,0.0,Pergerakan jumlah karyawan dalam batas wajar.,NOT_CANDIDATE,0.0,0.0,Upah rata-rata Rp3.771.850/orang di atas 1.5× UMR (Rp2.191.238); tidak masuk kandidat awal.,NORMAL,0.0,0.0,Setoran sesuai dengan yang seharusnya (selisih dalam toleransi 2% / Rp10.000).,0,-
EMP-0887,REMITTANCE_GAP,C,NORMAL,0.0,0.0,Pergerakan jumlah karyawan dalam batas wajar.,NOT_CANDIDATE,0.0,0.0,Upah rata-rata Rp3.684.300/orang di atas 1.5× UMR (Rp2.191.238); tidak masuk kandidat awal.,FLAGGED,0.1838,0.856,Setoran iuran rata-rata 18% di bawah yang seharusnya selama 3 bulan berturut-turut (2025-10 s/d 2025-12); total kekurangan Rp66.139.000.,1,C
EMP-0888,CLEAN,CLEAN,NORMAL,0.0,0.0,Pergerakan jumlah karyawan dalam batas wajar.,NOT_CANDIDATE,0.0,0.0,Upah rata-rata Rp3.758.850/orang di atas 1.5× UMR (Rp2.191.238); tidak masuk kandidat awal.,NORMAL,0.0,0.0,Setoran sesuai dengan yang seharusnya (selisih dalam toleransi 2% / Rp10.000).,0,-
EMP-0889,CLEAN,CLEAN,NORMAL,0.0,0.0,Pergerakan jumlah karyawan dalam batas wajar.,NOT_CANDIDATE,0.0,0.0,Upah rata-rata Rp3.737.950/orang di atas 1.5× UMR (Rp2.191.238); tidak masuk kandidat awal.,NORMAL,0.0,0.0,Setoran sesuai dengan yang seharusnya (selisih dalam toleransi 2% / Rp10.000).,0,-
EMP-0890,CLEAN,CLEAN,NORMAL,0.0,0.0,Pergerakan jumlah karyawan dalam batas wajar.,NOT_CANDIDATE,0.0,0.0,Upah rata-rata Rp3.889.750/orang di atas 1.5× UMR (Rp2.191.238); tidak masuk kandidat awal.,NORMAL,0.0,0.0,Setoran sesuai dengan yang seharusnya (selisih dalam toleransi 2% / Rp10.000).,0,-
EMP-0891,CLEAN,CLEAN,NORMAL,0.0,0.0,Pergerakan jumlah karyawan dalam batas wajar.,NOT_CANDIDATE,0.0,0.0,Upah rata-rata Rp3.805.950/orang di atas 1.5× UMR (Rp2.191.238); tidak masuk kandidat awal.,NORMAL,0.0,0.0,Setoran sesuai dengan yang seharusnya (selisih dalam toleransi 2% / Rp10.000).,0,-
EMP-0892,CLEAN,CLEAN,NORMAL,0.0,0.0,Pergerakan jumlah karyawan dalam batas wajar.,NOT_CANDIDATE,0.0,0.0,Upah rata-rata Rp3.840.850/orang di atas 1.5× UMR (Rp2.191.238); tidak masuk kandidat awal.,NORMAL,0.0,0.0,Setoran sesuai dengan yang seharusnya (selisih dalam toleransi 2% / Rp10.000).,0,-
EMP-0893,CLEAN,CLEAN,NORMAL,0.0,0.0,Pergerakan jumlah karyawan dalam batas wajar.,NOT_CANDIDATE,0.0,0.0,Upah rata-rata Rp3.967.600/orang di atas 1.5× UMR (Rp2.191.238); tidak masuk kandidat awal.,ONE_OFF_GAP,0.023,0.49,"Kurang setor pada 2025-11, tetapi tidak berulang berturut-turut — dianggap wajar.",0,-
EMP-0894,CLEAN,CLEAN,NORMAL,0.0,0.0,Pergerakan jumlah karyawan dalam batas wajar.,NOT_CANDIDATE,0.0,0.0,Upah rata-rata Rp3.958.900/orang di atas 1.5× UMR (Rp2.191.238); tidak masuk kandidat awal.,NORMAL,0.0,0.0,Setoran sesuai dengan yang seharusnya (selisih dalam toleransi 2% / Rp10.000).,0,-
EMP-0895,UNDER_REPORTING_WAGE,B,NORMAL,0.0,0.0,Pergerakan jumlah karyawan dalam batas wajar.,FLAGGED,9.054,1.0,"Perlu dicek — indikasi lapor gaji lebih rendah dari aslinya: upah dilaporkan Rp2.406.950/orang, 37% di bawah median perusahaan sejenis (Rp3.816.049; sektor=Perkebunan & Agribisnis | wilayah=Jawa Barat | skala=Besar, n=34), 9.1 IQR di bawah median, konsisten di 12/12 bulan.",NORMAL,0.0,0.0,Setoran sesuai dengan yang seharusnya (selisih dalam toleransi 2% / Rp10.000).,1,B
EMP-0896,UNDER_REPORTING_WAGE,B,NORMAL,0.0,0.0,Pergerakan jumlah karyawan dalam batas wajar.,FLAGGED,7.758,1.0,"Perlu dicek — indikasi lapor gaji lebih rendah dari aslinya: upah dilaporkan Rp2.580.400/orang, 32% di bawah median perusahaan sejenis (Rp3.816.049; sektor=Perkebunan & Agribisnis | wilayah=Jawa Barat | skala=Besar, n=34), 7.8 IQR di bawah median, konsisten di 12/12 bulan.",NORMAL,0.0,0.0,Setoran sesuai dengan yang seharusnya (selisih dalam toleransi 2% / Rp10.000).,1,B
EMP-0897,CLEAN,CLEAN,NORMAL,0.0,0.0,Pergerakan jumlah karyawan dalam batas wajar.,NOT_CANDIDATE,0.0,0.0,Upah rata-rata Rp3.945.850/orang di atas 1.5× UMR (Rp2.191.238); tidak masuk kandidat awal.,NORMAL,0.0,0.0,Setoran sesuai dengan yang seharusnya (selisih dalam toleransi 2% / Rp10.000).,0,-
EMP-0898,CLEAN,CLEAN,NORMAL,0.0,0.0,Pergerakan jumlah karyawan dalam batas wajar.,NOT_CANDIDATE,0.0,0.0,Upah rata-rata Rp3.790.500/orang di atas 1.5× UMR (Rp2.191.238); tidak masuk kandidat awal.,NORMAL,0.0,0.0,Setoran sesuai dengan yang seharusnya (selisih dalam toleransi 2% / Rp10.000).,0,-
EMP-0899,CLEAN,CLEAN,NORMAL,0.0,0.0,Pergerakan jumlah karyawan dalam batas wajar.,NOT_CANDIDATE,0.0,0.0,Upah rata-rata Rp3.966.300/orang di atas 1.5× UMR (Rp2.191.238); tidak masuk kandidat awal.,NORMAL,0.0,0.0,Setoran sesuai dengan yang seharusnya (selisih dalam toleransi 2% / Rp10.000).,0,-
EMP-0900,CLEAN,CLEAN,NORMAL,0.0,0.0,Pergerakan jumlah karyawan dalam batas wajar.,NOT_CANDIDATE,0.0,0.0,Upah rata-rata Rp3.879.100/orang di atas 1.5× UMR (Rp2.191.238); tidak masuk kandidat awal.,NORMAL,0.0,0.0,Setoran sesuai dengan yang seharusnya (selisih dalam toleransi 2% / Rp10.000).,0,-
EMP-0901,CLEAN,CLEAN,NORMAL,0.0,0.0,Pergerakan jumlah karyawan dalam batas wajar.,NOT_CANDIDATE,0.0,0.0,Upah rata-rata Rp3.866.450/orang di atas 1.5× UMR (Rp2.191.238); tidak masuk kandidat awal.,NORMAL,0.0,0.0,Setoran sesuai dengan yang seharusnya (selisih dalam toleransi 2% / Rp10.000).,0,-
EMP-0902,CLEAN,CLEAN,NORMAL,0.0,0.0,Pergerakan jumlah karyawan dalam batas wajar.,NOT_CANDIDATE,0.0,0.0,Upah rata-rata Rp3.939.200/orang di atas 1.5× UMR (Rp2.191.238); tidak masuk kandidat awal.,NORMAL,0.0,0.0,Setoran sesuai dengan yang seharusnya (selisih dalam toleransi 2% / Rp10.000).,0,-
EMP-0903,CLEAN,CLEAN,NORMAL,0.0,0.0,Pergerakan jumlah karyawan dalam batas wajar.,NOT_CANDIDATE,0.0,0.0,Upah rata-rata Rp3.715.300/orang di atas 1.5× UMR (Rp2.191.238); tidak masuk kandidat awal.,NORMAL,0.0,0.0,Setoran sesuai dengan yang seharusnya (selisih dalam toleransi 2% / Rp10.000).,0,-
EMP-0904,CLEAN,CLEAN,NORMAL,0.0,0.0,Pergerakan jumlah karyawan dalam batas wajar.,NOT_CANDIDATE,0.0,0.0,Upah rata-rata Rp3.743.800/orang di atas 1.5× UMR (Rp2.191.238); tidak masuk kandidat awal.,NORMAL,0.0,0.0,Setoran sesuai dengan yang seharusnya (selisih dalam toleransi 2% / Rp10.000).,0,-
EMP-0905,CLEAN,CLEAN,NORMAL,0.0,0.0,Pergerakan jumlah karyawan dalam batas wajar.,NOT_CANDIDATE,0.0,0.0,Upah rata-rata Rp3.775.700/orang di atas 1.5× UMR (Rp2.191.238); tidak masuk kandidat awal.,NORMAL,0.0,0.0,Setoran sesuai dengan yang seharusnya (selisih dalam toleransi 2% / Rp10.000).,0,-
EMP-0906,CLEAN,CLEAN,NORMAL,0.0,0.0,Pergerakan jumlah karyawan dalam batas wajar.,NOT_CANDIDATE,0.0,0.0,Upah rata-rata Rp3.622.400/orang di atas 1.5× UMR (Rp2.191.238); tidak masuk kandidat awal.,NORMAL,0.0,0.0,Setoran sesuai dengan yang seharusnya (selisih dalam toleransi 2% / Rp10.000).,0,-
EMP-0907,CLEAN,CLEAN,NORMAL,0.0,0.0,Pergerakan jumlah karyawan dalam batas wajar.,NOT_CANDIDATE,0.0,0.0,Upah rata-rata Rp3.802.700/orang di atas 1.5× UMR (Rp2.191.238); tidak masuk kandidat awal.,NORMAL,0.0,0.0,Setoran sesuai dengan yang seharusnya (selisih dalam toleransi 2% / Rp10.000).,0,-
EMP-0908,CLEAN,CLEAN,NORMAL,0.0,0.0,Pergerakan jumlah karyawan dalam batas wajar.,NOT_CANDIDATE,0.0,0.0,Upah rata-rata Rp3.929.550/orang di atas 1.5× UMR (Rp2.191.238); tidak masuk kandidat awal.,NORMAL,0.0,0.0,Setoran sesuai dengan yang seharusnya (selisih dalam toleransi 2% / Rp10.000).,0,-
EMP-0909,CLEAN,CLEAN,NORMAL,0.0,0.0,Pergerakan jumlah karyawan dalam batas wajar.,NOT_CANDIDATE,0.0,0.0,Upah rata-rata Rp3.645.000/orang di atas 1.5× UMR (Rp2.191.238); tidak masuk kandidat awal.,NORMAL,0.0,0.0,Setoran sesuai dengan yang seharusnya (selisih dalam toleransi 2% / Rp10.000).,0,-
EMP-0910,CLEAN,CLEAN,NORMAL,0.0,0.0,Pergerakan jumlah karyawan dalam batas wajar.,NOT_CANDIDATE,0.0,0.0,Upah rata-rata Rp3.735.050/orang di atas 1.5× UMR (Rp2.191.238); tidak masuk kandidat awal.,NORMAL,0.0,0.0,Setoran sesuai dengan yang seharusnya (selisih dalam toleransi 2% / Rp10.000).,0,-
EMP-0911,CLEAN,CLEAN,NORMAL,0.0,0.0,Pergerakan jumlah karyawan dalam batas wajar.,NOT_CANDIDATE,0.0,0.0,Upah rata-rata Rp3.965.500/orang di atas 1.5× UMR (Rp2.191.238); tidak masuk kandidat awal.,ONE_OFF_GAP,0.0208,0.49,"Kurang setor pada 2025-08, tetapi tidak berulang berturut-turut — dianggap wajar.",0,-
EMP-0912,CLEAN,CLEAN,NORMAL,0.0,0.0,Pergerakan jumlah karyawan dalam batas wajar.,NOT_CANDIDATE,0.0,0.0,Upah rata-rata Rp3.921.650/orang di atas 1.5× UMR (Rp2.191.238); tidak masuk kandidat awal.,NORMAL,0.0,0.0,Setoran sesuai dengan yang seharusnya (selisih dalam toleransi 2% / Rp10.000).,0,-
EMP-0913,CLEAN,CLEAN,NORMAL,0.0,0.0,Pergerakan jumlah karyawan dalam batas wajar.,NOT_CANDIDATE,0.0,0.0,Upah rata-rata Rp3.762.100/orang di atas 1.5× UMR (Rp2.191.238); tidak masuk kandidat awal.,NORMAL,0.0,0.0,Setoran sesuai dengan yang seharusnya (selisih dalam toleransi 2% / Rp10.000).,0,-
EMP-0914,CLEAN,CLEAN,NORMAL,0.0,0.0,Pergerakan jumlah karyawan dalam batas wajar.,NOT_CANDIDATE,0.0,0.0,Upah rata-rata Rp3.836.850/orang di atas 1.5× UMR (Rp2.191.238); tidak masuk kandidat awal.,NORMAL,0.0,0.0,Setoran sesuai dengan yang seharusnya (selisih dalam toleransi 2% / Rp10.000).,0,-
EMP-0915,REMITTANCE_GAP,C,NORMAL,0.0,0.0,Pergerakan jumlah karyawan dalam batas wajar.,NOT_CANDIDATE,0.0,0.0,Upah rata-rata Rp3.893.300/orang di atas 1.5× UMR (Rp2.191.238); tidak masuk kandidat awal.,FLAGGED,0.1761,0.839,Setoran iuran rata-rata 18% di bawah yang seharusnya selama 3 bulan berturut-turut (2025-10 s/d 2025-12); total kekurangan Rp60.630.000.,1,C
EMP-0916,CLEAN,CLEAN,NORMAL,0.0,0.0,Pergerakan jumlah karyawan dalam batas wajar.,NOT_CANDIDATE,0.0,0.0,Upah rata-rata Rp3.869.600/orang di atas 1.5× UMR (Rp2.191.238); tidak masuk kandidat awal.,NORMAL,0.0,0.0,Setoran sesuai dengan yang seharusnya (selisih dalam toleransi 2% / Rp10.000).,0,-
EMP-0917,CLEAN,CLEAN,NORMAL,0.0,0.0,Pergerakan jumlah karyawan dalam batas wajar.,NOT_CANDIDATE,0.0,0.0,Upah rata-rata Rp3.833.300/orang di atas 1.5× UMR (Rp2.191.238); tidak masuk kandidat awal.,ONE_OFF_GAP,0.0315,0.49,"Kurang setor pada 2025-04, tetapi tidak berulang berturut-turut — dianggap wajar.",0,-
EMP-0918,CLEAN,CLEAN,NORMAL,0.0,0.0,Pergerakan jumlah karyawan dalam batas wajar.,NOT_CANDIDATE,0.0,0.0,Upah rata-rata Rp3.642.050/orang di atas 1.5× UMR (Rp2.191.238); tidak masuk kandidat awal.,NORMAL,0.0,0.0,Setoran sesuai dengan yang seharusnya (selisih dalam toleransi 2% / Rp10.000).,0,-
EMP-0919,CLEAN,CLEAN,NORMAL,0.0,0.0,Pergerakan jumlah karyawan dalam batas wajar.,NORMAL,0.173,0.038,"Upah sejalan dengan perusahaan sejenis (1% di bawah median; sektor=Perkebunan & Agribisnis | wilayah=Jawa Timur | skala=Kecil, n=34).",NORMAL,0.0,0.0,Setoran sesuai dengan yang seharusnya (selisih dalam toleransi 2% / Rp10.000).,0,-
EMP-0920,CLEAN,CLEAN,NORMAL,0.0,0.0,Pergerakan jumlah karyawan dalam batas wajar.,NORMAL,0.0,0.0,"Upah sejalan dengan perusahaan sejenis (1% di atas median; sektor=Perkebunan & Agribisnis | wilayah=Jawa Timur | skala=Kecil, n=34).",NORMAL,0.0,0.0,Setoran sesuai dengan yang seharusnya (selisih dalam toleransi 2% / Rp10.000).,0,-
EMP-0921,CLEAN,CLEAN,NORMAL,0.0,0.0,Pergerakan jumlah karyawan dalam batas wajar.,NORMAL,0.133,0.03,"Upah sejalan dengan perusahaan sejenis (1% di bawah median; sektor=Perkebunan & Agribisnis | wilayah=Jawa Timur | skala=Kecil, n=34).",ONE_OFF_GAP,0.0211,0.49,"Kurang setor pada 2025-05, tetapi tidak berulang berturut-turut — dianggap wajar.",0,-
EMP-0922,CLEAN,CLEAN,NORMAL,0.0,0.0,Pergerakan jumlah karyawan dalam batas wajar.,NORMAL,0.861,0.191,"Upah sejalan dengan perusahaan sejenis (4% di bawah median; sektor=Perkebunan & Agribisnis | wilayah=Jawa Timur | skala=Kecil, n=34).",ONE_OFF_GAP,0.0219,0.49,"Kurang setor pada 2025-02, tetapi tidak berulang berturut-turut — dianggap wajar.",0,-
EMP-0923,CLEAN,CLEAN,NORMAL,0.0,0.0,Pergerakan jumlah karyawan dalam batas wajar.,NORMAL,0.0,0.0,"Upah sejalan dengan perusahaan sejenis (3% di atas median; sektor=Perkebunan & Agribisnis | wilayah=Jawa Timur | skala=Kecil, n=34).",NORMAL,0.0,0.0,Setoran sesuai dengan yang seharusnya (selisih dalam toleransi 2% / Rp10.000).,0,-
EMP-0924,CLEAN,CLEAN,NORMAL,0.0,0.0,Pergerakan jumlah karyawan dalam batas wajar.,NORMAL,0.563,0.125,"Upah sejalan dengan perusahaan sejenis (3% di bawah median; sektor=Perkebunan & Agribisnis | wilayah=Jawa Timur | skala=Kecil, n=34).",NORMAL,0.0,0.0,Setoran sesuai dengan yang seharusnya (selisih dalam toleransi 2% / Rp10.000).,0,-
EMP-0925,CLEAN,CLEAN,NORMAL,0.0,0.0,Pergerakan jumlah karyawan dalam batas wajar.,NORMAL,0.0,0.0,"Upah sejalan dengan perusahaan sejenis (3% di atas median; sektor=Perkebunan & Agribisnis | wilayah=Jawa Timur | skala=Kecil, n=34).",ONE_OFF_GAP,0.0201,0.49,"Kurang setor pada 2025-10, tetapi tidak berulang berturut-turut — dianggap wajar.",0,-
EMP-0926,CLEAN,CLEAN,NORMAL,0.0,0.0,Pergerakan jumlah karyawan dalam batas wajar.,NORMAL,0.657,0.146,"Upah sejalan dengan perusahaan sejenis (3% di bawah median; sektor=Perkebunan & Agribisnis | wilayah=Jawa Timur | skala=Kecil, n=34).",NORMAL,0.0,0.0,Setoran sesuai dengan yang seharusnya (selisih dalam toleransi 2% / Rp10.000).,0,-
EMP-0927,CLEAN,CLEAN,NORMAL,0.0,0.0,Pergerakan jumlah karyawan dalam batas wajar.,NORMAL,0.0,0.0,"Upah sejalan dengan perusahaan sejenis (0% di atas median; sektor=Perkebunan & Agribisnis | wilayah=Jawa Timur | skala=Kecil, n=34).",NORMAL,0.0,0.0,Setoran sesuai dengan yang seharusnya (selisih dalam toleransi 2% / Rp10.000).,0,-
EMP-0928,CLEAN,CLEAN,NORMAL,0.0,0.0,Pergerakan jumlah karyawan dalam batas wajar.,NORMAL,0.0,0.0,"Upah sejalan dengan perusahaan sejenis (1% di atas median; sektor=Perkebunan & Agribisnis | wilayah=Jawa Timur | skala=Kecil, n=34).",NORMAL,0.0,0.0,Setoran sesuai dengan yang seharusnya (selisih dalam toleransi 2% / Rp10.000).,0,-
EMP-0929,CLEAN,CLEAN,NORMAL,0.0,0.0,Pergerakan jumlah karyawan dalam batas wajar.,NORMAL,0.0,0.0,"Upah sejalan dengan perusahaan sejenis (4% di atas median; sektor=Perkebunan & Agribisnis | wilayah=Jawa Timur | skala=Kecil, n=34).",ONE_OFF_GAP,0.0225,0.49,"Kurang setor pada 2025-03, tetapi tidak berulang berturut-turut — dianggap wajar.",0,-
EMP-0930,COLD_START,(tidak dikenal),INSUFFICIENT_DATA,,,Riwayat data baru 2 bulan (< 3); belum bisa dinilai.,INSUFFICIENT_DATA,,,Data upah baru 2 bulan (< 3); belum bisa dinilai.,NORMAL,0.0,0.0,Setoran sesuai dengan yang seharusnya (selisih dalam toleransi 2% / Rp10.000).,0,-
EMP-0931,CLEAN,CLEAN,NORMAL,0.0,0.0,Pergerakan jumlah karyawan dalam batas wajar.,NORMAL,0.0,0.0,"Upah sejalan dengan perusahaan sejenis (1% di atas median; sektor=Perkebunan & Agribisnis | wilayah=Jawa Timur | skala=Kecil, n=34).",NORMAL,0.0,0.0,Setoran sesuai dengan yang seharusnya (selisih dalam toleransi 2% / Rp10.000).,0,-
EMP-0932,CLEAN,CLEAN,NORMAL,0.0,0.0,Pergerakan jumlah karyawan dalam batas wajar.,NORMAL,0.353,0.078,"Upah sejalan dengan perusahaan sejenis (2% di bawah median; sektor=Perkebunan & Agribisnis | wilayah=Jawa Timur | skala=Kecil, n=34).",NORMAL,0.0,0.0,Setoran sesuai dengan yang seharusnya (selisih dalam toleransi 2% / Rp10.000).,0,-
EMP-0933,CLEAN,CLEAN,NORMAL,0.0,0.0,Pergerakan jumlah karyawan dalam batas wajar.,NORMAL,0.442,0.098,"Upah sejalan dengan perusahaan sejenis (2% di bawah median; sektor=Perkebunan & Agribisnis | wilayah=Jawa Timur | skala=Kecil, n=34).",NORMAL,0.0,0.0,Setoran sesuai dengan yang seharusnya (selisih dalam toleransi 2% / Rp10.000).,0,-
EMP-0934,CLEAN,CLEAN,NORMAL,0.0,0.0,Pergerakan jumlah karyawan dalam batas wajar.,NORMAL,0.0,0.0,"Upah sejalan dengan perusahaan sejenis (2% di atas median; sektor=Perkebunan & Agribisnis | wilayah=Jawa Timur | skala=Kecil, n=34).",NORMAL,0.0,0.0,Setoran sesuai dengan yang seharusnya (selisih dalam toleransi 2% / Rp10.000).,0,-
EMP-0935,CLEAN,CLEAN,NORMAL,0.0,0.0,Pergerakan jumlah karyawan dalam batas wajar.,NORMAL,0.844,0.187,"Upah sejalan dengan perusahaan sejenis (4% di bawah median; sektor=Perkebunan & Agribisnis | wilayah=Jawa Timur | skala=Kecil, n=34).",ONE_OFF_GAP,0.0209,0.49,"Kurang setor pada 2025-04, tetapi tidak berulang berturut-turut — dianggap wajar.",0,-
EMP-0936,CLEAN,CLEAN,NORMAL,0.0,0.0,Pergerakan jumlah karyawan dalam batas wajar.,NORMAL,0.0,0.0,"Upah sejalan dengan perusahaan sejenis (4% di atas median; sektor=Perkebunan & Agribisnis | wilayah=Jawa Timur | skala=Kecil, n=34).",ONE_OFF_GAP,0.0201,0.49,"Kurang setor pada 2025-07, tetapi tidak berulang berturut-turut — dianggap wajar.",0,-
EMP-0937,CLEAN,CLEAN,NORMAL,0.0,0.0,Pergerakan jumlah karyawan dalam batas wajar.,NORMAL,0.0,0.0,"Upah sejalan dengan perusahaan sejenis (0% di atas median; sektor=Perkebunan & Agribisnis | wilayah=Jawa Timur | skala=Kecil, n=34).",NORMAL,0.0,0.0,Setoran sesuai dengan yang seharusnya (selisih dalam toleransi 2% / Rp10.000).,0,-
EMP-0938,CLEAN,CLEAN,NORMAL,0.0,0.0,Pergerakan jumlah karyawan dalam batas wajar.,NORMAL,0.0,0.0,"Upah sejalan dengan perusahaan sejenis (1% di atas median; sektor=Perkebunan & Agribisnis | wilayah=Jawa Timur | skala=Kecil, n=34).",NORMAL,0.0,0.0,Setoran sesuai dengan yang seharusnya (selisih dalam toleransi 2% / Rp10.000).,0,-
EMP-0939,UNDER_REPORTING_WAGE,B,NORMAL,0.0,0.0,Pergerakan jumlah karyawan dalam batas wajar.,FLAGGED,9.124,1.0,"Perlu dicek — indikasi lapor gaji lebih rendah dari aslinya: upah dilaporkan Rp1.825.050/orang, 37% di bawah median perusahaan sejenis (Rp2.912.100; sektor=Perkebunan & Agribisnis | wilayah=Jawa Timur | skala=Kecil, n=34), 9.1 IQR di bawah median, konsisten di 12/12 bulan. Upah juga di bawah UMR, tetapi itu sendiri bukan dasar flag (urusan Disnaker).",NORMAL,0.0,0.0,Setoran sesuai dengan yang seharusnya (selisih dalam toleransi 2% / Rp10.000).,1,B
EMP-0940,CLEAN,CLEAN,NORMAL,0.0,0.0,Pergerakan jumlah karyawan dalam batas wajar.,NORMAL,0.0,0.0,"Upah sejalan dengan perusahaan sejenis (4% di atas median; sektor=Perkebunan & Agribisnis | wilayah=Jawa Timur | skala=Kecil, n=34).",ONE_OFF_GAP,0.0209,0.49,"Kurang setor pada 2025-04, tetapi tidak berulang berturut-turut — dianggap wajar.",0,-
EMP-0941,CLEAN,CLEAN,NORMAL,0.0,0.0,Pergerakan jumlah karyawan dalam batas wajar.,NORMAL,0.952,0.212,"Upah sejalan dengan perusahaan sejenis (5% di bawah median; sektor=Perkebunan & Agribisnis | wilayah=Jawa Timur | skala=Kecil, n=34).",NORMAL,0.0,0.0,Setoran sesuai dengan yang seharusnya (selisih dalam toleransi 2% / Rp10.000).,0,-
EMP-0942,CLEAN,CLEAN,NORMAL,0.0,0.0,Pergerakan jumlah karyawan dalam batas wajar.,NORMAL,0.522,0.116,"Upah sejalan dengan perusahaan sejenis (3% di bawah median; sektor=Perkebunan & Agribisnis | wilayah=Jawa Timur | skala=Kecil, n=34).",NORMAL,0.0,0.0,Setoran sesuai dengan yang seharusnya (selisih dalam toleransi 2% / Rp10.000).,0,-
EMP-0943,CLEAN,CLEAN,NORMAL,0.0,0.0,Pergerakan jumlah karyawan dalam batas wajar.,NORMAL,1.021,0.227,"Upah sejalan dengan perusahaan sejenis (5% di bawah median; sektor=Perkebunan & Agribisnis | wilayah=Jawa Timur | skala=Kecil, n=34).",ONE_OFF_GAP,0.0234,0.49,"Kurang setor pada 2025-04, tetapi tidak berulang berturut-turut — dianggap wajar.",0,-
EMP-0944,CLEAN,CLEAN,NORMAL,0.0,0.0,Pergerakan jumlah karyawan dalam batas wajar.,NORMAL,0.0,0.0,"Upah sejalan dengan perusahaan sejenis (0% di atas median; sektor=Perkebunan & Agribisnis | wilayah=Jawa Timur | skala=Kecil, n=34).",ONE_OFF_GAP,0.0244,0.49,"Kurang setor pada 2025-06, tetapi tidak berulang berturut-turut — dianggap wajar.",0,-
EMP-0945,CLEAN,CLEAN,NORMAL,0.0,0.0,Pergerakan jumlah karyawan dalam batas wajar.,NORMAL,0.0,0.0,"Upah sejalan dengan perusahaan sejenis (1% di atas median; sektor=Perkebunan & Agribisnis | wilayah=Jawa Timur | skala=Kecil, n=34).",NORMAL,0.0,0.0,Setoran sesuai dengan yang seharusnya (selisih dalam toleransi 2% / Rp10.000).,0,-
EMP-0946,CLEAN,CLEAN,NORMAL,0.0,0.0,Pergerakan jumlah karyawan dalam batas wajar.,NORMAL,0.0,0.0,"Upah sejalan dengan perusahaan sejenis (1% di atas median; sektor=Perkebunan & Agribisnis | wilayah=Jawa Timur | skala=Kecil, n=34).",NORMAL,0.0,0.0,Setoran sesuai dengan yang seharusnya (selisih dalam toleransi 2% / Rp10.000).,0,-
EMP-0947,CLEAN,CLEAN,NORMAL,0.0,0.0,Pergerakan jumlah karyawan dalam batas wajar.,NORMAL,0.963,0.214,"Upah sejalan dengan perusahaan sejenis (5% di bawah median; sektor=Perkebunan & Agribisnis | wilayah=Jawa Timur | skala=Kecil, n=34).",ONE_OFF_GAP,0.0252,0.49,"Kurang setor pada 2025-04, tetapi tidak berulang berturut-turut — dianggap wajar.",0,-
EMP-0948,CLEAN,CLEAN,NORMAL,0.0,0.0,Pergerakan jumlah karyawan dalam batas wajar.,NORMAL,0.014,0.003,"Upah sejalan dengan perusahaan sejenis (0% di bawah median; sektor=Perkebunan & Agribisnis | wilayah=Jawa Timur | skala=Kecil, n=34).",NORMAL,0.0,0.0,Setoran sesuai dengan yang seharusnya (selisih dalam toleransi 2% / Rp10.000).,0,-
EMP-0949,CLEAN,CLEAN,NORMAL,0.0,0.0,Pergerakan jumlah karyawan dalam batas wajar.,NORMAL,0.0,0.0,"Upah sejalan dengan perusahaan sejenis (2% di atas median; sektor=Perkebunan & Agribisnis | wilayah=Jawa Timur | skala=Kecil, n=34).",NORMAL,0.0,0.0,Setoran sesuai dengan yang seharusnya (selisih dalam toleransi 2% / Rp10.000).,0,-
EMP-0950,CLEAN,CLEAN,NORMAL,0.0,0.0,Pergerakan jumlah karyawan dalam batas wajar.,NORMAL,0.0,0.0,"Upah sejalan dengan perusahaan sejenis (3% di atas median; sektor=Perkebunan & Agribisnis | wilayah=Jawa Timur | skala=Kecil, n=34).",NORMAL,0.0,0.0,Setoran sesuai dengan yang seharusnya (selisih dalam toleransi 2% / Rp10.000).,0,-
EMP-0951,CLEAN,CLEAN,NORMAL,0.0,0.0,Pergerakan jumlah karyawan dalam batas wajar.,NORMAL,0.0,0.0,"Upah sejalan dengan perusahaan sejenis (2% di atas median; sektor=Perkebunan & Agribisnis | wilayah=Jawa Timur | skala=Kecil, n=34).",NORMAL,0.0,0.0,Setoran sesuai dengan yang seharusnya (selisih dalam toleransi 2% / Rp10.000).,0,-
EMP-0952,CLEAN,CLEAN,NORMAL,0.0,0.0,Pergerakan jumlah karyawan dalam batas wajar.,NORMAL,0.443,0.098,"Upah sejalan dengan perusahaan sejenis (2% di bawah median; sektor=Perkebunan & Agribisnis | wilayah=Jawa Timur | skala=Kecil, n=34).",NORMAL,0.0,0.0,Setoran sesuai dengan yang seharusnya (selisih dalam toleransi 2% / Rp10.000).,0,-
EMP-0953,CLEAN,CLEAN,NORMAL,0.0,0.0,Pergerakan jumlah karyawan dalam batas wajar.,NORMAL,0.815,0.181,"Upah sejalan dengan perusahaan sejenis (4% di bawah median; sektor=Perkebunan & Agribisnis | wilayah=Sumatera Utara | skala=Menengah, n=34).",NORMAL,0.0,0.0,Setoran sesuai dengan yang seharusnya (selisih dalam toleransi 2% / Rp10.000).,0,-
EMP-0954,UNDER_REPORTING_WAGE,B,NORMAL,0.0,0.0,Pergerakan jumlah karyawan dalam batas wajar.,FLAGGED,6.541,1.0,"Perlu dicek — indikasi lapor gaji lebih rendah dari aslinya: upah dilaporkan Rp2.198.350/orang, 28% di bawah median perusahaan sejenis (Rp3.062.321; sektor=Perkebunan & Agribisnis | wilayah=Sumatera Utara | skala=Menengah, n=34), 6.5 IQR di bawah median, konsisten di 12/12 bulan. Upah juga di bawah UMR, tetapi itu sendiri bukan dasar flag (urusan Disnaker).",NORMAL,0.0,0.0,Setoran sesuai dengan yang seharusnya (selisih dalam toleransi 2% / Rp10.000).,1,B
EMP-0955,CLEAN,CLEAN,NORMAL,0.0,0.0,Pergerakan jumlah karyawan dalam batas wajar.,NORMAL,0.0,0.0,"Upah sejalan dengan perusahaan sejenis (4% di atas median; sektor=Perkebunan & Agribisnis | wilayah=Sumatera Utara | skala=Menengah, n=34).",ONE_OFF_GAP,0.023,0.49,"Kurang setor pada 2025-08, tetapi tidak berulang berturut-turut — dianggap wajar.",0,-
EMP-0956,CLEAN,CLEAN,NORMAL,0.0,0.0,Pergerakan jumlah karyawan dalam batas wajar.,NORMAL,0.6,0.133,"Upah sejalan dengan perusahaan sejenis (3% di bawah median; sektor=Perkebunan & Agribisnis | wilayah=Sumatera Utara | skala=Menengah, n=34).",NORMAL,0.0,0.0,Setoran sesuai dengan yang seharusnya (selisih dalam toleransi 2% / Rp10.000).,0,-
EMP-0957,CLEAN,CLEAN,NORMAL,0.0,0.0,Pergerakan jumlah karyawan dalam batas wajar.,NORMAL,0.482,0.107,"Upah sejalan dengan perusahaan sejenis (3% di bawah median; sektor=Perkebunan & Agribisnis | wilayah=Sumatera Utara | skala=Menengah, n=34).",ONE_OFF_GAP,0.0252,0.49,"Kurang setor pada 2025-01, tetapi tidak berulang berturut-turut — dianggap wajar.",0,-
EMP-0958,CLEAN,CLEAN,NORMAL,0.0,0.0,Pergerakan jumlah karyawan dalam batas wajar.,NORMAL,0.0,0.0,"Upah sejalan dengan perusahaan sejenis (0% di atas median; sektor=Perkebunan & Agribisnis | wilayah=Sumatera Utara | skala=Menengah, n=34).",NORMAL,0.0,0.0,Setoran sesuai dengan yang seharusnya (selisih dalam toleransi 2% / Rp10.000).,0,-
EMP-0959,CLEAN,CLEAN,NORMAL,0.0,0.0,Pergerakan jumlah karyawan dalam batas wajar.,NORMAL,0.0,0.0,"Upah sejalan dengan perusahaan sejenis (1% di atas median; sektor=Perkebunan & Agribisnis | wilayah=Sumatera Utara | skala=Menengah, n=34).",NORMAL,0.0,0.0,Setoran sesuai dengan yang seharusnya (selisih dalam toleransi 2% / Rp10.000).,0,-
EMP-0960,PDUK,A,FLAGGED,15.234,1.0,"Perlu dicek — indikasi sembunyiin karyawan: jumlah karyawan turun 40 orang (34%) pada 2025-08 (116→76), jauh di luar pola biasanya (z=-15.2); tidak ada catatan resign.",NORMAL,0.779,0.173,"Upah sejalan dengan perusahaan sejenis (4% di bawah median; sektor=Perkebunan & Agribisnis | wilayah=Sumatera Utara | skala=Menengah, n=34).",NORMAL,0.0,0.0,Setoran sesuai dengan yang seharusnya (selisih dalam toleransi 2% / Rp10.000).,1,A
EMP-0961,CLEAN,CLEAN,NORMAL,0.0,0.0,Pergerakan jumlah karyawan dalam batas wajar.,NORMAL,0.0,0.0,"Upah sejalan dengan perusahaan sejenis (0% di atas median; sektor=Perkebunan & Agribisnis | wilayah=Sumatera Utara | skala=Menengah, n=34).",ONE_OFF_GAP,0.0207,0.49,"Kurang setor pada 2025-12, tetapi tidak berulang berturut-turut — dianggap wajar.",0,-
EMP-0962,CLEAN,CLEAN,NORMAL,0.0,0.0,Pergerakan jumlah karyawan dalam batas wajar.,NORMAL,0.629,0.14,"Upah sejalan dengan perusahaan sejenis (3% di bawah median; sektor=Perkebunan & Agribisnis | wilayah=Sumatera Utara | skala=Menengah, n=34).",NORMAL,0.0,0.0,Setoran sesuai dengan yang seharusnya (selisih dalam toleransi 2% / Rp10.000).,0,-
EMP-0963,PDUK,A,FLAGGED,16.201,1.0,"Perlu dicek — indikasi sembunyiin karyawan: jumlah karyawan turun 66 orang (32%) pada 2025-06 (206→140), jauh di luar pola biasanya (z=-16.2); hanya 1 orang tercatat resign.",NORMAL,0.627,0.139,"Upah sejalan dengan perusahaan sejenis (3% di bawah median; sektor=Perkebunan & Agribisnis | wilayah=Sumatera Utara | skala=Menengah, n=34).",ONE_OFF_GAP,0.0222,0.49,"Kurang setor pada 2025-04, tetapi tidak berulang berturut-turut — dianggap wajar.",1,A
EMP-0964,CLEAN,CLEAN,NORMAL,0.0,0.0,Pergerakan jumlah karyawan dalam batas wajar.,NORMAL,0.0,0.0,"Upah sejalan dengan perusahaan sejenis (3% di atas median; sektor=Perkebunan & Agribisnis | wilayah=Sumatera Utara | skala=Menengah, n=34).",NORMAL,0.0,0.0,Setoran sesuai dengan yang seharusnya (selisih dalam toleransi 2% / Rp10.000).,0,-
EMP-0965,CLEAN,CLEAN,NORMAL,0.0,0.0,Pergerakan jumlah karyawan dalam batas wajar.,NORMAL,0.0,0.0,"Upah sejalan dengan perusahaan sejenis (1% di atas median; sektor=Perkebunan & Agribisnis | wilayah=Sumatera Utara | skala=Menengah, n=34).",NORMAL,0.0,0.0,Setoran sesuai dengan yang seharusnya (selisih dalam toleransi 2% / Rp10.000).,0,-
EMP-0966,CLEAN,CLEAN,NORMAL,0.0,0.0,Pergerakan jumlah karyawan dalam batas wajar.,NORMAL,0.0,0.0,"Upah sejalan dengan perusahaan sejenis (1% di atas median; sektor=Perkebunan & Agribisnis | wilayah=Sumatera Utara | skala=Menengah, n=34).",NORMAL,0.0,0.0,Setoran sesuai dengan yang seharusnya (selisih dalam toleransi 2% / Rp10.000).,0,-
EMP-0967,CLEAN,CLEAN,NORMAL,0.0,0.0,Pergerakan jumlah karyawan dalam batas wajar.,NORMAL,0.0,0.0,"Upah sejalan dengan perusahaan sejenis (0% di atas median; sektor=Perkebunan & Agribisnis | wilayah=Sumatera Utara | skala=Menengah, n=34).",ONE_OFF_GAP,0.0226,0.49,"Kurang setor pada 2025-08, tetapi tidak berulang berturut-turut — dianggap wajar.",0,-
EMP-0968,CLEAN,CLEAN,NORMAL,0.0,0.0,Pergerakan jumlah karyawan dalam batas wajar.,NORMAL,0.357,0.079,"Upah sejalan dengan perusahaan sejenis (2% di bawah median; sektor=Perkebunan & Agribisnis | wilayah=Sumatera Utara | skala=Menengah, n=34).",ONE_OFF_GAP,0.0217,0.49,"Kurang setor pada 2025-02, tetapi tidak berulang berturut-turut — dianggap wajar.",0,-
EMP-0969,CLEAN,CLEAN,NORMAL,0.0,0.0,Pergerakan jumlah karyawan dalam batas wajar.,NORMAL,0.0,0.0,"Upah sejalan dengan perusahaan sejenis (0% di atas median; sektor=Perkebunan & Agribisnis | wilayah=Sumatera Utara | skala=Menengah, n=34).",ONE_OFF_GAP,0.0333,0.49,"Kurang setor pada 2025-05, tetapi tidak berulang berturut-turut — dianggap wajar.",0,-
EMP-0970,CLEAN,CLEAN,NORMAL,0.0,0.0,Pergerakan jumlah karyawan dalam batas wajar.,NORMAL,0.0,0.0,"Upah sejalan dengan perusahaan sejenis (0% di atas median; sektor=Perkebunan & Agribisnis | wilayah=Sumatera Utara | skala=Menengah, n=34).",NORMAL,0.0,0.0,Setoran sesuai dengan yang seharusnya (selisih dalam toleransi 2% / Rp10.000).,0,-
EMP-0971,CLEAN,CLEAN,NORMAL,0.0,0.0,Pergerakan jumlah karyawan dalam batas wajar.,NORMAL,0.0,0.0,"Upah sejalan dengan perusahaan sejenis (1% di atas median; sektor=Perkebunan & Agribisnis | wilayah=Sumatera Utara | skala=Menengah, n=34).",NORMAL,0.0,0.0,Setoran sesuai dengan yang seharusnya (selisih dalam toleransi 2% / Rp10.000).,0,-
EMP-0972,CLEAN,CLEAN,NORMAL,0.0,0.0,Pergerakan jumlah karyawan dalam batas wajar.,NORMAL,0.0,0.0,"Upah sejalan dengan perusahaan sejenis (1% di atas median; sektor=Perkebunan & Agribisnis | wilayah=Sumatera Utara | skala=Menengah, n=34).",ONE_OFF_GAP,0.0218,0.49,"Kurang setor pada 2025-07, tetapi tidak berulang berturut-turut — dianggap wajar.",0,-
EMP-0973,CLEAN,CLEAN,NORMAL,0.0,0.0,Pergerakan jumlah karyawan dalam batas wajar.,NORMAL,0.0,0.0,"Upah sejalan dengan perusahaan sejenis (1% di atas median; sektor=Perkebunan & Agribisnis | wilayah=Sumatera Utara | skala=Menengah, n=34).",ONE_OFF_GAP,0.0227,0.49,"Kurang setor pada 2025-06, tetapi tidak berulang berturut-turut — dianggap wajar.",0,-
EMP-0974,CLEAN,CLEAN,NORMAL,0.0,0.0,Pergerakan jumlah karyawan dalam batas wajar.,NORMAL,0.334,0.074,"Upah sejalan dengan perusahaan sejenis (2% di bawah median; sektor=Perkebunan & Agribisnis | wilayah=Sumatera Utara | skala=Menengah, n=34).",ONE_OFF_GAP,0.0235,0.49,"Kurang setor pada 2025-07, tetapi tidak berulang berturut-turut — dianggap wajar.",0,-
EMP-0975,CLEAN,CLEAN,NORMAL,0.0,0.0,Pergerakan jumlah karyawan dalam batas wajar.,NORMAL,0.703,0.156,"Upah sejalan dengan perusahaan sejenis (4% di bawah median; sektor=Perkebunan & Agribisnis | wilayah=Sumatera Utara | skala=Menengah, n=34).",NORMAL,0.0,0.0,Setoran sesuai dengan yang seharusnya (selisih dalam toleransi 2% / Rp10.000).,0,-
EMP-0976,CLEAN,CLEAN,NORMAL,0.0,0.0,Pergerakan jumlah karyawan dalam batas wajar.,NORMAL,0.0,0.0,"Upah sejalan dengan perusahaan sejenis (5% di atas median; sektor=Perkebunan & Agribisnis | wilayah=Sumatera Utara | skala=Menengah, n=34).",NORMAL,0.0,0.0,Setoran sesuai dengan yang seharusnya (selisih dalam toleransi 2% / Rp10.000).,0,-
EMP-0977,CLEAN,CLEAN,NORMAL,0.0,0.0,Pergerakan jumlah karyawan dalam batas wajar.,NORMAL,0.0,0.0,"Upah sejalan dengan perusahaan sejenis (3% di atas median; sektor=Perkebunan & Agribisnis | wilayah=Sumatera Utara | skala=Menengah, n=34).",ONE_OFF_GAP,0.0207,0.49,"Kurang setor pada 2025-06, tetapi tidak berulang berturut-turut — dianggap wajar.",0,-
EMP-0978,CLEAN,CLEAN,NORMAL,0.0,0.0,Pergerakan jumlah karyawan dalam batas wajar.,NORMAL,0.0,0.0,"Upah sejalan dengan perusahaan sejenis (1% di atas median; sektor=Perkebunan & Agribisnis | wilayah=Sumatera Utara | skala=Menengah, n=34).",ONE_OFF_GAP,0.022,0.49,"Kurang setor pada 2025-04, tetapi tidak berulang berturut-turut — dianggap wajar.",0,-
EMP-0979,CLEAN,CLEAN,NORMAL,0.0,0.0,Pergerakan jumlah karyawan dalam batas wajar.,NORMAL,0.0,0.0,"Upah sejalan dengan perusahaan sejenis (0% di atas median; sektor=Perkebunan & Agribisnis | wilayah=Sumatera Utara | skala=Menengah, n=34).",NORMAL,0.0,0.0,Setoran sesuai dengan yang seharusnya (selisih dalam toleransi 2% / Rp10.000).,0,-
EMP-0980,CLEAN,CLEAN,NORMAL,0.0,0.0,Pergerakan jumlah karyawan dalam batas wajar.,NORMAL,0.818,0.182,"Upah sejalan dengan perusahaan sejenis (4% di bawah median; sektor=Perkebunan & Agribisnis | wilayah=Sumatera Utara | skala=Menengah, n=34).",ONE_OFF_GAP,0.0237,0.49,"Kurang setor pada 2025-12, tetapi tidak berulang berturut-turut — dianggap wajar.",0,-
EMP-0981,CLEAN,CLEAN,NORMAL,0.0,0.0,Pergerakan jumlah karyawan dalam batas wajar.,NORMAL,0.089,0.02,"Upah sejalan dengan perusahaan sejenis (0% di bawah median; sektor=Perkebunan & Agribisnis | wilayah=Sumatera Utara | skala=Menengah, n=34).",NORMAL,0.0,0.0,Setoran sesuai dengan yang seharusnya (selisih dalam toleransi 2% / Rp10.000).,0,-
EMP-0982,CLEAN,CLEAN,NORMAL,0.0,0.0,Pergerakan jumlah karyawan dalam batas wajar.,NORMAL,0.0,0.0,"Upah sejalan dengan perusahaan sejenis (4% di atas median; sektor=Perkebunan & Agribisnis | wilayah=Sumatera Utara | skala=Menengah, n=34).",ONE_OFF_GAP,0.0206,0.49,"Kurang setor pada 2025-04, tetapi tidak berulang berturut-turut — dianggap wajar.",0,-
EMP-0983,CLEAN,CLEAN,NORMAL,0.0,0.0,Pergerakan jumlah karyawan dalam batas wajar.,NORMAL,0.36,0.08,"Upah sejalan dengan perusahaan sejenis (2% di bawah median; sektor=Perkebunan & Agribisnis | wilayah=Sumatera Utara | skala=Menengah, n=34).",ONE_OFF_GAP,0.022,0.49,"Kurang setor pada 2025-02, tetapi tidak berulang berturut-turut — dianggap wajar.",0,-
EMP-0984,CLEAN,CLEAN,NORMAL,0.0,0.0,Pergerakan jumlah karyawan dalam batas wajar.,NORMAL,0.0,0.0,"Upah sejalan dengan perusahaan sejenis (4% di atas median; sektor=Perkebunan & Agribisnis | wilayah=Sumatera Utara | skala=Menengah, n=34).",NORMAL,0.0,0.0,Setoran sesuai dengan yang seharusnya (selisih dalam toleransi 2% / Rp10.000).,0,-
EMP-0985,CLEAN,CLEAN,NORMAL,0.0,0.0,Pergerakan jumlah karyawan dalam batas wajar.,NORMAL,0.0,0.0,"Upah sejalan dengan perusahaan sejenis (2% di atas median; sektor=Perkebunan & Agribisnis | wilayah=Sumatera Utara | skala=Menengah, n=34).",NORMAL,0.0,0.0,Setoran sesuai dengan yang seharusnya (selisih dalam toleransi 2% / Rp10.000).,0,-
EMP-0986,CLEAN,CLEAN,NORMAL,0.0,0.0,Pergerakan jumlah karyawan dalam batas wajar.,NORMAL,0.943,0.21,"Upah sejalan dengan perusahaan sejenis (5% di bawah median; sektor=Perkebunan & Agribisnis | wilayah=Sumatera Utara | skala=Menengah, n=34).",NORMAL,0.0,0.0,Setoran sesuai dengan yang seharusnya (selisih dalam toleransi 2% / Rp10.000).,0,-
EMP-0987,CLEAN,CLEAN,NORMAL,0.0,0.0,Pergerakan jumlah karyawan dalam batas wajar.,NORMAL,0.0,0.0,"Upah sejalan dengan perusahaan sejenis (3% di atas median; sektor=Perkebunan & Agribisnis | wilayah=Sulawesi Selatan | skala=Besar, n=34).",NORMAL,0.0,0.0,Setoran sesuai dengan yang seharusnya (selisih dalam toleransi 2% / Rp10.000).,0,-
EMP-0988,CLEAN,CLEAN,NORMAL,0.0,0.0,Pergerakan jumlah karyawan dalam batas wajar.,NORMAL,0.0,0.0,"Upah sejalan dengan perusahaan sejenis (0% di atas median; sektor=Perkebunan & Agribisnis | wilayah=Sulawesi Selatan | skala=Besar, n=34).",ONE_OFF_GAP,0.02,0.49,"Kurang setor pada 2025-07, tetapi tidak berulang berturut-turut — dianggap wajar.",0,-
EMP-0989,CLEAN,CLEAN,NORMAL,0.0,0.0,Pergerakan jumlah karyawan dalam batas wajar.,NORMAL,0.0,0.0,"Upah sejalan dengan perusahaan sejenis (1% di atas median; sektor=Perkebunan & Agribisnis | wilayah=Sulawesi Selatan | skala=Besar, n=34).",NORMAL,0.0,0.0,Setoran sesuai dengan yang seharusnya (selisih dalam toleransi 2% / Rp10.000).,0,-
EMP-0990,CLEAN,CLEAN,NORMAL,0.0,0.0,Pergerakan jumlah karyawan dalam batas wajar.,NORMAL,0.203,0.045,"Upah sejalan dengan perusahaan sejenis (1% di bawah median; sektor=Perkebunan & Agribisnis | wilayah=Sulawesi Selatan | skala=Besar, n=34).",NORMAL,0.0,0.0,Setoran sesuai dengan yang seharusnya (selisih dalam toleransi 2% / Rp10.000).,0,-
EMP-0991,CLEAN,CLEAN,NORMAL,0.0,0.0,Pergerakan jumlah karyawan dalam batas wajar.,NORMAL,0.0,0.0,"Upah sejalan dengan perusahaan sejenis (4% di atas median; sektor=Perkebunan & Agribisnis | wilayah=Sulawesi Selatan | skala=Besar, n=34).",NORMAL,0.0,0.0,Setoran sesuai dengan yang seharusnya (selisih dalam toleransi 2% / Rp10.000).,0,-
EMP-0992,CLEAN,CLEAN,NORMAL,0.0,0.0,Pergerakan jumlah karyawan dalam batas wajar.,NORMAL,1.127,0.25,"Upah sejalan dengan perusahaan sejenis (5% di bawah median; sektor=Perkebunan & Agribisnis | wilayah=Sulawesi Selatan | skala=Besar, n=34).",NORMAL,0.0,0.0,Setoran sesuai dengan yang seharusnya (selisih dalam toleransi 2% / Rp10.000).,0,-
EMP-0993,CLEAN,CLEAN,NORMAL,0.0,0.0,Pergerakan jumlah karyawan dalam batas wajar.,NORMAL,0.0,0.0,"Upah sejalan dengan perusahaan sejenis (2% di atas median; sektor=Perkebunan & Agribisnis | wilayah=Sulawesi Selatan | skala=Besar, n=34).",NORMAL,0.0,0.0,Setoran sesuai dengan yang seharusnya (selisih dalam toleransi 2% / Rp10.000).,0,-
EMP-0994,CLEAN,CLEAN,NORMAL,0.0,0.0,Pergerakan jumlah karyawan dalam batas wajar.,NORMAL,0.716,0.159,"Upah sejalan dengan perusahaan sejenis (4% di bawah median; sektor=Perkebunan & Agribisnis | wilayah=Sulawesi Selatan | skala=Besar, n=34).",FLAGGED,0.0282,0.518,Setoran iuran rata-rata 3% di bawah yang seharusnya selama 2 bulan berturut-turut (2025-06 s/d 2025-07); total kekurangan Rp4.079.000.,1,C
EMP-0995,CLEAN,CLEAN,NORMAL,0.0,0.0,Pergerakan jumlah karyawan dalam batas wajar.,NORMAL,0.582,0.129,"Upah sejalan dengan perusahaan sejenis (3% di bawah median; sektor=Perkebunan & Agribisnis | wilayah=Sulawesi Selatan | skala=Besar, n=34).",ONE_OFF_GAP,0.0224,0.49,"Kurang setor pada 2025-02, tetapi tidak berulang berturut-turut — dianggap wajar.",0,-
EMP-0996,CLEAN,CLEAN,NORMAL,0.0,0.0,Pergerakan jumlah karyawan dalam batas wajar.,NORMAL,0.238,0.053,"Upah sejalan dengan perusahaan sejenis (1% di bawah median; sektor=Perkebunan & Agribisnis | wilayah=Sulawesi Selatan | skala=Besar, n=34).",NORMAL,0.0,0.0,Setoran sesuai dengan yang seharusnya (selisih dalam toleransi 2% / Rp10.000).,0,-
EMP-0997,CLEAN,CLEAN,NORMAL,0.0,0.0,Pergerakan jumlah karyawan dalam batas wajar.,NORMAL,0.0,0.0,"Upah sejalan dengan perusahaan sejenis (4% di atas median; sektor=Perkebunan & Agribisnis | wilayah=Sulawesi Selatan | skala=Besar, n=34).",NORMAL,0.0,0.0,Setoran sesuai dengan yang seharusnya (selisih dalam toleransi 2% / Rp10.000).,0,-
EMP-0998,CLEAN,CLEAN,NORMAL,0.0,0.0,Pergerakan jumlah karyawan dalam batas wajar.,NORMAL,0.13,0.029,"Upah sejalan dengan perusahaan sejenis (1% di bawah median; sektor=Perkebunan & Agribisnis | wilayah=Sulawesi Selatan | skala=Besar, n=34).",NORMAL,0.0,0.0,Setoran sesuai dengan yang seharusnya (selisih dalam toleransi 2% / Rp10.000).,0,-
EMP-0999,CLEAN,CLEAN,NORMAL,0.0,0.0,Pergerakan jumlah karyawan dalam batas wajar.,NORMAL,0.0,0.0,"Upah sejalan dengan perusahaan sejenis (3% di atas median; sektor=Perkebunan & Agribisnis | wilayah=Sulawesi Selatan | skala=Besar, n=34).",NORMAL,0.0,0.0,Setoran sesuai dengan yang seharusnya (selisih dalam toleransi 2% / Rp10.000).,0,-
EMP-1000,CLEAN,CLEAN,NORMAL,0.0,0.0,Pergerakan jumlah karyawan dalam batas wajar.,NORMAL,0.0,0.0,"Upah sejalan dengan perusahaan sejenis (5% di atas median; sektor=Perkebunan & Agribisnis | wilayah=Sulawesi Selatan | skala=Besar, n=34).",ONE_OFF_GAP,0.0213,0.49,"Kurang setor pada 2025-01, tetapi tidak berulang berturut-turut — dianggap wajar.",0,-
EMP-1001,CLEAN,CLEAN,NORMAL,0.0,0.0,Pergerakan jumlah karyawan dalam batas wajar.,NORMAL,0.088,0.02,"Upah sejalan dengan perusahaan sejenis (0% di bawah median; sektor=Perkebunan & Agribisnis | wilayah=Sulawesi Selatan | skala=Besar, n=34).",ONE_OFF_GAP,0.0202,0.49,"Kurang setor pada 2025-05, tetapi tidak berulang berturut-turut — dianggap wajar.",0,-
EMP-1002,CLEAN,CLEAN,NORMAL,0.0,0.0,Pergerakan jumlah karyawan dalam batas wajar.,NORMAL,0.0,0.0,"Upah sejalan dengan perusahaan sejenis (0% di atas median; sektor=Perkebunan & Agribisnis | wilayah=Sulawesi Selatan | skala=Besar, n=34).",NORMAL,0.0,0.0,Setoran sesuai dengan yang seharusnya (selisih dalam toleransi 2% / Rp10.000).,0,-
EMP-1003,CLEAN,CLEAN,NORMAL,0.0,0.0,Pergerakan jumlah karyawan dalam batas wajar.,NORMAL,0.103,0.023,"Upah sejalan dengan perusahaan sejenis (1% di bawah median; sektor=Perkebunan & Agribisnis | wilayah=Sulawesi Selatan | skala=Besar, n=34).",NORMAL,0.0,0.0,Setoran sesuai dengan yang seharusnya (selisih dalam toleransi 2% / Rp10.000).,0,-
EMP-1004,CLEAN,CLEAN,NORMAL,0.0,0.0,Pergerakan jumlah karyawan dalam batas wajar.,NORMAL,0.268,0.06,"Upah sejalan dengan perusahaan sejenis (1% di bawah median; sektor=Perkebunan & Agribisnis | wilayah=Sulawesi Selatan | skala=Besar, n=34).",NORMAL,0.0,0.0,Setoran sesuai dengan yang seharusnya (selisih dalam toleransi 2% / Rp10.000).,0,-
EMP-1005,CLEAN,CLEAN,NORMAL,0.0,0.0,Pergerakan jumlah karyawan dalam batas wajar.,NORMAL,0.298,0.066,"Upah sejalan dengan perusahaan sejenis (1% di bawah median; sektor=Perkebunan & Agribisnis | wilayah=Sulawesi Selatan | skala=Besar, n=34).",NORMAL,0.0,0.0,Setoran sesuai dengan yang seharusnya (selisih dalam toleransi 2% / Rp10.000).,0,-
EMP-1006,CLEAN,CLEAN,NORMAL,0.0,0.0,Pergerakan jumlah karyawan dalam batas wajar.,NORMAL,0.325,0.072,"Upah sejalan dengan perusahaan sejenis (2% di bawah median; sektor=Perkebunan & Agribisnis | wilayah=Sulawesi Selatan | skala=Besar, n=34).",NORMAL,0.0,0.0,Setoran sesuai dengan yang seharusnya (selisih dalam toleransi 2% / Rp10.000).,0,-
EMP-1007,CLEAN,CLEAN,NORMAL,0.0,0.0,Pergerakan jumlah karyawan dalam batas wajar.,NORMAL,0.0,0.0,"Upah sejalan dengan perusahaan sejenis (2% di atas median; sektor=Perkebunan & Agribisnis | wilayah=Sulawesi Selatan | skala=Besar, n=34).",NORMAL,0.0,0.0,Setoran sesuai dengan yang seharusnya (selisih dalam toleransi 2% / Rp10.000).,0,-
EMP-1008,CLEAN,CLEAN,NORMAL,0.0,0.0,Pergerakan jumlah karyawan dalam batas wajar.,NORMAL,0.541,0.12,"Upah sejalan dengan perusahaan sejenis (3% di bawah median; sektor=Perkebunan & Agribisnis | wilayah=Sulawesi Selatan | skala=Besar, n=34).",NORMAL,0.0,0.0,Setoran sesuai dengan yang seharusnya (selisih dalam toleransi 2% / Rp10.000).,0,-
EMP-1009,COLD_START,(tidak dikenal),INSUFFICIENT_DATA,,,Riwayat data baru 2 bulan (< 3); belum bisa dinilai.,INSUFFICIENT_DATA,,,Data upah baru 2 bulan (< 3); belum bisa dinilai.,NORMAL,0.0,0.0,Setoran sesuai dengan yang seharusnya (selisih dalam toleransi 2% / Rp10.000).,0,-
EMP-1010,CLEAN,CLEAN,NORMAL,0.0,0.0,Pergerakan jumlah karyawan dalam batas wajar.,NORMAL,0.0,0.0,"Upah sejalan dengan perusahaan sejenis (1% di atas median; sektor=Perkebunan & Agribisnis | wilayah=Sulawesi Selatan | skala=Besar, n=34).",NORMAL,0.0,0.0,Setoran sesuai dengan yang seharusnya (selisih dalam toleransi 2% / Rp10.000).,0,-
EMP-1011,CLEAN,CLEAN,NORMAL,0.0,0.0,Pergerakan jumlah karyawan dalam batas wajar.,NORMAL,0.755,0.168,"Upah sejalan dengan perusahaan sejenis (4% di bawah median; sektor=Perkebunan & Agribisnis | wilayah=Sulawesi Selatan | skala=Besar, n=34).",NORMAL,0.0,0.0,Setoran sesuai dengan yang seharusnya (selisih dalam toleransi 2% / Rp10.000).,0,-
EMP-1012,CLEAN,CLEAN,NORMAL,0.0,0.0,Pergerakan jumlah karyawan dalam batas wajar.,NORMAL,0.0,0.0,"Upah sejalan dengan perusahaan sejenis (0% di atas median; sektor=Perkebunan & Agribisnis | wilayah=Sulawesi Selatan | skala=Besar, n=34).",NORMAL,0.0,0.0,Setoran sesuai dengan yang seharusnya (selisih dalam toleransi 2% / Rp10.000).,0,-
EMP-1013,CLEAN,CLEAN,NORMAL,0.0,0.0,Pergerakan jumlah karyawan dalam batas wajar.,NORMAL,0.0,0.0,"Upah sejalan dengan perusahaan sejenis (5% di atas median; sektor=Perkebunan & Agribisnis | wilayah=Sulawesi Selatan | skala=Besar, n=34).",NORMAL,0.0,0.0,Setoran sesuai dengan yang seharusnya (selisih dalam toleransi 2% / Rp10.000).,0,-
EMP-1014,CLEAN,CLEAN,NORMAL,0.0,0.0,Pergerakan jumlah karyawan dalam batas wajar.,NORMAL,0.0,0.0,"Upah sejalan dengan perusahaan sejenis (2% di atas median; sektor=Perkebunan & Agribisnis | wilayah=Sulawesi Selatan | skala=Besar, n=34).",NORMAL,0.0,0.0,Setoran sesuai dengan yang seharusnya (selisih dalam toleransi 2% / Rp10.000).,0,-
EMP-1015,CLEAN,CLEAN,NORMAL,0.0,0.0,Pergerakan jumlah karyawan dalam batas wajar.,NORMAL,0.219,0.049,"Upah sejalan dengan perusahaan sejenis (1% di bawah median; sektor=Perkebunan & Agribisnis | wilayah=Sulawesi Selatan | skala=Besar, n=34).",NORMAL,0.0,0.0,Setoran sesuai dengan yang seharusnya (selisih dalam toleransi 2% / Rp10.000).,0,-
EMP-1016,CLEAN,CLEAN,NORMAL,0.0,0.0,Pergerakan jumlah karyawan dalam batas wajar.,NORMAL,0.0,0.0,"Upah sejalan dengan perusahaan sejenis (1% di atas median; sektor=Perkebunan & Agribisnis | wilayah=Sulawesi Selatan | skala=Besar, n=34).",NORMAL,0.0,0.0,Setoran sesuai dengan yang seharusnya (selisih dalam toleransi 2% / Rp10.000).,0,-
EMP-1017,CLEAN_MUTASI_SAH,(tidak dikenal),EXPLAINED_BY_RESIGN,0.0,0.0,"Ada penurunan 235 orang pada 2025-08, tetapi sesuai catatan resign/mutasi resmi (242 orang) — dianggap wajar.",NORMAL,0.235,0.052,"Upah sejalan dengan perusahaan sejenis (1% di bawah median; sektor=Perkebunan & Agribisnis | wilayah=Sulawesi Selatan | skala=Besar, n=34).",ONE_OFF_GAP,0.0284,0.49,"Kurang setor pada 2025-04, tetapi tidak berulang berturut-turut — dianggap wajar.",0,-
EMP-1018,CLEAN,CLEAN,NORMAL,0.0,0.0,Pergerakan jumlah karyawan dalam batas wajar.,NORMAL,0.906,0.201,"Upah sejalan dengan perusahaan sejenis (4% di bawah median; sektor=Perkebunan & Agribisnis | wilayah=Sulawesi Selatan | skala=Besar, n=34).",ONE_OFF_GAP,0.0243,0.49,"Kurang setor pada 2025-11, tetapi tidak berulang berturut-turut — dianggap wajar.",0,-
EMP-1019,CLEAN,CLEAN,NORMAL,0.0,0.0,Pergerakan jumlah karyawan dalam batas wajar.,NORMAL,0.785,0.174,"Upah sejalan dengan perusahaan sejenis (4% di bawah median; sektor=Perkebunan & Agribisnis | wilayah=Sulawesi Selatan | skala=Besar, n=34).",NORMAL,0.0,0.0,Setoran sesuai dengan yang seharusnya (selisih dalam toleransi 2% / Rp10.000).,0,-
EMP-1020,CLEAN,CLEAN,NORMAL,0.0,0.0,Pergerakan jumlah karyawan dalam batas wajar.,NORMAL,0.0,0.0,"Upah sejalan dengan perusahaan sejenis (3% di atas median; sektor=Perkebunan & Agribisnis | wilayah=Sulawesi Selatan | skala=Besar, n=34).",ONE_OFF_GAP,0.0201,0.49,"Kurang setor pada 2025-12, tetapi tidak berulang berturut-turut — dianggap wajar.",0,-
